name,email,niche,city,country,website,rating,review_count,subject,email_body
Next Health in West Hollywood,info@next-health.com,cold_plunge,Los Angeles,US,https://www.next-health.com/pages/locations-west-hollywood,5,2250,quick question about Next Health in West Hollywood's retail shelf,"Hi there, I came across Next Health in West Hollywood while researching top rated cold plunge and sauna spaces in Los Angeles and noticed you're holding a 5 rating across 2250 reviews. Numbers like that usually mean people leave talking about the experience, which is exactly the kind of thing branded gear tends to amplify. We're Merch Maverick, a factory direct supplier of branded robes, towels, and recovery hoodies for studios like yours, no agency markups, just your logo on gear members already want. I can send over a free digital mockup of a Next Health in West Hollywood branded robe within 48 hours. If it is not a fit, no cost and no obligation. Would it be okay if I sent that mockup your way? Faiaz
Merch Maverick
themerchmaverick.com"
Riela Bathhouse,contact@rielabathhouse.com,sauna,Madrid,ES,https://rielabathhouse.com/,5,1643,quick idea for Riela Bathhouse's members,"Hi there, I came across Riela Bathhouse while researching top rated sauna studios in Madrid and noticed you're holding a 5 rating across 1643 reviews. That kind of consistency usually means people leave your space wanting to take a piece of the experience home with them. We're Merch Maverick, a factory direct supplier for branded sauna hats, towels, and robes for studios like yours. No middlemen, no inflated agency pricing, just your logo on the exact ritual gear your members already associate with the experience. I'll put together a free digital mockup of a Riela Bathhouse branded wool felt sauna hat within 48 hours. If you don't love it, there's no cost and no obligation, it's yours to look at either way. Would it be okay if I sent that mockup over? Faiaz
Merch Maverick
themerchmaverick.com"
Riela Bathhouse,contact@rielabathhouse.com,cold_plunge,Madrid,ES,https://rielabathhouse.com/,5,1643,quick note for Riela Bathhouse,"Hi there, I came across Riela Bathhouse while researching top rated cold plunge and sauna spaces in Madrid and noticed you're holding a 5 rating across 1643 reviews. Numbers like that usually mean people leave talking about the experience, which is exactly the kind of thing branded gear tends to amplify. We're Merch Maverick, a factory direct supplier of branded robes, towels, and recovery hoodies for studios like yours, no agency markups, just your logo on gear members already want. I can send over a free digital mockup of a Riela Bathhouse branded robe within 48 hours. If it is not a fit, no cost and no obligation. Would it be okay if I sent that mockup your way? Faiaz
Merch Maverick
themerchmaverick.com"
Sana Skin Studio Wynwood,info@sanaskinstudio.com,sauna,Miami,US,https://sanaskinstudio.com/,5,1541,thought of Sana Skin Studio Wynwood for something,"Hi there, I came across Sana Skin Studio Wynwood while researching top rated sauna studios in Miami and noticed you're holding a 5 rating across 1541 reviews. That kind of consistency usually means people leave your space wanting to take a piece of the experience home with them. We're Merch Maverick, a factory direct supplier for branded sauna hats, towels, and robes for studios like yours. No middlemen, no inflated agency pricing, just your logo on the exact ritual gear your members already associate with the experience. I'll put together a free digital mockup of a Sana Skin Studio Wynwood branded wool felt sauna hat within 48 hours. If you don't love it, there's no cost and no obligation, it's yours to look at either way. Would it be okay if I sent that mockup over? Faiaz
Merch Maverick
themerchmaverick.com"
Next Health Century City Westfield Mall,info@next-health.com,cold_plunge,Los Angeles,US,https://www.next-health.com/pages/locations-century-city,5,1493,"quick idea, Next Health Century City Westfield Mall","Hi there, I came across Next Health Century City Westfield Mall while researching top rated cold plunge and sauna spaces in Los Angeles and noticed you're holding a 5 rating across 1493 reviews. Numbers like that usually mean people leave talking about the experience, which is exactly the kind of thing branded gear tends to amplify. We're Merch Maverick, a factory direct supplier of branded robes, towels, and recovery hoodies for studios like yours, no agency markups, just your logo on gear members already want. I can send over a free digital mockup of a Next Health Century City Westfield Mall branded robe within 48 hours. If it is not a fit, no cost and no obligation. Would it be okay if I sent that mockup your way? Faiaz
Merch Maverick
themerchmaverick.com"
Next Health Studio City,info@next-health.com,cold_plunge,Los Angeles,US,https://www.next-health.com/location/studio-city,5,1432,quick question about Next Health Studio City's retail shelf,"Hi there, I came across Next Health Studio City while researching top rated cold plunge and sauna spaces in Los Angeles and noticed you're holding a 5 rating across 1432 reviews. Numbers like that usually mean people leave talking about the experience, which is exactly the kind of thing branded gear tends to amplify. We're Merch Maverick, a factory direct supplier of branded robes, towels, and recovery hoodies for studios like yours, no agency markups, just your logo on gear members already want. I can send over a free digital mockup of a Next Health Studio City branded robe within 48 hours. If it is not a fit, no cost and no obligation. Would it be okay if I sent that mockup your way? Faiaz
Merch Maverick
themerchmaverick.com"
Next Health,info@next-health.com,cold_plunge,New York,US,https://www.next-health.com/pages/locations-new-york-city,5,1215,quick idea for Next Health's members,"Hi there, I came across Next Health while researching top rated cold plunge and sauna spaces in New York and noticed you're holding a 5 rating across 1215 reviews. Numbers like that usually mean people leave talking about the experience, which is exactly the kind of thing branded gear tends to amplify. We're Merch Maverick, a factory direct supplier of branded robes, towels, and recovery hoodies for studios like yours, no agency markups, just your logo on gear members already want. I can send over a free digital mockup of a Next Health branded robe within 48 hours. If it is not a fit, no cost and no obligation. Would it be okay if I sent that mockup your way? Faiaz
Merch Maverick
themerchmaverick.com"
Restore Hyper Wellness,frontdesktx012@restore.com,cold_plunge,Houston,US,https://www.restore.com/locations/tx-houston-west-university-tx012?utm_source=gmb&utm_medium=Yext&y_source=1_MzE2Mjk5MzQtNzE1LWxvY2F0aW9uLndlYnNpdGU%3D,5,1166,quick note for Restore Hyper Wellness,"Hi there, I came across Restore Hyper Wellness while researching top rated cold plunge and sauna spaces in Houston and noticed you're holding a 5 rating across 1166 reviews. Numbers like that usually mean people leave talking about the experience, which is exactly the kind of thing branded gear tends to amplify. We're Merch Maverick, a factory direct supplier of branded robes, towels, and recovery hoodies for studios like yours, no agency markups, just your logo on gear members already want. I can send over a free digital mockup of a Restore Hyper Wellness branded robe within 48 hours. If it is not a fit, no cost and no obligation. Would it be okay if I sent that mockup your way? Faiaz
Merch Maverick
themerchmaverick.com"
FIX MCR | Sauna and Ice Bath Manchester,hello@fixmcr.co.uk,sauna,Manchester,GB,https://www.fixmcr.co.uk/,5,1026,thought of FIX MCR | Sauna and Ice Bath Manchester for something,"Hi there, I came across FIX MCR | Sauna and Ice Bath Manchester while researching top rated sauna studios in Manchester and noticed you're holding a 5 rating across 1026 reviews. That kind of consistency usually means people leave your space wanting to take a piece of the experience home with them. We're Merch Maverick, a factory direct supplier for branded sauna hats, towels, and robes for studios like yours. No middlemen, no inflated agency pricing, just your logo on the exact ritual gear your members already associate with the experience. I'll put together a free digital mockup of a FIX MCR | Sauna and Ice Bath Manchester branded wool felt sauna hat within 48 hours. If you don't love it, there's no cost and no obligation, it's yours to look at either way. Would it be okay if I sent that mockup over? Faiaz
Merch Maverick
themerchmaverick.com"
FIX MCR | Sauna and Ice Bath Manchester,hello@fixmcr.co.uk,cold_plunge,Manchester,GB,https://www.fixmcr.co.uk/,5,1026,"quick idea, FIX MCR | Sauna and Ice Bath Manchester","Hi there, I came across FIX MCR | Sauna and Ice Bath Manchester while researching top rated cold plunge and sauna spaces in Manchester and noticed you're holding a 5 rating across 1026 reviews. Numbers like that usually mean people leave talking about the experience, which is exactly the kind of thing branded gear tends to amplify. We're Merch Maverick, a factory direct supplier of branded robes, towels, and recovery hoodies for studios like yours, no agency markups, just your logo on gear members already want. I can send over a free digital mockup of a FIX MCR | Sauna and Ice Bath Manchester branded robe within 48 hours. If it is not a fit, no cost and no obligation. Would it be okay if I sent that mockup your way? Faiaz
Merch Maverick
themerchmaverick.com"
Valeō Pilates & Wellness - North York,info@valeopilates.com,pilates,Toronto,CA,https://www.valeopilates.com/,5,779,quick question about Valeō Pilates & Wellness - North York's retail shelf,"Hi there, I came across Valeō Pilates & Wellness - North York while researching top rated reformer pilates studios in Toronto and noticed you're holding a 5 rating across 779 reviews. That's the kind of loyalty that usually means members are proud to be part of the studio, not just attending classes. We're Merch Maverick, a factory direct supplier of branded totes, mat bags, and studio apparel for pilates studios. We work without agency markups, so the pricing usually beats what local printers quote for the same quality. I can put together a free digital mockup of a Valeō Pilates & Wellness - North York branded tote within 48 hours. No cost and no obligation either way, it's yours to look at. Would it be alright if I sent that over? Faiaz
Merch Maverick
themerchmaverick.com"
Restore Hyper Wellness,frontdeskfl005@restore.com,cold_plunge,Miami,US,https://www.restore.com/locations/fl-pinecrest-fl005?utm_source=gmb&utm_medium=Yext&y_source=1_MzE2Mjk4NDUtNzE1LWxvY2F0aW9uLndlYnNpdGU%3D,5,698,quick idea for Restore Hyper Wellness's members,"Hi there, I came across Restore Hyper Wellness while researching top rated cold plunge and sauna spaces in Miami and noticed you're holding a 5 rating across 698 reviews. Numbers like that usually mean people leave talking about the experience, which is exactly the kind of thing branded gear tends to amplify. We're Merch Maverick, a factory direct supplier of branded robes, towels, and recovery hoodies for studios like yours, no agency markups, just your logo on gear members already want. I can send over a free digital mockup of a Restore Hyper Wellness branded robe within 48 hours. If it is not a fit, no cost and no obligation. Would it be okay if I sent that mockup your way? Faiaz
Merch Maverick
themerchmaverick.com"
Huemn | Hyperbaric Oxygen Therapy | Peptides | Weight loss,info@behuemn.com,sauna,Houston,US,https://www.behuemn.com/?utm_source=gmb&utm_location=vp,5,601,quick note for Huemn | Hyperbaric Oxygen Therapy | Peptides | Weight loss,"Hi there, I came across Huemn | Hyperbaric Oxygen Therapy | Peptides | Weight loss while researching top rated sauna studios in Houston and noticed you're holding a 5 rating across 601 reviews. That kind of consistency usually means people leave your space wanting to take a piece of the experience home with them. We're Merch Maverick, a factory direct supplier for branded sauna hats, towels, and robes for studios like yours. No middlemen, no inflated agency pricing, just your logo on the exact ritual gear your members already associate with the experience. I'll put together a free digital mockup of a Huemn | Hyperbaric Oxygen Therapy | Peptides | Weight loss branded wool felt sauna hat within 48 hours. If you don't love it, there's no cost and no obligation, it's yours to look at either way. Would it be okay if I sent that mockup over? Faiaz
Merch Maverick
themerchmaverick.com"
Huemn | Hyperbaric Oxygen Therapy | Peptides | Weight loss,info@behuemn.com,cold_plunge,Houston,US,https://www.behuemn.com/?utm_source=gmb&utm_location=vp,5,601,thought of Huemn | Hyperbaric Oxygen Therapy | Peptides | Weight loss for something,"Hi there, I came across Huemn | Hyperbaric Oxygen Therapy | Peptides | Weight loss while researching top rated cold plunge and sauna spaces in Houston and noticed you're holding a 5 rating across 601 reviews. Numbers like that usually mean people leave talking about the experience, which is exactly the kind of thing branded gear tends to amplify. We're Merch Maverick, a factory direct supplier of branded robes, towels, and recovery hoodies for studios like yours, no agency markups, just your logo on gear members already want. I can send over a free digital mockup of a Huemn | Hyperbaric Oxygen Therapy | Peptides | Weight loss branded robe within 48 hours. If it is not a fit, no cost and no obligation. Would it be okay if I sent that mockup your way? Faiaz
Merch Maverick
themerchmaverick.com"
Coolzoone by Medicbite - Longevity & Performance Center,info@coolzoone.de,sauna,Cologne,DE,https://coolzoone.de/,5,549,"quick idea, Coolzoone by Medicbite - Longevity & Performance Center","Hi there, I came across Coolzoone by Medicbite - Longevity & Performance Center while researching top rated sauna studios in Cologne and noticed you're holding a 5 rating across 549 reviews. That kind of consistency usually means people leave your space wanting to take a piece of the experience home with them. We're Merch Maverick, a factory direct supplier for branded sauna hats, towels, and robes for studios like yours. No middlemen, no inflated agency pricing, just your logo on the exact ritual gear your members already associate with the experience. I'll put together a free digital mockup of a Coolzoone by Medicbite - Longevity & Performance Center branded wool felt sauna hat within 48 hours. If you don't love it, there's no cost and no obligation, it's yours to look at either way. Would it be okay if I sent that mockup over? Faiaz
Merch Maverick
themerchmaverick.com"
Coolzoone by Medicbite - Longevity & Performance Center,info@coolzoone.de,cold_plunge,Cologne,DE,https://coolzoone.de/,5,549,quick question about Coolzoone by Medicbite - Longevity & Performance Center's retail shelf,"Hi there, I came across Coolzoone by Medicbite - Longevity & Performance Center while researching top rated cold plunge and sauna spaces in Cologne and noticed you're holding a 5 rating across 549 reviews. Numbers like that usually mean people leave talking about the experience, which is exactly the kind of thing branded gear tends to amplify. We're Merch Maverick, a factory direct supplier of branded robes, towels, and recovery hoodies for studios like yours, no agency markups, just your logo on gear members already want. I can send over a free digital mockup of a Coolzoone by Medicbite - Longevity & Performance Center branded robe within 48 hours. If it is not a fit, no cost and no obligation. Would it be okay if I sent that mockup your way? Faiaz
Merch Maverick
themerchmaverick.com"
Restart Longevity Spa,you@email.com,cold_plunge,Dallas,US,https://www.restartspa.com/,5,535,quick idea for Restart Longevity Spa's members,"Hi there, I came across Restart Longevity Spa while researching top rated cold plunge and sauna spaces in Dallas and noticed you're holding a 5 rating across 535 reviews. Numbers like that usually mean people leave talking about the experience, which is exactly the kind of thing branded gear tends to amplify. We're Merch Maverick, a factory direct supplier of branded robes, towels, and recovery hoodies for studios like yours, no agency markups, just your logo on gear members already want. I can send over a free digital mockup of a Restart Longevity Spa branded robe within 48 hours. If it is not a fit, no cost and no obligation. Would it be okay if I sent that mockup your way? Faiaz
Merch Maverick
themerchmaverick.com"
Just Wellness,allen@just-wellness.com,cold_plunge,Dallas,US,https://just-wellness.com/,5,496,quick note for Just Wellness,"Hi there, I came across Just Wellness while researching top rated cold plunge and sauna spaces in Dallas and noticed you're holding a 5 rating across 496 reviews. Numbers like that usually mean people leave talking about the experience, which is exactly the kind of thing branded gear tends to amplify. We're Merch Maverick, a factory direct supplier of branded robes, towels, and recovery hoodies for studios like yours, no agency markups, just your logo on gear members already want. I can send over a free digital mockup of a Just Wellness branded robe within 48 hours. If it is not a fit, no cost and no obligation. Would it be okay if I sent that mockup your way? Faiaz
Merch Maverick
themerchmaverick.com"
Natural Pilates - SoHo,info@naturalpilates.com,pilates,New York,US,http://www.naturalpilates.com/,5,478,thought of Natural Pilates - SoHo for something,"Hi there, I came across Natural Pilates - SoHo while researching top rated reformer pilates studios in New York and noticed you're holding a 5 rating across 478 reviews. That's the kind of loyalty that usually means members are proud to be part of the studio, not just attending classes. We're Merch Maverick, a factory direct supplier of branded totes, mat bags, and studio apparel for pilates studios. We work without agency markups, so the pricing usually beats what local printers quote for the same quality. I can put together a free digital mockup of a Natural Pilates - SoHo branded tote within 48 hours. No cost and no obligation either way, it's yours to look at. Would it be alright if I sent that over? Faiaz
Merch Maverick
themerchmaverick.com"
Health Booster LTD Salt Cave,specs.stores.fixnavig@ion.sposition,cold_plunge,Glasgow,GB,http://www.healthboosterltd.co.uk/,5,478,"quick idea, Health Booster LTD Salt Cave","Hi there, I came across Health Booster LTD Salt Cave while researching top rated cold plunge and sauna spaces in Glasgow and noticed you're holding a 5 rating across 478 reviews. Numbers like that usually mean people leave talking about the experience, which is exactly the kind of thing branded gear tends to amplify. We're Merch Maverick, a factory direct supplier of branded robes, towels, and recovery hoodies for studios like yours, no agency markups, just your logo on gear members already want. I can send over a free digital mockup of a Health Booster LTD Salt Cave branded robe within 48 hours. If it is not a fit, no cost and no obligation. Would it be okay if I sent that mockup your way? Faiaz
Merch Maverick
themerchmaverick.com"
SOUL Pilates & Movement Studio | Glasgow,jonpinhorn.typedesign@gmail.com,sauna,Glasgow,GB,http://soulpilatesandmovement.co.uk/,5,414,quick question about SOUL Pilates & Movement Studio | Glasgow's retail shelf,"Hi there, I came across SOUL Pilates & Movement Studio | Glasgow while researching top rated sauna studios in Glasgow and noticed you're holding a 5 rating across 414 reviews. That kind of consistency usually means people leave your space wanting to take a piece of the experience home with them. We're Merch Maverick, a factory direct supplier for branded sauna hats, towels, and robes for studios like yours. No middlemen, no inflated agency pricing, just your logo on the exact ritual gear your members already associate with the experience. I'll put together a free digital mockup of a SOUL Pilates & Movement Studio | Glasgow branded wool felt sauna hat within 48 hours. If you don't love it, there's no cost and no obligation, it's yours to look at either way. Would it be okay if I sent that mockup over? Faiaz
Merch Maverick
themerchmaverick.com"
SOUL Pilates & Movement Studio | Glasgow,jonpinhorn.typedesign@gmail.com,pilates,Glasgow,GB,http://soulpilatesandmovement.co.uk/,5,414,quick idea for SOUL Pilates & Movement Studio | Glasgow's members,"Hi there, I came across SOUL Pilates & Movement Studio | Glasgow while researching top rated reformer pilates studios in Glasgow and noticed you're holding a 5 rating across 414 reviews. That's the kind of loyalty that usually means members are proud to be part of the studio, not just attending classes. We're Merch Maverick, a factory direct supplier of branded totes, mat bags, and studio apparel for pilates studios. We work without agency markups, so the pricing usually beats what local printers quote for the same quality. I can put together a free digital mockup of a SOUL Pilates & Movement Studio | Glasgow branded tote within 48 hours. No cost and no obligation either way, it's yours to look at. Would it be alright if I sent that over? Faiaz
Merch Maverick
themerchmaverick.com"
SOUL Pilates & Movement Studio | Glasgow,jonpinhorn.typedesign@gmail.com,cold_plunge,Glasgow,GB,http://soulpilatesandmovement.co.uk/,5,414,quick note for SOUL Pilates & Movement Studio | Glasgow,"Hi there, I came across SOUL Pilates & Movement Studio | Glasgow while researching top rated cold plunge and sauna spaces in Glasgow and noticed you're holding a 5 rating across 414 reviews. Numbers like that usually mean people leave talking about the experience, which is exactly the kind of thing branded gear tends to amplify. We're Merch Maverick, a factory direct supplier of branded robes, towels, and recovery hoodies for studios like yours, no agency markups, just your logo on gear members already want. I can send over a free digital mockup of a SOUL Pilates & Movement Studio | Glasgow branded robe within 48 hours. If it is not a fit, no cost and no obligation. Would it be okay if I sent that mockup your way? Faiaz
Merch Maverick
themerchmaverick.com"
Chandler Wellness & Recovery,hello@chandlerwellnesscenter.com,cold_plunge,Phoenix,US,http://chandlerwellnesscenter.com/,5,404,thought of Chandler Wellness & Recovery for something,"Hi there, I came across Chandler Wellness & Recovery while researching top rated cold plunge and sauna spaces in Phoenix and noticed you're holding a 5 rating across 404 reviews. Numbers like that usually mean people leave talking about the experience, which is exactly the kind of thing branded gear tends to amplify. We're Merch Maverick, a factory direct supplier of branded robes, towels, and recovery hoodies for studios like yours, no agency markups, just your logo on gear members already want. I can send over a free digital mockup of a Chandler Wellness & Recovery branded robe within 48 hours. If it is not a fit, no cost and no obligation. Would it be okay if I sent that mockup your way? Faiaz
Merch Maverick
themerchmaverick.com"
Sport Running Club | Corredores y Opositores,sportrunningclub@gmail.com,run_club,Madrid,ES,https://sportrunningclub.com/,5,396,"quick idea, Sport Running Club | Corredores y Opositores","Hi there, I came across Sport Running Club | Corredores y Opositores while researching top rated run clubs in Madrid and noticed you're holding a 5 rating across 396 reviews. That kind of following usually means your crew is already repping your name everywhere they go. We're Merch Maverick, a factory direct supplier of branded team tees, caps, and run club apparel. No agency markups, just gear your crew will actually wear outside of race day. I can send over a free digital mockup of a Sport Running Club | Corredores y Opositores branded team tee within 48 hours. If it's not a fit, no cost and no obligation. Would it be okay if I sent that mockup your way? Faiaz
Merch Maverick
themerchmaverick.com"
Othership Williamsburg,admin@othership.us,sauna,New York,US,https://othership.us/williamsburg,5,392,quick question about Othership Williamsburg's retail shelf,"Hi there, I came across Othership Williamsburg while researching top rated sauna studios in New York and noticed you're holding a 5 rating across 392 reviews. That kind of consistency usually means people leave your space wanting to take a piece of the experience home with them. We're Merch Maverick, a factory direct supplier for branded sauna hats, towels, and robes for studios like yours. No middlemen, no inflated agency pricing, just your logo on the exact ritual gear your members already associate with the experience. I'll put together a free digital mockup of a Othership Williamsburg branded wool felt sauna hat within 48 hours. If you don't love it, there's no cost and no obligation, it's yours to look at either way. Would it be okay if I sent that mockup over? Faiaz
Merch Maverick
themerchmaverick.com"
Othership Williamsburg,admin@othership.us,cold_plunge,New York,US,https://othership.us/williamsburg,5,392,quick idea for Othership Williamsburg's members,"Hi there, I came across Othership Williamsburg while researching top rated cold plunge and sauna spaces in New York and noticed you're holding a 5 rating across 392 reviews. Numbers like that usually mean people leave talking about the experience, which is exactly the kind of thing branded gear tends to amplify. We're Merch Maverick, a factory direct supplier of branded robes, towels, and recovery hoodies for studios like yours, no agency markups, just your logo on gear members already want. I can send over a free digital mockup of a Othership Williamsburg branded robe within 48 hours. If it is not a fit, no cost and no obligation. Would it be okay if I sent that mockup your way? Faiaz
Merch Maverick
themerchmaverick.com"
SweatLounge,hi@sweatlounge.co.uk,sauna,London,GB,https://sweatlounge.co.uk/,5,380,quick note for SweatLounge,"Hi there, I came across SweatLounge while researching top rated sauna studios in London and noticed you're holding a 5 rating across 380 reviews. That kind of consistency usually means people leave your space wanting to take a piece of the experience home with them. We're Merch Maverick, a factory direct supplier for branded sauna hats, towels, and robes for studios like yours. No middlemen, no inflated agency pricing, just your logo on the exact ritual gear your members already associate with the experience. I'll put together a free digital mockup of a SweatLounge branded wool felt sauna hat within 48 hours. If you don't love it, there's no cost and no obligation, it's yours to look at either way. Would it be okay if I sent that mockup over? Faiaz
Merch Maverick
themerchmaverick.com"
SweatLounge,hi@sweatlounge.co.uk,cold_plunge,London,GB,https://sweatlounge.co.uk/,5,380,thought of SweatLounge for something,"Hi there, I came across SweatLounge while researching top rated cold plunge and sauna spaces in London and noticed you're holding a 5 rating across 380 reviews. Numbers like that usually mean people leave talking about the experience, which is exactly the kind of thing branded gear tends to amplify. We're Merch Maverick, a factory direct supplier of branded robes, towels, and recovery hoodies for studios like yours, no agency markups, just your logo on gear members already want. I can send over a free digital mockup of a SweatLounge branded robe within 48 hours. If it is not a fit, no cost and no obligation. Would it be okay if I sent that mockup your way? Faiaz
Merch Maverick
themerchmaverick.com"
ETERNA HAUS Longevity Lounge,hello@iloveeterna.com,cold_plunge,Los Angeles,US,https://www.iloveeterna.com/,5,373,"quick idea, ETERNA HAUS Longevity Lounge","Hi there, I came across ETERNA HAUS Longevity Lounge while researching top rated cold plunge and sauna spaces in Los Angeles and noticed you're holding a 5 rating across 373 reviews. Numbers like that usually mean people leave talking about the experience, which is exactly the kind of thing branded gear tends to amplify. We're Merch Maverick, a factory direct supplier of branded robes, towels, and recovery hoodies for studios like yours, no agency markups, just your logo on gear members already want. I can send over a free digital mockup of a ETERNA HAUS Longevity Lounge branded robe within 48 hours. If it is not a fit, no cost and no obligation. Would it be okay if I sent that mockup your way? Faiaz
Merch Maverick
themerchmaverick.com"
Restore Hyper Wellness,frontdeskca001@restore.com,cold_plunge,Anaheim,US,https://www.restore.com/locations/ca-laguna-niguel-ca001?utm_source=gmb&utm_medium=Yext&y_source=1_MzE2Mjk4MjItNzE1LWxvY2F0aW9uLndlYnNpdGU%3D,5,359,quick question about Restore Hyper Wellness's retail shelf,"Hi there, I came across Restore Hyper Wellness while researching top rated cold plunge and sauna spaces in Anaheim and noticed you're holding a 5 rating across 359 reviews. Numbers like that usually mean people leave talking about the experience, which is exactly the kind of thing branded gear tends to amplify. We're Merch Maverick, a factory direct supplier of branded robes, towels, and recovery hoodies for studios like yours, no agency markups, just your logo on gear members already want. I can send over a free digital mockup of a Restore Hyper Wellness branded robe within 48 hours. If it is not a fit, no cost and no obligation. Would it be okay if I sent that mockup your way? Faiaz
Merch Maverick
themerchmaverick.com"
Restore Hyper Wellness,frontdeskaz027@restore.com,cold_plunge,Phoenix,US,https://www.restore.com/locations/az-lake-pleasant-az027?utm_source=gmb&utm_medium=Yext&y_source=1_MTA0NTA1ODQzOC03MTUtbG9jYXRpb24ud2Vic2l0ZQ%3D%3D,5,353,quick idea for Restore Hyper Wellness's members,"Hi there, I came across Restore Hyper Wellness while researching top rated cold plunge and sauna spaces in Phoenix and noticed you're holding a 5 rating across 353 reviews. Numbers like that usually mean people leave talking about the experience, which is exactly the kind of thing branded gear tends to amplify. We're Merch Maverick, a factory direct supplier of branded robes, towels, and recovery hoodies for studios like yours, no agency markups, just your logo on gear members already want. I can send over a free digital mockup of a Restore Hyper Wellness branded robe within 48 hours. If it is not a fit, no cost and no obligation. Would it be okay if I sent that mockup your way? Faiaz
Merch Maverick
themerchmaverick.com"
Restore Hyper Wellness,frontdesktn004@restore.com,sauna,Nashville,US,https://www.restore.com/locations/tn-nashville-music-row-tn004?utm_source=gmb&utm_medium=Yext&y_source=1_NjMzNjcxOTAtNzE1LWxvY2F0aW9uLndlYnNpdGU%3D,5,335,quick note for Restore Hyper Wellness,"Hi there, I came across Restore Hyper Wellness while researching top rated sauna studios in Nashville and noticed you're holding a 5 rating across 335 reviews. That kind of consistency usually means people leave your space wanting to take a piece of the experience home with them. We're Merch Maverick, a factory direct supplier for branded sauna hats, towels, and robes for studios like yours. No middlemen, no inflated agency pricing, just your logo on the exact ritual gear your members already associate with the experience. I'll put together a free digital mockup of a Restore Hyper Wellness branded wool felt sauna hat within 48 hours. If you don't love it, there's no cost and no obligation, it's yours to look at either way. Would it be okay if I sent that mockup over? Faiaz
Merch Maverick
themerchmaverick.com"
Restore Hyper Wellness,frontdesktn004@restore.com,cold_plunge,Nashville,US,https://www.restore.com/locations/tn-nashville-music-row-tn004?utm_source=gmb&utm_medium=Yext&y_source=1_NjMzNjcxOTAtNzE1LWxvY2F0aW9uLndlYnNpdGU%3D,5,335,thought of Restore Hyper Wellness for something,"Hi there, I came across Restore Hyper Wellness while researching top rated cold plunge and sauna spaces in Nashville and noticed you're holding a 5 rating across 335 reviews. Numbers like that usually mean people leave talking about the experience, which is exactly the kind of thing branded gear tends to amplify. We're Merch Maverick, a factory direct supplier of branded robes, towels, and recovery hoodies for studios like yours, no agency markups, just your logo on gear members already want. I can send over a free digital mockup of a Restore Hyper Wellness branded robe within 48 hours. If it is not a fit, no cost and no obligation. Would it be okay if I sent that mockup your way? Faiaz
Merch Maverick
themerchmaverick.com"
Next Health in The Gulch - Nashville,info@next-health.com,cold_plunge,Nashville,US,https://www.next-health.com/location/nashville,5,311,"quick idea, Next Health in The Gulch - Nashville","Hi there, I came across Next Health in The Gulch - Nashville while researching top rated cold plunge and sauna spaces in Nashville and noticed you're holding a 5 rating across 311 reviews. Numbers like that usually mean people leave talking about the experience, which is exactly the kind of thing branded gear tends to amplify. We're Merch Maverick, a factory direct supplier of branded robes, towels, and recovery hoodies for studios like yours, no agency markups, just your logo on gear members already want. I can send over a free digital mockup of a Next Health in The Gulch - Nashville branded robe within 48 hours. If it is not a fit, no cost and no obligation. Would it be okay if I sent that mockup your way? Faiaz
Merch Maverick
themerchmaverick.com"
Vera Pilates,contact@verapilates.com,pilates,Houston,US,http://www.verapilates.com/,5,304,quick question about Vera Pilates's retail shelf,"Hi there, I came across Vera Pilates while researching top rated reformer pilates studios in Houston and noticed you're holding a 5 rating across 304 reviews. That's the kind of loyalty that usually means members are proud to be part of the studio, not just attending classes. We're Merch Maverick, a factory direct supplier of branded totes, mat bags, and studio apparel for pilates studios. We work without agency markups, so the pricing usually beats what local printers quote for the same quality. I can put together a free digital mockup of a Vera Pilates branded tote within 48 hours. No cost and no obligation either way, it's yours to look at. Would it be alright if I sent that over? Faiaz
Merch Maverick
themerchmaverick.com"
Optimyze Tempe,supporttempe@optimyze.me,sauna,Phoenix,US,https://optimyze.me/tempe/,5,292,quick idea for Optimyze Tempe's members,"Hi there, I came across Optimyze Tempe while researching top rated sauna studios in Phoenix and noticed you're holding a 5 rating across 292 reviews. That kind of consistency usually means people leave your space wanting to take a piece of the experience home with them. We're Merch Maverick, a factory direct supplier for branded sauna hats, towels, and robes for studios like yours. No middlemen, no inflated agency pricing, just your logo on the exact ritual gear your members already associate with the experience. I'll put together a free digital mockup of a Optimyze Tempe branded wool felt sauna hat within 48 hours. If you don't love it, there's no cost and no obligation, it's yours to look at either way. Would it be okay if I sent that mockup over? Faiaz
Merch Maverick
themerchmaverick.com"
Optimyze Tempe,supporttempe@optimyze.me,cold_plunge,Phoenix,US,https://optimyze.me/tempe/,5,292,quick note for Optimyze Tempe,"Hi there, I came across Optimyze Tempe while researching top rated cold plunge and sauna spaces in Phoenix and noticed you're holding a 5 rating across 292 reviews. Numbers like that usually mean people leave talking about the experience, which is exactly the kind of thing branded gear tends to amplify. We're Merch Maverick, a factory direct supplier of branded robes, towels, and recovery hoodies for studios like yours, no agency markups, just your logo on gear members already want. I can send over a free digital mockup of a Optimyze Tempe branded robe within 48 hours. If it is not a fit, no cost and no obligation. Would it be okay if I sent that mockup your way? Faiaz
Merch Maverick
themerchmaverick.com"
Boost Health And Wellness,info@boosthealthny.com,cold_plunge,New York,US,http://www.boosthealthny.com/,5,292,thought of Boost Health And Wellness for something,"Hi there, I came across Boost Health And Wellness while researching top rated cold plunge and sauna spaces in New York and noticed you're holding a 5 rating across 292 reviews. Numbers like that usually mean people leave talking about the experience, which is exactly the kind of thing branded gear tends to amplify. We're Merch Maverick, a factory direct supplier of branded robes, towels, and recovery hoodies for studios like yours, no agency markups, just your logo on gear members already want. I can send over a free digital mockup of a Boost Health And Wellness branded robe within 48 hours. If it is not a fit, no cost and no obligation. Would it be okay if I sent that mockup your way? Faiaz
Merch Maverick
themerchmaverick.com"
Carrie's Pilates Trinity Groves,info@trinitygroves.carriespilatesplus.com,pilates,Dallas,US,https://trinitygroves.carriespilatesplus.com/,5,290,"quick idea, Carrie's Pilates Trinity Groves","Hi there, I came across Carrie's Pilates Trinity Groves while researching top rated reformer pilates studios in Dallas and noticed you're holding a 5 rating across 290 reviews. That's the kind of loyalty that usually means members are proud to be part of the studio, not just attending classes. We're Merch Maverick, a factory direct supplier of branded totes, mat bags, and studio apparel for pilates studios. We work without agency markups, so the pricing usually beats what local printers quote for the same quality. I can put together a free digital mockup of a Carrie's Pilates Trinity Groves branded tote within 48 hours. No cost and no obligation either way, it's yours to look at. Would it be alright if I sent that over? Faiaz
Merch Maverick
themerchmaverick.com"
The Space Fort Lauderdale,hello@spacefortlauderdale.com,sauna,Miami,US,https://thespaceftl.com/,5,289,quick question about The Space Fort Lauderdale's retail shelf,"Hi there, I came across The Space Fort Lauderdale while researching top rated sauna studios in Miami and noticed you're holding a 5 rating across 289 reviews. That kind of consistency usually means people leave your space wanting to take a piece of the experience home with them. We're Merch Maverick, a factory direct supplier for branded sauna hats, towels, and robes for studios like yours. No middlemen, no inflated agency pricing, just your logo on the exact ritual gear your members already associate with the experience. I'll put together a free digital mockup of a The Space Fort Lauderdale branded wool felt sauna hat within 48 hours. If you don't love it, there's no cost and no obligation, it's yours to look at either way. Would it be okay if I sent that mockup over? Faiaz
Merch Maverick
themerchmaverick.com"
The Space Fort Lauderdale,hello@spacefortlauderdale.com,cold_plunge,Miami,US,https://thespaceftl.com/,5,289,quick idea for The Space Fort Lauderdale's members,"Hi there, I came across The Space Fort Lauderdale while researching top rated cold plunge and sauna spaces in Miami and noticed you're holding a 5 rating across 289 reviews. Numbers like that usually mean people leave talking about the experience, which is exactly the kind of thing branded gear tends to amplify. We're Merch Maverick, a factory direct supplier of branded robes, towels, and recovery hoodies for studios like yours, no agency markups, just your logo on gear members already want. I can send over a free digital mockup of a The Space Fort Lauderdale branded robe within 48 hours. If it is not a fit, no cost and no obligation. Would it be okay if I sent that mockup your way? Faiaz
Merch Maverick
themerchmaverick.com"
Reset Mind & Body - Paradise Valley,paradisevalley@resetmindbody.com,sauna,Phoenix,US,https://resetmindbody.com/locations/paradise-valley-phoenix-az/,5,282,quick note for Reset Mind & Body - Paradise Valley,"Hi there, I came across Reset Mind & Body - Paradise Valley while researching top rated sauna studios in Phoenix and noticed you're holding a 5 rating across 282 reviews. That kind of consistency usually means people leave your space wanting to take a piece of the experience home with them. We're Merch Maverick, a factory direct supplier for branded sauna hats, towels, and robes for studios like yours. No middlemen, no inflated agency pricing, just your logo on the exact ritual gear your members already associate with the experience. I'll put together a free digital mockup of a Reset Mind & Body - Paradise Valley branded wool felt sauna hat within 48 hours. If you don't love it, there's no cost and no obligation, it's yours to look at either way. Would it be okay if I sent that mockup over? Faiaz
Merch Maverick
themerchmaverick.com"
Reset Mind & Body - Paradise Valley,paradisevalley@resetmindbody.com,cold_plunge,Phoenix,US,https://resetmindbody.com/locations/paradise-valley-phoenix-az/,5,282,thought of Reset Mind & Body - Paradise Valley for something,"Hi there, I came across Reset Mind & Body - Paradise Valley while researching top rated cold plunge and sauna spaces in Phoenix and noticed you're holding a 5 rating across 282 reviews. Numbers like that usually mean people leave talking about the experience, which is exactly the kind of thing branded gear tends to amplify. We're Merch Maverick, a factory direct supplier of branded robes, towels, and recovery hoodies for studios like yours, no agency markups, just your logo on gear members already want. I can send over a free digital mockup of a Reset Mind & Body - Paradise Valley branded robe within 48 hours. If it is not a fit, no cost and no obligation. Would it be okay if I sent that mockup your way? Faiaz
Merch Maverick
themerchmaverick.com"
"Pure Sweat + Float Studio, Belle Meade",bellemeade@puresweatstudios.com,sauna,Nashville,US,https://www.puresweatstudios.com/belle-meade,5,280,"quick idea, Pure Sweat + Float Studio, Belle Meade","Hi there, I came across Pure Sweat + Float Studio, Belle Meade while researching top rated sauna studios in Nashville and noticed you're holding a 5 rating across 280 reviews. That kind of consistency usually means people leave your space wanting to take a piece of the experience home with them. We're Merch Maverick, a factory direct supplier for branded sauna hats, towels, and robes for studios like yours. No middlemen, no inflated agency pricing, just your logo on the exact ritual gear your members already associate with the experience. I'll put together a free digital mockup of a Pure Sweat + Float Studio, Belle Meade branded wool felt sauna hat within 48 hours. If you don't love it, there's no cost and no obligation, it's yours to look at either way. Would it be okay if I sent that mockup over? Faiaz
Merch Maverick
themerchmaverick.com"
"Pure Sweat + Float Studio, Belle Meade",bellemeade@puresweatstudios.com,cold_plunge,Nashville,US,https://www.puresweatstudios.com/belle-meade,5,280,"quick question about Pure Sweat + Float Studio, Belle Meade's retail shelf","Hi there, I came across Pure Sweat + Float Studio, Belle Meade while researching top rated cold plunge and sauna spaces in Nashville and noticed you're holding a 5 rating across 280 reviews. Numbers like that usually mean people leave talking about the experience, which is exactly the kind of thing branded gear tends to amplify. We're Merch Maverick, a factory direct supplier of branded robes, towels, and recovery hoodies for studios like yours, no agency markups, just your logo on gear members already want. I can send over a free digital mockup of a Pure Sweat + Float Studio, Belle Meade branded robe within 48 hours. If it is not a fit, no cost and no obligation. Would it be okay if I sent that mockup your way? Faiaz
Merch Maverick
themerchmaverick.com"
"Pure Sweat + Float Studio, Belle Meade",bellemeade@puresweatstudios.com,cold_plunge,Birmingham,GB,https://www.puresweatstudios.com/belle-meade,5,280,"quick idea for Pure Sweat + Float Studio, Belle Meade's members","Hi there, I came across Pure Sweat + Float Studio, Belle Meade while researching top rated cold plunge and sauna spaces in Birmingham and noticed you're holding a 5 rating across 280 reviews. Numbers like that usually mean people leave talking about the experience, which is exactly the kind of thing branded gear tends to amplify. We're Merch Maverick, a factory direct supplier of branded robes, towels, and recovery hoodies for studios like yours, no agency markups, just your logo on gear members already want. I can send over a free digital mockup of a Pure Sweat + Float Studio, Belle Meade branded robe within 48 hours. If it is not a fit, no cost and no obligation. Would it be okay if I sent that mockup your way? Faiaz
Merch Maverick
themerchmaverick.com"
sēk Sauna Studio,hi@seksauna.com,sauna,Nashville,US,https://www.seksauna.com/,5,279,quick note for sēk Sauna Studio,"Hi there, I came across sēk Sauna Studio while researching top rated sauna studios in Nashville and noticed you're holding a 5 rating across 279 reviews. That kind of consistency usually means people leave your space wanting to take a piece of the experience home with them. We're Merch Maverick, a factory direct supplier for branded sauna hats, towels, and robes for studios like yours. No middlemen, no inflated agency pricing, just your logo on the exact ritual gear your members already associate with the experience. I'll put together a free digital mockup of a sēk Sauna Studio branded wool felt sauna hat within 48 hours. If you don't love it, there's no cost and no obligation, it's yours to look at either way. Would it be okay if I sent that mockup over? Faiaz
Merch Maverick
themerchmaverick.com"
sēk Sauna Studio,hi@seksauna.com,cold_plunge,Nashville,US,https://www.seksauna.com/,5,279,thought of sēk Sauna Studio for something,"Hi there, I came across sēk Sauna Studio while researching top rated cold plunge and sauna spaces in Nashville and noticed you're holding a 5 rating across 279 reviews. Numbers like that usually mean people leave talking about the experience, which is exactly the kind of thing branded gear tends to amplify. We're Merch Maverick, a factory direct supplier of branded robes, towels, and recovery hoodies for studios like yours, no agency markups, just your logo on gear members already want. I can send over a free digital mockup of a sēk Sauna Studio branded robe within 48 hours. If it is not a fit, no cost and no obligation. Would it be okay if I sent that mockup your way? Faiaz
Merch Maverick
themerchmaverick.com"
Löyly Sauna Lounge,engage@loylysaunalounge.com,sauna,Houston,US,https://www.loylysaunalounge.com/,5,277,"quick idea, Löyly Sauna Lounge","Hi there, I came across Löyly Sauna Lounge while researching top rated sauna studios in Houston and noticed you're holding a 5 rating across 277 reviews. That kind of consistency usually means people leave your space wanting to take a piece of the experience home with them. We're Merch Maverick, a factory direct supplier for branded sauna hats, towels, and robes for studios like yours. No middlemen, no inflated agency pricing, just your logo on the exact ritual gear your members already associate with the experience. I'll put together a free digital mockup of a Löyly Sauna Lounge branded wool felt sauna hat within 48 hours. If you don't love it, there's no cost and no obligation, it's yours to look at either way. Would it be okay if I sent that mockup over? Faiaz
Merch Maverick
themerchmaverick.com"
Löyly Sauna Lounge,engage@loylysaunalounge.com,cold_plunge,Houston,US,https://www.loylysaunalounge.com/,5,277,quick question about Löyly Sauna Lounge's retail shelf,"Hi there, I came across Löyly Sauna Lounge while researching top rated cold plunge and sauna spaces in Houston and noticed you're holding a 5 rating across 277 reviews. Numbers like that usually mean people leave talking about the experience, which is exactly the kind of thing branded gear tends to amplify. We're Merch Maverick, a factory direct supplier of branded robes, towels, and recovery hoodies for studios like yours, no agency markups, just your logo on gear members already want. I can send over a free digital mockup of a Löyly Sauna Lounge branded robe within 48 hours. If it is not a fit, no cost and no obligation. Would it be okay if I sent that mockup your way? Faiaz
Merch Maverick
themerchmaverick.com"
Soul Suites Glasgow,glasgow@soul-suites.co.uk,sauna,Glasgow,GB,https://glasgow.soul-suites.co.uk/,5,272,quick idea for Soul Suites Glasgow's members,"Hi there, I came across Soul Suites Glasgow while researching top rated sauna studios in Glasgow and noticed you're holding a 5 rating across 272 reviews. That kind of consistency usually means people leave your space wanting to take a piece of the experience home with them. We're Merch Maverick, a factory direct supplier for branded sauna hats, towels, and robes for studios like yours. No middlemen, no inflated agency pricing, just your logo on the exact ritual gear your members already associate with the experience. I'll put together a free digital mockup of a Soul Suites Glasgow branded wool felt sauna hat within 48 hours. If you don't love it, there's no cost and no obligation, it's yours to look at either way. Would it be okay if I sent that mockup over? Faiaz
Merch Maverick
themerchmaverick.com"
Soul Suites Glasgow,glasgow@soul-suites.co.uk,cold_plunge,Glasgow,GB,https://glasgow.soul-suites.co.uk/,5,272,quick note for Soul Suites Glasgow,"Hi there, I came across Soul Suites Glasgow while researching top rated cold plunge and sauna spaces in Glasgow and noticed you're holding a 5 rating across 272 reviews. Numbers like that usually mean people leave talking about the experience, which is exactly the kind of thing branded gear tends to amplify. We're Merch Maverick, a factory direct supplier of branded robes, towels, and recovery hoodies for studios like yours, no agency markups, just your logo on gear members already want. I can send over a free digital mockup of a Soul Suites Glasgow branded robe within 48 hours. If it is not a fit, no cost and no obligation. Would it be okay if I sent that mockup your way? Faiaz
Merch Maverick
themerchmaverick.com"
Reset Yoga & Reformer Pilates Glasgow,hello@resetyogahub.com,pilates,Glasgow,GB,http://www.resetyogahub.com/,5,270,thought of Reset Yoga & Reformer Pilates Glasgow for something,"Hi there, I came across Reset Yoga & Reformer Pilates Glasgow while researching top rated reformer pilates studios in Glasgow and noticed you're holding a 5 rating across 270 reviews. That's the kind of loyalty that usually means members are proud to be part of the studio, not just attending classes. We're Merch Maverick, a factory direct supplier of branded totes, mat bags, and studio apparel for pilates studios. We work without agency markups, so the pricing usually beats what local printers quote for the same quality. I can put together a free digital mockup of a Reset Yoga & Reformer Pilates Glasgow branded tote within 48 hours. No cost and no obligation either way, it's yours to look at. Would it be alright if I sent that over? Faiaz
Merch Maverick
themerchmaverick.com"
Natural Pilates - Brentwood,info@naturalpilates.com,pilates,Los Angeles,US,http://www.naturalpilates.com/,5,269,"quick idea, Natural Pilates - Brentwood","Hi there, I came across Natural Pilates - Brentwood while researching top rated reformer pilates studios in Los Angeles and noticed you're holding a 5 rating across 269 reviews. That's the kind of loyalty that usually means members are proud to be part of the studio, not just attending classes. We're Merch Maverick, a factory direct supplier of branded totes, mat bags, and studio apparel for pilates studios. We work without agency markups, so the pricing usually beats what local printers quote for the same quality. I can put together a free digital mockup of a Natural Pilates - Brentwood branded tote within 48 hours. No cost and no obligation either way, it's yours to look at. Would it be alright if I sent that over? Faiaz
Merch Maverick
themerchmaverick.com"
Bridge Wellness Center,info@bridgewellnesscenteraz.com,cold_plunge,Phoenix,US,http://www.bridgewellnesscenteraz.com/,5,262,quick question about Bridge Wellness Center's retail shelf,"Hi there, I came across Bridge Wellness Center while researching top rated cold plunge and sauna spaces in Phoenix and noticed you're holding a 5 rating across 262 reviews. Numbers like that usually mean people leave talking about the experience, which is exactly the kind of thing branded gear tends to amplify. We're Merch Maverick, a factory direct supplier of branded robes, towels, and recovery hoodies for studios like yours, no agency markups, just your logo on gear members already want. I can send over a free digital mockup of a Bridge Wellness Center branded robe within 48 hours. If it is not a fit, no cost and no obligation. Would it be okay if I sent that mockup your way? Faiaz
Merch Maverick
themerchmaverick.com"
Optimyze North Phoenix,marybeth@mbethdesign.com,sauna,Phoenix,US,https://www.optimyze.me/,5,260,quick idea for Optimyze North Phoenix's members,"Hi there, I came across Optimyze North Phoenix while researching top rated sauna studios in Phoenix and noticed you're holding a 5 rating across 260 reviews. That kind of consistency usually means people leave your space wanting to take a piece of the experience home with them. We're Merch Maverick, a factory direct supplier for branded sauna hats, towels, and robes for studios like yours. No middlemen, no inflated agency pricing, just your logo on the exact ritual gear your members already associate with the experience. I'll put together a free digital mockup of a Optimyze North Phoenix branded wool felt sauna hat within 48 hours. If you don't love it, there's no cost and no obligation, it's yours to look at either way. Would it be okay if I sent that mockup over? Faiaz
Merch Maverick
themerchmaverick.com"
Optimyze North Phoenix,marybeth@mbethdesign.com,cold_plunge,Phoenix,US,https://www.optimyze.me/,5,260,quick note for Optimyze North Phoenix,"Hi there, I came across Optimyze North Phoenix while researching top rated cold plunge and sauna spaces in Phoenix and noticed you're holding a 5 rating across 260 reviews. Numbers like that usually mean people leave talking about the experience, which is exactly the kind of thing branded gear tends to amplify. We're Merch Maverick, a factory direct supplier of branded robes, towels, and recovery hoodies for studios like yours, no agency markups, just your logo on gear members already want. I can send over a free digital mockup of a Optimyze North Phoenix branded robe within 48 hours. If it is not a fit, no cost and no obligation. Would it be okay if I sent that mockup your way? Faiaz
Merch Maverick
themerchmaverick.com"
Pilatesbee: Reformer Pilates & more,info@pilatesbee.de,pilates,Munich,DE,https://pilatesbee.de/,5,254,thought of Pilatesbee: Reformer Pilates & more for something,"Hi there, I came across Pilatesbee: Reformer Pilates & more while researching top rated reformer pilates studios in Munich and noticed you're holding a 5 rating across 254 reviews. That's the kind of loyalty that usually means members are proud to be part of the studio, not just attending classes. We're Merch Maverick, a factory direct supplier of branded totes, mat bags, and studio apparel for pilates studios. We work without agency markups, so the pricing usually beats what local printers quote for the same quality. I can put together a free digital mockup of a Pilatesbee: Reformer Pilates & more branded tote within 48 hours. No cost and no obligation either way, it's yours to look at. Would it be alright if I sent that over? Faiaz
Merch Maverick
themerchmaverick.com"
Red Rock Sauna,info@redrocksauna.com,sauna,Denver,US,https://redrocksauna.com/,5,249,"quick idea, Red Rock Sauna","Hi there, I came across Red Rock Sauna while researching top rated sauna studios in Denver and noticed you're holding a 5 rating across 249 reviews. That kind of consistency usually means people leave your space wanting to take a piece of the experience home with them. We're Merch Maverick, a factory direct supplier for branded sauna hats, towels, and robes for studios like yours. No middlemen, no inflated agency pricing, just your logo on the exact ritual gear your members already associate with the experience. I'll put together a free digital mockup of a Red Rock Sauna branded wool felt sauna hat within 48 hours. If you don't love it, there's no cost and no obligation, it's yours to look at either way. Would it be okay if I sent that mockup over? Faiaz
Merch Maverick
themerchmaverick.com"
Red Rock Sauna,info@redrocksauna.com,cold_plunge,Denver,US,https://redrocksauna.com/,5,249,quick question about Red Rock Sauna's retail shelf,"Hi there, I came across Red Rock Sauna while researching top rated cold plunge and sauna spaces in Denver and noticed you're holding a 5 rating across 249 reviews. Numbers like that usually mean people leave talking about the experience, which is exactly the kind of thing branded gear tends to amplify. We're Merch Maverick, a factory direct supplier of branded robes, towels, and recovery hoodies for studios like yours, no agency markups, just your logo on gear members already want. I can send over a free digital mockup of a Red Rock Sauna branded robe within 48 hours. If it is not a fit, no cost and no obligation. Would it be okay if I sent that mockup your way? Faiaz
Merch Maverick
themerchmaverick.com"
Nowhere Sauna,hello@nowheresauna.com,sauna,Edinburgh,GB,https://www.nowheresauna.com/,5,248,quick idea for Nowhere Sauna's members,"Hi there, I came across Nowhere Sauna while researching top rated sauna studios in Edinburgh and noticed you're holding a 5 rating across 248 reviews. That kind of consistency usually means people leave your space wanting to take a piece of the experience home with them. We're Merch Maverick, a factory direct supplier for branded sauna hats, towels, and robes for studios like yours. No middlemen, no inflated agency pricing, just your logo on the exact ritual gear your members already associate with the experience. I'll put together a free digital mockup of a Nowhere Sauna branded wool felt sauna hat within 48 hours. If you don't love it, there's no cost and no obligation, it's yours to look at either way. Would it be okay if I sent that mockup over? Faiaz
Merch Maverick
themerchmaverick.com"
Quantum Wellness Spa,dtla@quantum.spa,sauna,Los Angeles,US,https://quantum.spa/,5,247,quick note for Quantum Wellness Spa,"Hi there, I came across Quantum Wellness Spa while researching top rated sauna studios in Los Angeles and noticed you're holding a 5 rating across 247 reviews. That kind of consistency usually means people leave your space wanting to take a piece of the experience home with them. We're Merch Maverick, a factory direct supplier for branded sauna hats, towels, and robes for studios like yours. No middlemen, no inflated agency pricing, just your logo on the exact ritual gear your members already associate with the experience. I'll put together a free digital mockup of a Quantum Wellness Spa branded wool felt sauna hat within 48 hours. If you don't love it, there's no cost and no obligation, it's yours to look at either way. Would it be okay if I sent that mockup over? Faiaz
Merch Maverick
themerchmaverick.com"
Barre Groove,info@barregroove.com,pilates,Boston,US,http://barregroove.com/downtown,5,247,thought of Barre Groove for something,"Hi there, I came across Barre Groove while researching top rated reformer pilates studios in Boston and noticed you're holding a 5 rating across 247 reviews. That's the kind of loyalty that usually means members are proud to be part of the studio, not just attending classes. We're Merch Maverick, a factory direct supplier of branded totes, mat bags, and studio apparel for pilates studios. We work without agency markups, so the pricing usually beats what local printers quote for the same quality. I can put together a free digital mockup of a Barre Groove branded tote within 48 hours. No cost and no obligation either way, it's yours to look at. Would it be alright if I sent that over? Faiaz
Merch Maverick
themerchmaverick.com"
Quantum Wellness Spa,dtla@quantum.spa,cold_plunge,Los Angeles,US,https://quantum.spa/,5,247,"quick idea, Quantum Wellness Spa","Hi there, I came across Quantum Wellness Spa while researching top rated cold plunge and sauna spaces in Los Angeles and noticed you're holding a 5 rating across 247 reviews. Numbers like that usually mean people leave talking about the experience, which is exactly the kind of thing branded gear tends to amplify. We're Merch Maverick, a factory direct supplier of branded robes, towels, and recovery hoodies for studios like yours, no agency markups, just your logo on gear members already want. I can send over a free digital mockup of a Quantum Wellness Spa branded robe within 48 hours. If it is not a fit, no cost and no obligation. Would it be okay if I sent that mockup your way? Faiaz
Merch Maverick
themerchmaverick.com"
Vida Sauna and Ice,info@vidasauna-ice.co.uk,sauna,Glasgow,GB,https://vidasauna-ice.co.uk/,5,242,quick question about Vida Sauna and Ice's retail shelf,"Hi there, I came across Vida Sauna and Ice while researching top rated sauna studios in Glasgow and noticed you're holding a 5 rating across 242 reviews. That kind of consistency usually means people leave your space wanting to take a piece of the experience home with them. We're Merch Maverick, a factory direct supplier for branded sauna hats, towels, and robes for studios like yours. No middlemen, no inflated agency pricing, just your logo on the exact ritual gear your members already associate with the experience. I'll put together a free digital mockup of a Vida Sauna and Ice branded wool felt sauna hat within 48 hours. If you don't love it, there's no cost and no obligation, it's yours to look at either way. Would it be okay if I sent that mockup over? Faiaz
Merch Maverick
themerchmaverick.com"
Vida Sauna and Ice,info@vidasauna-ice.co.uk,cold_plunge,Glasgow,GB,https://vidasauna-ice.co.uk/,5,242,quick idea for Vida Sauna and Ice's members,"Hi there, I came across Vida Sauna and Ice while researching top rated cold plunge and sauna spaces in Glasgow and noticed you're holding a 5 rating across 242 reviews. Numbers like that usually mean people leave talking about the experience, which is exactly the kind of thing branded gear tends to amplify. We're Merch Maverick, a factory direct supplier of branded robes, towels, and recovery hoodies for studios like yours, no agency markups, just your logo on gear members already want. I can send over a free digital mockup of a Vida Sauna and Ice branded robe within 48 hours. If it is not a fit, no cost and no obligation. Would it be okay if I sent that mockup your way? Faiaz
Merch Maverick
themerchmaverick.com"
Austin Salt Room,support@austinsaltroom.com,cold_plunge,Austin,US,http://www.austinsaltroom.com/,5,235,quick note for Austin Salt Room,"Hi there, I came across Austin Salt Room while researching top rated cold plunge and sauna spaces in Austin and noticed you're holding a 5 rating across 235 reviews. Numbers like that usually mean people leave talking about the experience, which is exactly the kind of thing branded gear tends to amplify. We're Merch Maverick, a factory direct supplier of branded robes, towels, and recovery hoodies for studios like yours, no agency markups, just your logo on gear members already want. I can send over a free digital mockup of a Austin Salt Room branded robe within 48 hours. If it is not a fit, no cost and no obligation. Would it be okay if I sent that mockup your way? Faiaz
Merch Maverick
themerchmaverick.com"
Restore Hyper Wellness,frontdeskil003@restore.com,cold_plunge,Chicago,US,https://www.restore.com/locations/il-evanston-il003?utm_source=gmb&utm_medium=Yext&y_source=1_MzE2Mjk4NjQtNzE1LWxvY2F0aW9uLndlYnNpdGU%3D,5,234,thought of Restore Hyper Wellness for something,"Hi there, I came across Restore Hyper Wellness while researching top rated cold plunge and sauna spaces in Chicago and noticed you're holding a 5 rating across 234 reviews. Numbers like that usually mean people leave talking about the experience, which is exactly the kind of thing branded gear tends to amplify. We're Merch Maverick, a factory direct supplier of branded robes, towels, and recovery hoodies for studios like yours, no agency markups, just your logo on gear members already want. I can send over a free digital mockup of a Restore Hyper Wellness branded robe within 48 hours. If it is not a fit, no cost and no obligation. Would it be okay if I sent that mockup your way? Faiaz
Merch Maverick
themerchmaverick.com"
Citizen Pilates,hello@citizenpilates.com,pilates,Houston,US,https://citizenpilates.com/,5,233,"quick idea, Citizen Pilates","Hi there, I came across Citizen Pilates while researching top rated reformer pilates studios in Houston and noticed you're holding a 5 rating across 233 reviews. That's the kind of loyalty that usually means members are proud to be part of the studio, not just attending classes. We're Merch Maverick, a factory direct supplier of branded totes, mat bags, and studio apparel for pilates studios. We work without agency markups, so the pricing usually beats what local printers quote for the same quality. I can put together a free digital mockup of a Citizen Pilates branded tote within 48 hours. No cost and no obligation either way, it's yours to look at. Would it be alright if I sent that over? Faiaz
Merch Maverick
themerchmaverick.com"
Eastend,hello@practiceeastend.com,sauna,Chicago,US,https://www.practiceeastend.com/,5,232,quick question about Eastend's retail shelf,"Hi there, I came across Eastend while researching top rated sauna studios in Chicago and noticed you're holding a 5 rating across 232 reviews. That kind of consistency usually means people leave your space wanting to take a piece of the experience home with them. We're Merch Maverick, a factory direct supplier for branded sauna hats, towels, and robes for studios like yours. No middlemen, no inflated agency pricing, just your logo on the exact ritual gear your members already associate with the experience. I'll put together a free digital mockup of a Eastend branded wool felt sauna hat within 48 hours. If you don't love it, there's no cost and no obligation, it's yours to look at either way. Would it be okay if I sent that mockup over? Faiaz
Merch Maverick
themerchmaverick.com"
Eastend,hello@practiceeastend.com,cold_plunge,Chicago,US,https://www.practiceeastend.com/,5,232,quick idea for Eastend's members,"Hi there, I came across Eastend while researching top rated cold plunge and sauna spaces in Chicago and noticed you're holding a 5 rating across 232 reviews. Numbers like that usually mean people leave talking about the experience, which is exactly the kind of thing branded gear tends to amplify. We're Merch Maverick, a factory direct supplier of branded robes, towels, and recovery hoodies for studios like yours, no agency markups, just your logo on gear members already want. I can send over a free digital mockup of a Eastend branded robe within 48 hours. If it is not a fit, no cost and no obligation. Would it be okay if I sent that mockup your way? Faiaz
Merch Maverick
themerchmaverick.com"
Krio Centrum 13. kerület,info@kriocentrum.hu,cold_plunge,Budapest,HU,https://kriocentrum.hu/,5,232,quick note for Krio Centrum 13. kerület,"Hi there, I came across Krio Centrum 13. kerület while researching top rated cold plunge and sauna spaces in Budapest and noticed you're holding a 5 rating across 232 reviews. Numbers like that usually mean people leave talking about the experience, which is exactly the kind of thing branded gear tends to amplify. We're Merch Maverick, a factory direct supplier of branded robes, towels, and recovery hoodies for studios like yours, no agency markups, just your logo on gear members already want. I can send over a free digital mockup of a Krio Centrum 13. kerület branded robe within 48 hours. If it is not a fit, no cost and no obligation. Would it be okay if I sent that mockup your way? Faiaz
Merch Maverick
themerchmaverick.com"
"RESTORE Wellness | Sauna, Steam and Ice Bath Bolton",info@restorewellness.uk,cold_plunge,Manchester,GB,https://restorewellness.uk/,5,230,"thought of RESTORE Wellness | Sauna, Steam and Ice Bath Bolton for something","Hi there, I came across RESTORE Wellness | Sauna, Steam and Ice Bath Bolton while researching top rated cold plunge and sauna spaces in Manchester and noticed you're holding a 5 rating across 230 reviews. Numbers like that usually mean people leave talking about the experience, which is exactly the kind of thing branded gear tends to amplify. We're Merch Maverick, a factory direct supplier of branded robes, towels, and recovery hoodies for studios like yours, no agency markups, just your logo on gear members already want. I can send over a free digital mockup of a RESTORE Wellness | Sauna, Steam and Ice Bath Bolton branded robe within 48 hours. If it is not a fit, no cost and no obligation. Would it be okay if I sent that mockup your way? Faiaz
Merch Maverick
themerchmaverick.com"
Revive Wellness Hub Justicia,hello@revivespain.com,sauna,Madrid,ES,https://www.revivespain.com/,5,218,"quick idea, Revive Wellness Hub Justicia","Hi there, I came across Revive Wellness Hub Justicia while researching top rated sauna studios in Madrid and noticed you're holding a 5 rating across 218 reviews. That kind of consistency usually means people leave your space wanting to take a piece of the experience home with them. We're Merch Maverick, a factory direct supplier for branded sauna hats, towels, and robes for studios like yours. No middlemen, no inflated agency pricing, just your logo on the exact ritual gear your members already associate with the experience. I'll put together a free digital mockup of a Revive Wellness Hub Justicia branded wool felt sauna hat within 48 hours. If you don't love it, there's no cost and no obligation, it's yours to look at either way. Would it be okay if I sent that mockup over? Faiaz
Merch Maverick
themerchmaverick.com"
Revive Wellness Hub Justicia,hello@revivespain.com,cold_plunge,Madrid,ES,https://www.revivespain.com/,5,218,quick question about Revive Wellness Hub Justicia's retail shelf,"Hi there, I came across Revive Wellness Hub Justicia while researching top rated cold plunge and sauna spaces in Madrid and noticed you're holding a 5 rating across 218 reviews. Numbers like that usually mean people leave talking about the experience, which is exactly the kind of thing branded gear tends to amplify. We're Merch Maverick, a factory direct supplier of branded robes, towels, and recovery hoodies for studios like yours, no agency markups, just your logo on gear members already want. I can send over a free digital mockup of a Revive Wellness Hub Justicia branded robe within 48 hours. If it is not a fit, no cost and no obligation. Would it be okay if I sent that mockup your way? Faiaz
Merch Maverick
themerchmaverick.com"
Seattle Sauna,info@seattlesauna.com,sauna,Washington,US,https://www.seattlesauna.com/?utm_source=google&utm_medium=gbp,5,215,quick idea for Seattle Sauna's members,"Hi there, I came across Seattle Sauna while researching top rated sauna studios in Washington and noticed you're holding a 5 rating across 215 reviews. That kind of consistency usually means people leave your space wanting to take a piece of the experience home with them. We're Merch Maverick, a factory direct supplier for branded sauna hats, towels, and robes for studios like yours. No middlemen, no inflated agency pricing, just your logo on the exact ritual gear your members already associate with the experience. I'll put together a free digital mockup of a Seattle Sauna branded wool felt sauna hat within 48 hours. If you don't love it, there's no cost and no obligation, it's yours to look at either way. Would it be okay if I sent that mockup over? Faiaz
Merch Maverick
themerchmaverick.com"
Seattle Sauna,info@seattlesauna.com,cold_plunge,Seattle,US,https://www.seattlesauna.com/?utm_source=google&utm_medium=gbp,5,215,quick note for Seattle Sauna,"Hi there, I came across Seattle Sauna while researching top rated cold plunge and sauna spaces in Seattle and noticed you're holding a 5 rating across 215 reviews. Numbers like that usually mean people leave talking about the experience, which is exactly the kind of thing branded gear tends to amplify. We're Merch Maverick, a factory direct supplier of branded robes, towels, and recovery hoodies for studios like yours, no agency markups, just your logo on gear members already want. I can send over a free digital mockup of a Seattle Sauna branded robe within 48 hours. If it is not a fit, no cost and no obligation. Would it be okay if I sent that mockup your way? Faiaz
Merch Maverick
themerchmaverick.com"
Healthspan,info@healthspanrecovery.com,sauna,Miami,US,https://www.healthspanrecovery.com/services,5,212,thought of Healthspan for something,"Hi there, I came across Healthspan while researching top rated sauna studios in Miami and noticed you're holding a 5 rating across 212 reviews. That kind of consistency usually means people leave your space wanting to take a piece of the experience home with them. We're Merch Maverick, a factory direct supplier for branded sauna hats, towels, and robes for studios like yours. No middlemen, no inflated agency pricing, just your logo on the exact ritual gear your members already associate with the experience. I'll put together a free digital mockup of a Healthspan branded wool felt sauna hat within 48 hours. If you don't love it, there's no cost and no obligation, it's yours to look at either way. Would it be okay if I sent that mockup over? Faiaz
Merch Maverick
themerchmaverick.com"
Healthspan,info@healthspanrecovery.com,cold_plunge,Miami,US,https://www.healthspanrecovery.com/services,5,212,"quick idea, Healthspan","Hi there, I came across Healthspan while researching top rated cold plunge and sauna spaces in Miami and noticed you're holding a 5 rating across 212 reviews. Numbers like that usually mean people leave talking about the experience, which is exactly the kind of thing branded gear tends to amplify. We're Merch Maverick, a factory direct supplier of branded robes, towels, and recovery hoodies for studios like yours, no agency markups, just your logo on gear members already want. I can send over a free digital mockup of a Healthspan branded robe within 48 hours. If it is not a fit, no cost and no obligation. Would it be okay if I sent that mockup your way? Faiaz
Merch Maverick
themerchmaverick.com"
Vita Pilates x Merrithew® Host Training Center,info@vitapilates.net,pilates,New York,US,http://vitapilates.net/,5,207,quick question about Vita Pilates x Merrithew® Host Training Center's retail shelf,"Hi there, I came across Vita Pilates x Merrithew® Host Training Center while researching top rated reformer pilates studios in New York and noticed you're holding a 5 rating across 207 reviews. That's the kind of loyalty that usually means members are proud to be part of the studio, not just attending classes. We're Merch Maverick, a factory direct supplier of branded totes, mat bags, and studio apparel for pilates studios. We work without agency markups, so the pricing usually beats what local printers quote for the same quality. I can put together a free digital mockup of a Vita Pilates x Merrithew® Host Training Center branded tote within 48 hours. No cost and no obligation either way, it's yours to look at. Would it be alright if I sent that over? Faiaz
Merch Maverick
themerchmaverick.com"
CLEARLY Reformer Pilates,user@domain.com,pilates,Chicago,US,https://clearlyreformerpilates.com/,5,202,quick idea for CLEARLY Reformer Pilates's members,"Hi there, I came across CLEARLY Reformer Pilates while researching top rated reformer pilates studios in Chicago and noticed you're holding a 5 rating across 202 reviews. That's the kind of loyalty that usually means members are proud to be part of the studio, not just attending classes. We're Merch Maverick, a factory direct supplier of branded totes, mat bags, and studio apparel for pilates studios. We work without agency markups, so the pricing usually beats what local printers quote for the same quality. I can put together a free digital mockup of a CLEARLY Reformer Pilates branded tote within 48 hours. No cost and no obligation either way, it's yours to look at. Would it be alright if I sent that over? Faiaz
Merch Maverick
themerchmaverick.com"
Pilates Palace,pilatespalaceoffice@gmail.com,pilates,Budapest,HU,http://www.pilatespalace.hu/,5,202,quick note for Pilates Palace,"Hi there, I came across Pilates Palace while researching top rated reformer pilates studios in Budapest and noticed you're holding a 5 rating across 202 reviews. That's the kind of loyalty that usually means members are proud to be part of the studio, not just attending classes. We're Merch Maverick, a factory direct supplier of branded totes, mat bags, and studio apparel for pilates studios. We work without agency markups, so the pricing usually beats what local printers quote for the same quality. I can put together a free digital mockup of a Pilates Palace branded tote within 48 hours. No cost and no obligation either way, it's yours to look at. Would it be alright if I sent that over? Faiaz
Merch Maverick
themerchmaverick.com"
Centner Wellness,info@centnerwellness.com,sauna,Miami,US,https://brickell.centnerwellness.com/,5,200,thought of Centner Wellness for something,"Hi there, I came across Centner Wellness while researching top rated sauna studios in Miami and noticed you're holding a 5 rating across 200 reviews. That kind of consistency usually means people leave your space wanting to take a piece of the experience home with them. We're Merch Maverick, a factory direct supplier for branded sauna hats, towels, and robes for studios like yours. No middlemen, no inflated agency pricing, just your logo on the exact ritual gear your members already associate with the experience. I'll put together a free digital mockup of a Centner Wellness branded wool felt sauna hat within 48 hours. If you don't love it, there's no cost and no obligation, it's yours to look at either way. Would it be okay if I sent that mockup over? Faiaz
Merch Maverick
themerchmaverick.com"
Centner Wellness,info@centnerwellness.com,cold_plunge,Miami,US,https://brickell.centnerwellness.com/,5,200,"quick idea, Centner Wellness","Hi there, I came across Centner Wellness while researching top rated cold plunge and sauna spaces in Miami and noticed you're holding a 5 rating across 200 reviews. Numbers like that usually mean people leave talking about the experience, which is exactly the kind of thing branded gear tends to amplify. We're Merch Maverick, a factory direct supplier of branded robes, towels, and recovery hoodies for studios like yours, no agency markups, just your logo on gear members already want. I can send over a free digital mockup of a Centner Wellness branded robe within 48 hours. If it is not a fit, no cost and no obligation. Would it be okay if I sent that mockup your way? Faiaz
Merch Maverick
themerchmaverick.com"
Brysk,info@wearebrysk.co.uk,cold_plunge,Manchester,GB,https://wearebrysk.co.uk/?utm_source=google&utm_medium=GMB,5,200,quick question about Brysk's retail shelf,"Hi there, I came across Brysk while researching top rated cold plunge and sauna spaces in Manchester and noticed you're holding a 5 rating across 200 reviews. Numbers like that usually mean people leave talking about the experience, which is exactly the kind of thing branded gear tends to amplify. We're Merch Maverick, a factory direct supplier of branded robes, towels, and recovery hoodies for studios like yours, no agency markups, just your logo on gear members already want. I can send over a free digital mockup of a Brysk branded robe within 48 hours. If it is not a fit, no cost and no obligation. Would it be okay if I sent that mockup your way? Faiaz
Merch Maverick
themerchmaverick.com"
Recovery Mode - Sports Massage & Acupuncture,user@domain.com,cold_plunge,New York,US,http://www.recoverymodenyc.com/,5,198,quick idea for Recovery Mode - Sports Massage & Acupuncture's members,"Hi there, I came across Recovery Mode - Sports Massage & Acupuncture while researching top rated cold plunge and sauna spaces in New York and noticed you're holding a 5 rating across 198 reviews. Numbers like that usually mean people leave talking about the experience, which is exactly the kind of thing branded gear tends to amplify. We're Merch Maverick, a factory direct supplier of branded robes, towels, and recovery hoodies for studios like yours, no agency markups, just your logo on gear members already want. I can send over a free digital mockup of a Recovery Mode - Sports Massage & Acupuncture branded robe within 48 hours. If it is not a fit, no cost and no obligation. Would it be okay if I sent that mockup your way? Faiaz
Merch Maverick
themerchmaverick.com"
"Pure Sweat Sauna Studio, 12 South",hi@puresweatfloatstudio.com,sauna,Nashville,US,http://www.puresweatstudios.com/,5,197,"quick note for Pure Sweat Sauna Studio, 12 South","Hi there, I came across Pure Sweat Sauna Studio, 12 South while researching top rated sauna studios in Nashville and noticed you're holding a 5 rating across 197 reviews. That kind of consistency usually means people leave your space wanting to take a piece of the experience home with them. We're Merch Maverick, a factory direct supplier for branded sauna hats, towels, and robes for studios like yours. No middlemen, no inflated agency pricing, just your logo on the exact ritual gear your members already associate with the experience. I'll put together a free digital mockup of a Pure Sweat Sauna Studio, 12 South branded wool felt sauna hat within 48 hours. If you don't love it, there's no cost and no obligation, it's yours to look at either way. Would it be okay if I sent that mockup over? Faiaz
Merch Maverick
themerchmaverick.com"
"Pure Sweat Sauna Studio, 12 South",hi@puresweatfloatstudio.com,cold_plunge,Nashville,US,http://www.puresweatstudios.com/,5,197,"thought of Pure Sweat Sauna Studio, 12 South for something","Hi there, I came across Pure Sweat Sauna Studio, 12 South while researching top rated cold plunge and sauna spaces in Nashville and noticed you're holding a 5 rating across 197 reviews. Numbers like that usually mean people leave talking about the experience, which is exactly the kind of thing branded gear tends to amplify. We're Merch Maverick, a factory direct supplier of branded robes, towels, and recovery hoodies for studios like yours, no agency markups, just your logo on gear members already want. I can send over a free digital mockup of a Pure Sweat Sauna Studio, 12 South branded robe within 48 hours. If it is not a fit, no cost and no obligation. Would it be okay if I sent that mockup your way? Faiaz
Merch Maverick
themerchmaverick.com"
The Kov Cryotherapy,info@thekov.co,sauna,Miami,US,https://www.thekov.co/?utm_source=google&utm_medium=wix_google_business_profile&utm_campaign=13353671644632259030,5,193,"quick idea, The Kov Cryotherapy","Hi there, I came across The Kov Cryotherapy while researching top rated sauna studios in Miami and noticed you're holding a 5 rating across 193 reviews. That kind of consistency usually means people leave your space wanting to take a piece of the experience home with them. We're Merch Maverick, a factory direct supplier for branded sauna hats, towels, and robes for studios like yours. No middlemen, no inflated agency pricing, just your logo on the exact ritual gear your members already associate with the experience. I'll put together a free digital mockup of a The Kov Cryotherapy branded wool felt sauna hat within 48 hours. If you don't love it, there's no cost and no obligation, it's yours to look at either way. Would it be okay if I sent that mockup over? Faiaz
Merch Maverick
themerchmaverick.com"
The Kov Cryotherapy,info@thekov.co,cold_plunge,Miami,US,https://www.thekov.co/?utm_source=google&utm_medium=wix_google_business_profile&utm_campaign=13353671644632259030,5,193,quick question about The Kov Cryotherapy's retail shelf,"Hi there, I came across The Kov Cryotherapy while researching top rated cold plunge and sauna spaces in Miami and noticed you're holding a 5 rating across 193 reviews. Numbers like that usually mean people leave talking about the experience, which is exactly the kind of thing branded gear tends to amplify. We're Merch Maverick, a factory direct supplier of branded robes, towels, and recovery hoodies for studios like yours, no agency markups, just your logo on gear members already want. I can send over a free digital mockup of a The Kov Cryotherapy branded robe within 48 hours. If it is not a fit, no cost and no obligation. Would it be okay if I sent that mockup your way? Faiaz
Merch Maverick
themerchmaverick.com"
Flow State Cryo & Recovery,name@example.com,cold_plunge,Los Angeles,US,https://www.flowstatecryo.com/locations/studio-city,5,191,quick idea for Flow State Cryo & Recovery's members,"Hi there, I came across Flow State Cryo & Recovery while researching top rated cold plunge and sauna spaces in Los Angeles and noticed you're holding a 5 rating across 191 reviews. Numbers like that usually mean people leave talking about the experience, which is exactly the kind of thing branded gear tends to amplify. We're Merch Maverick, a factory direct supplier of branded robes, towels, and recovery hoodies for studios like yours, no agency markups, just your logo on gear members already want. I can send over a free digital mockup of a Flow State Cryo & Recovery branded robe within 48 hours. If it is not a fit, no cost and no obligation. Would it be okay if I sent that mockup your way? Faiaz
Merch Maverick
themerchmaverick.com"
"Body Lounge Park Cities - Whole Body Wellness & Medical Aesthetics, Dallas, TX",info@bodyloungeparkcities.com,cold_plunge,Dallas,US,http://bodyloungeparkcities.com/,5,186,"quick note for Body Lounge Park Cities - Whole Body Wellness & Medical Aesthetics, Dallas, TX","Hi there, I came across Body Lounge Park Cities - Whole Body Wellness & Medical Aesthetics, Dallas, TX while researching top rated cold plunge and sauna spaces in Dallas and noticed you're holding a 5 rating across 186 reviews. Numbers like that usually mean people leave talking about the experience, which is exactly the kind of thing branded gear tends to amplify. We're Merch Maverick, a factory direct supplier of branded robes, towels, and recovery hoodies for studios like yours, no agency markups, just your logo on gear members already want. I can send over a free digital mockup of a Body Lounge Park Cities - Whole Body Wellness & Medical Aesthetics, Dallas, TX branded robe within 48 hours. If it is not a fit, no cost and no obligation. Would it be okay if I sent that mockup your way? Faiaz
Merch Maverick
themerchmaverick.com"
Wildplunge,contact@wildplunge.co.uk,sauna,Bristol,GB,https://www.wildplunge.co.uk/,5,184,thought of Wildplunge for something,"Hi there, I came across Wildplunge while researching top rated sauna studios in Bristol and noticed you're holding a 5 rating across 184 reviews. That kind of consistency usually means people leave your space wanting to take a piece of the experience home with them. We're Merch Maverick, a factory direct supplier for branded sauna hats, towels, and robes for studios like yours. No middlemen, no inflated agency pricing, just your logo on the exact ritual gear your members already associate with the experience. I'll put together a free digital mockup of a Wildplunge branded wool felt sauna hat within 48 hours. If you don't love it, there's no cost and no obligation, it's yours to look at either way. Would it be okay if I sent that mockup over? Faiaz
Merch Maverick
themerchmaverick.com"
Wild auf Leben Eisbaden & Wim Hof Training in Österreich,office@wildaufleben.com,cold_plunge,Vienna,AT,https://wildaufleben.com/,5,184,"quick idea, Wild auf Leben Eisbaden & Wim Hof Training in Österreich","Hi there, I came across Wild auf Leben Eisbaden & Wim Hof Training in Österreich while researching top rated cold plunge and sauna spaces in Vienna and noticed you're holding a 5 rating across 184 reviews. Numbers like that usually mean people leave talking about the experience, which is exactly the kind of thing branded gear tends to amplify. We're Merch Maverick, a factory direct supplier of branded robes, towels, and recovery hoodies for studios like yours, no agency markups, just your logo on gear members already want. I can send over a free digital mockup of a Wild auf Leben Eisbaden & Wim Hof Training in Österreich branded robe within 48 hours. If it is not a fit, no cost and no obligation. Would it be okay if I sent that mockup your way? Faiaz
Merch Maverick
themerchmaverick.com"
Wildplunge,contact@wildplunge.co.uk,cold_plunge,Bristol,GB,https://www.wildplunge.co.uk/,5,184,quick question about Wildplunge's retail shelf,"Hi there, I came across Wildplunge while researching top rated cold plunge and sauna spaces in Bristol and noticed you're holding a 5 rating across 184 reviews. Numbers like that usually mean people leave talking about the experience, which is exactly the kind of thing branded gear tends to amplify. We're Merch Maverick, a factory direct supplier of branded robes, towels, and recovery hoodies for studios like yours, no agency markups, just your logo on gear members already want. I can send over a free digital mockup of a Wildplunge branded robe within 48 hours. If it is not a fit, no cost and no obligation. Would it be okay if I sent that mockup your way? Faiaz
Merch Maverick
themerchmaverick.com"
Glow Sauna Studios | Henderson,admin@glowsaunastudios.com,sauna,Las Vegas,US,https://glowsaunastudios.com/henderson/,5,182,quick idea for Glow Sauna Studios | Henderson's members,"Hi there, I came across Glow Sauna Studios | Henderson while researching top rated sauna studios in Las Vegas and noticed you're holding a 5 rating across 182 reviews. That kind of consistency usually means people leave your space wanting to take a piece of the experience home with them. We're Merch Maverick, a factory direct supplier for branded sauna hats, towels, and robes for studios like yours. No middlemen, no inflated agency pricing, just your logo on the exact ritual gear your members already associate with the experience. I'll put together a free digital mockup of a Glow Sauna Studios | Henderson branded wool felt sauna hat within 48 hours. If you don't love it, there's no cost and no obligation, it's yours to look at either way. Would it be okay if I sent that mockup over? Faiaz
Merch Maverick
themerchmaverick.com"
WeBorn - The Social Recovery Club,office@weborn.com,sauna,Vienna,AT,https://weborn.com/,5,182,quick note for WeBorn - The Social Recovery Club,"Hi there, I came across WeBorn - The Social Recovery Club while researching top rated sauna studios in Vienna and noticed you're holding a 5 rating across 182 reviews. That kind of consistency usually means people leave your space wanting to take a piece of the experience home with them. We're Merch Maverick, a factory direct supplier for branded sauna hats, towels, and robes for studios like yours. No middlemen, no inflated agency pricing, just your logo on the exact ritual gear your members already associate with the experience. I'll put together a free digital mockup of a WeBorn - The Social Recovery Club branded wool felt sauna hat within 48 hours. If you don't love it, there's no cost and no obligation, it's yours to look at either way. Would it be okay if I sent that mockup over? Faiaz
Merch Maverick
themerchmaverick.com"
Glow Sauna Studios | Henderson,admin@glowsaunastudios.com,cold_plunge,Las Vegas,US,https://glowsaunastudios.com/henderson/,5,182,thought of Glow Sauna Studios | Henderson for something,"Hi there, I came across Glow Sauna Studios | Henderson while researching top rated cold plunge and sauna spaces in Las Vegas and noticed you're holding a 5 rating across 182 reviews. Numbers like that usually mean people leave talking about the experience, which is exactly the kind of thing branded gear tends to amplify. We're Merch Maverick, a factory direct supplier of branded robes, towels, and recovery hoodies for studios like yours, no agency markups, just your logo on gear members already want. I can send over a free digital mockup of a Glow Sauna Studios | Henderson branded robe within 48 hours. If it is not a fit, no cost and no obligation. Would it be okay if I sent that mockup your way? Faiaz
Merch Maverick
themerchmaverick.com"
WeBorn - The Social Recovery Club,office@weborn.com,cold_plunge,Vienna,AT,https://weborn.com/,5,182,"quick idea, WeBorn - The Social Recovery Club","Hi there, I came across WeBorn - The Social Recovery Club while researching top rated cold plunge and sauna spaces in Vienna and noticed you're holding a 5 rating across 182 reviews. Numbers like that usually mean people leave talking about the experience, which is exactly the kind of thing branded gear tends to amplify. We're Merch Maverick, a factory direct supplier of branded robes, towels, and recovery hoodies for studios like yours, no agency markups, just your logo on gear members already want. I can send over a free digital mockup of a WeBorn - The Social Recovery Club branded robe within 48 hours. If it is not a fit, no cost and no obligation. Would it be okay if I sent that mockup your way? Faiaz
Merch Maverick
themerchmaverick.com"
"Pure Sweat Sauna Studio, The Gulch",gulch@puresweatstudios.com,sauna,Nashville,US,https://www.puresweatstudios.com/gulch-tennessee,5,178,"quick question about Pure Sweat Sauna Studio, The Gulch's retail shelf","Hi there, I came across Pure Sweat Sauna Studio, The Gulch while researching top rated sauna studios in Nashville and noticed you're holding a 5 rating across 178 reviews. That kind of consistency usually means people leave your space wanting to take a piece of the experience home with them. We're Merch Maverick, a factory direct supplier for branded sauna hats, towels, and robes for studios like yours. No middlemen, no inflated agency pricing, just your logo on the exact ritual gear your members already associate with the experience. I'll put together a free digital mockup of a Pure Sweat Sauna Studio, The Gulch branded wool felt sauna hat within 48 hours. If you don't love it, there's no cost and no obligation, it's yours to look at either way. Would it be okay if I sent that mockup over? Faiaz
Merch Maverick
themerchmaverick.com"
"Pure Sweat Sauna Studio, The Gulch",gulch@puresweatstudios.com,cold_plunge,Nashville,US,https://www.puresweatstudios.com/gulch-tennessee,5,178,"quick idea for Pure Sweat Sauna Studio, The Gulch's members","Hi there, I came across Pure Sweat Sauna Studio, The Gulch while researching top rated cold plunge and sauna spaces in Nashville and noticed you're holding a 5 rating across 178 reviews. Numbers like that usually mean people leave talking about the experience, which is exactly the kind of thing branded gear tends to amplify. We're Merch Maverick, a factory direct supplier of branded robes, towels, and recovery hoodies for studios like yours, no agency markups, just your logo on gear members already want. I can send over a free digital mockup of a Pure Sweat Sauna Studio, The Gulch branded robe within 48 hours. If it is not a fit, no cost and no obligation. Would it be okay if I sent that mockup your way? Faiaz
Merch Maverick
themerchmaverick.com"
ILO STUDIOS,hello@ilo-studios.com,sauna,Barcelona,ES,http://ilo-studios.com/,5,172,quick note for ILO STUDIOS,"Hi there, I came across ILO STUDIOS while researching top rated sauna studios in Barcelona and noticed you're holding a 5 rating across 172 reviews. That kind of consistency usually means people leave your space wanting to take a piece of the experience home with them. We're Merch Maverick, a factory direct supplier for branded sauna hats, towels, and robes for studios like yours. No middlemen, no inflated agency pricing, just your logo on the exact ritual gear your members already associate with the experience. I'll put together a free digital mockup of a ILO STUDIOS branded wool felt sauna hat within 48 hours. If you don't love it, there's no cost and no obligation, it's yours to look at either way. Would it be okay if I sent that mockup over? Faiaz
Merch Maverick
themerchmaverick.com"
ILO STUDIOS,hello@ilo-studios.com,cold_plunge,Barcelona,ES,http://ilo-studios.com/,5,172,thought of ILO STUDIOS for something,"Hi there, I came across ILO STUDIOS while researching top rated cold plunge and sauna spaces in Barcelona and noticed you're holding a 5 rating across 172 reviews. Numbers like that usually mean people leave talking about the experience, which is exactly the kind of thing branded gear tends to amplify. We're Merch Maverick, a factory direct supplier of branded robes, towels, and recovery hoodies for studios like yours, no agency markups, just your logo on gear members already want. I can send over a free digital mockup of a ILO STUDIOS branded robe within 48 hours. If it is not a fit, no cost and no obligation. Would it be okay if I sent that mockup your way? Faiaz
Merch Maverick
themerchmaverick.com"
Nature Pilates,specs.stores.fixnavig@ion.sposition,pilates,Madrid,ES,https://www.naturepilates.es/,5,170,"quick idea, Nature Pilates","Hi there, I came across Nature Pilates while researching top rated reformer pilates studios in Madrid and noticed you're holding a 5 rating across 170 reviews. That's the kind of loyalty that usually means members are proud to be part of the studio, not just attending classes. We're Merch Maverick, a factory direct supplier of branded totes, mat bags, and studio apparel for pilates studios. We work without agency markups, so the pricing usually beats what local printers quote for the same quality. I can put together a free digital mockup of a Nature Pilates branded tote within 48 hours. No cost and no obligation either way, it's yours to look at. Would it be alright if I sent that over? Faiaz
Merch Maverick
themerchmaverick.com"
Pampa Studio - Pilates & Wellness Center,hello@pampastudiobcn.com,pilates,Barcelona,ES,https://pampastudiobcn.com/,5,168,quick question about Pampa Studio - Pilates & Wellness Center's retail shelf,"Hi there, I came across Pampa Studio - Pilates & Wellness Center while researching top rated reformer pilates studios in Barcelona and noticed you're holding a 5 rating across 168 reviews. That's the kind of loyalty that usually means members are proud to be part of the studio, not just attending classes. We're Merch Maverick, a factory direct supplier of branded totes, mat bags, and studio apparel for pilates studios. We work without agency markups, so the pricing usually beats what local printers quote for the same quality. I can put together a free digital mockup of a Pampa Studio - Pilates & Wellness Center branded tote within 48 hours. No cost and no obligation either way, it's yours to look at. Would it be alright if I sent that over? Faiaz
Merch Maverick
themerchmaverick.com"
ALBI Wellness & Longevity,info@albiwellness.com,sauna,Houston,US,http://albiwellness.com/,5,165,quick idea for ALBI Wellness & Longevity's members,"Hi there, I came across ALBI Wellness & Longevity while researching top rated sauna studios in Houston and noticed you're holding a 5 rating across 165 reviews. That kind of consistency usually means people leave your space wanting to take a piece of the experience home with them. We're Merch Maverick, a factory direct supplier for branded sauna hats, towels, and robes for studios like yours. No middlemen, no inflated agency pricing, just your logo on the exact ritual gear your members already associate with the experience. I'll put together a free digital mockup of a ALBI Wellness & Longevity branded wool felt sauna hat within 48 hours. If you don't love it, there's no cost and no obligation, it's yours to look at either way. Would it be okay if I sent that mockup over? Faiaz
Merch Maverick
themerchmaverick.com"
ALBI Wellness & Longevity,info@albiwellness.com,cold_plunge,Houston,US,http://albiwellness.com/,5,165,quick note for ALBI Wellness & Longevity,"Hi there, I came across ALBI Wellness & Longevity while researching top rated cold plunge and sauna spaces in Houston and noticed you're holding a 5 rating across 165 reviews. Numbers like that usually mean people leave talking about the experience, which is exactly the kind of thing branded gear tends to amplify. We're Merch Maverick, a factory direct supplier of branded robes, towels, and recovery hoodies for studios like yours, no agency markups, just your logo on gear members already want. I can send over a free digital mockup of a ALBI Wellness & Longevity branded robe within 48 hours. If it is not a fit, no cost and no obligation. Would it be okay if I sent that mockup your way? Faiaz
Merch Maverick
themerchmaverick.com"
Cryo-Santé,contact@cryosante.fr,cold_plunge,Paris,FR,https://www.cryosante.fr/,5,165,thought of Cryo-Santé for something,"Hi there, I came across Cryo-Santé while researching top rated cold plunge and sauna spaces in Paris and noticed you're holding a 5 rating across 165 reviews. Numbers like that usually mean people leave talking about the experience, which is exactly the kind of thing branded gear tends to amplify. We're Merch Maverick, a factory direct supplier of branded robes, towels, and recovery hoodies for studios like yours, no agency markups, just your logo on gear members already want. I can send over a free digital mockup of a Cryo-Santé branded robe within 48 hours. If it is not a fit, no cost and no obligation. Would it be okay if I sent that mockup your way? Faiaz
Merch Maverick
themerchmaverick.com"
Long Lean Pilates,info@longleanpilates.com,pilates,Miami,US,https://longleanpilates.com/,5,164,"quick idea, Long Lean Pilates","Hi there, I came across Long Lean Pilates while researching top rated reformer pilates studios in Miami and noticed you're holding a 5 rating across 164 reviews. That's the kind of loyalty that usually means members are proud to be part of the studio, not just attending classes. We're Merch Maverick, a factory direct supplier of branded totes, mat bags, and studio apparel for pilates studios. We work without agency markups, so the pricing usually beats what local printers quote for the same quality. I can put together a free digital mockup of a Long Lean Pilates branded tote within 48 hours. No cost and no obligation either way, it's yours to look at. Would it be alright if I sent that over? Faiaz
Merch Maverick
themerchmaverick.com"
Desert Moon Hyperbarics and Wellness,info@desertmoonwellness.com,cold_plunge,Las Vegas,US,https://desertmoonwellness.com/,5,163,quick question about Desert Moon Hyperbarics and Wellness's retail shelf,"Hi there, I came across Desert Moon Hyperbarics and Wellness while researching top rated cold plunge and sauna spaces in Las Vegas and noticed you're holding a 5 rating across 163 reviews. Numbers like that usually mean people leave talking about the experience, which is exactly the kind of thing branded gear tends to amplify. We're Merch Maverick, a factory direct supplier of branded robes, towels, and recovery hoodies for studios like yours, no agency markups, just your logo on gear members already want. I can send over a free digital mockup of a Desert Moon Hyperbarics and Wellness branded robe within 48 hours. If it is not a fit, no cost and no obligation. Would it be okay if I sent that mockup your way? Faiaz
Merch Maverick
themerchmaverick.com"
FLOAT ONE - Glasgow,info@floatone.co.uk,sauna,Glasgow,GB,http://www.floatone.co.uk/,5,162,quick idea for FLOAT ONE - Glasgow's members,"Hi there, I came across FLOAT ONE - Glasgow while researching top rated sauna studios in Glasgow and noticed you're holding a 5 rating across 162 reviews. That kind of consistency usually means people leave your space wanting to take a piece of the experience home with them. We're Merch Maverick, a factory direct supplier for branded sauna hats, towels, and robes for studios like yours. No middlemen, no inflated agency pricing, just your logo on the exact ritual gear your members already associate with the experience. I'll put together a free digital mockup of a FLOAT ONE - Glasgow branded wool felt sauna hat within 48 hours. If you don't love it, there's no cost and no obligation, it's yours to look at either way. Would it be okay if I sent that mockup over? Faiaz
Merch Maverick
themerchmaverick.com"
FLOAT ONE - Glasgow,info@floatone.co.uk,cold_plunge,Glasgow,GB,http://www.floatone.co.uk/,5,162,quick note for FLOAT ONE - Glasgow,"Hi there, I came across FLOAT ONE - Glasgow while researching top rated cold plunge and sauna spaces in Glasgow and noticed you're holding a 5 rating across 162 reviews. Numbers like that usually mean people leave talking about the experience, which is exactly the kind of thing branded gear tends to amplify. We're Merch Maverick, a factory direct supplier of branded robes, towels, and recovery hoodies for studios like yours, no agency markups, just your logo on gear members already want. I can send over a free digital mockup of a FLOAT ONE - Glasgow branded robe within 48 hours. If it is not a fit, no cost and no obligation. Would it be okay if I sent that mockup your way? Faiaz
Merch Maverick
themerchmaverick.com"
RE:SCULPT studios,hello@resculptstudios.co.uk,pilates,Manchester,GB,https://resculptstudios.co.uk/ancoats-pilates-studio/,5,161,thought of RE:SCULPT studios for something,"Hi there, I came across RE:SCULPT studios while researching top rated reformer pilates studios in Manchester and noticed you're holding a 5 rating across 161 reviews. That's the kind of loyalty that usually means members are proud to be part of the studio, not just attending classes. We're Merch Maverick, a factory direct supplier of branded totes, mat bags, and studio apparel for pilates studios. We work without agency markups, so the pricing usually beats what local printers quote for the same quality. I can put together a free digital mockup of a RE:SCULPT studios branded tote within 48 hours. No cost and no obligation either way, it's yours to look at. Would it be alright if I sent that over? Faiaz
Merch Maverick
themerchmaverick.com"
Art of Recovery,artofrecovery.az@gmail.com\,cold_plunge,Phoenix,US,http://www.artofrecoveryaz.com/,5,161,"quick idea, Art of Recovery","Hi there, I came across Art of Recovery while researching top rated cold plunge and sauna spaces in Phoenix and noticed you're holding a 5 rating across 161 reviews. Numbers like that usually mean people leave talking about the experience, which is exactly the kind of thing branded gear tends to amplify. We're Merch Maverick, a factory direct supplier of branded robes, towels, and recovery hoodies for studios like yours, no agency markups, just your logo on gear members already want. I can send over a free digital mockup of a Art of Recovery branded robe within 48 hours. If it is not a fit, no cost and no obligation. Would it be okay if I sent that mockup your way? Faiaz
Merch Maverick
themerchmaverick.com"
Sauna Westendbad Langen,info@westendbad-langen.de,sauna,Frankfurt,DE,https://westendbad-langen.de/,5,159,quick question about Sauna Westendbad Langen's retail shelf,"Hi there, I came across Sauna Westendbad Langen while researching top rated sauna studios in Frankfurt and noticed you're holding a 5 rating across 159 reviews. That kind of consistency usually means people leave your space wanting to take a piece of the experience home with them. We're Merch Maverick, a factory direct supplier for branded sauna hats, towels, and robes for studios like yours. No middlemen, no inflated agency pricing, just your logo on the exact ritual gear your members already associate with the experience. I'll put together a free digital mockup of a Sauna Westendbad Langen branded wool felt sauna hat within 48 hours. If you don't love it, there's no cost and no obligation, it's yours to look at either way. Would it be okay if I sent that mockup over? Faiaz
Merch Maverick
themerchmaverick.com"
Method Room,info@themethodroom.com,pilates,Washington,US,https://www.themethodroom.com/,5,158,quick idea for Method Room's members,"Hi there, I came across Method Room while researching top rated reformer pilates studios in Washington and noticed you're holding a 5 rating across 158 reviews. That's the kind of loyalty that usually means members are proud to be part of the studio, not just attending classes. We're Merch Maverick, a factory direct supplier of branded totes, mat bags, and studio apparel for pilates studios. We work without agency markups, so the pricing usually beats what local printers quote for the same quality. I can put together a free digital mockup of a Method Room branded tote within 48 hours. No cost and no obligation either way, it's yours to look at. Would it be alright if I sent that over? Faiaz
Merch Maverick
themerchmaverick.com"
Next Health Lincoln Park - Chicago,info@next-health.com,cold_plunge,Chicago,US,https://www.next-health.com/location/chicago-lincoln-park,5,158,quick note for Next Health Lincoln Park - Chicago,"Hi there, I came across Next Health Lincoln Park - Chicago while researching top rated cold plunge and sauna spaces in Chicago and noticed you're holding a 5 rating across 158 reviews. Numbers like that usually mean people leave talking about the experience, which is exactly the kind of thing branded gear tends to amplify. We're Merch Maverick, a factory direct supplier of branded robes, towels, and recovery hoodies for studios like yours, no agency markups, just your logo on gear members already want. I can send over a free digital mockup of a Next Health Lincoln Park - Chicago branded robe within 48 hours. If it is not a fit, no cost and no obligation. Would it be okay if I sent that mockup your way? Faiaz
Merch Maverick
themerchmaverick.com"
Stretched - Glasgow,hello@stretched.uk,sauna,Glasgow,GB,https://www.stretched.uk/,5,157,thought of Stretched - Glasgow for something,"Hi there, I came across Stretched - Glasgow while researching top rated sauna studios in Glasgow and noticed you're holding a 5 rating across 157 reviews. That kind of consistency usually means people leave your space wanting to take a piece of the experience home with them. We're Merch Maverick, a factory direct supplier for branded sauna hats, towels, and robes for studios like yours. No middlemen, no inflated agency pricing, just your logo on the exact ritual gear your members already associate with the experience. I'll put together a free digital mockup of a Stretched - Glasgow branded wool felt sauna hat within 48 hours. If you don't love it, there's no cost and no obligation, it's yours to look at either way. Would it be okay if I sent that mockup over? Faiaz
Merch Maverick
themerchmaverick.com"
Stretched - Glasgow,hello@stretched.uk,cold_plunge,Glasgow,GB,https://www.stretched.uk/,5,157,"quick idea, Stretched - Glasgow","Hi there, I came across Stretched - Glasgow while researching top rated cold plunge and sauna spaces in Glasgow and noticed you're holding a 5 rating across 157 reviews. Numbers like that usually mean people leave talking about the experience, which is exactly the kind of thing branded gear tends to amplify. We're Merch Maverick, a factory direct supplier of branded robes, towels, and recovery hoodies for studios like yours, no agency markups, just your logo on gear members already want. I can send over a free digital mockup of a Stretched - Glasgow branded robe within 48 hours. If it is not a fit, no cost and no obligation. Would it be okay if I sent that mockup your way? Faiaz
Merch Maverick
themerchmaverick.com"
Daily Dose Wellness Club,info@dailydosewellness.com,sauna,Houston,US,https://www.dailydosewellness.com/,5,155,quick question about Daily Dose Wellness Club's retail shelf,"Hi there, I came across Daily Dose Wellness Club while researching top rated sauna studios in Houston and noticed you're holding a 5 rating across 155 reviews. That kind of consistency usually means people leave your space wanting to take a piece of the experience home with them. We're Merch Maverick, a factory direct supplier for branded sauna hats, towels, and robes for studios like yours. No middlemen, no inflated agency pricing, just your logo on the exact ritual gear your members already associate with the experience. I'll put together a free digital mockup of a Daily Dose Wellness Club branded wool felt sauna hat within 48 hours. If you don't love it, there's no cost and no obligation, it's yours to look at either way. Would it be okay if I sent that mockup over? Faiaz
Merch Maverick
themerchmaverick.com"
Daily Dose Wellness Club,info@dailydosewellness.com,cold_plunge,Houston,US,https://www.dailydosewellness.com/,5,155,quick idea for Daily Dose Wellness Club's members,"Hi there, I came across Daily Dose Wellness Club while researching top rated cold plunge and sauna spaces in Houston and noticed you're holding a 5 rating across 155 reviews. Numbers like that usually mean people leave talking about the experience, which is exactly the kind of thing branded gear tends to amplify. We're Merch Maverick, a factory direct supplier of branded robes, towels, and recovery hoodies for studios like yours, no agency markups, just your logo on gear members already want. I can send over a free digital mockup of a Daily Dose Wellness Club branded robe within 48 hours. If it is not a fit, no cost and no obligation. Would it be okay if I sent that mockup your way? Faiaz
Merch Maverick
themerchmaverick.com"
Neaumix Fit,northoc@neaumixfit.com,pilates,Anaheim,US,https://www.neaumixfit.com/locations/orange-county,5,152,quick note for Neaumix Fit,"Hi there, I came across Neaumix Fit while researching top rated reformer pilates studios in Anaheim and noticed you're holding a 5 rating across 152 reviews. That's the kind of loyalty that usually means members are proud to be part of the studio, not just attending classes. We're Merch Maverick, a factory direct supplier of branded totes, mat bags, and studio apparel for pilates studios. We work without agency markups, so the pricing usually beats what local printers quote for the same quality. I can put together a free digital mockup of a Neaumix Fit branded tote within 48 hours. No cost and no obligation either way, it's yours to look at. Would it be alright if I sent that over? Faiaz
Merch Maverick
themerchmaverick.com"
Panache Club Paris,info@panacheclub.fr,run_club,Paris,FR,https://www.panacheclub.fr/,5,151,thought of Panache Club Paris for something,"Hi there, I came across Panache Club Paris while researching top rated run clubs in Paris and noticed you're holding a 5 rating across 151 reviews. That kind of following usually means your crew is already repping your name everywhere they go. We're Merch Maverick, a factory direct supplier of branded team tees, caps, and run club apparel. No agency markups, just gear your crew will actually wear outside of race day. I can send over a free digital mockup of a Panache Club Paris branded team tee within 48 hours. If it's not a fit, no cost and no obligation. Would it be okay if I sent that mockup your way? Faiaz
Merch Maverick
themerchmaverick.com"
The Cove Sauna and Cold Plunge,admin@thecovesauna.com,sauna,Denver,US,https://thecovesauna.com/,5,149,"quick idea, The Cove Sauna and Cold Plunge","Hi there, I came across The Cove Sauna and Cold Plunge while researching top rated sauna studios in Denver and noticed you're holding a 5 rating across 149 reviews. That kind of consistency usually means people leave your space wanting to take a piece of the experience home with them. We're Merch Maverick, a factory direct supplier for branded sauna hats, towels, and robes for studios like yours. No middlemen, no inflated agency pricing, just your logo on the exact ritual gear your members already associate with the experience. I'll put together a free digital mockup of a The Cove Sauna and Cold Plunge branded wool felt sauna hat within 48 hours. If you don't love it, there's no cost and no obligation, it's yours to look at either way. Would it be okay if I sent that mockup over? Faiaz
Merch Maverick
themerchmaverick.com"
The Cove Sauna and Cold Plunge,admin@thecovesauna.com,cold_plunge,Denver,US,https://thecovesauna.com/,5,149,quick question about The Cove Sauna and Cold Plunge's retail shelf,"Hi there, I came across The Cove Sauna and Cold Plunge while researching top rated cold plunge and sauna spaces in Denver and noticed you're holding a 5 rating across 149 reviews. Numbers like that usually mean people leave talking about the experience, which is exactly the kind of thing branded gear tends to amplify. We're Merch Maverick, a factory direct supplier of branded robes, towels, and recovery hoodies for studios like yours, no agency markups, just your logo on gear members already want. I can send over a free digital mockup of a The Cove Sauna and Cold Plunge branded robe within 48 hours. If it is not a fit, no cost and no obligation. Would it be okay if I sent that mockup your way? Faiaz
Merch Maverick
themerchmaverick.com"
beem Light Sauna River Oaks,riveroaks@beemlightsauna.com,sauna,Houston,US,https://beemlightsauna.com/location/river-oaks,5,148,quick idea for beem Light Sauna River Oaks's members,"Hi there, I came across beem Light Sauna River Oaks while researching top rated sauna studios in Houston and noticed you're holding a 5 rating across 148 reviews. That kind of consistency usually means people leave your space wanting to take a piece of the experience home with them. We're Merch Maverick, a factory direct supplier for branded sauna hats, towels, and robes for studios like yours. No middlemen, no inflated agency pricing, just your logo on the exact ritual gear your members already associate with the experience. I'll put together a free digital mockup of a beem Light Sauna River Oaks branded wool felt sauna hat within 48 hours. If you don't love it, there's no cost and no obligation, it's yours to look at either way. Would it be okay if I sent that mockup over? Faiaz
Merch Maverick
themerchmaverick.com"
beem Light Sauna River Oaks,riveroaks@beemlightsauna.com,cold_plunge,Houston,US,https://beemlightsauna.com/location/river-oaks,5,148,quick note for beem Light Sauna River Oaks,"Hi there, I came across beem Light Sauna River Oaks while researching top rated cold plunge and sauna spaces in Houston and noticed you're holding a 5 rating across 148 reviews. Numbers like that usually mean people leave talking about the experience, which is exactly the kind of thing branded gear tends to amplify. We're Merch Maverick, a factory direct supplier of branded robes, towels, and recovery hoodies for studios like yours, no agency markups, just your logo on gear members already want. I can send over a free digital mockup of a beem Light Sauna River Oaks branded robe within 48 hours. If it is not a fit, no cost and no obligation. Would it be okay if I sent that mockup your way? Faiaz
Merch Maverick
themerchmaverick.com"
Kiron Spa,email@example.com,sauna,Miami,US,https://www.kironspa.com/,5,146,thought of Kiron Spa for something,"Hi there, I came across Kiron Spa while researching top rated sauna studios in Miami and noticed you're holding a 5 rating across 146 reviews. That kind of consistency usually means people leave your space wanting to take a piece of the experience home with them. We're Merch Maverick, a factory direct supplier for branded sauna hats, towels, and robes for studios like yours. No middlemen, no inflated agency pricing, just your logo on the exact ritual gear your members already associate with the experience. I'll put together a free digital mockup of a Kiron Spa branded wool felt sauna hat within 48 hours. If you don't love it, there's no cost and no obligation, it's yours to look at either way. Would it be okay if I sent that mockup over? Faiaz
Merch Maverick
themerchmaverick.com"
Vihta Sauna,info@vihtasauna.co,sauna,Washington,US,https://www.vihtasauna.co/,5,144,"quick idea, Vihta Sauna","Hi there, I came across Vihta Sauna while researching top rated sauna studios in Washington and noticed you're holding a 5 rating across 144 reviews. That kind of consistency usually means people leave your space wanting to take a piece of the experience home with them. We're Merch Maverick, a factory direct supplier for branded sauna hats, towels, and robes for studios like yours. No middlemen, no inflated agency pricing, just your logo on the exact ritual gear your members already associate with the experience. I'll put together a free digital mockup of a Vihta Sauna branded wool felt sauna hat within 48 hours. If you don't love it, there's no cost and no obligation, it's yours to look at either way. Would it be okay if I sent that mockup over? Faiaz
Merch Maverick
themerchmaverick.com"
Next Health in Green Hills,info@next-health.com,cold_plunge,Nashville,US,https://www.next-health.com/location/green-hills-tn,5,144,quick question about Next Health in Green Hills's retail shelf,"Hi there, I came across Next Health in Green Hills while researching top rated cold plunge and sauna spaces in Nashville and noticed you're holding a 5 rating across 144 reviews. Numbers like that usually mean people leave talking about the experience, which is exactly the kind of thing branded gear tends to amplify. We're Merch Maverick, a factory direct supplier of branded robes, towels, and recovery hoodies for studios like yours, no agency markups, just your logo on gear members already want. I can send over a free digital mockup of a Next Health in Green Hills branded robe within 48 hours. If it is not a fit, no cost and no obligation. Would it be okay if I sent that mockup your way? Faiaz
Merch Maverick
themerchmaverick.com"
Reset Mind & Body - Denver (LoHi),lohi@resetmindbody.com,sauna,Denver,US,https://resetmindbody.com/locations/lohi-co/,5,143,quick idea for Reset Mind & Body - Denver (LoHi)'s members,"Hi there, I came across Reset Mind & Body - Denver (LoHi) while researching top rated sauna studios in Denver and noticed you're holding a 5 rating across 143 reviews. That kind of consistency usually means people leave your space wanting to take a piece of the experience home with them. We're Merch Maverick, a factory direct supplier for branded sauna hats, towels, and robes for studios like yours. No middlemen, no inflated agency pricing, just your logo on the exact ritual gear your members already associate with the experience. I'll put together a free digital mockup of a Reset Mind & Body - Denver (LoHi) branded wool felt sauna hat within 48 hours. If you don't love it, there's no cost and no obligation, it's yours to look at either way. Would it be okay if I sent that mockup over? Faiaz
Merch Maverick
themerchmaverick.com"
Renoja Wellness,info@renoja.com,cold_plunge,Phoenix,US,https://renoja.com/studio/glendale-az/?utm_source=google&utm_content=web_button,5,143,quick note for Renoja Wellness,"Hi there, I came across Renoja Wellness while researching top rated cold plunge and sauna spaces in Phoenix and noticed you're holding a 5 rating across 143 reviews. Numbers like that usually mean people leave talking about the experience, which is exactly the kind of thing branded gear tends to amplify. We're Merch Maverick, a factory direct supplier of branded robes, towels, and recovery hoodies for studios like yours, no agency markups, just your logo on gear members already want. I can send over a free digital mockup of a Renoja Wellness branded robe within 48 hours. If it is not a fit, no cost and no obligation. Would it be okay if I sent that mockup your way? Faiaz
Merch Maverick
themerchmaverick.com"
Reset Mind & Body - Denver (LoHi),lohi@resetmindbody.com,cold_plunge,Denver,US,https://resetmindbody.com/locations/lohi-co/,5,143,thought of Reset Mind & Body - Denver (LoHi) for something,"Hi there, I came across Reset Mind & Body - Denver (LoHi) while researching top rated cold plunge and sauna spaces in Denver and noticed you're holding a 5 rating across 143 reviews. Numbers like that usually mean people leave talking about the experience, which is exactly the kind of thing branded gear tends to amplify. We're Merch Maverick, a factory direct supplier of branded robes, towels, and recovery hoodies for studios like yours, no agency markups, just your logo on gear members already want. I can send over a free digital mockup of a Reset Mind & Body - Denver (LoHi) branded robe within 48 hours. If it is not a fit, no cost and no obligation. Would it be okay if I sent that mockup your way? Faiaz
Merch Maverick
themerchmaverick.com"
Embrace Bodysculpting,info@embracebodysculpting.nl,cold_plunge,Rotterdam,NL,http://www.embracebodysculpting.nl/,5,143,"quick idea, Embrace Bodysculpting","Hi there, I came across Embrace Bodysculpting while researching top rated cold plunge and sauna spaces in Rotterdam and noticed you're holding a 5 rating across 143 reviews. Numbers like that usually mean people leave talking about the experience, which is exactly the kind of thing branded gear tends to amplify. We're Merch Maverick, a factory direct supplier of branded robes, towels, and recovery hoodies for studios like yours, no agency markups, just your logo on gear members already want. I can send over a free digital mockup of a Embrace Bodysculpting branded robe within 48 hours. If it is not a fit, no cost and no obligation. Would it be okay if I sent that mockup your way? Faiaz
Merch Maverick
themerchmaverick.com"
Pause Coral Gables,coralgables@pausestudio.com,sauna,Miami,US,https://pausestudio.com/coralgables,5,142,quick question about Pause Coral Gables's retail shelf,"Hi there, I came across Pause Coral Gables while researching top rated sauna studios in Miami and noticed you're holding a 5 rating across 142 reviews. That kind of consistency usually means people leave your space wanting to take a piece of the experience home with them. We're Merch Maverick, a factory direct supplier for branded sauna hats, towels, and robes for studios like yours. No middlemen, no inflated agency pricing, just your logo on the exact ritual gear your members already associate with the experience. I'll put together a free digital mockup of a Pause Coral Gables branded wool felt sauna hat within 48 hours. If you don't love it, there's no cost and no obligation, it's yours to look at either way. Would it be okay if I sent that mockup over? Faiaz
Merch Maverick
themerchmaverick.com"
Weform Pilates,contact@weform.at,pilates,Vienna,AT,http://www.weform.at/,5,142,quick idea for Weform Pilates's members,"Hi there, I came across Weform Pilates while researching top rated reformer pilates studios in Vienna and noticed you're holding a 5 rating across 142 reviews. That's the kind of loyalty that usually means members are proud to be part of the studio, not just attending classes. We're Merch Maverick, a factory direct supplier of branded totes, mat bags, and studio apparel for pilates studios. We work without agency markups, so the pricing usually beats what local printers quote for the same quality. I can put together a free digital mockup of a Weform Pilates branded tote within 48 hours. No cost and no obligation either way, it's yours to look at. Would it be alright if I sent that over? Faiaz
Merch Maverick
themerchmaverick.com"
RISE Modern Wellness,lakehouston@risemodernwellness.com,cold_plunge,Houston,US,https://risemodernwellness.com/locations/lake-houston/,5,142,quick note for RISE Modern Wellness,"Hi there, I came across RISE Modern Wellness while researching top rated cold plunge and sauna spaces in Houston and noticed you're holding a 5 rating across 142 reviews. Numbers like that usually mean people leave talking about the experience, which is exactly the kind of thing branded gear tends to amplify. We're Merch Maverick, a factory direct supplier of branded robes, towels, and recovery hoodies for studios like yours, no agency markups, just your logo on gear members already want. I can send over a free digital mockup of a RISE Modern Wellness branded robe within 48 hours. If it is not a fit, no cost and no obligation. Would it be okay if I sent that mockup your way? Faiaz
Merch Maverick
themerchmaverick.com"
Pause Coral Gables,coralgables@pausestudio.com,cold_plunge,Miami,US,https://pausestudio.com/coralgables,5,142,thought of Pause Coral Gables for something,"Hi there, I came across Pause Coral Gables while researching top rated cold plunge and sauna spaces in Miami and noticed you're holding a 5 rating across 142 reviews. Numbers like that usually mean people leave talking about the experience, which is exactly the kind of thing branded gear tends to amplify. We're Merch Maverick, a factory direct supplier of branded robes, towels, and recovery hoodies for studios like yours, no agency markups, just your logo on gear members already want. I can send over a free digital mockup of a Pause Coral Gables branded robe within 48 hours. If it is not a fit, no cost and no obligation. Would it be okay if I sent that mockup your way? Faiaz
Merch Maverick
themerchmaverick.com"
Cryo Cool Center,info@cryocoolcenter.nl,cold_plunge,Amsterdam,NL,http://cryocoolcenter.nl/,5,142,"quick idea, Cryo Cool Center","Hi there, I came across Cryo Cool Center while researching top rated cold plunge and sauna spaces in Amsterdam and noticed you're holding a 5 rating across 142 reviews. Numbers like that usually mean people leave talking about the experience, which is exactly the kind of thing branded gear tends to amplify. We're Merch Maverick, a factory direct supplier of branded robes, towels, and recovery hoodies for studios like yours, no agency markups, just your logo on gear members already want. I can send over a free digital mockup of a Cryo Cool Center branded robe within 48 hours. If it is not a fit, no cost and no obligation. Would it be okay if I sent that mockup your way? Faiaz
Merch Maverick
themerchmaverick.com"
Smartbody Pilates,info@smartbody.nl,pilates,Amsterdam,NL,http://smartbody.nl/,5,141,quick question about Smartbody Pilates's retail shelf,"Hi there, I came across Smartbody Pilates while researching top rated reformer pilates studios in Amsterdam and noticed you're holding a 5 rating across 141 reviews. That's the kind of loyalty that usually means members are proud to be part of the studio, not just attending classes. We're Merch Maverick, a factory direct supplier of branded totes, mat bags, and studio apparel for pilates studios. We work without agency markups, so the pricing usually beats what local printers quote for the same quality. I can put together a free digital mockup of a Smartbody Pilates branded tote within 48 hours. No cost and no obligation either way, it's yours to look at. Would it be alright if I sent that over? Faiaz
Merch Maverick
themerchmaverick.com"
PESTI PILATES,szia@pestipilates.hu,pilates,Budapest,HU,https://pestipilates.hu/,5,140,quick idea for PESTI PILATES's members,"Hi there, I came across PESTI PILATES while researching top rated reformer pilates studios in Budapest and noticed you're holding a 5 rating across 140 reviews. That's the kind of loyalty that usually means members are proud to be part of the studio, not just attending classes. We're Merch Maverick, a factory direct supplier of branded totes, mat bags, and studio apparel for pilates studios. We work without agency markups, so the pricing usually beats what local printers quote for the same quality. I can put together a free digital mockup of a PESTI PILATES branded tote within 48 hours. No cost and no obligation either way, it's yours to look at. Would it be alright if I sent that over? Faiaz
Merch Maverick
themerchmaverick.com"
Reform by RJ Pilates At The Wellness Studio By RJ,info@rjphysiotherapist.co.uk,pilates,Birmingham,GB,http://thewellnessstudiobyrj.co.uk/,5,140,quick note for Reform by RJ Pilates At The Wellness Studio By RJ,"Hi there, I came across Reform by RJ Pilates At The Wellness Studio By RJ while researching top rated reformer pilates studios in Birmingham and noticed you're holding a 5 rating across 140 reviews. That's the kind of loyalty that usually means members are proud to be part of the studio, not just attending classes. We're Merch Maverick, a factory direct supplier of branded totes, mat bags, and studio apparel for pilates studios. We work without agency markups, so the pricing usually beats what local printers quote for the same quality. I can put together a free digital mockup of a Reform by RJ Pilates At The Wellness Studio By RJ branded tote within 48 hours. No cost and no obligation either way, it's yours to look at. Would it be alright if I sent that over? Faiaz
Merch Maverick
themerchmaverick.com"
Thriyv,info@thriyv.co.uk,cold_plunge,Manchester,GB,http://www.thriyv.co.uk/,5,138,thought of Thriyv for something,"Hi there, I came across Thriyv while researching top rated cold plunge and sauna spaces in Manchester and noticed you're holding a 5 rating across 138 reviews. Numbers like that usually mean people leave talking about the experience, which is exactly the kind of thing branded gear tends to amplify. We're Merch Maverick, a factory direct supplier of branded robes, towels, and recovery hoodies for studios like yours, no agency markups, just your logo on gear members already want. I can send over a free digital mockup of a Thriyv branded robe within 48 hours. If it is not a fit, no cost and no obligation. Would it be okay if I sent that mockup your way? Faiaz
Merch Maverick
themerchmaverick.com"
Supernatural,d@a-sticky-.data,cold_plunge,Toronto,CA,http://hellosupernatural.com/,5,137,"quick idea, Supernatural","Hi there, I came across Supernatural while researching top rated cold plunge and sauna spaces in Toronto and noticed you're holding a 5 rating across 137 reviews. Numbers like that usually mean people leave talking about the experience, which is exactly the kind of thing branded gear tends to amplify. We're Merch Maverick, a factory direct supplier of branded robes, towels, and recovery hoodies for studios like yours, no agency markups, just your logo on gear members already want. I can send over a free digital mockup of a Supernatural branded robe within 48 hours. If it is not a fit, no cost and no obligation. Would it be okay if I sent that mockup your way? Faiaz
Merch Maverick
themerchmaverick.com"
Wheelhouse Academy,info@wheelhouse.academy,cold_plunge,Birmingham,GB,http://wheelhouse.academy/,5,137,quick question about Wheelhouse Academy's retail shelf,"Hi there, I came across Wheelhouse Academy while researching top rated cold plunge and sauna spaces in Birmingham and noticed you're holding a 5 rating across 137 reviews. Numbers like that usually mean people leave talking about the experience, which is exactly the kind of thing branded gear tends to amplify. We're Merch Maverick, a factory direct supplier of branded robes, towels, and recovery hoodies for studios like yours, no agency markups, just your logo on gear members already want. I can send over a free digital mockup of a Wheelhouse Academy branded robe within 48 hours. If it is not a fit, no cost and no obligation. Would it be okay if I sent that mockup your way? Faiaz
Merch Maverick
themerchmaverick.com"
The Retreat Massage & Spa,info@the-retreat-massage-and-spa.co.uk,sauna,Manchester,GB,http://the-retreat-massage-and-spa.co.uk/,5,136,quick idea for The Retreat Massage & Spa's members,"Hi there, I came across The Retreat Massage & Spa while researching top rated sauna studios in Manchester and noticed you're holding a 5 rating across 136 reviews. That kind of consistency usually means people leave your space wanting to take a piece of the experience home with them. We're Merch Maverick, a factory direct supplier for branded sauna hats, towels, and robes for studios like yours. No middlemen, no inflated agency pricing, just your logo on the exact ritual gear your members already associate with the experience. I'll put together a free digital mockup of a The Retreat Massage & Spa branded wool felt sauna hat within 48 hours. If you don't love it, there's no cost and no obligation, it's yours to look at either way. Would it be okay if I sent that mockup over? Faiaz
Merch Maverick
themerchmaverick.com"
The Retreat Massage & Spa,info@the-retreat-massage-and-spa.co.uk,cold_plunge,Manchester,GB,http://the-retreat-massage-and-spa.co.uk/,5,136,quick note for The Retreat Massage & Spa,"Hi there, I came across The Retreat Massage & Spa while researching top rated cold plunge and sauna spaces in Manchester and noticed you're holding a 5 rating across 136 reviews. Numbers like that usually mean people leave talking about the experience, which is exactly the kind of thing branded gear tends to amplify. We're Merch Maverick, a factory direct supplier of branded robes, towels, and recovery hoodies for studios like yours, no agency markups, just your logo on gear members already want. I can send over a free digital mockup of a The Retreat Massage & Spa branded robe within 48 hours. If it is not a fit, no cost and no obligation. Would it be okay if I sent that mockup your way? Faiaz
Merch Maverick
themerchmaverick.com"
Vancouver Wellness Studio,info@vancouverwellnessstudio.com,sauna,Washington,US,https://vancouverwellnessstudio.com/,5,135,thought of Vancouver Wellness Studio for something,"Hi there, I came across Vancouver Wellness Studio while researching top rated sauna studios in Washington and noticed you're holding a 5 rating across 135 reviews. That kind of consistency usually means people leave your space wanting to take a piece of the experience home with them. We're Merch Maverick, a factory direct supplier for branded sauna hats, towels, and robes for studios like yours. No middlemen, no inflated agency pricing, just your logo on the exact ritual gear your members already associate with the experience. I'll put together a free digital mockup of a Vancouver Wellness Studio branded wool felt sauna hat within 48 hours. If you don't love it, there's no cost and no obligation, it's yours to look at either way. Would it be okay if I sent that mockup over? Faiaz
Merch Maverick
themerchmaverick.com"
Centner Wellness Gables,serenergysmartketing@gmail.com,sauna,Miami,US,http://coralgables.centnerwellness.com/,5,135,"quick idea, Centner Wellness Gables","Hi there, I came across Centner Wellness Gables while researching top rated sauna studios in Miami and noticed you're holding a 5 rating across 135 reviews. That kind of consistency usually means people leave your space wanting to take a piece of the experience home with them. We're Merch Maverick, a factory direct supplier for branded sauna hats, towels, and robes for studios like yours. No middlemen, no inflated agency pricing, just your logo on the exact ritual gear your members already associate with the experience. I'll put together a free digital mockup of a Centner Wellness Gables branded wool felt sauna hat within 48 hours. If you don't love it, there's no cost and no obligation, it's yours to look at either way. Would it be okay if I sent that mockup over? Faiaz
Merch Maverick
themerchmaverick.com"
Mindful Movement Centre,hello@mindfulmovementcentre.com,pilates,Toronto,CA,http://www.mindfulmovementcentre.com/,5,135,quick question about Mindful Movement Centre's retail shelf,"Hi there, I came across Mindful Movement Centre while researching top rated reformer pilates studios in Toronto and noticed you're holding a 5 rating across 135 reviews. That's the kind of loyalty that usually means members are proud to be part of the studio, not just attending classes. We're Merch Maverick, a factory direct supplier of branded totes, mat bags, and studio apparel for pilates studios. We work without agency markups, so the pricing usually beats what local printers quote for the same quality. I can put together a free digital mockup of a Mindful Movement Centre branded tote within 48 hours. No cost and no obligation either way, it's yours to look at. Would it be alright if I sent that over? Faiaz
Merch Maverick
themerchmaverick.com"
Vancouver Wellness Studio,info@vancouverwellnessstudio.com,cold_plunge,Washington,US,https://vancouverwellnessstudio.com/,5,135,quick idea for Vancouver Wellness Studio's members,"Hi there, I came across Vancouver Wellness Studio while researching top rated cold plunge and sauna spaces in Washington and noticed you're holding a 5 rating across 135 reviews. Numbers like that usually mean people leave talking about the experience, which is exactly the kind of thing branded gear tends to amplify. We're Merch Maverick, a factory direct supplier of branded robes, towels, and recovery hoodies for studios like yours, no agency markups, just your logo on gear members already want. I can send over a free digital mockup of a Vancouver Wellness Studio branded robe within 48 hours. If it is not a fit, no cost and no obligation. Would it be okay if I sent that mockup your way? Faiaz
Merch Maverick
themerchmaverick.com"
Centner Wellness Gables,serenergysmartketing@gmail.com,cold_plunge,Miami,US,http://coralgables.centnerwellness.com/,5,135,quick note for Centner Wellness Gables,"Hi there, I came across Centner Wellness Gables while researching top rated cold plunge and sauna spaces in Miami and noticed you're holding a 5 rating across 135 reviews. Numbers like that usually mean people leave talking about the experience, which is exactly the kind of thing branded gear tends to amplify. We're Merch Maverick, a factory direct supplier of branded robes, towels, and recovery hoodies for studios like yours, no agency markups, just your logo on gear members already want. I can send over a free digital mockup of a Centner Wellness Gables branded robe within 48 hours. If it is not a fit, no cost and no obligation. Would it be okay if I sent that mockup your way? Faiaz
Merch Maverick
themerchmaverick.com"
Cryotherapy Toronto - Cryotherapy Health and Wellness Inc.,admin@cryotherapytoronto.ca,cold_plunge,Toronto,CA,https://cryotherapytoronto.ca/,5,135,thought of Cryotherapy Toronto - Cryotherapy Health and Wellness Inc. for something,"Hi there, I came across Cryotherapy Toronto - Cryotherapy Health and Wellness Inc. while researching top rated cold plunge and sauna spaces in Toronto and noticed you're holding a 5 rating across 135 reviews. Numbers like that usually mean people leave talking about the experience, which is exactly the kind of thing branded gear tends to amplify. We're Merch Maverick, a factory direct supplier of branded robes, towels, and recovery hoodies for studios like yours, no agency markups, just your logo on gear members already want. I can send over a free digital mockup of a Cryotherapy Toronto - Cryotherapy Health and Wellness Inc. branded robe within 48 hours. If it is not a fit, no cost and no obligation. Would it be okay if I sent that mockup your way? Faiaz
Merch Maverick
themerchmaverick.com"
Reset Mind & Body - Arcadia,arcadia@resetmindbody.com,sauna,Phoenix,US,https://resetmindbody.com/locations/arcadia-phoenix-az/,5,134,"quick idea, Reset Mind & Body - Arcadia","Hi there, I came across Reset Mind & Body - Arcadia while researching top rated sauna studios in Phoenix and noticed you're holding a 5 rating across 134 reviews. That kind of consistency usually means people leave your space wanting to take a piece of the experience home with them. We're Merch Maverick, a factory direct supplier for branded sauna hats, towels, and robes for studios like yours. No middlemen, no inflated agency pricing, just your logo on the exact ritual gear your members already associate with the experience. I'll put together a free digital mockup of a Reset Mind & Body - Arcadia branded wool felt sauna hat within 48 hours. If you don't love it, there's no cost and no obligation, it's yours to look at either way. Would it be okay if I sent that mockup over? Faiaz
Merch Maverick
themerchmaverick.com"
Unfold Sauna Club,user@domain.com,sauna,Bristol,GB,https://unfoldsaunaclub.com/,5,134,quick question about Unfold Sauna Club's retail shelf,"Hi there, I came across Unfold Sauna Club while researching top rated sauna studios in Bristol and noticed you're holding a 5 rating across 134 reviews. That kind of consistency usually means people leave your space wanting to take a piece of the experience home with them. We're Merch Maverick, a factory direct supplier for branded sauna hats, towels, and robes for studios like yours. No middlemen, no inflated agency pricing, just your logo on the exact ritual gear your members already associate with the experience. I'll put together a free digital mockup of a Unfold Sauna Club branded wool felt sauna hat within 48 hours. If you don't love it, there's no cost and no obligation, it's yours to look at either way. Would it be okay if I sent that mockup over? Faiaz
Merch Maverick
themerchmaverick.com"
Reset Mind & Body - Arcadia,arcadia@resetmindbody.com,cold_plunge,Phoenix,US,https://resetmindbody.com/locations/arcadia-phoenix-az/,5,134,quick idea for Reset Mind & Body - Arcadia's members,"Hi there, I came across Reset Mind & Body - Arcadia while researching top rated cold plunge and sauna spaces in Phoenix and noticed you're holding a 5 rating across 134 reviews. Numbers like that usually mean people leave talking about the experience, which is exactly the kind of thing branded gear tends to amplify. We're Merch Maverick, a factory direct supplier of branded robes, towels, and recovery hoodies for studios like yours, no agency markups, just your logo on gear members already want. I can send over a free digital mockup of a Reset Mind & Body - Arcadia branded robe within 48 hours. If it is not a fit, no cost and no obligation. Would it be okay if I sent that mockup your way? Faiaz
Merch Maverick
themerchmaverick.com"
Unfold Sauna Club,user@domain.com,cold_plunge,Bristol,GB,https://unfoldsaunaclub.com/,5,134,quick note for Unfold Sauna Club,"Hi there, I came across Unfold Sauna Club while researching top rated cold plunge and sauna spaces in Bristol and noticed you're holding a 5 rating across 134 reviews. Numbers like that usually mean people leave talking about the experience, which is exactly the kind of thing branded gear tends to amplify. We're Merch Maverick, a factory direct supplier of branded robes, towels, and recovery hoodies for studios like yours, no agency markups, just your logo on gear members already want. I can send over a free digital mockup of a Unfold Sauna Club branded robe within 48 hours. If it is not a fit, no cost and no obligation. Would it be okay if I sent that mockup your way? Faiaz
Merch Maverick
themerchmaverick.com"
M.O. Pilates Harbourside,clifton@mohiito.com,pilates,Bristol,GB,http://www.mohiito.com/,5,133,thought of M.O. Pilates Harbourside for something,"Hi there, I came across M.O. Pilates Harbourside while researching top rated reformer pilates studios in Bristol and noticed you're holding a 5 rating across 133 reviews. That's the kind of loyalty that usually means members are proud to be part of the studio, not just attending classes. We're Merch Maverick, a factory direct supplier of branded totes, mat bags, and studio apparel for pilates studios. We work without agency markups, so the pricing usually beats what local printers quote for the same quality. I can put together a free digital mockup of a M.O. Pilates Harbourside branded tote within 48 hours. No cost and no obligation either way, it's yours to look at. Would it be alright if I sent that over? Faiaz
Merch Maverick
themerchmaverick.com"
ReEnergized,contact@reenergized.com,cold_plunge,Anaheim,US,https://reenergized.com/?utm_source=Google&utm_medium=Organic&utm_campaign=GBP,5,133,"quick idea, ReEnergized","Hi there, I came across ReEnergized while researching top rated cold plunge and sauna spaces in Anaheim and noticed you're holding a 5 rating across 133 reviews. Numbers like that usually mean people leave talking about the experience, which is exactly the kind of thing branded gear tends to amplify. We're Merch Maverick, a factory direct supplier of branded robes, towels, and recovery hoodies for studios like yours, no agency markups, just your logo on gear members already want. I can send over a free digital mockup of a ReEnergized branded robe within 48 hours. If it is not a fit, no cost and no obligation. Would it be okay if I sent that mockup your way? Faiaz
Merch Maverick
themerchmaverick.com"
Evolve Social Wellness Dallas - Central,jeremy@evolvehumanlabs.com,sauna,Dallas,US,https://www.evolvehumanlabs.com/,5,131,quick question about Evolve Social Wellness Dallas - Central's retail shelf,"Hi there, I came across Evolve Social Wellness Dallas - Central while researching top rated sauna studios in Dallas and noticed you're holding a 5 rating across 131 reviews. That kind of consistency usually means people leave your space wanting to take a piece of the experience home with them. We're Merch Maverick, a factory direct supplier for branded sauna hats, towels, and robes for studios like yours. No middlemen, no inflated agency pricing, just your logo on the exact ritual gear your members already associate with the experience. I'll put together a free digital mockup of a Evolve Social Wellness Dallas - Central branded wool felt sauna hat within 48 hours. If you don't love it, there's no cost and no obligation, it's yours to look at either way. Would it be okay if I sent that mockup over? Faiaz
Merch Maverick
themerchmaverick.com"
Pilates Soul,pilatessoul@pilatessoul.es,pilates,Madrid,ES,http://pilatessoul.es/,5,131,quick idea for Pilates Soul's members,"Hi there, I came across Pilates Soul while researching top rated reformer pilates studios in Madrid and noticed you're holding a 5 rating across 131 reviews. That's the kind of loyalty that usually means members are proud to be part of the studio, not just attending classes. We're Merch Maverick, a factory direct supplier of branded totes, mat bags, and studio apparel for pilates studios. We work without agency markups, so the pricing usually beats what local printers quote for the same quality. I can put together a free digital mockup of a Pilates Soul branded tote within 48 hours. No cost and no obligation either way, it's yours to look at. Would it be alright if I sent that over? Faiaz
Merch Maverick
themerchmaverick.com"
Evolve Social Wellness Dallas - Central,jeremy@evolvehumanlabs.com,cold_plunge,Dallas,US,https://www.evolvehumanlabs.com/,5,131,quick note for Evolve Social Wellness Dallas - Central,"Hi there, I came across Evolve Social Wellness Dallas - Central while researching top rated cold plunge and sauna spaces in Dallas and noticed you're holding a 5 rating across 131 reviews. Numbers like that usually mean people leave talking about the experience, which is exactly the kind of thing branded gear tends to amplify. We're Merch Maverick, a factory direct supplier of branded robes, towels, and recovery hoodies for studios like yours, no agency markups, just your logo on gear members already want. I can send over a free digital mockup of a Evolve Social Wellness Dallas - Central branded robe within 48 hours. If it is not a fit, no cost and no obligation. Would it be okay if I sent that mockup your way? Faiaz
Merch Maverick
themerchmaverick.com"
Intuė Pilates & Barre - Barcelona,info@intuepilates.com,pilates,Barcelona,ES,https://intuepilates.com/barcelona/,5,130,thought of Intuė Pilates & Barre - Barcelona for something,"Hi there, I came across Intuė Pilates & Barre - Barcelona while researching top rated reformer pilates studios in Barcelona and noticed you're holding a 5 rating across 130 reviews. That's the kind of loyalty that usually means members are proud to be part of the studio, not just attending classes. We're Merch Maverick, a factory direct supplier of branded totes, mat bags, and studio apparel for pilates studios. We work without agency markups, so the pricing usually beats what local printers quote for the same quality. I can put together a free digital mockup of a Intuė Pilates & Barre - Barcelona branded tote within 48 hours. No cost and no obligation either way, it's yours to look at. Would it be alright if I sent that over? Faiaz
Merch Maverick
themerchmaverick.com"
Hot & Cold,info@hotandcoldonline.co.uk,sauna,London,GB,https://hotandcoldonline.co.uk/,5,129,"quick idea, Hot & Cold","Hi there, I came across Hot & Cold while researching top rated sauna studios in London and noticed you're holding a 5 rating across 129 reviews. That kind of consistency usually means people leave your space wanting to take a piece of the experience home with them. We're Merch Maverick, a factory direct supplier for branded sauna hats, towels, and robes for studios like yours. No middlemen, no inflated agency pricing, just your logo on the exact ritual gear your members already associate with the experience. I'll put together a free digital mockup of a Hot & Cold branded wool felt sauna hat within 48 hours. If you don't love it, there's no cost and no obligation, it's yours to look at either way. Would it be okay if I sent that mockup over? Faiaz
Merch Maverick
themerchmaverick.com"
The Pilates Hub,hello@pilateshubseattle.com,pilates,Washington,US,http://www.pilateshubseattle.com/,5,129,quick question about The Pilates Hub's retail shelf,"Hi there, I came across The Pilates Hub while researching top rated reformer pilates studios in Washington and noticed you're holding a 5 rating across 129 reviews. That's the kind of loyalty that usually means members are proud to be part of the studio, not just attending classes. We're Merch Maverick, a factory direct supplier of branded totes, mat bags, and studio apparel for pilates studios. We work without agency markups, so the pricing usually beats what local printers quote for the same quality. I can put together a free digital mockup of a The Pilates Hub branded tote within 48 hours. No cost and no obligation either way, it's yours to look at. Would it be alright if I sent that over? Faiaz
Merch Maverick
themerchmaverick.com"
Hot & Cold,info@hotandcoldonline.co.uk,cold_plunge,London,GB,https://hotandcoldonline.co.uk/,5,129,quick idea for Hot & Cold's members,"Hi there, I came across Hot & Cold while researching top rated cold plunge and sauna spaces in London and noticed you're holding a 5 rating across 129 reviews. Numbers like that usually mean people leave talking about the experience, which is exactly the kind of thing branded gear tends to amplify. We're Merch Maverick, a factory direct supplier of branded robes, towels, and recovery hoodies for studios like yours, no agency markups, just your logo on gear members already want. I can send over a free digital mockup of a Hot & Cold branded robe within 48 hours. If it is not a fit, no cost and no obligation. Would it be okay if I sent that mockup your way? Faiaz
Merch Maverick
themerchmaverick.com"
IM=X Pilates & Fitness Houston,info@imxpilates.com,pilates,Houston,US,https://www.imxpilates.com/texas/houston,5,128,quick note for IM=X Pilates & Fitness Houston,"Hi there, I came across IM=X Pilates & Fitness Houston while researching top rated reformer pilates studios in Houston and noticed you're holding a 5 rating across 128 reviews. That's the kind of loyalty that usually means members are proud to be part of the studio, not just attending classes. We're Merch Maverick, a factory direct supplier of branded totes, mat bags, and studio apparel for pilates studios. We work without agency markups, so the pricing usually beats what local printers quote for the same quality. I can put together a free digital mockup of a IM=X Pilates & Fitness Houston branded tote within 48 hours. No cost and no obligation either way, it's yours to look at. Would it be alright if I sent that over? Faiaz
Merch Maverick
themerchmaverick.com"
Better Posture Pilates,betterposturepilates@gmail.com,pilates,Chicago,US,https://betterposturepilates.com/,5,128,thought of Better Posture Pilates for something,"Hi there, I came across Better Posture Pilates while researching top rated reformer pilates studios in Chicago and noticed you're holding a 5 rating across 128 reviews. That's the kind of loyalty that usually means members are proud to be part of the studio, not just attending classes. We're Merch Maverick, a factory direct supplier of branded totes, mat bags, and studio apparel for pilates studios. We work without agency markups, so the pricing usually beats what local printers quote for the same quality. I can put together a free digital mockup of a Better Posture Pilates branded tote within 48 hours. No cost and no obligation either way, it's yours to look at. Would it be alright if I sent that over? Faiaz
Merch Maverick
themerchmaverick.com"
Pure Recovery,hello@purerecovery.com,sauna,Los Angeles,US,https://www.purerecovery.com/,5,127,"quick idea, Pure Recovery","Hi there, I came across Pure Recovery while researching top rated sauna studios in Los Angeles and noticed you're holding a 5 rating across 127 reviews. That kind of consistency usually means people leave your space wanting to take a piece of the experience home with them. We're Merch Maverick, a factory direct supplier for branded sauna hats, towels, and robes for studios like yours. No middlemen, no inflated agency pricing, just your logo on the exact ritual gear your members already associate with the experience. I'll put together a free digital mockup of a Pure Recovery branded wool felt sauna hat within 48 hours. If you don't love it, there's no cost and no obligation, it's yours to look at either way. Would it be okay if I sent that mockup over? Faiaz
Merch Maverick
themerchmaverick.com"
Flow Reformer Pilates,specs.stores.fixnavig@ion.sposition,pilates,Budapest,HU,https://www.flowreformerpilates.com/,5,127,quick question about Flow Reformer Pilates's retail shelf,"Hi there, I came across Flow Reformer Pilates while researching top rated reformer pilates studios in Budapest and noticed you're holding a 5 rating across 127 reviews. That's the kind of loyalty that usually means members are proud to be part of the studio, not just attending classes. We're Merch Maverick, a factory direct supplier of branded totes, mat bags, and studio apparel for pilates studios. We work without agency markups, so the pricing usually beats what local printers quote for the same quality. I can put together a free digital mockup of a Flow Reformer Pilates branded tote within 48 hours. No cost and no obligation either way, it's yours to look at. Would it be alright if I sent that over? Faiaz
Merch Maverick
themerchmaverick.com"
Pure Recovery,hello@purerecovery.com,cold_plunge,Los Angeles,US,https://www.purerecovery.com/,5,127,quick idea for Pure Recovery's members,"Hi there, I came across Pure Recovery while researching top rated cold plunge and sauna spaces in Los Angeles and noticed you're holding a 5 rating across 127 reviews. Numbers like that usually mean people leave talking about the experience, which is exactly the kind of thing branded gear tends to amplify. We're Merch Maverick, a factory direct supplier of branded robes, towels, and recovery hoodies for studios like yours, no agency markups, just your logo on gear members already want. I can send over a free digital mockup of a Pure Recovery branded robe within 48 hours. If it is not a fit, no cost and no obligation. Would it be okay if I sent that mockup your way? Faiaz
Merch Maverick
themerchmaverick.com"
"Nelo Wellness - Reformer Pilates & Wellness Studio in Bermondsey, London",hello@nelowellness.co.uk,pilates,London,GB,https://nelowellness.co.uk/,5,125,"quick note for Nelo Wellness - Reformer Pilates & Wellness Studio in Bermondsey, London","Hi there, I came across Nelo Wellness - Reformer Pilates & Wellness Studio in Bermondsey, London while researching top rated reformer pilates studios in London and noticed you're holding a 5 rating across 125 reviews. That's the kind of loyalty that usually means members are proud to be part of the studio, not just attending classes. We're Merch Maverick, a factory direct supplier of branded totes, mat bags, and studio apparel for pilates studios. We work without agency markups, so the pricing usually beats what local printers quote for the same quality. I can put together a free digital mockup of a Nelo Wellness - Reformer Pilates & Wellness Studio in Bermondsey, London branded tote within 48 hours. No cost and no obligation either way, it's yours to look at. Would it be alright if I sent that over? Faiaz
Merch Maverick
themerchmaverick.com"
MATTR BIOwellness Club,info@mattrbiowellnessclub.com,cold_plunge,Austin,US,http://www.mattrbiowellnessclub.com/,5,125,thought of MATTR BIOwellness Club for something,"Hi there, I came across MATTR BIOwellness Club while researching top rated cold plunge and sauna spaces in Austin and noticed you're holding a 5 rating across 125 reviews. Numbers like that usually mean people leave talking about the experience, which is exactly the kind of thing branded gear tends to amplify. We're Merch Maverick, a factory direct supplier of branded robes, towels, and recovery hoodies for studios like yours, no agency markups, just your logo on gear members already want. I can send over a free digital mockup of a MATTR BIOwellness Club branded robe within 48 hours. If it is not a fit, no cost and no obligation. Would it be okay if I sent that mockup your way? Faiaz
Merch Maverick
themerchmaverick.com"
Symmetry Sauna studio,support@symmetrysaunastudio.com,sauna,Washington,US,https://www.symmetrysaunastudio.com/,5,124,"quick idea, Symmetry Sauna studio","Hi there, I came across Symmetry Sauna studio while researching top rated sauna studios in Washington and noticed you're holding a 5 rating across 124 reviews. That kind of consistency usually means people leave your space wanting to take a piece of the experience home with them. We're Merch Maverick, a factory direct supplier for branded sauna hats, towels, and robes for studios like yours. No middlemen, no inflated agency pricing, just your logo on the exact ritual gear your members already associate with the experience. I'll put together a free digital mockup of a Symmetry Sauna studio branded wool felt sauna hat within 48 hours. If you don't love it, there's no cost and no obligation, it's yours to look at either way. Would it be okay if I sent that mockup over? Faiaz
Merch Maverick
themerchmaverick.com"
Pilates Habitat,specs.stores.fixnavig@ion.sposition,pilates,New York,US,http://www.pilateshabitat.com/,5,124,quick question about Pilates Habitat's retail shelf,"Hi there, I came across Pilates Habitat while researching top rated reformer pilates studios in New York and noticed you're holding a 5 rating across 124 reviews. That's the kind of loyalty that usually means members are proud to be part of the studio, not just attending classes. We're Merch Maverick, a factory direct supplier of branded totes, mat bags, and studio apparel for pilates studios. We work without agency markups, so the pricing usually beats what local printers quote for the same quality. I can put together a free digital mockup of a Pilates Habitat branded tote within 48 hours. No cost and no obligation either way, it's yours to look at. Would it be alright if I sent that over? Faiaz
Merch Maverick
themerchmaverick.com"
Modern Wellness,hello@modernwellspa.com,cold_plunge,Boston,US,https://www.modernwellspa.com/,5,124,quick idea for Modern Wellness's members,"Hi there, I came across Modern Wellness while researching top rated cold plunge and sauna spaces in Boston and noticed you're holding a 5 rating across 124 reviews. Numbers like that usually mean people leave talking about the experience, which is exactly the kind of thing branded gear tends to amplify. We're Merch Maverick, a factory direct supplier of branded robes, towels, and recovery hoodies for studios like yours, no agency markups, just your logo on gear members already want. I can send over a free digital mockup of a Modern Wellness branded robe within 48 hours. If it is not a fit, no cost and no obligation. Would it be okay if I sent that mockup your way? Faiaz
Merch Maverick
themerchmaverick.com"
Soma Rituals,chandra@soma-rituals.com,cold_plunge,Edinburgh,GB,https://www.soma-rituals.com/,5,124,quick note for Soma Rituals,"Hi there, I came across Soma Rituals while researching top rated cold plunge and sauna spaces in Edinburgh and noticed you're holding a 5 rating across 124 reviews. Numbers like that usually mean people leave talking about the experience, which is exactly the kind of thing branded gear tends to amplify. We're Merch Maverick, a factory direct supplier of branded robes, towels, and recovery hoodies for studios like yours, no agency markups, just your logo on gear members already want. I can send over a free digital mockup of a Soma Rituals branded robe within 48 hours. If it is not a fit, no cost and no obligation. Would it be okay if I sent that mockup your way? Faiaz
Merch Maverick
themerchmaverick.com"
Revive Wellness Hub Salamanca,hello@revivespain.com,sauna,Madrid,ES,https://www.revivespain.com/,5,122,thought of Revive Wellness Hub Salamanca for something,"Hi there, I came across Revive Wellness Hub Salamanca while researching top rated sauna studios in Madrid and noticed you're holding a 5 rating across 122 reviews. That kind of consistency usually means people leave your space wanting to take a piece of the experience home with them. We're Merch Maverick, a factory direct supplier for branded sauna hats, towels, and robes for studios like yours. No middlemen, no inflated agency pricing, just your logo on the exact ritual gear your members already associate with the experience. I'll put together a free digital mockup of a Revive Wellness Hub Salamanca branded wool felt sauna hat within 48 hours. If you don't love it, there's no cost and no obligation, it's yours to look at either way. Would it be okay if I sent that mockup over? Faiaz
Merch Maverick
themerchmaverick.com"
Glasgow Community Sauna,info@glasgowcommunitysauna.co.uk,sauna,Glasgow,GB,https://www.glasgowcommunitysauna.co.uk/,5,122,"quick idea, Glasgow Community Sauna","Hi there, I came across Glasgow Community Sauna while researching top rated sauna studios in Glasgow and noticed you're holding a 5 rating across 122 reviews. That kind of consistency usually means people leave your space wanting to take a piece of the experience home with them. We're Merch Maverick, a factory direct supplier for branded sauna hats, towels, and robes for studios like yours. No middlemen, no inflated agency pricing, just your logo on the exact ritual gear your members already associate with the experience. I'll put together a free digital mockup of a Glasgow Community Sauna branded wool felt sauna hat within 48 hours. If you don't love it, there's no cost and no obligation, it's yours to look at either way. Would it be okay if I sent that mockup over? Faiaz
Merch Maverick
themerchmaverick.com"
Diamond Reformer Pilates,info@diamondpilates.hu,pilates,Budapest,HU,https://diamondpilates.hu/,5,122,quick question about Diamond Reformer Pilates's retail shelf,"Hi there, I came across Diamond Reformer Pilates while researching top rated reformer pilates studios in Budapest and noticed you're holding a 5 rating across 122 reviews. That's the kind of loyalty that usually means members are proud to be part of the studio, not just attending classes. We're Merch Maverick, a factory direct supplier of branded totes, mat bags, and studio apparel for pilates studios. We work without agency markups, so the pricing usually beats what local printers quote for the same quality. I can put together a free digital mockup of a Diamond Reformer Pilates branded tote within 48 hours. No cost and no obligation either way, it's yours to look at. Would it be alright if I sent that over? Faiaz
Merch Maverick
themerchmaverick.com"
Revive Wellness Hub Salamanca,hello@revivespain.com,cold_plunge,Madrid,ES,https://www.revivespain.com/,5,122,quick idea for Revive Wellness Hub Salamanca's members,"Hi there, I came across Revive Wellness Hub Salamanca while researching top rated cold plunge and sauna spaces in Madrid and noticed you're holding a 5 rating across 122 reviews. Numbers like that usually mean people leave talking about the experience, which is exactly the kind of thing branded gear tends to amplify. We're Merch Maverick, a factory direct supplier of branded robes, towels, and recovery hoodies for studios like yours, no agency markups, just your logo on gear members already want. I can send over a free digital mockup of a Revive Wellness Hub Salamanca branded robe within 48 hours. If it is not a fit, no cost and no obligation. Would it be okay if I sent that mockup your way? Faiaz
Merch Maverick
themerchmaverick.com"
Cryo Center Pulheim - Die Kältekammer,info@cryocenter-pulheim.de,cold_plunge,Cologne,DE,https://cryocenter-pulheim.de/,5,122,quick note for Cryo Center Pulheim - Die Kältekammer,"Hi there, I came across Cryo Center Pulheim - Die Kältekammer while researching top rated cold plunge and sauna spaces in Cologne and noticed you're holding a 5 rating across 122 reviews. Numbers like that usually mean people leave talking about the experience, which is exactly the kind of thing branded gear tends to amplify. We're Merch Maverick, a factory direct supplier of branded robes, towels, and recovery hoodies for studios like yours, no agency markups, just your logo on gear members already want. I can send over a free digital mockup of a Cryo Center Pulheim - Die Kältekammer branded robe within 48 hours. If it is not a fit, no cost and no obligation. Would it be okay if I sent that mockup your way? Faiaz
Merch Maverick
themerchmaverick.com"
Glasgow Community Sauna,info@glasgowcommunitysauna.co.uk,cold_plunge,Glasgow,GB,https://www.glasgowcommunitysauna.co.uk/,5,122,thought of Glasgow Community Sauna for something,"Hi there, I came across Glasgow Community Sauna while researching top rated cold plunge and sauna spaces in Glasgow and noticed you're holding a 5 rating across 122 reviews. Numbers like that usually mean people leave talking about the experience, which is exactly the kind of thing branded gear tends to amplify. We're Merch Maverick, a factory direct supplier of branded robes, towels, and recovery hoodies for studios like yours, no agency markups, just your logo on gear members already want. I can send over a free digital mockup of a Glasgow Community Sauna branded robe within 48 hours. If it is not a fit, no cost and no obligation. Would it be okay if I sent that mockup your way? Faiaz
Merch Maverick
themerchmaverick.com"
The Wild Heat Sauna,info@thewildheat.co.uk,sauna,Glasgow,GB,https://www.thewildheat.co.uk/,5,121,"quick idea, The Wild Heat Sauna","Hi there, I came across The Wild Heat Sauna while researching top rated sauna studios in Glasgow and noticed you're holding a 5 rating across 121 reviews. That kind of consistency usually means people leave your space wanting to take a piece of the experience home with them. We're Merch Maverick, a factory direct supplier for branded sauna hats, towels, and robes for studios like yours. No middlemen, no inflated agency pricing, just your logo on the exact ritual gear your members already associate with the experience. I'll put together a free digital mockup of a The Wild Heat Sauna branded wool felt sauna hat within 48 hours. If you don't love it, there's no cost and no obligation, it's yours to look at either way. Would it be okay if I sent that mockup over? Faiaz
Merch Maverick
themerchmaverick.com"
The Wild Heat Sauna,info@thewildheat.co.uk,cold_plunge,Glasgow,GB,https://www.thewildheat.co.uk/,5,121,quick question about The Wild Heat Sauna's retail shelf,"Hi there, I came across The Wild Heat Sauna while researching top rated cold plunge and sauna spaces in Glasgow and noticed you're holding a 5 rating across 121 reviews. Numbers like that usually mean people leave talking about the experience, which is exactly the kind of thing branded gear tends to amplify. We're Merch Maverick, a factory direct supplier of branded robes, towels, and recovery hoodies for studios like yours, no agency markups, just your logo on gear members already want. I can send over a free digital mockup of a The Wild Heat Sauna branded robe within 48 hours. If it is not a fit, no cost and no obligation. Would it be okay if I sent that mockup your way? Faiaz
Merch Maverick
themerchmaverick.com"
Sandra Leo Pilates & Yoga - Yoga und Pilates Frankfurt,education@sandraleopilates.com,pilates,Frankfurt,DE,http://www.sandraleopilates.com/,5,120,quick idea for Sandra Leo Pilates & Yoga - Yoga und Pilates Frankfurt's members,"Hi there, I came across Sandra Leo Pilates & Yoga - Yoga und Pilates Frankfurt while researching top rated reformer pilates studios in Frankfurt and noticed you're holding a 5 rating across 120 reviews. That's the kind of loyalty that usually means members are proud to be part of the studio, not just attending classes. We're Merch Maverick, a factory direct supplier of branded totes, mat bags, and studio apparel for pilates studios. We work without agency markups, so the pricing usually beats what local printers quote for the same quality. I can put together a free digital mockup of a Sandra Leo Pilates & Yoga - Yoga und Pilates Frankfurt branded tote within 48 hours. No cost and no obligation either way, it's yours to look at. Would it be alright if I sent that over? Faiaz
Merch Maverick
themerchmaverick.com"
beem® Light Sauna Nashville-Green Hills,nashville-greenhills@beemlightsauna.com,cold_plunge,Nashville,US,https://www.beemlightsauna.com/location/nashville-green-hills,5,120,quick note for beem® Light Sauna Nashville-Green Hills,"Hi there, I came across beem® Light Sauna Nashville-Green Hills while researching top rated cold plunge and sauna spaces in Nashville and noticed you're holding a 5 rating across 120 reviews. Numbers like that usually mean people leave talking about the experience, which is exactly the kind of thing branded gear tends to amplify. We're Merch Maverick, a factory direct supplier of branded robes, towels, and recovery hoodies for studios like yours, no agency markups, just your logo on gear members already want. I can send over a free digital mockup of a beem® Light Sauna Nashville-Green Hills branded robe within 48 hours. If it is not a fit, no cost and no obligation. Would it be okay if I sent that mockup your way? Faiaz
Merch Maverick
themerchmaverick.com"
Main Pilates Studio -PRIME | Reformer Pilates,info@main-pilates-studio.com,pilates,Frankfurt,DE,http://www.main-pilates-studio.com/,5,119,thought of Main Pilates Studio -PRIME | Reformer Pilates for something,"Hi there, I came across Main Pilates Studio -PRIME | Reformer Pilates while researching top rated reformer pilates studios in Frankfurt and noticed you're holding a 5 rating across 119 reviews. That's the kind of loyalty that usually means members are proud to be part of the studio, not just attending classes. We're Merch Maverick, a factory direct supplier of branded totes, mat bags, and studio apparel for pilates studios. We work without agency markups, so the pricing usually beats what local printers quote for the same quality. I can put together a free digital mockup of a Main Pilates Studio -PRIME | Reformer Pilates branded tote within 48 hours. No cost and no obligation either way, it's yours to look at. Would it be alright if I sent that over? Faiaz
Merch Maverick
themerchmaverick.com"
Kontra Baths,user@domain.com,sauna,New York,US,https://kontrabaths.com/,5,116,"quick idea, Kontra Baths","Hi there, I came across Kontra Baths while researching top rated sauna studios in New York and noticed you're holding a 5 rating across 116 reviews. That kind of consistency usually means people leave your space wanting to take a piece of the experience home with them. We're Merch Maverick, a factory direct supplier for branded sauna hats, towels, and robes for studios like yours. No middlemen, no inflated agency pricing, just your logo on the exact ritual gear your members already associate with the experience. I'll put together a free digital mockup of a Kontra Baths branded wool felt sauna hat within 48 hours. If you don't love it, there's no cost and no obligation, it's yours to look at either way. Would it be okay if I sent that mockup over? Faiaz
Merch Maverick
themerchmaverick.com"
Sky Spa & Fitnesslounge,info@sky-spa-fitnesslounge.de,sauna,Berlin,DE,http://www.sky-spa-fitnesslounge.de/,5,116,quick question about Sky Spa & Fitnesslounge's retail shelf,"Hi there, I came across Sky Spa & Fitnesslounge while researching top rated sauna studios in Berlin and noticed you're holding a 5 rating across 116 reviews. That kind of consistency usually means people leave your space wanting to take a piece of the experience home with them. We're Merch Maverick, a factory direct supplier for branded sauna hats, towels, and robes for studios like yours. No middlemen, no inflated agency pricing, just your logo on the exact ritual gear your members already associate with the experience. I'll put together a free digital mockup of a Sky Spa & Fitnesslounge branded wool felt sauna hat within 48 hours. If you don't love it, there's no cost and no obligation, it's yours to look at either way. Would it be okay if I sent that mockup over? Faiaz
Merch Maverick
themerchmaverick.com"
Hydration Room - Fullerton,membership@hydrationroom.com,cold_plunge,Anaheim,US,https://hydrationroom.com/locations/ca/fullerton/444-n-harbor-blvd?utm_source=google&utm_medium=organic&utm_campaign=gbp,5,116,quick idea for Hydration Room - Fullerton's members,"Hi there, I came across Hydration Room - Fullerton while researching top rated cold plunge and sauna spaces in Anaheim and noticed you're holding a 5 rating across 116 reviews. Numbers like that usually mean people leave talking about the experience, which is exactly the kind of thing branded gear tends to amplify. We're Merch Maverick, a factory direct supplier of branded robes, towels, and recovery hoodies for studios like yours, no agency markups, just your logo on gear members already want. I can send over a free digital mockup of a Hydration Room - Fullerton branded robe within 48 hours. If it is not a fit, no cost and no obligation. Would it be okay if I sent that mockup your way? Faiaz
Merch Maverick
themerchmaverick.com"
Kontra Baths,user@domain.com,cold_plunge,New York,US,https://kontrabaths.com/,5,116,quick note for Kontra Baths,"Hi there, I came across Kontra Baths while researching top rated cold plunge and sauna spaces in New York and noticed you're holding a 5 rating across 116 reviews. Numbers like that usually mean people leave talking about the experience, which is exactly the kind of thing branded gear tends to amplify. We're Merch Maverick, a factory direct supplier of branded robes, towels, and recovery hoodies for studios like yours, no agency markups, just your logo on gear members already want. I can send over a free digital mockup of a Kontra Baths branded robe within 48 hours. If it is not a fit, no cost and no obligation. Would it be okay if I sent that mockup your way? Faiaz
Merch Maverick
themerchmaverick.com"
Yoganand Studio Clifton,info@yoganand.co.uk,pilates,Bristol,GB,http://www.yoganand.co.uk/,5,115,thought of Yoganand Studio Clifton for something,"Hi there, I came across Yoganand Studio Clifton while researching top rated reformer pilates studios in Bristol and noticed you're holding a 5 rating across 115 reviews. That's the kind of loyalty that usually means members are proud to be part of the studio, not just attending classes. We're Merch Maverick, a factory direct supplier of branded totes, mat bags, and studio apparel for pilates studios. We work without agency markups, so the pricing usually beats what local printers quote for the same quality. I can put together a free digital mockup of a Yoganand Studio Clifton branded tote within 48 hours. No cost and no obligation either way, it's yours to look at. Would it be alright if I sent that over? Faiaz
Merch Maverick
themerchmaverick.com"
PilatesBCN,pilatesbcn.net@gmail.com,pilates,Barcelona,ES,http://pilatesbcn.net/,5,114,"quick idea, PilatesBCN","Hi there, I came across PilatesBCN while researching top rated reformer pilates studios in Barcelona and noticed you're holding a 5 rating across 114 reviews. That's the kind of loyalty that usually means members are proud to be part of the studio, not just attending classes. We're Merch Maverick, a factory direct supplier of branded totes, mat bags, and studio apparel for pilates studios. We work without agency markups, so the pricing usually beats what local printers quote for the same quality. I can put together a free digital mockup of a PilatesBCN branded tote within 48 hours. No cost and no obligation either way, it's yours to look at. Would it be alright if I sent that over? Faiaz
Merch Maverick
themerchmaverick.com"
Breathwork y Sound Healing en Barcelona | Gonzalo Bolla,hola@gonzalobolla.com,cold_plunge,Barcelona,ES,https://gonzalobolla.com/,5,114,quick question about Breathwork y Sound Healing en Barcelona | Gonzalo Bolla's retail shelf,"Hi there, I came across Breathwork y Sound Healing en Barcelona | Gonzalo Bolla while researching top rated cold plunge and sauna spaces in Barcelona and noticed you're holding a 5 rating across 114 reviews. Numbers like that usually mean people leave talking about the experience, which is exactly the kind of thing branded gear tends to amplify. We're Merch Maverick, a factory direct supplier of branded robes, towels, and recovery hoodies for studios like yours, no agency markups, just your logo on gear members already want. I can send over a free digital mockup of a Breathwork y Sound Healing en Barcelona | Gonzalo Bolla branded robe within 48 hours. If it is not a fit, no cost and no obligation. Would it be okay if I sent that mockup your way? Faiaz
Merch Maverick
themerchmaverick.com"
Lore Bathing Club,info@lorebathingclub.com,sauna,New York,US,https://www.lorebathingclub.com/,5,113,quick idea for Lore Bathing Club's members,"Hi there, I came across Lore Bathing Club while researching top rated sauna studios in New York and noticed you're holding a 5 rating across 113 reviews. That kind of consistency usually means people leave your space wanting to take a piece of the experience home with them. We're Merch Maverick, a factory direct supplier for branded sauna hats, towels, and robes for studios like yours. No middlemen, no inflated agency pricing, just your logo on the exact ritual gear your members already associate with the experience. I'll put together a free digital mockup of a Lore Bathing Club branded wool felt sauna hat within 48 hours. If you don't love it, there's no cost and no obligation, it's yours to look at either way. Would it be okay if I sent that mockup over? Faiaz
Merch Maverick
themerchmaverick.com"
Lore Bathing Club,info@lorebathingclub.com,cold_plunge,New York,US,https://www.lorebathingclub.com/,5,113,quick note for Lore Bathing Club,"Hi there, I came across Lore Bathing Club while researching top rated cold plunge and sauna spaces in New York and noticed you're holding a 5 rating across 113 reviews. Numbers like that usually mean people leave talking about the experience, which is exactly the kind of thing branded gear tends to amplify. We're Merch Maverick, a factory direct supplier of branded robes, towels, and recovery hoodies for studios like yours, no agency markups, just your logo on gear members already want. I can send over a free digital mockup of a Lore Bathing Club branded robe within 48 hours. If it is not a fit, no cost and no obligation. Would it be okay if I sent that mockup your way? Faiaz
Merch Maverick
themerchmaverick.com"
CryoStrong Toronto,info@cryostrongtoronto.com,cold_plunge,Toronto,CA,https://cryostrongtoronto.com/,5,113,thought of CryoStrong Toronto for something,"Hi there, I came across CryoStrong Toronto while researching top rated cold plunge and sauna spaces in Toronto and noticed you're holding a 5 rating across 113 reviews. Numbers like that usually mean people leave talking about the experience, which is exactly the kind of thing branded gear tends to amplify. We're Merch Maverick, a factory direct supplier of branded robes, towels, and recovery hoodies for studios like yours, no agency markups, just your logo on gear members already want. I can send over a free digital mockup of a CryoStrong Toronto branded robe within 48 hours. If it is not a fit, no cost and no obligation. Would it be okay if I sent that mockup your way? Faiaz
Merch Maverick
themerchmaverick.com"
"Pilates Studio 11, Sammamish",team@pilatestudio11.com,pilates,Washington,US,https://pilatestudio11.com/sammamish/,5,112,"quick idea, Pilates Studio 11, Sammamish","Hi there, I came across Pilates Studio 11, Sammamish while researching top rated reformer pilates studios in Washington and noticed you're holding a 5 rating across 112 reviews. That's the kind of loyalty that usually means members are proud to be part of the studio, not just attending classes. We're Merch Maverick, a factory direct supplier of branded totes, mat bags, and studio apparel for pilates studios. We work without agency markups, so the pricing usually beats what local printers quote for the same quality. I can put together a free digital mockup of a Pilates Studio 11, Sammamish branded tote within 48 hours. No cost and no obligation either way, it's yours to look at. Would it be alright if I sent that over? Faiaz
Merch Maverick
themerchmaverick.com"
The Plunge Xperience,info@theplungexperience.com,sauna,Miami,US,https://www.theplungexperience.com/,5,111,quick question about The Plunge Xperience's retail shelf,"Hi there, I came across The Plunge Xperience while researching top rated sauna studios in Miami and noticed you're holding a 5 rating across 111 reviews. That kind of consistency usually means people leave your space wanting to take a piece of the experience home with them. We're Merch Maverick, a factory direct supplier for branded sauna hats, towels, and robes for studios like yours. No middlemen, no inflated agency pricing, just your logo on the exact ritual gear your members already associate with the experience. I'll put together a free digital mockup of a The Plunge Xperience branded wool felt sauna hat within 48 hours. If you don't love it, there's no cost and no obligation, it's yours to look at either way. Would it be okay if I sent that mockup over? Faiaz
Merch Maverick
themerchmaverick.com"
Soul Suites,ek@soul-suites.co.uk,sauna,Glasgow,GB,http://www.soulsuites.co.uk/,5,111,quick idea for Soul Suites's members,"Hi there, I came across Soul Suites while researching top rated sauna studios in Glasgow and noticed you're holding a 5 rating across 111 reviews. That kind of consistency usually means people leave your space wanting to take a piece of the experience home with them. We're Merch Maverick, a factory direct supplier for branded sauna hats, towels, and robes for studios like yours. No middlemen, no inflated agency pricing, just your logo on the exact ritual gear your members already associate with the experience. I'll put together a free digital mockup of a Soul Suites branded wool felt sauna hat within 48 hours. If you don't love it, there's no cost and no obligation, it's yours to look at either way. Would it be okay if I sent that mockup over? Faiaz
Merch Maverick
themerchmaverick.com"
Midtown Pilates,info@midtownpilates.ca,pilates,Toronto,CA,https://www.midtownpilates.ca/,5,111,quick note for Midtown Pilates,"Hi there, I came across Midtown Pilates while researching top rated reformer pilates studios in Toronto and noticed you're holding a 5 rating across 111 reviews. That's the kind of loyalty that usually means members are proud to be part of the studio, not just attending classes. We're Merch Maverick, a factory direct supplier of branded totes, mat bags, and studio apparel for pilates studios. We work without agency markups, so the pricing usually beats what local printers quote for the same quality. I can put together a free digital mockup of a Midtown Pilates branded tote within 48 hours. No cost and no obligation either way, it's yours to look at. Would it be alright if I sent that over? Faiaz
Merch Maverick
themerchmaverick.com"
Soul Suites,ek@soul-suites.co.uk,cold_plunge,Glasgow,GB,http://www.soulsuites.co.uk/,5,111,thought of Soul Suites for something,"Hi there, I came across Soul Suites while researching top rated cold plunge and sauna spaces in Glasgow and noticed you're holding a 5 rating across 111 reviews. Numbers like that usually mean people leave talking about the experience, which is exactly the kind of thing branded gear tends to amplify. We're Merch Maverick, a factory direct supplier of branded robes, towels, and recovery hoodies for studios like yours, no agency markups, just your logo on gear members already want. I can send over a free digital mockup of a Soul Suites branded robe within 48 hours. If it is not a fit, no cost and no obligation. Would it be okay if I sent that mockup your way? Faiaz
Merch Maverick
themerchmaverick.com"
"Polar Serenity - Ice Baths / Bain De Glace, Breathwork & Méditation À Paris",contact@polarserenity.fr,cold_plunge,Paris,FR,https://www.polarserenity.fr/,5,110,"quick idea, Polar Serenity - Ice Baths / Bain De Glace, Breathwork & Méditation À Paris","Hi there, I came across Polar Serenity - Ice Baths / Bain De Glace, Breathwork & Méditation À Paris while researching top rated cold plunge and sauna spaces in Paris and noticed you're holding a 5 rating across 110 reviews. Numbers like that usually mean people leave talking about the experience, which is exactly the kind of thing branded gear tends to amplify. We're Merch Maverick, a factory direct supplier of branded robes, towels, and recovery hoodies for studios like yours, no agency markups, just your logo on gear members already want. I can send over a free digital mockup of a Polar Serenity - Ice Baths / Bain De Glace, Breathwork & Méditation À Paris branded robe within 48 hours. If it is not a fit, no cost and no obligation. Would it be okay if I sent that mockup your way? Faiaz
Merch Maverick
themerchmaverick.com"
Fire & Ice Sauna,info@fireiceco.com,sauna,Chicago,US,https://fireiceco.com/,5,109,quick question about Fire & Ice Sauna's retail shelf,"Hi there, I came across Fire & Ice Sauna while researching top rated sauna studios in Chicago and noticed you're holding a 5 rating across 109 reviews. That kind of consistency usually means people leave your space wanting to take a piece of the experience home with them. We're Merch Maverick, a factory direct supplier for branded sauna hats, towels, and robes for studios like yours. No middlemen, no inflated agency pricing, just your logo on the exact ritual gear your members already associate with the experience. I'll put together a free digital mockup of a Fire & Ice Sauna branded wool felt sauna hat within 48 hours. If you don't love it, there's no cost and no obligation, it's yours to look at either way. Would it be okay if I sent that mockup over? Faiaz
Merch Maverick
themerchmaverick.com"
Fire & Ice Sauna,info@fireiceco.com,cold_plunge,Chicago,US,https://fireiceco.com/,5,109,quick idea for Fire & Ice Sauna's members,"Hi there, I came across Fire & Ice Sauna while researching top rated cold plunge and sauna spaces in Chicago and noticed you're holding a 5 rating across 109 reviews. Numbers like that usually mean people leave talking about the experience, which is exactly the kind of thing branded gear tends to amplify. We're Merch Maverick, a factory direct supplier of branded robes, towels, and recovery hoodies for studios like yours, no agency markups, just your logo on gear members already want. I can send over a free digital mockup of a Fire & Ice Sauna branded robe within 48 hours. If it is not a fit, no cost and no obligation. Would it be okay if I sent that mockup your way? Faiaz
Merch Maverick
themerchmaverick.com"
"Whole Body Studios- Pilates, barre, & yoga",wholebodystudios@gmail.com,pilates,Denver,US,http://www.wholebodystudios.com/,5,108,"quick note for Whole Body Studios- Pilates, barre, & yoga","Hi there, I came across Whole Body Studios- Pilates, barre, & yoga while researching top rated reformer pilates studios in Denver and noticed you're holding a 5 rating across 108 reviews. That's the kind of loyalty that usually means members are proud to be part of the studio, not just attending classes. We're Merch Maverick, a factory direct supplier of branded totes, mat bags, and studio apparel for pilates studios. We work without agency markups, so the pricing usually beats what local printers quote for the same quality. I can put together a free digital mockup of a Whole Body Studios- Pilates, barre, & yoga branded tote within 48 hours. No cost and no obligation either way, it's yours to look at. Would it be alright if I sent that over? Faiaz
Merch Maverick
themerchmaverick.com"
Maple Clinics Hamilton (Cryotherapy),maplechiro@outlook.com,cold_plunge,Glasgow,GB,https://hamilton.mapleclinics.co.uk/,5,108,thought of Maple Clinics Hamilton (Cryotherapy) for something,"Hi there, I came across Maple Clinics Hamilton (Cryotherapy) while researching top rated cold plunge and sauna spaces in Glasgow and noticed you're holding a 5 rating across 108 reviews. Numbers like that usually mean people leave talking about the experience, which is exactly the kind of thing branded gear tends to amplify. We're Merch Maverick, a factory direct supplier of branded robes, towels, and recovery hoodies for studios like yours, no agency markups, just your logo on gear members already want. I can send over a free digital mockup of a Maple Clinics Hamilton (Cryotherapy) branded robe within 48 hours. If it is not a fit, no cost and no obligation. Would it be okay if I sent that mockup your way? Faiaz
Merch Maverick
themerchmaverick.com"
Perspire Sauna Studio,irvinequailhill@perspiresaunastudio.com,sauna,Anaheim,US,https://www.perspiresaunastudio.com/ca/irvine-quail-hill/,5,105,"quick idea, Perspire Sauna Studio","Hi there, I came across Perspire Sauna Studio while researching top rated sauna studios in Anaheim and noticed you're holding a 5 rating across 105 reviews. That kind of consistency usually means people leave your space wanting to take a piece of the experience home with them. We're Merch Maverick, a factory direct supplier for branded sauna hats, towels, and robes for studios like yours. No middlemen, no inflated agency pricing, just your logo on the exact ritual gear your members already associate with the experience. I'll put together a free digital mockup of a Perspire Sauna Studio branded wool felt sauna hat within 48 hours. If you don't love it, there's no cost and no obligation, it's yours to look at either way. Would it be okay if I sent that mockup over? Faiaz
Merch Maverick
themerchmaverick.com"
Hormesis,info@myhormesis.com,sauna,Houston,US,https://www.myhormesis.com/,5,104,quick question about Hormesis's retail shelf,"Hi there, I came across Hormesis while researching top rated sauna studios in Houston and noticed you're holding a 5 rating across 104 reviews. That kind of consistency usually means people leave your space wanting to take a piece of the experience home with them. We're Merch Maverick, a factory direct supplier for branded sauna hats, towels, and robes for studios like yours. No middlemen, no inflated agency pricing, just your logo on the exact ritual gear your members already associate with the experience. I'll put together a free digital mockup of a Hormesis branded wool felt sauna hat within 48 hours. If you don't love it, there's no cost and no obligation, it's yours to look at either way. Would it be okay if I sent that mockup over? Faiaz
Merch Maverick
themerchmaverick.com"
EVERY Reformer Pilates,hello@everypilates.co.uk,pilates,London,GB,https://everypilates.co.uk/,5,104,quick idea for EVERY Reformer Pilates's members,"Hi there, I came across EVERY Reformer Pilates while researching top rated reformer pilates studios in London and noticed you're holding a 5 rating across 104 reviews. That's the kind of loyalty that usually means members are proud to be part of the studio, not just attending classes. We're Merch Maverick, a factory direct supplier of branded totes, mat bags, and studio apparel for pilates studios. We work without agency markups, so the pricing usually beats what local printers quote for the same quality. I can put together a free digital mockup of a EVERY Reformer Pilates branded tote within 48 hours. No cost and no obligation either way, it's yours to look at. Would it be alright if I sent that over? Faiaz
Merch Maverick
themerchmaverick.com"
Hormesis,info@myhormesis.com,cold_plunge,Houston,US,https://www.myhormesis.com/,5,104,quick note for Hormesis,"Hi there, I came across Hormesis while researching top rated cold plunge and sauna spaces in Houston and noticed you're holding a 5 rating across 104 reviews. Numbers like that usually mean people leave talking about the experience, which is exactly the kind of thing branded gear tends to amplify. We're Merch Maverick, a factory direct supplier of branded robes, towels, and recovery hoodies for studios like yours, no agency markups, just your logo on gear members already want. I can send over a free digital mockup of a Hormesis branded robe within 48 hours. If it is not a fit, no cost and no obligation. Would it be okay if I sent that mockup your way? Faiaz
Merch Maverick
themerchmaverick.com"
Maximilian Freiler - Wim Hof & Special Forces Training,info@mindfulstrength.at,cold_plunge,Vienna,AT,https://maxfreiler.com/,5,104,thought of Maximilian Freiler - Wim Hof & Special Forces Training for something,"Hi there, I came across Maximilian Freiler - Wim Hof & Special Forces Training while researching top rated cold plunge and sauna spaces in Vienna and noticed you're holding a 5 rating across 104 reviews. Numbers like that usually mean people leave talking about the experience, which is exactly the kind of thing branded gear tends to amplify. We're Merch Maverick, a factory direct supplier of branded robes, towels, and recovery hoodies for studios like yours, no agency markups, just your logo on gear members already want. I can send over a free digital mockup of a Maximilian Freiler - Wim Hof & Special Forces Training branded robe within 48 hours. If it is not a fit, no cost and no obligation. Would it be okay if I sent that mockup your way? Faiaz
Merch Maverick
themerchmaverick.com"
Elahni,team@elahni.com,sauna,New York,US,https://elahni.com/,5,103,"quick idea, Elahni","Hi there, I came across Elahni while researching top rated sauna studios in New York and noticed you're holding a 5 rating across 103 reviews. That kind of consistency usually means people leave your space wanting to take a piece of the experience home with them. We're Merch Maverick, a factory direct supplier for branded sauna hats, towels, and robes for studios like yours. No middlemen, no inflated agency pricing, just your logo on the exact ritual gear your members already associate with the experience. I'll put together a free digital mockup of a Elahni branded wool felt sauna hat within 48 hours. If you don't love it, there's no cost and no obligation, it's yours to look at either way. Would it be okay if I sent that mockup over? Faiaz
Merch Maverick
themerchmaverick.com"
Pilates Evidence (Madrid),info@pilatesevidence.com,pilates,Madrid,ES,https://www.pilatesevidence.com/centros/pilates-evidence-madrid/,5,103,quick question about Pilates Evidence (Madrid)'s retail shelf,"Hi there, I came across Pilates Evidence (Madrid) while researching top rated reformer pilates studios in Madrid and noticed you're holding a 5 rating across 103 reviews. That's the kind of loyalty that usually means members are proud to be part of the studio, not just attending classes. We're Merch Maverick, a factory direct supplier of branded totes, mat bags, and studio apparel for pilates studios. We work without agency markups, so the pricing usually beats what local printers quote for the same quality. I can put together a free digital mockup of a Pilates Evidence (Madrid) branded tote within 48 hours. No cost and no obligation either way, it's yours to look at. Would it be alright if I sent that over? Faiaz
Merch Maverick
themerchmaverick.com"
Elahni,team@elahni.com,cold_plunge,New York,US,https://elahni.com/,5,103,quick idea for Elahni's members,"Hi there, I came across Elahni while researching top rated cold plunge and sauna spaces in New York and noticed you're holding a 5 rating across 103 reviews. Numbers like that usually mean people leave talking about the experience, which is exactly the kind of thing branded gear tends to amplify. We're Merch Maverick, a factory direct supplier of branded robes, towels, and recovery hoodies for studios like yours, no agency markups, just your logo on gear members already want. I can send over a free digital mockup of a Elahni branded robe within 48 hours. If it is not a fit, no cost and no obligation. Would it be okay if I sent that mockup your way? Faiaz
Merch Maverick
themerchmaverick.com"
Thermal,info@thermal.health,sauna,Glasgow,GB,https://www.thermal.health/,5,102,quick note for Thermal,"Hi there, I came across Thermal while researching top rated sauna studios in Glasgow and noticed you're holding a 5 rating across 102 reviews. That kind of consistency usually means people leave your space wanting to take a piece of the experience home with them. We're Merch Maverick, a factory direct supplier for branded sauna hats, towels, and robes for studios like yours. No middlemen, no inflated agency pricing, just your logo on the exact ritual gear your members already associate with the experience. I'll put together a free digital mockup of a Thermal branded wool felt sauna hat within 48 hours. If you don't love it, there's no cost and no obligation, it's yours to look at either way. Would it be okay if I sent that mockup over? Faiaz
Merch Maverick
themerchmaverick.com"
Arizona Pilates Studio,info@arizonapilatesstudio.com,pilates,Phoenix,US,https://www.arizonapilatesstudio.com/,5,102,thought of Arizona Pilates Studio for something,"Hi there, I came across Arizona Pilates Studio while researching top rated reformer pilates studios in Phoenix and noticed you're holding a 5 rating across 102 reviews. That's the kind of loyalty that usually means members are proud to be part of the studio, not just attending classes. We're Merch Maverick, a factory direct supplier of branded totes, mat bags, and studio apparel for pilates studios. We work without agency markups, so the pricing usually beats what local printers quote for the same quality. I can put together a free digital mockup of a Arizona Pilates Studio branded tote within 48 hours. No cost and no obligation either way, it's yours to look at. Would it be alright if I sent that over? Faiaz
Merch Maverick
themerchmaverick.com"
Thermal,info@thermal.health,cold_plunge,Glasgow,GB,https://www.thermal.health/,5,102,"quick idea, Thermal","Hi there, I came across Thermal while researching top rated cold plunge and sauna spaces in Glasgow and noticed you're holding a 5 rating across 102 reviews. Numbers like that usually mean people leave talking about the experience, which is exactly the kind of thing branded gear tends to amplify. We're Merch Maverick, a factory direct supplier of branded robes, towels, and recovery hoodies for studios like yours, no agency markups, just your logo on gear members already want. I can send over a free digital mockup of a Thermal branded robe within 48 hours. If it is not a fit, no cost and no obligation. Would it be okay if I sent that mockup your way? Faiaz
Merch Maverick
themerchmaverick.com"
Little by Little Studio,hello@littlebylittle-studio.com,pilates,Munich,DE,https://littlebylittle-studio.com/,5,101,quick question about Little by Little Studio's retail shelf,"Hi there, I came across Little by Little Studio while researching top rated reformer pilates studios in Munich and noticed you're holding a 5 rating across 101 reviews. That's the kind of loyalty that usually means members are proud to be part of the studio, not just attending classes. We're Merch Maverick, a factory direct supplier of branded totes, mat bags, and studio apparel for pilates studios. We work without agency markups, so the pricing usually beats what local printers quote for the same quality. I can put together a free digital mockup of a Little by Little Studio branded tote within 48 hours. No cost and no obligation either way, it's yours to look at. Would it be alright if I sent that over? Faiaz
Merch Maverick
themerchmaverick.com"
BREATHE PILATES Miami,info@breathepilatesmiami.com,pilates,Miami,US,http://www.breathepilatesmiami.com/,5,100,quick idea for BREATHE PILATES Miami's members,"Hi there, I came across BREATHE PILATES Miami while researching top rated reformer pilates studios in Miami and noticed you're holding a 5 rating across 100 reviews. That's the kind of loyalty that usually means members are proud to be part of the studio, not just attending classes. We're Merch Maverick, a factory direct supplier of branded totes, mat bags, and studio apparel for pilates studios. We work without agency markups, so the pricing usually beats what local printers quote for the same quality. I can put together a free digital mockup of a BREATHE PILATES Miami branded tote within 48 hours. No cost and no obligation either way, it's yours to look at. Would it be alright if I sent that over? Faiaz
Merch Maverick
themerchmaverick.com"
Bilates - Speedwell,hello@bilates.co.uk,pilates,Bristol,GB,https://www.bilates.co.uk/,5,100,quick note for Bilates - Speedwell,"Hi there, I came across Bilates - Speedwell while researching top rated reformer pilates studios in Bristol and noticed you're holding a 5 rating across 100 reviews. That's the kind of loyalty that usually means members are proud to be part of the studio, not just attending classes. We're Merch Maverick, a factory direct supplier of branded totes, mat bags, and studio apparel for pilates studios. We work without agency markups, so the pricing usually beats what local printers quote for the same quality. I can put together a free digital mockup of a Bilates - Speedwell branded tote within 48 hours. No cost and no obligation either way, it's yours to look at. Would it be alright if I sent that over? Faiaz
Merch Maverick
themerchmaverick.com"
Cold Plunge Florida,hello@coldplungeflorida.com,sauna,Miami,US,https://coldplungeflorida.com/,5,99,thought of Cold Plunge Florida for something,"Hi there, I came across Cold Plunge Florida while researching top rated sauna studios in Miami and noticed you're holding a 5 rating across 99 reviews. That kind of consistency usually means people leave your space wanting to take a piece of the experience home with them. We're Merch Maverick, a factory direct supplier for branded sauna hats, towels, and robes for studios like yours. No middlemen, no inflated agency pricing, just your logo on the exact ritual gear your members already associate with the experience. I'll put together a free digital mockup of a Cold Plunge Florida branded wool felt sauna hat within 48 hours. If you don't love it, there's no cost and no obligation, it's yours to look at either way. Would it be okay if I sent that mockup over? Faiaz
Merch Maverick
themerchmaverick.com"
Pilatesbee: Reformer Pilates & more,info@pilatesbee.de,pilates,Munich,DE,https://pilatesbee.de/,5,99,"quick idea, Pilatesbee: Reformer Pilates & more","Hi there, I came across Pilatesbee: Reformer Pilates & more while researching top rated reformer pilates studios in Munich and noticed you're holding a 5 rating across 99 reviews. That's the kind of loyalty that usually means members are proud to be part of the studio, not just attending classes. We're Merch Maverick, a factory direct supplier of branded totes, mat bags, and studio apparel for pilates studios. We work without agency markups, so the pricing usually beats what local printers quote for the same quality. I can put together a free digital mockup of a Pilatesbee: Reformer Pilates & more branded tote within 48 hours. No cost and no obligation either way, it's yours to look at. Would it be alright if I sent that over? Faiaz
Merch Maverick
themerchmaverick.com"
Zugló Diamond Reformer Pilates,info@diamondpilates.hu,pilates,Budapest,HU,https://www.diamondpilates.hu/,5,98,quick question about Zugló Diamond Reformer Pilates's retail shelf,"Hi there, I came across Zugló Diamond Reformer Pilates while researching top rated reformer pilates studios in Budapest and noticed you're holding a 5 rating across 98 reviews. That's the kind of loyalty that usually means members are proud to be part of the studio, not just attending classes. We're Merch Maverick, a factory direct supplier of branded totes, mat bags, and studio apparel for pilates studios. We work without agency markups, so the pricing usually beats what local printers quote for the same quality. I can put together a free digital mockup of a Zugló Diamond Reformer Pilates branded tote within 48 hours. No cost and no obligation either way, it's yours to look at. Would it be alright if I sent that over? Faiaz
Merch Maverick
themerchmaverick.com"
HEAL Wellness + Longevity,info@heal4wellness.com,sauna,Chicago,US,https://heal4wellness.com/,5,97,quick idea for HEAL Wellness + Longevity's members,"Hi there, I came across HEAL Wellness + Longevity while researching top rated sauna studios in Chicago and noticed you're holding a 5 rating across 97 reviews. That kind of consistency usually means people leave your space wanting to take a piece of the experience home with them. We're Merch Maverick, a factory direct supplier for branded sauna hats, towels, and robes for studios like yours. No middlemen, no inflated agency pricing, just your logo on the exact ritual gear your members already associate with the experience. I'll put together a free digital mockup of a HEAL Wellness + Longevity branded wool felt sauna hat within 48 hours. If you don't love it, there's no cost and no obligation, it's yours to look at either way. Would it be okay if I sent that mockup over? Faiaz
Merch Maverick
themerchmaverick.com"
Yoga Cold Bath,info@yogacoldbath.com,cold_plunge,Phoenix,US,https://yogacoldbath.com/,5,97,quick note for Yoga Cold Bath,"Hi there, I came across Yoga Cold Bath while researching top rated cold plunge and sauna spaces in Phoenix and noticed you're holding a 5 rating across 97 reviews. Numbers like that usually mean people leave talking about the experience, which is exactly the kind of thing branded gear tends to amplify. We're Merch Maverick, a factory direct supplier of branded robes, towels, and recovery hoodies for studios like yours, no agency markups, just your logo on gear members already want. I can send over a free digital mockup of a Yoga Cold Bath branded robe within 48 hours. If it is not a fit, no cost and no obligation. Would it be okay if I sent that mockup your way? Faiaz
Merch Maverick
themerchmaverick.com"
Altered States Wellness Richardson,hello@alteredstateswellness.com,sauna,Dallas,US,https://www.alteredstateswellness.com/,5,95,thought of Altered States Wellness Richardson for something,"Hi there, I came across Altered States Wellness Richardson while researching top rated sauna studios in Dallas and noticed you're holding a 5 rating across 95 reviews. That kind of consistency usually means people leave your space wanting to take a piece of the experience home with them. We're Merch Maverick, a factory direct supplier for branded sauna hats, towels, and robes for studios like yours. No middlemen, no inflated agency pricing, just your logo on the exact ritual gear your members already associate with the experience. I'll put together a free digital mockup of a Altered States Wellness Richardson branded wool felt sauna hat within 48 hours. If you don't love it, there's no cost and no obligation, it's yours to look at either way. Would it be okay if I sent that mockup over? Faiaz
Merch Maverick
themerchmaverick.com"
Yskamer | Sauna Amsterdam | Ice Bath Amsterdam,amsterdam@yskamer.nl,sauna,Amsterdam,NL,https://yskamer.nl/,5,95,"quick idea, Yskamer | Sauna Amsterdam | Ice Bath Amsterdam","Hi there, I came across Yskamer | Sauna Amsterdam | Ice Bath Amsterdam while researching top rated sauna studios in Amsterdam and noticed you're holding a 5 rating across 95 reviews. That kind of consistency usually means people leave your space wanting to take a piece of the experience home with them. We're Merch Maverick, a factory direct supplier for branded sauna hats, towels, and robes for studios like yours. No middlemen, no inflated agency pricing, just your logo on the exact ritual gear your members already associate with the experience. I'll put together a free digital mockup of a Yskamer | Sauna Amsterdam | Ice Bath Amsterdam branded wool felt sauna hat within 48 hours. If you don't love it, there's no cost and no obligation, it's yours to look at either way. Would it be okay if I sent that mockup over? Faiaz
Merch Maverick
themerchmaverick.com"
The Good Place Athletic Reformer Pilates Studio,hello@thegoodplacelv.com,pilates,Las Vegas,US,https://www.thegoodplacelv.com/,5,95,quick question about The Good Place Athletic Reformer Pilates Studio's retail shelf,"Hi there, I came across The Good Place Athletic Reformer Pilates Studio while researching top rated reformer pilates studios in Las Vegas and noticed you're holding a 5 rating across 95 reviews. That's the kind of loyalty that usually means members are proud to be part of the studio, not just attending classes. We're Merch Maverick, a factory direct supplier of branded totes, mat bags, and studio apparel for pilates studios. We work without agency markups, so the pricing usually beats what local printers quote for the same quality. I can put together a free digital mockup of a The Good Place Athletic Reformer Pilates Studio branded tote within 48 hours. No cost and no obligation either way, it's yours to look at. Would it be alright if I sent that over? Faiaz
Merch Maverick
themerchmaverick.com"
"Movement Collective - Pilates, Stretch, Breath",move@themoco.uk,pilates,London,GB,https://themoco.uk/,5,95,"quick idea for Movement Collective - Pilates, Stretch, Breath's members","Hi there, I came across Movement Collective - Pilates, Stretch, Breath while researching top rated reformer pilates studios in London and noticed you're holding a 5 rating across 95 reviews. That's the kind of loyalty that usually means members are proud to be part of the studio, not just attending classes. We're Merch Maverick, a factory direct supplier of branded totes, mat bags, and studio apparel for pilates studios. We work without agency markups, so the pricing usually beats what local printers quote for the same quality. I can put together a free digital mockup of a Movement Collective - Pilates, Stretch, Breath branded tote within 48 hours. No cost and no obligation either way, it's yours to look at. Would it be alright if I sent that over? Faiaz
Merch Maverick
themerchmaverick.com"
Yskamer | Sauna Amsterdam | Ice Bath Amsterdam,amsterdam@yskamer.nl,cold_plunge,Amsterdam,NL,https://yskamer.nl/,5,95,quick note for Yskamer | Sauna Amsterdam | Ice Bath Amsterdam,"Hi there, I came across Yskamer | Sauna Amsterdam | Ice Bath Amsterdam while researching top rated cold plunge and sauna spaces in Amsterdam and noticed you're holding a 5 rating across 95 reviews. Numbers like that usually mean people leave talking about the experience, which is exactly the kind of thing branded gear tends to amplify. We're Merch Maverick, a factory direct supplier of branded robes, towels, and recovery hoodies for studios like yours, no agency markups, just your logo on gear members already want. I can send over a free digital mockup of a Yskamer | Sauna Amsterdam | Ice Bath Amsterdam branded robe within 48 hours. If it is not a fit, no cost and no obligation. Would it be okay if I sent that mockup your way? Faiaz
Merch Maverick
themerchmaverick.com"
Ayur Pilates,hello@ayur-pilates.com,pilates,Frankfurt,DE,https://www.ayur-pilates.com/,5,94,thought of Ayur Pilates for something,"Hi there, I came across Ayur Pilates while researching top rated reformer pilates studios in Frankfurt and noticed you're holding a 5 rating across 94 reviews. That's the kind of loyalty that usually means members are proud to be part of the studio, not just attending classes. We're Merch Maverick, a factory direct supplier of branded totes, mat bags, and studio apparel for pilates studios. We work without agency markups, so the pricing usually beats what local printers quote for the same quality. I can put together a free digital mockup of a Ayur Pilates branded tote within 48 hours. No cost and no obligation either way, it's yours to look at. Would it be alright if I sent that over? Faiaz
Merch Maverick
themerchmaverick.com"
REFORM & VIBES,info@reformandvibes.com,pilates,London,GB,https://www.reformandvibes.com/?utm_source=google&utm_medium=wix_google_business_profile&utm_campaign=15223521478059687607,5,94,"quick idea, REFORM & VIBES","Hi there, I came across REFORM & VIBES while researching top rated reformer pilates studios in London and noticed you're holding a 5 rating across 94 reviews. That's the kind of loyalty that usually means members are proud to be part of the studio, not just attending classes. We're Merch Maverick, a factory direct supplier of branded totes, mat bags, and studio apparel for pilates studios. We work without agency markups, so the pricing usually beats what local printers quote for the same quality. I can put together a free digital mockup of a REFORM & VIBES branded tote within 48 hours. No cost and no obligation either way, it's yours to look at. Would it be alright if I sent that over? Faiaz
Merch Maverick
themerchmaverick.com"
Culture OC,support@cultureoc.com,cold_plunge,Anaheim,US,https://cultureoc.com/,5,94,quick question about Culture OC's retail shelf,"Hi there, I came across Culture OC while researching top rated cold plunge and sauna spaces in Anaheim and noticed you're holding a 5 rating across 94 reviews. Numbers like that usually mean people leave talking about the experience, which is exactly the kind of thing branded gear tends to amplify. We're Merch Maverick, a factory direct supplier of branded robes, towels, and recovery hoodies for studios like yours, no agency markups, just your logo on gear members already want. I can send over a free digital mockup of a Culture OC branded robe within 48 hours. If it is not a fit, no cost and no obligation. Would it be okay if I sent that mockup your way? Faiaz
Merch Maverick
themerchmaverick.com"
Amplified Pilates Center,info@amplifiedpilates.com,pilates,Chicago,US,http://www.amplifiedpilates.com/,5,93,quick idea for Amplified Pilates Center's members,"Hi there, I came across Amplified Pilates Center while researching top rated reformer pilates studios in Chicago and noticed you're holding a 5 rating across 93 reviews. That's the kind of loyalty that usually means members are proud to be part of the studio, not just attending classes. We're Merch Maverick, a factory direct supplier of branded totes, mat bags, and studio apparel for pilates studios. We work without agency markups, so the pricing usually beats what local printers quote for the same quality. I can put together a free digital mockup of a Amplified Pilates Center branded tote within 48 hours. No cost and no obligation either way, it's yours to look at. Would it be alright if I sent that over? Faiaz
Merch Maverick
themerchmaverick.com"
Cold Club,info@coldclub.co,sauna,Amsterdam,NL,https://coldclub.co/,5,92,quick note for Cold Club,"Hi there, I came across Cold Club while researching top rated sauna studios in Amsterdam and noticed you're holding a 5 rating across 92 reviews. That kind of consistency usually means people leave your space wanting to take a piece of the experience home with them. We're Merch Maverick, a factory direct supplier for branded sauna hats, towels, and robes for studios like yours. No middlemen, no inflated agency pricing, just your logo on the exact ritual gear your members already associate with the experience. I'll put together a free digital mockup of a Cold Club branded wool felt sauna hat within 48 hours. If you don't love it, there's no cost and no obligation, it's yours to look at either way. Would it be okay if I sent that mockup over? Faiaz
Merch Maverick
themerchmaverick.com"
The Pilates Apothecary,user@domain.com,pilates,Austin,US,https://www.pilatesapothecaryatx.com/,5,92,thought of The Pilates Apothecary for something,"Hi there, I came across The Pilates Apothecary while researching top rated reformer pilates studios in Austin and noticed you're holding a 5 rating across 92 reviews. That's the kind of loyalty that usually means members are proud to be part of the studio, not just attending classes. We're Merch Maverick, a factory direct supplier of branded totes, mat bags, and studio apparel for pilates studios. We work without agency markups, so the pricing usually beats what local printers quote for the same quality. I can put together a free digital mockup of a The Pilates Apothecary branded tote within 48 hours. No cost and no obligation either way, it's yours to look at. Would it be alright if I sent that over? Faiaz
Merch Maverick
themerchmaverick.com"
Cold Club by Matt Soule,hello@coldclub.com,cold_plunge,Seattle,US,http://www.coldclub.com/,5,92,"quick idea, Cold Club by Matt Soule","Hi there, I came across Cold Club by Matt Soule while researching top rated cold plunge and sauna spaces in Seattle and noticed you're holding a 5 rating across 92 reviews. Numbers like that usually mean people leave talking about the experience, which is exactly the kind of thing branded gear tends to amplify. We're Merch Maverick, a factory direct supplier of branded robes, towels, and recovery hoodies for studios like yours, no agency markups, just your logo on gear members already want. I can send over a free digital mockup of a Cold Club by Matt Soule branded robe within 48 hours. If it is not a fit, no cost and no obligation. Would it be okay if I sent that mockup your way? Faiaz
Merch Maverick
themerchmaverick.com"
Cold Club,info@coldclub.co,cold_plunge,Amsterdam,NL,https://coldclub.co/,5,92,quick question about Cold Club's retail shelf,"Hi there, I came across Cold Club while researching top rated cold plunge and sauna spaces in Amsterdam and noticed you're holding a 5 rating across 92 reviews. Numbers like that usually mean people leave talking about the experience, which is exactly the kind of thing branded gear tends to amplify. We're Merch Maverick, a factory direct supplier of branded robes, towels, and recovery hoodies for studios like yours, no agency markups, just your logo on gear members already want. I can send over a free digital mockup of a Cold Club branded robe within 48 hours. If it is not a fit, no cost and no obligation. Would it be okay if I sent that mockup your way? Faiaz
Merch Maverick
themerchmaverick.com"
Spark Club Trail,contact@spark-club.fr,sauna,Paris,FR,https://www.spark-club.fr/,5,91,quick idea for Spark Club Trail's members,"Hi there, I came across Spark Club Trail while researching top rated sauna studios in Paris and noticed you're holding a 5 rating across 91 reviews. That kind of consistency usually means people leave your space wanting to take a piece of the experience home with them. We're Merch Maverick, a factory direct supplier for branded sauna hats, towels, and robes for studios like yours. No middlemen, no inflated agency pricing, just your logo on the exact ritual gear your members already associate with the experience. I'll put together a free digital mockup of a Spark Club Trail branded wool felt sauna hat within 48 hours. If you don't love it, there's no cost and no obligation, it's yours to look at either way. Would it be okay if I sent that mockup over? Faiaz
Merch Maverick
themerchmaverick.com"
"Change with Pilates Studio | BASI Pilates Trainer, PSSE Schroth for Scoliosis, Pre & Post-natal, Pelvic Floor",user@domain.com,pilates,Amsterdam,NL,https://changewithpilates.com/,5,90,"quick note for Change with Pilates Studio | BASI Pilates Trainer, PSSE Schroth for Scoliosis, Pre & Post-natal, Pelvic Floor","Hi there, I came across Change with Pilates Studio | BASI Pilates Trainer, PSSE Schroth for Scoliosis, Pre & Post-natal, Pelvic Floor while researching top rated reformer pilates studios in Amsterdam and noticed you're holding a 5 rating across 90 reviews. That's the kind of loyalty that usually means members are proud to be part of the studio, not just attending classes. We're Merch Maverick, a factory direct supplier of branded totes, mat bags, and studio apparel for pilates studios. We work without agency markups, so the pricing usually beats what local printers quote for the same quality. I can put together a free digital mockup of a Change with Pilates Studio | BASI Pilates Trainer, PSSE Schroth for Scoliosis, Pre & Post-natal, Pelvic Floor branded tote within 48 hours. No cost and no obligation either way, it's yours to look at. Would it be alright if I sent that over? Faiaz
Merch Maverick
themerchmaverick.com"
Arc Pilates and Movement,jenna@arcpilatesandmovement.com,pilates,Denver,US,http://arcpilatesandmovement.com/,5,88,thought of Arc Pilates and Movement for something,"Hi there, I came across Arc Pilates and Movement while researching top rated reformer pilates studios in Denver and noticed you're holding a 5 rating across 88 reviews. That's the kind of loyalty that usually means members are proud to be part of the studio, not just attending classes. We're Merch Maverick, a factory direct supplier of branded totes, mat bags, and studio apparel for pilates studios. We work without agency markups, so the pricing usually beats what local printers quote for the same quality. I can put together a free digital mockup of a Arc Pilates and Movement branded tote within 48 hours. No cost and no obligation either way, it's yours to look at. Would it be alright if I sent that over? Faiaz
Merch Maverick
themerchmaverick.com"
Lost Language,hello@lostlanguagesauna.com,sauna,Chicago,US,https://www.lostlanguagesauna.com/,5,87,"quick idea, Lost Language","Hi there, I came across Lost Language while researching top rated sauna studios in Chicago and noticed you're holding a 5 rating across 87 reviews. That kind of consistency usually means people leave your space wanting to take a piece of the experience home with them. We're Merch Maverick, a factory direct supplier for branded sauna hats, towels, and robes for studios like yours. No middlemen, no inflated agency pricing, just your logo on the exact ritual gear your members already associate with the experience. I'll put together a free digital mockup of a Lost Language branded wool felt sauna hat within 48 hours. If you don't love it, there's no cost and no obligation, it's yours to look at either way. Would it be okay if I sent that mockup over? Faiaz
Merch Maverick
themerchmaverick.com"
Carrieʻs Pilates Houston Heights,info@houstonheights.carriespilatesplus.com,pilates,Houston,US,https://houstonheights.carriespilatesplus.com/,5,87,quick question about Carrieʻs Pilates Houston Heights's retail shelf,"Hi there, I came across Carrieʻs Pilates Houston Heights while researching top rated reformer pilates studios in Houston and noticed you're holding a 5 rating across 87 reviews. That's the kind of loyalty that usually means members are proud to be part of the studio, not just attending classes. We're Merch Maverick, a factory direct supplier of branded totes, mat bags, and studio apparel for pilates studios. We work without agency markups, so the pricing usually beats what local printers quote for the same quality. I can put together a free digital mockup of a Carrieʻs Pilates Houston Heights branded tote within 48 hours. No cost and no obligation either way, it's yours to look at. Would it be alright if I sent that over? Faiaz
Merch Maverick
themerchmaverick.com"
MPower Nashville + A Lagree Studio,hello@mpowerbhm.com,pilates,Nashville,US,https://www.mpowerbhm.com/,5,87,quick idea for MPower Nashville + A Lagree Studio's members,"Hi there, I came across MPower Nashville + A Lagree Studio while researching top rated reformer pilates studios in Nashville and noticed you're holding a 5 rating across 87 reviews. That's the kind of loyalty that usually means members are proud to be part of the studio, not just attending classes. We're Merch Maverick, a factory direct supplier of branded totes, mat bags, and studio apparel for pilates studios. We work without agency markups, so the pricing usually beats what local printers quote for the same quality. I can put together a free digital mockup of a MPower Nashville + A Lagree Studio branded tote within 48 hours. No cost and no obligation either way, it's yours to look at. Would it be alright if I sent that over? Faiaz
Merch Maverick
themerchmaverick.com"
Pilates Manchester,info@pilatesmanchester.com,pilates,Manchester,GB,http://www.pilatesmanchester.com/,5,87,quick note for Pilates Manchester,"Hi there, I came across Pilates Manchester while researching top rated reformer pilates studios in Manchester and noticed you're holding a 5 rating across 87 reviews. That's the kind of loyalty that usually means members are proud to be part of the studio, not just attending classes. We're Merch Maverick, a factory direct supplier of branded totes, mat bags, and studio apparel for pilates studios. We work without agency markups, so the pricing usually beats what local printers quote for the same quality. I can put together a free digital mockup of a Pilates Manchester branded tote within 48 hours. No cost and no obligation either way, it's yours to look at. Would it be alright if I sent that over? Faiaz
Merch Maverick
themerchmaverick.com"
Lost Language,hello@lostlanguagesauna.com,cold_plunge,Chicago,US,https://www.lostlanguagesauna.com/,5,87,thought of Lost Language for something,"Hi there, I came across Lost Language while researching top rated cold plunge and sauna spaces in Chicago and noticed you're holding a 5 rating across 87 reviews. Numbers like that usually mean people leave talking about the experience, which is exactly the kind of thing branded gear tends to amplify. We're Merch Maverick, a factory direct supplier of branded robes, towels, and recovery hoodies for studios like yours, no agency markups, just your logo on gear members already want. I can send over a free digital mockup of a Lost Language branded robe within 48 hours. If it is not a fit, no cost and no obligation. Would it be okay if I sent that mockup your way? Faiaz
Merch Maverick
themerchmaverick.com"
Bywater Sauna,info@bywatersauna.com,sauna,Washington,US,https://www.bywatersauna.com/,5,86,"quick idea, Bywater Sauna","Hi there, I came across Bywater Sauna while researching top rated sauna studios in Washington and noticed you're holding a 5 rating across 86 reviews. That kind of consistency usually means people leave your space wanting to take a piece of the experience home with them. We're Merch Maverick, a factory direct supplier for branded sauna hats, towels, and robes for studios like yours. No middlemen, no inflated agency pricing, just your logo on the exact ritual gear your members already associate with the experience. I'll put together a free digital mockup of a Bywater Sauna branded wool felt sauna hat within 48 hours. If you don't love it, there's no cost and no obligation, it's yours to look at either way. Would it be okay if I sent that mockup over? Faiaz
Merch Maverick
themerchmaverick.com"
Bywater Sauna,info@bywatersauna.com,cold_plunge,Seattle,US,https://www.bywatersauna.com/,5,86,quick question about Bywater Sauna's retail shelf,"Hi there, I came across Bywater Sauna while researching top rated cold plunge and sauna spaces in Seattle and noticed you're holding a 5 rating across 86 reviews. Numbers like that usually mean people leave talking about the experience, which is exactly the kind of thing branded gear tends to amplify. We're Merch Maverick, a factory direct supplier of branded robes, towels, and recovery hoodies for studios like yours, no agency markups, just your logo on gear members already want. I can send over a free digital mockup of a Bywater Sauna branded robe within 48 hours. If it is not a fit, no cost and no obligation. Would it be okay if I sent that mockup your way? Faiaz
Merch Maverick
themerchmaverick.com"
Head Spa Nordic,hello@headspanordic.se,sauna,Stockholm,SE,http://www.headspanordic.se/,5,85,quick idea for Head Spa Nordic's members,"Hi there, I came across Head Spa Nordic while researching top rated sauna studios in Stockholm and noticed you're holding a 5 rating across 85 reviews. That kind of consistency usually means people leave your space wanting to take a piece of the experience home with them. We're Merch Maverick, a factory direct supplier for branded sauna hats, towels, and robes for studios like yours. No middlemen, no inflated agency pricing, just your logo on the exact ritual gear your members already associate with the experience. I'll put together a free digital mockup of a Head Spa Nordic branded wool felt sauna hat within 48 hours. If you don't love it, there's no cost and no obligation, it's yours to look at either way. Would it be okay if I sent that mockup over? Faiaz
Merch Maverick
themerchmaverick.com"
Studio78 - K Street,frontdesk@studio78boston.com,pilates,Boston,US,https://www.studio78boston.com/,5,85,quick note for Studio78 - K Street,"Hi there, I came across Studio78 - K Street while researching top rated reformer pilates studios in Boston and noticed you're holding a 5 rating across 85 reviews. That's the kind of loyalty that usually means members are proud to be part of the studio, not just attending classes. We're Merch Maverick, a factory direct supplier of branded totes, mat bags, and studio apparel for pilates studios. We work without agency markups, so the pricing usually beats what local printers quote for the same quality. I can put together a free digital mockup of a Studio78 - K Street branded tote within 48 hours. No cost and no obligation either way, it's yours to look at. Would it be alright if I sent that over? Faiaz
Merch Maverick
themerchmaverick.com"
Head Spa Nordic,hello@headspanordic.se,cold_plunge,Stockholm,SE,http://www.headspanordic.se/,5,85,thought of Head Spa Nordic for something,"Hi there, I came across Head Spa Nordic while researching top rated cold plunge and sauna spaces in Stockholm and noticed you're holding a 5 rating across 85 reviews. Numbers like that usually mean people leave talking about the experience, which is exactly the kind of thing branded gear tends to amplify. We're Merch Maverick, a factory direct supplier of branded robes, towels, and recovery hoodies for studios like yours, no agency markups, just your logo on gear members already want. I can send over a free digital mockup of a Head Spa Nordic branded robe within 48 hours. If it is not a fit, no cost and no obligation. Would it be okay if I sent that mockup your way? Faiaz
Merch Maverick
themerchmaverick.com"
Restore Harmony,restore.harmony@outlook.com,cold_plunge,Birmingham,GB,http://www.restoreharmony.co.uk/,5,85,"quick idea, Restore Harmony","Hi there, I came across Restore Harmony while researching top rated cold plunge and sauna spaces in Birmingham and noticed you're holding a 5 rating across 85 reviews. Numbers like that usually mean people leave talking about the experience, which is exactly the kind of thing branded gear tends to amplify. We're Merch Maverick, a factory direct supplier of branded robes, towels, and recovery hoodies for studios like yours, no agency markups, just your logo on gear members already want. I can send over a free digital mockup of a Restore Harmony branded robe within 48 hours. If it is not a fit, no cost and no obligation. Would it be okay if I sent that mockup your way? Faiaz
Merch Maverick
themerchmaverick.com"
The Ice Room Miami,user@domain.com,sauna,Miami,US,https://www.theiceroommiami.com/,5,84,quick question about The Ice Room Miami's retail shelf,"Hi there, I came across The Ice Room Miami while researching top rated sauna studios in Miami and noticed you're holding a 5 rating across 84 reviews. That kind of consistency usually means people leave your space wanting to take a piece of the experience home with them. We're Merch Maverick, a factory direct supplier for branded sauna hats, towels, and robes for studios like yours. No middlemen, no inflated agency pricing, just your logo on the exact ritual gear your members already associate with the experience. I'll put together a free digital mockup of a The Ice Room Miami branded wool felt sauna hat within 48 hours. If you don't love it, there's no cost and no obligation, it's yours to look at either way. Would it be okay if I sent that mockup over? Faiaz
Merch Maverick
themerchmaverick.com"
Graft Pilates,user@domain.com,pilates,Birmingham,GB,http://graftpilates.co.uk/,5,84,quick idea for Graft Pilates's members,"Hi there, I came across Graft Pilates while researching top rated reformer pilates studios in Birmingham and noticed you're holding a 5 rating across 84 reviews. That's the kind of loyalty that usually means members are proud to be part of the studio, not just attending classes. We're Merch Maverick, a factory direct supplier of branded totes, mat bags, and studio apparel for pilates studios. We work without agency markups, so the pricing usually beats what local printers quote for the same quality. I can put together a free digital mockup of a Graft Pilates branded tote within 48 hours. No cost and no obligation either way, it's yours to look at. Would it be alright if I sent that over? Faiaz
Merch Maverick
themerchmaverick.com"
The Ice Room Miami,user@domain.com,cold_plunge,Miami,US,https://www.theiceroommiami.com/,5,84,quick note for The Ice Room Miami,"Hi there, I came across The Ice Room Miami while researching top rated cold plunge and sauna spaces in Miami and noticed you're holding a 5 rating across 84 reviews. Numbers like that usually mean people leave talking about the experience, which is exactly the kind of thing branded gear tends to amplify. We're Merch Maverick, a factory direct supplier of branded robes, towels, and recovery hoodies for studios like yours, no agency markups, just your logo on gear members already want. I can send over a free digital mockup of a The Ice Room Miami branded robe within 48 hours. If it is not a fit, no cost and no obligation. Would it be okay if I sent that mockup your way? Faiaz
Merch Maverick
themerchmaverick.com"
Re-Set,hello@re-set.club,sauna,Paris,FR,https://www.re-set.club/,5,83,thought of Re-Set for something,"Hi there, I came across Re-Set while researching top rated sauna studios in Paris and noticed you're holding a 5 rating across 83 reviews. That kind of consistency usually means people leave your space wanting to take a piece of the experience home with them. We're Merch Maverick, a factory direct supplier for branded sauna hats, towels, and robes for studios like yours. No middlemen, no inflated agency pricing, just your logo on the exact ritual gear your members already associate with the experience. I'll put together a free digital mockup of a Re-Set branded wool felt sauna hat within 48 hours. If you don't love it, there's no cost and no obligation, it's yours to look at either way. Would it be okay if I sent that mockup over? Faiaz
Merch Maverick
themerchmaverick.com"
Re-Set,hello@re-set.club,cold_plunge,Paris,FR,https://www.re-set.club/,5,83,"quick idea, Re-Set","Hi there, I came across Re-Set while researching top rated cold plunge and sauna spaces in Paris and noticed you're holding a 5 rating across 83 reviews. Numbers like that usually mean people leave talking about the experience, which is exactly the kind of thing branded gear tends to amplify. We're Merch Maverick, a factory direct supplier of branded robes, towels, and recovery hoodies for studios like yours, no agency markups, just your logo on gear members already want. I can send over a free digital mockup of a Re-Set branded robe within 48 hours. If it is not a fit, no cost and no obligation. Would it be okay if I sent that mockup your way? Faiaz
Merch Maverick
themerchmaverick.com"
Radiant Vida Spa,info@radiantvidaspa.com,sauna,Houston,US,https://radiantvidaspa.com/,5,82,quick question about Radiant Vida Spa's retail shelf,"Hi there, I came across Radiant Vida Spa while researching top rated sauna studios in Houston and noticed you're holding a 5 rating across 82 reviews. That kind of consistency usually means people leave your space wanting to take a piece of the experience home with them. We're Merch Maverick, a factory direct supplier for branded sauna hats, towels, and robes for studios like yours. No middlemen, no inflated agency pricing, just your logo on the exact ritual gear your members already associate with the experience. I'll put together a free digital mockup of a Radiant Vida Spa branded wool felt sauna hat within 48 hours. If you don't love it, there's no cost and no obligation, it's yours to look at either way. Would it be okay if I sent that mockup over? Faiaz
Merch Maverick
themerchmaverick.com"
Pause West Nashville,westnashville@pausestudio.com,sauna,Nashville,US,https://pausestudio.com/westnashville,5,82,quick idea for Pause West Nashville's members,"Hi there, I came across Pause West Nashville while researching top rated sauna studios in Nashville and noticed you're holding a 5 rating across 82 reviews. That kind of consistency usually means people leave your space wanting to take a piece of the experience home with them. We're Merch Maverick, a factory direct supplier for branded sauna hats, towels, and robes for studios like yours. No middlemen, no inflated agency pricing, just your logo on the exact ritual gear your members already associate with the experience. I'll put together a free digital mockup of a Pause West Nashville branded wool felt sauna hat within 48 hours. If you don't love it, there's no cost and no obligation, it's yours to look at either way. Would it be okay if I sent that mockup over? Faiaz
Merch Maverick
themerchmaverick.com"
"Aja House · Studio de Pilates Reformer, Yoga, Barre et Cardio",contact@ajahouse.fr,pilates,Paris,FR,https://www.ajahouse.fr/,5,82,"quick note for Aja House · Studio de Pilates Reformer, Yoga, Barre et Cardio","Hi there, I came across Aja House · Studio de Pilates Reformer, Yoga, Barre et Cardio while researching top rated reformer pilates studios in Paris and noticed you're holding a 5 rating across 82 reviews. That's the kind of loyalty that usually means members are proud to be part of the studio, not just attending classes. We're Merch Maverick, a factory direct supplier of branded totes, mat bags, and studio apparel for pilates studios. We work without agency markups, so the pricing usually beats what local printers quote for the same quality. I can put together a free digital mockup of a Aja House · Studio de Pilates Reformer, Yoga, Barre et Cardio branded tote within 48 hours. No cost and no obligation either way, it's yours to look at. Would it be alright if I sent that over? Faiaz
Merch Maverick
themerchmaverick.com"
Pause West Nashville,westnashville@pausestudio.com,cold_plunge,Nashville,US,https://pausestudio.com/westnashville,5,82,thought of Pause West Nashville for something,"Hi there, I came across Pause West Nashville while researching top rated cold plunge and sauna spaces in Nashville and noticed you're holding a 5 rating across 82 reviews. Numbers like that usually mean people leave talking about the experience, which is exactly the kind of thing branded gear tends to amplify. We're Merch Maverick, a factory direct supplier of branded robes, towels, and recovery hoodies for studios like yours, no agency markups, just your logo on gear members already want. I can send over a free digital mockup of a Pause West Nashville branded robe within 48 hours. If it is not a fit, no cost and no obligation. Would it be okay if I sent that mockup your way? Faiaz
Merch Maverick
themerchmaverick.com"
Kore Kollective Modern Pilates,howdy@korekollective.com,pilates,Austin,US,http://korekollective.com/,5,81,"quick idea, Kore Kollective Modern Pilates","Hi there, I came across Kore Kollective Modern Pilates while researching top rated reformer pilates studios in Austin and noticed you're holding a 5 rating across 81 reviews. That's the kind of loyalty that usually means members are proud to be part of the studio, not just attending classes. We're Merch Maverick, a factory direct supplier of branded totes, mat bags, and studio apparel for pilates studios. We work without agency markups, so the pricing usually beats what local printers quote for the same quality. I can put together a free digital mockup of a Kore Kollective Modern Pilates branded tote within 48 hours. No cost and no obligation either way, it's yours to look at. Would it be alright if I sent that over? Faiaz
Merch Maverick
themerchmaverick.com"
Good Day Sauna - Lincoln Park West Seattle,info@gooddaysauna.com,sauna,Seattle,US,http://www.gooddaysauna.com/,5,80,quick question about Good Day Sauna - Lincoln Park West Seattle's retail shelf,"Hi there, I came across Good Day Sauna - Lincoln Park West Seattle while researching top rated sauna studios in Seattle and noticed you're holding a 5 rating across 80 reviews. That kind of consistency usually means people leave your space wanting to take a piece of the experience home with them. We're Merch Maverick, a factory direct supplier for branded sauna hats, towels, and robes for studios like yours. No middlemen, no inflated agency pricing, just your logo on the exact ritual gear your members already associate with the experience. I'll put together a free digital mockup of a Good Day Sauna - Lincoln Park West Seattle branded wool felt sauna hat within 48 hours. If you don't love it, there's no cost and no obligation, it's yours to look at either way. Would it be okay if I sent that mockup over? Faiaz
Merch Maverick
themerchmaverick.com"
My Pilates Studio,info@mypilatesstudio.ca,pilates,Toronto,CA,http://www.mypilatesstudio.ca/,5,80,quick idea for My Pilates Studio's members,"Hi there, I came across My Pilates Studio while researching top rated reformer pilates studios in Toronto and noticed you're holding a 5 rating across 80 reviews. That's the kind of loyalty that usually means members are proud to be part of the studio, not just attending classes. We're Merch Maverick, a factory direct supplier of branded totes, mat bags, and studio apparel for pilates studios. We work without agency markups, so the pricing usually beats what local printers quote for the same quality. I can put together a free digital mockup of a My Pilates Studio branded tote within 48 hours. No cost and no obligation either way, it's yours to look at. Would it be alright if I sent that over? Faiaz
Merch Maverick
themerchmaverick.com"
Perspire Sauna Studio,ocotillo@perspiresaunastudio.com,sauna,Phoenix,US,https://www.perspiresaunastudio.com/az/ocotillo/,5,79,quick note for Perspire Sauna Studio,"Hi there, I came across Perspire Sauna Studio while researching top rated sauna studios in Phoenix and noticed you're holding a 5 rating across 79 reviews. That kind of consistency usually means people leave your space wanting to take a piece of the experience home with them. We're Merch Maverick, a factory direct supplier for branded sauna hats, towels, and robes for studios like yours. No middlemen, no inflated agency pricing, just your logo on the exact ritual gear your members already associate with the experience. I'll put together a free digital mockup of a Perspire Sauna Studio branded wool felt sauna hat within 48 hours. If you don't love it, there's no cost and no obligation, it's yours to look at either way. Would it be okay if I sent that mockup over? Faiaz
Merch Maverick
themerchmaverick.com"
Core Precision Megaformer Pilates,hello@rfuenzalida.com,pilates,Anaheim,US,https://coreprecisionyl.com/,5,79,thought of Core Precision Megaformer Pilates for something,"Hi there, I came across Core Precision Megaformer Pilates while researching top rated reformer pilates studios in Anaheim and noticed you're holding a 5 rating across 79 reviews. That's the kind of loyalty that usually means members are proud to be part of the studio, not just attending classes. We're Merch Maverick, a factory direct supplier of branded totes, mat bags, and studio apparel for pilates studios. We work without agency markups, so the pricing usually beats what local printers quote for the same quality. I can put together a free digital mockup of a Core Precision Megaformer Pilates branded tote within 48 hours. No cost and no obligation either way, it's yours to look at. Would it be alright if I sent that over? Faiaz
Merch Maverick
themerchmaverick.com"
Studio Australia Barcelona,info@studioaustraliabarcelona.com,pilates,Barcelona,ES,https://studioaustraliabarcelona.com/,5,79,"quick idea, Studio Australia Barcelona","Hi there, I came across Studio Australia Barcelona while researching top rated reformer pilates studios in Barcelona and noticed you're holding a 5 rating across 79 reviews. That's the kind of loyalty that usually means members are proud to be part of the studio, not just attending classes. We're Merch Maverick, a factory direct supplier of branded totes, mat bags, and studio apparel for pilates studios. We work without agency markups, so the pricing usually beats what local printers quote for the same quality. I can put together a free digital mockup of a Studio Australia Barcelona branded tote within 48 hours. No cost and no obligation either way, it's yours to look at. Would it be alright if I sent that over? Faiaz
Merch Maverick
themerchmaverick.com"
IVMEDISPA,info@ivmedispa.com,cold_plunge,Edinburgh,GB,https://www.ivmedispa.com/,5,79,quick question about IVMEDISPA's retail shelf,"Hi there, I came across IVMEDISPA while researching top rated cold plunge and sauna spaces in Edinburgh and noticed you're holding a 5 rating across 79 reviews. Numbers like that usually mean people leave talking about the experience, which is exactly the kind of thing branded gear tends to amplify. We're Merch Maverick, a factory direct supplier of branded robes, towels, and recovery hoodies for studios like yours, no agency markups, just your logo on gear members already want. I can send over a free digital mockup of a IVMEDISPA branded robe within 48 hours. If it is not a fit, no cost and no obligation. Would it be okay if I sent that mockup your way? Faiaz
Merch Maverick
themerchmaverick.com"
Soul Suites Hamilton,hello@send.hamilton.soul-suites.co.uk,sauna,Glasgow,GB,http://hamilton.soul-suites.co.uk/,5,78,quick idea for Soul Suites Hamilton's members,"Hi there, I came across Soul Suites Hamilton while researching top rated sauna studios in Glasgow and noticed you're holding a 5 rating across 78 reviews. That kind of consistency usually means people leave your space wanting to take a piece of the experience home with them. We're Merch Maverick, a factory direct supplier for branded sauna hats, towels, and robes for studios like yours. No middlemen, no inflated agency pricing, just your logo on the exact ritual gear your members already associate with the experience. I'll put together a free digital mockup of a Soul Suites Hamilton branded wool felt sauna hat within 48 hours. If you don't love it, there's no cost and no obligation, it's yours to look at either way. Would it be okay if I sent that mockup over? Faiaz
Merch Maverick
themerchmaverick.com"
Rebalanced SF Pilates & Strength Training,user@domain.com,pilates,San Francisco,US,http://www.rebalancedsf.com/,5,78,quick note for Rebalanced SF Pilates & Strength Training,"Hi there, I came across Rebalanced SF Pilates & Strength Training while researching top rated reformer pilates studios in San Francisco and noticed you're holding a 5 rating across 78 reviews. That's the kind of loyalty that usually means members are proud to be part of the studio, not just attending classes. We're Merch Maverick, a factory direct supplier of branded totes, mat bags, and studio apparel for pilates studios. We work without agency markups, so the pricing usually beats what local printers quote for the same quality. I can put together a free digital mockup of a Rebalanced SF Pilates & Strength Training branded tote within 48 hours. No cost and no obligation either way, it's yours to look at. Would it be alright if I sent that over? Faiaz
Merch Maverick
themerchmaverick.com"
good pilates,info@goodpilatesatx.com,pilates,Austin,US,http://www.goodpilatesatx.com/,5,78,thought of good pilates for something,"Hi there, I came across good pilates while researching top rated reformer pilates studios in Austin and noticed you're holding a 5 rating across 78 reviews. That's the kind of loyalty that usually means members are proud to be part of the studio, not just attending classes. We're Merch Maverick, a factory direct supplier of branded totes, mat bags, and studio apparel for pilates studios. We work without agency markups, so the pricing usually beats what local printers quote for the same quality. I can put together a free digital mockup of a good pilates branded tote within 48 hours. No cost and no obligation either way, it's yours to look at. Would it be alright if I sent that over? Faiaz
Merch Maverick
themerchmaverick.com"
Calm & Core Reformer Pilates Studio,info@calmandcore.co,pilates,Glasgow,GB,https://www.calmandcore.co.uk/,5,78,"quick idea, Calm & Core Reformer Pilates Studio","Hi there, I came across Calm & Core Reformer Pilates Studio while researching top rated reformer pilates studios in Glasgow and noticed you're holding a 5 rating across 78 reviews. That's the kind of loyalty that usually means members are proud to be part of the studio, not just attending classes. We're Merch Maverick, a factory direct supplier of branded totes, mat bags, and studio apparel for pilates studios. We work without agency markups, so the pricing usually beats what local printers quote for the same quality. I can put together a free digital mockup of a Calm & Core Reformer Pilates Studio branded tote within 48 hours. No cost and no obligation either way, it's yours to look at. Would it be alright if I sent that over? Faiaz
Merch Maverick
themerchmaverick.com"
Soul Suites Hamilton,hello@send.hamilton.soul-suites.co.uk,cold_plunge,Glasgow,GB,http://hamilton.soul-suites.co.uk/,5,78,quick question about Soul Suites Hamilton's retail shelf,"Hi there, I came across Soul Suites Hamilton while researching top rated cold plunge and sauna spaces in Glasgow and noticed you're holding a 5 rating across 78 reviews. Numbers like that usually mean people leave talking about the experience, which is exactly the kind of thing branded gear tends to amplify. We're Merch Maverick, a factory direct supplier of branded robes, towels, and recovery hoodies for studios like yours, no agency markups, just your logo on gear members already want. I can send over a free digital mockup of a Soul Suites Hamilton branded robe within 48 hours. If it is not a fit, no cost and no obligation. Would it be okay if I sent that mockup your way? Faiaz
Merch Maverick
themerchmaverick.com"
CLEARLY Reformer Pilates,user@domain.com,pilates,Chicago,US,https://clearlyreformerpilates.com/,5,77,quick idea for CLEARLY Reformer Pilates's members,"Hi there, I came across CLEARLY Reformer Pilates while researching top rated reformer pilates studios in Chicago and noticed you're holding a 5 rating across 77 reviews. That's the kind of loyalty that usually means members are proud to be part of the studio, not just attending classes. We're Merch Maverick, a factory direct supplier of branded totes, mat bags, and studio apparel for pilates studios. We work without agency markups, so the pricing usually beats what local printers quote for the same quality. I can put together a free digital mockup of a CLEARLY Reformer Pilates branded tote within 48 hours. No cost and no obligation either way, it's yours to look at. Would it be alright if I sent that over? Faiaz
Merch Maverick
themerchmaverick.com"
Hell’s Kitchen Pilates,info@hellskitchenpilates.com,pilates,New York,US,https://www.hellskitchenpilates.com/,5,77,quick note for Hell’s Kitchen Pilates,"Hi there, I came across Hell’s Kitchen Pilates while researching top rated reformer pilates studios in New York and noticed you're holding a 5 rating across 77 reviews. That's the kind of loyalty that usually means members are proud to be part of the studio, not just attending classes. We're Merch Maverick, a factory direct supplier of branded totes, mat bags, and studio apparel for pilates studios. We work without agency markups, so the pricing usually beats what local printers quote for the same quality. I can put together a free digital mockup of a Hell’s Kitchen Pilates branded tote within 48 hours. No cost and no obligation either way, it's yours to look at. Would it be alright if I sent that over? Faiaz
Merch Maverick
themerchmaverick.com"
Axis Pilates Denver,info@axispilates.com,pilates,Denver,US,http://axispilates.com/,5,77,thought of Axis Pilates Denver for something,"Hi there, I came across Axis Pilates Denver while researching top rated reformer pilates studios in Denver and noticed you're holding a 5 rating across 77 reviews. That's the kind of loyalty that usually means members are proud to be part of the studio, not just attending classes. We're Merch Maverick, a factory direct supplier of branded totes, mat bags, and studio apparel for pilates studios. We work without agency markups, so the pricing usually beats what local printers quote for the same quality. I can put together a free digital mockup of a Axis Pilates Denver branded tote within 48 hours. No cost and no obligation either way, it's yours to look at. Would it be alright if I sent that over? Faiaz
Merch Maverick
themerchmaverick.com"
Alive Miami - IV Therapy | Peptides | NAD+ | Exosomes,info@alivemiami.com,cold_plunge,Miami,US,https://alivemiami.com/brickell,5,77,"quick idea, Alive Miami - IV Therapy | Peptides | NAD+ | Exosomes","Hi there, I came across Alive Miami - IV Therapy | Peptides | NAD+ | Exosomes while researching top rated cold plunge and sauna spaces in Miami and noticed you're holding a 5 rating across 77 reviews. Numbers like that usually mean people leave talking about the experience, which is exactly the kind of thing branded gear tends to amplify. We're Merch Maverick, a factory direct supplier of branded robes, towels, and recovery hoodies for studios like yours, no agency markups, just your logo on gear members already want. I can send over a free digital mockup of a Alive Miami - IV Therapy | Peptides | NAD+ | Exosomes branded robe within 48 hours. If it is not a fit, no cost and no obligation. Would it be okay if I sent that mockup your way? Faiaz
Merch Maverick
themerchmaverick.com"
The Breathing Room,info@breathingroomhtx.com,pilates,Houston,US,http://www.breathingroomhtx.com/,5,76,quick question about The Breathing Room's retail shelf,"Hi there, I came across The Breathing Room while researching top rated reformer pilates studios in Houston and noticed you're holding a 5 rating across 76 reviews. That's the kind of loyalty that usually means members are proud to be part of the studio, not just attending classes. We're Merch Maverick, a factory direct supplier of branded totes, mat bags, and studio apparel for pilates studios. We work without agency markups, so the pricing usually beats what local printers quote for the same quality. I can put together a free digital mockup of a The Breathing Room branded tote within 48 hours. No cost and no obligation either way, it's yours to look at. Would it be alright if I sent that over? Faiaz
Merch Maverick
themerchmaverick.com"
My Pilates Studio,lena.zerb@gmail.com,pilates,Boston,US,http://my-pilates-studio.com/,5,76,quick idea for My Pilates Studio's members,"Hi there, I came across My Pilates Studio while researching top rated reformer pilates studios in Boston and noticed you're holding a 5 rating across 76 reviews. That's the kind of loyalty that usually means members are proud to be part of the studio, not just attending classes. We're Merch Maverick, a factory direct supplier of branded totes, mat bags, and studio apparel for pilates studios. We work without agency markups, so the pricing usually beats what local printers quote for the same quality. I can put together a free digital mockup of a My Pilates Studio branded tote within 48 hours. No cost and no obligation either way, it's yours to look at. Would it be alright if I sent that over? Faiaz
Merch Maverick
themerchmaverick.com"
Jetset Pilates - RiNo,rino@jetsetpilates.com,pilates,Denver,US,https://jetsetpilates.com/co/rino/,5,76,quick note for Jetset Pilates - RiNo,"Hi there, I came across Jetset Pilates - RiNo while researching top rated reformer pilates studios in Denver and noticed you're holding a 5 rating across 76 reviews. That's the kind of loyalty that usually means members are proud to be part of the studio, not just attending classes. We're Merch Maverick, a factory direct supplier of branded totes, mat bags, and studio apparel for pilates studios. We work without agency markups, so the pricing usually beats what local printers quote for the same quality. I can put together a free digital mockup of a Jetset Pilates - RiNo branded tote within 48 hours. No cost and no obligation either way, it's yours to look at. Would it be alright if I sent that over? Faiaz
Merch Maverick
themerchmaverick.com"
Kraftzentrum Pilates,office@krftzntrm.de,pilates,Munich,DE,https://krftzntrm.de/,5,76,thought of Kraftzentrum Pilates for something,"Hi there, I came across Kraftzentrum Pilates while researching top rated reformer pilates studios in Munich and noticed you're holding a 5 rating across 76 reviews. That's the kind of loyalty that usually means members are proud to be part of the studio, not just attending classes. We're Merch Maverick, a factory direct supplier of branded totes, mat bags, and studio apparel for pilates studios. We work without agency markups, so the pricing usually beats what local printers quote for the same quality. I can put together a free digital mockup of a Kraftzentrum Pilates branded tote within 48 hours. No cost and no obligation either way, it's yours to look at. Would it be alright if I sent that over? Faiaz
Merch Maverick
themerchmaverick.com"
Bristol Pilates Studio,hello@bristolpilatesstudio.com,pilates,Bristol,GB,https://bristolpilatesstudio.com/,5,76,"quick idea, Bristol Pilates Studio","Hi there, I came across Bristol Pilates Studio while researching top rated reformer pilates studios in Bristol and noticed you're holding a 5 rating across 76 reviews. That's the kind of loyalty that usually means members are proud to be part of the studio, not just attending classes. We're Merch Maverick, a factory direct supplier of branded totes, mat bags, and studio apparel for pilates studios. We work without agency markups, so the pricing usually beats what local printers quote for the same quality. I can put together a free digital mockup of a Bristol Pilates Studio branded tote within 48 hours. No cost and no obligation either way, it's yours to look at. Would it be alright if I sent that over? Faiaz
Merch Maverick
themerchmaverick.com"
SPArtisan Budapest I Exclusive Spa Сomplex,info@spartisan.eu,sauna,Budapest,HU,http://www.spartisan.eu/,5,75,quick question about SPArtisan Budapest I Exclusive Spa Сomplex's retail shelf,"Hi there, I came across SPArtisan Budapest I Exclusive Spa Сomplex while researching top rated sauna studios in Budapest and noticed you're holding a 5 rating across 75 reviews. That kind of consistency usually means people leave your space wanting to take a piece of the experience home with them. We're Merch Maverick, a factory direct supplier for branded sauna hats, towels, and robes for studios like yours. No middlemen, no inflated agency pricing, just your logo on the exact ritual gear your members already associate with the experience. I'll put together a free digital mockup of a SPArtisan Budapest I Exclusive Spa Сomplex branded wool felt sauna hat within 48 hours. If you don't love it, there's no cost and no obligation, it's yours to look at either way. Would it be okay if I sent that mockup over? Faiaz
Merch Maverick
themerchmaverick.com"
Be Pilates Studio,support@bepilatesstudio.co.uk,pilates,Birmingham,GB,https://www.bepilatesstudio.co.uk/,5,75,quick idea for Be Pilates Studio's members,"Hi there, I came across Be Pilates Studio while researching top rated reformer pilates studios in Birmingham and noticed you're holding a 5 rating across 75 reviews. That's the kind of loyalty that usually means members are proud to be part of the studio, not just attending classes. We're Merch Maverick, a factory direct supplier of branded totes, mat bags, and studio apparel for pilates studios. We work without agency markups, so the pricing usually beats what local printers quote for the same quality. I can put together a free digital mockup of a Be Pilates Studio branded tote within 48 hours. No cost and no obligation either way, it's yours to look at. Would it be alright if I sent that over? Faiaz
Merch Maverick
themerchmaverick.com"
SPArtisan Budapest I Exclusive Spa Сomplex,info@spartisan.eu,cold_plunge,Budapest,HU,http://www.spartisan.eu/,5,75,quick note for SPArtisan Budapest I Exclusive Spa Сomplex,"Hi there, I came across SPArtisan Budapest I Exclusive Spa Сomplex while researching top rated cold plunge and sauna spaces in Budapest and noticed you're holding a 5 rating across 75 reviews. Numbers like that usually mean people leave talking about the experience, which is exactly the kind of thing branded gear tends to amplify. We're Merch Maverick, a factory direct supplier of branded robes, towels, and recovery hoodies for studios like yours, no agency markups, just your logo on gear members already want. I can send over a free digital mockup of a SPArtisan Budapest I Exclusive Spa Сomplex branded robe within 48 hours. If it is not a fit, no cost and no obligation. Would it be okay if I sent that mockup your way? Faiaz
Merch Maverick
themerchmaverick.com"
Aquatess,info@aquatess.com,sauna,Las Vegas,US,http://www.atess.us/,5,74,thought of Aquatess for something,"Hi there, I came across Aquatess while researching top rated sauna studios in Las Vegas and noticed you're holding a 5 rating across 74 reviews. That kind of consistency usually means people leave your space wanting to take a piece of the experience home with them. We're Merch Maverick, a factory direct supplier for branded sauna hats, towels, and robes for studios like yours. No middlemen, no inflated agency pricing, just your logo on the exact ritual gear your members already associate with the experience. I'll put together a free digital mockup of a Aquatess branded wool felt sauna hat within 48 hours. If you don't love it, there's no cost and no obligation, it's yours to look at either way. Would it be okay if I sent that mockup over? Faiaz
Merch Maverick
themerchmaverick.com"
Kinona Pilates Studio,info@kinonastudio.com,pilates,Miami,US,https://kinonastudio.com/,5,74,"quick idea, Kinona Pilates Studio","Hi there, I came across Kinona Pilates Studio while researching top rated reformer pilates studios in Miami and noticed you're holding a 5 rating across 74 reviews. That's the kind of loyalty that usually means members are proud to be part of the studio, not just attending classes. We're Merch Maverick, a factory direct supplier of branded totes, mat bags, and studio apparel for pilates studios. We work without agency markups, so the pricing usually beats what local printers quote for the same quality. I can put together a free digital mockup of a Kinona Pilates Studio branded tote within 48 hours. No cost and no obligation either way, it's yours to look at. Would it be alright if I sent that over? Faiaz
Merch Maverick
themerchmaverick.com"
QPILATES,info@q-pilates.com,pilates,Barcelona,ES,http://www.q-pilates.com/,5,74,quick question about QPILATES's retail shelf,"Hi there, I came across QPILATES while researching top rated reformer pilates studios in Barcelona and noticed you're holding a 5 rating across 74 reviews. That's the kind of loyalty that usually means members are proud to be part of the studio, not just attending classes. We're Merch Maverick, a factory direct supplier of branded totes, mat bags, and studio apparel for pilates studios. We work without agency markups, so the pricing usually beats what local printers quote for the same quality. I can put together a free digital mockup of a QPILATES branded tote within 48 hours. No cost and no obligation either way, it's yours to look at. Would it be alright if I sent that over? Faiaz
Merch Maverick
themerchmaverick.com"
Aquatess,info@aquatess.com,cold_plunge,Las Vegas,US,http://www.atess.us/,5,74,quick idea for Aquatess's members,"Hi there, I came across Aquatess while researching top rated cold plunge and sauna spaces in Las Vegas and noticed you're holding a 5 rating across 74 reviews. Numbers like that usually mean people leave talking about the experience, which is exactly the kind of thing branded gear tends to amplify. We're Merch Maverick, a factory direct supplier of branded robes, towels, and recovery hoodies for studios like yours, no agency markups, just your logo on gear members already want. I can send over a free digital mockup of a Aquatess branded robe within 48 hours. If it is not a fit, no cost and no obligation. Would it be okay if I sent that mockup your way? Faiaz
Merch Maverick
themerchmaverick.com"
Fit-Energy-Spa,mustermann@beispiel.de,cold_plunge,Vienna,AT,http://www.fit-energy-spa.at/,5,74,quick note for Fit-Energy-Spa,"Hi there, I came across Fit-Energy-Spa while researching top rated cold plunge and sauna spaces in Vienna and noticed you're holding a 5 rating across 74 reviews. Numbers like that usually mean people leave talking about the experience, which is exactly the kind of thing branded gear tends to amplify. We're Merch Maverick, a factory direct supplier of branded robes, towels, and recovery hoodies for studios like yours, no agency markups, just your logo on gear members already want. I can send over a free digital mockup of a Fit-Energy-Spa branded robe within 48 hours. If it is not a fit, no cost and no obligation. Would it be okay if I sent that mockup your way? Faiaz
Merch Maverick
themerchmaverick.com"
Wellness with a Conscience,shabana@wellnesswithaconscience.co.uk,cold_plunge,Glasgow,GB,https://wellnesswithaconscience.co.uk/,5,74,thought of Wellness with a Conscience for something,"Hi there, I came across Wellness with a Conscience while researching top rated cold plunge and sauna spaces in Glasgow and noticed you're holding a 5 rating across 74 reviews. Numbers like that usually mean people leave talking about the experience, which is exactly the kind of thing branded gear tends to amplify. We're Merch Maverick, a factory direct supplier of branded robes, towels, and recovery hoodies for studios like yours, no agency markups, just your logo on gear members already want. I can send over a free digital mockup of a Wellness with a Conscience branded robe within 48 hours. If it is not a fit, no cost and no obligation. Would it be okay if I sent that mockup your way? Faiaz
Merch Maverick
themerchmaverick.com"
Pilates Olympia,gina@pilates-olympia.com,pilates,Washington,US,https://www.pilates-olympia.com/,5,73,"quick idea, Pilates Olympia","Hi there, I came across Pilates Olympia while researching top rated reformer pilates studios in Washington and noticed you're holding a 5 rating across 73 reviews. That's the kind of loyalty that usually means members are proud to be part of the studio, not just attending classes. We're Merch Maverick, a factory direct supplier of branded totes, mat bags, and studio apparel for pilates studios. We work without agency markups, so the pricing usually beats what local printers quote for the same quality. I can put together a free digital mockup of a Pilates Olympia branded tote within 48 hours. No cost and no obligation either way, it's yours to look at. Would it be alright if I sent that over? Faiaz
Merch Maverick
themerchmaverick.com"
"Studio Evolve | Pilates, Gyrotonic & SPRE Bodywork in Wallingford, Seattle, WA",hello@studio-evolve.com,pilates,Seattle,US,http://www.studio-evolve.com/,5,73,"quick question about Studio Evolve | Pilates, Gyrotonic & SPRE Bodywork in Wallingford, Seattle, WA's retail shelf","Hi there, I came across Studio Evolve | Pilates, Gyrotonic & SPRE Bodywork in Wallingford, Seattle, WA while researching top rated reformer pilates studios in Seattle and noticed you're holding a 5 rating across 73 reviews. That's the kind of loyalty that usually means members are proud to be part of the studio, not just attending classes. We're Merch Maverick, a factory direct supplier of branded totes, mat bags, and studio apparel for pilates studios. We work without agency markups, so the pricing usually beats what local printers quote for the same quality. I can put together a free digital mockup of a Studio Evolve | Pilates, Gyrotonic & SPRE Bodywork in Wallingford, Seattle, WA branded tote within 48 hours. No cost and no obligation either way, it's yours to look at. Would it be alright if I sent that over? Faiaz
Merch Maverick
themerchmaverick.com"
Aura Lagree Studio,hello@auralagreestudio.co.uk,pilates,Glasgow,GB,https://www.auralagreestudio.co.uk/,5,73,quick idea for Aura Lagree Studio's members,"Hi there, I came across Aura Lagree Studio while researching top rated reformer pilates studios in Glasgow and noticed you're holding a 5 rating across 73 reviews. That's the kind of loyalty that usually means members are proud to be part of the studio, not just attending classes. We're Merch Maverick, a factory direct supplier of branded totes, mat bags, and studio apparel for pilates studios. We work without agency markups, so the pricing usually beats what local printers quote for the same quality. I can put together a free digital mockup of a Aura Lagree Studio branded tote within 48 hours. No cost and no obligation either way, it's yours to look at. Would it be alright if I sent that over? Faiaz
Merch Maverick
themerchmaverick.com"
RECVR • IV Therapy • Sports Therapy,connect@recvrbrand.com,cold_plunge,Miami,US,https://www.recvrbrand.com/,5,73,quick note for RECVR • IV Therapy • Sports Therapy,"Hi there, I came across RECVR • IV Therapy • Sports Therapy while researching top rated cold plunge and sauna spaces in Miami and noticed you're holding a 5 rating across 73 reviews. Numbers like that usually mean people leave talking about the experience, which is exactly the kind of thing branded gear tends to amplify. We're Merch Maverick, a factory direct supplier of branded robes, towels, and recovery hoodies for studios like yours, no agency markups, just your logo on gear members already want. I can send over a free digital mockup of a RECVR • IV Therapy • Sports Therapy branded robe within 48 hours. If it is not a fit, no cost and no obligation. Would it be okay if I sent that mockup your way? Faiaz
Merch Maverick
themerchmaverick.com"
Restart Reformer Pilates Deansgate,booking@restartpilates.co.uk,pilates,Manchester,GB,https://www.restartpilates.co.uk/,5,72,thought of Restart Reformer Pilates Deansgate for something,"Hi there, I came across Restart Reformer Pilates Deansgate while researching top rated reformer pilates studios in Manchester and noticed you're holding a 5 rating across 72 reviews. That's the kind of loyalty that usually means members are proud to be part of the studio, not just attending classes. We're Merch Maverick, a factory direct supplier of branded totes, mat bags, and studio apparel for pilates studios. We work without agency markups, so the pricing usually beats what local printers quote for the same quality. I can put together a free digital mockup of a Restart Reformer Pilates Deansgate branded tote within 48 hours. No cost and no obligation either way, it's yours to look at. Would it be alright if I sent that over? Faiaz
Merch Maverick
themerchmaverick.com"
Yellow Pilates,hello@yellowpilates.com,pilates,Glasgow,GB,https://yellowpilates.com/,5,72,"quick idea, Yellow Pilates","Hi there, I came across Yellow Pilates while researching top rated reformer pilates studios in Glasgow and noticed you're holding a 5 rating across 72 reviews. That's the kind of loyalty that usually means members are proud to be part of the studio, not just attending classes. We're Merch Maverick, a factory direct supplier of branded totes, mat bags, and studio apparel for pilates studios. We work without agency markups, so the pricing usually beats what local printers quote for the same quality. I can put together a free digital mockup of a Yellow Pilates branded tote within 48 hours. No cost and no obligation either way, it's yours to look at. Would it be alright if I sent that over? Faiaz
Merch Maverick
themerchmaverick.com"
Activate IV and Cryotherapy,lasvegas@stationhydration.com,cold_plunge,Las Vegas,US,https://www.activatelvwellness.com/,5,72,quick question about Activate IV and Cryotherapy's retail shelf,"Hi there, I came across Activate IV and Cryotherapy while researching top rated cold plunge and sauna spaces in Las Vegas and noticed you're holding a 5 rating across 72 reviews. Numbers like that usually mean people leave talking about the experience, which is exactly the kind of thing branded gear tends to amplify. We're Merch Maverick, a factory direct supplier of branded robes, towels, and recovery hoodies for studios like yours, no agency markups, just your logo on gear members already want. I can send over a free digital mockup of a Activate IV and Cryotherapy branded robe within 48 hours. If it is not a fit, no cost and no obligation. Would it be okay if I sent that mockup your way? Faiaz
Merch Maverick
themerchmaverick.com"
Vidavii Mayfair,contact@vidavii.com,cold_plunge,London,GB,https://vidavii.com/,5,72,quick idea for Vidavii Mayfair's members,"Hi there, I came across Vidavii Mayfair while researching top rated cold plunge and sauna spaces in London and noticed you're holding a 5 rating across 72 reviews. Numbers like that usually mean people leave talking about the experience, which is exactly the kind of thing branded gear tends to amplify. We're Merch Maverick, a factory direct supplier of branded robes, towels, and recovery hoodies for studios like yours, no agency markups, just your logo on gear members already want. I can send over a free digital mockup of a Vidavii Mayfair branded robe within 48 hours. If it is not a fit, no cost and no obligation. Would it be okay if I sent that mockup your way? Faiaz
Merch Maverick
themerchmaverick.com"
L'Instant Cryo Paris 16,bordeaux@linstantcryo.com,cold_plunge,Paris,FR,http://www.linstantcryo.com/,5,72,quick note for L'Instant Cryo Paris 16,"Hi there, I came across L'Instant Cryo Paris 16 while researching top rated cold plunge and sauna spaces in Paris and noticed you're holding a 5 rating across 72 reviews. Numbers like that usually mean people leave talking about the experience, which is exactly the kind of thing branded gear tends to amplify. We're Merch Maverick, a factory direct supplier of branded robes, towels, and recovery hoodies for studios like yours, no agency markups, just your logo on gear members already want. I can send over a free digital mockup of a L'Instant Cryo Paris 16 branded robe within 48 hours. If it is not a fit, no cost and no obligation. Would it be okay if I sent that mockup your way? Faiaz
Merch Maverick
themerchmaverick.com"
The Studio,team@latofonts.com,cold_plunge,Bristol,GB,https://thestudioyatton.co.uk/,5,71,thought of The Studio for something,"Hi there, I came across The Studio while researching top rated cold plunge and sauna spaces in Bristol and noticed you're holding a 5 rating across 71 reviews. Numbers like that usually mean people leave talking about the experience, which is exactly the kind of thing branded gear tends to amplify. We're Merch Maverick, a factory direct supplier of branded robes, towels, and recovery hoodies for studios like yours, no agency markups, just your logo on gear members already want. I can send over a free digital mockup of a The Studio branded robe within 48 hours. If it is not a fit, no cost and no obligation. Would it be okay if I sent that mockup your way? Faiaz
Merch Maverick
themerchmaverick.com"
Sauna House North Loop,austinnorthloop@saunahouse.com,sauna,Austin,US,https://www.saunahouse.com/pages/austin-north-loop,5,70,"quick idea, Sauna House North Loop","Hi there, I came across Sauna House North Loop while researching top rated sauna studios in Austin and noticed you're holding a 5 rating across 70 reviews. That kind of consistency usually means people leave your space wanting to take a piece of the experience home with them. We're Merch Maverick, a factory direct supplier for branded sauna hats, towels, and robes for studios like yours. No middlemen, no inflated agency pricing, just your logo on the exact ritual gear your members already associate with the experience. I'll put together a free digital mockup of a Sauna House North Loop branded wool felt sauna hat within 48 hours. If you don't love it, there's no cost and no obligation, it's yours to look at either way. Would it be okay if I sent that mockup over? Faiaz
Merch Maverick
themerchmaverick.com"
Pilates Collective,admin@pilatescollective.studio,pilates,Washington,US,https://www.pilatescollective.studio/,5,70,quick question about Pilates Collective's retail shelf,"Hi there, I came across Pilates Collective while researching top rated reformer pilates studios in Washington and noticed you're holding a 5 rating across 70 reviews. That's the kind of loyalty that usually means members are proud to be part of the studio, not just attending classes. We're Merch Maverick, a factory direct supplier of branded totes, mat bags, and studio apparel for pilates studios. We work without agency markups, so the pricing usually beats what local printers quote for the same quality. I can put together a free digital mockup of a Pilates Collective branded tote within 48 hours. No cost and no obligation either way, it's yours to look at. Would it be alright if I sent that over? Faiaz
Merch Maverick
themerchmaverick.com"
W Pilates,wendypilates18@gmail.com,pilates,New York,US,https://linktr.ee/wpilates,5,70,quick idea for W Pilates's members,"Hi there, I came across W Pilates while researching top rated reformer pilates studios in New York and noticed you're holding a 5 rating across 70 reviews. That's the kind of loyalty that usually means members are proud to be part of the studio, not just attending classes. We're Merch Maverick, a factory direct supplier of branded totes, mat bags, and studio apparel for pilates studios. We work without agency markups, so the pricing usually beats what local printers quote for the same quality. I can put together a free digital mockup of a W Pilates branded tote within 48 hours. No cost and no obligation either way, it's yours to look at. Would it be alright if I sent that over? Faiaz
Merch Maverick
themerchmaverick.com"
Meta Labs Cold Plunge,train@metalabscoldplunge.com,cold_plunge,Anaheim,US,https://www.metalabscoldplunge.com/,5,70,quick note for Meta Labs Cold Plunge,"Hi there, I came across Meta Labs Cold Plunge while researching top rated cold plunge and sauna spaces in Anaheim and noticed you're holding a 5 rating across 70 reviews. Numbers like that usually mean people leave talking about the experience, which is exactly the kind of thing branded gear tends to amplify. We're Merch Maverick, a factory direct supplier of branded robes, towels, and recovery hoodies for studios like yours, no agency markups, just your logo on gear members already want. I can send over a free digital mockup of a Meta Labs Cold Plunge branded robe within 48 hours. If it is not a fit, no cost and no obligation. Would it be okay if I sent that mockup your way? Faiaz
Merch Maverick
themerchmaverick.com"
Cryo Tempe,info@cryotempe.com,cold_plunge,Phoenix,US,https://www.cryotempe.com/,5,70,thought of Cryo Tempe for something,"Hi there, I came across Cryo Tempe while researching top rated cold plunge and sauna spaces in Phoenix and noticed you're holding a 5 rating across 70 reviews. Numbers like that usually mean people leave talking about the experience, which is exactly the kind of thing branded gear tends to amplify. We're Merch Maverick, a factory direct supplier of branded robes, towels, and recovery hoodies for studios like yours, no agency markups, just your logo on gear members already want. I can send over a free digital mockup of a Cryo Tempe branded robe within 48 hours. If it is not a fit, no cost and no obligation. Would it be okay if I sent that mockup your way? Faiaz
Merch Maverick
themerchmaverick.com"
Sauna House North Loop,austinnorthloop@saunahouse.com,cold_plunge,Austin,US,https://www.saunahouse.com/pages/austin-north-loop,5,70,"quick idea, Sauna House North Loop","Hi there, I came across Sauna House North Loop while researching top rated cold plunge and sauna spaces in Austin and noticed you're holding a 5 rating across 70 reviews. Numbers like that usually mean people leave talking about the experience, which is exactly the kind of thing branded gear tends to amplify. We're Merch Maverick, a factory direct supplier of branded robes, towels, and recovery hoodies for studios like yours, no agency markups, just your logo on gear members already want. I can send over a free digital mockup of a Sauna House North Loop branded robe within 48 hours. If it is not a fit, no cost and no obligation. Would it be okay if I sent that mockup your way? Faiaz
Merch Maverick
themerchmaverick.com"
Altrincham Cryo,info@altrinchamcryo.co.uk,cold_plunge,Manchester,GB,https://www.altrinchamcryo.co.uk/,5,70,quick question about Altrincham Cryo's retail shelf,"Hi there, I came across Altrincham Cryo while researching top rated cold plunge and sauna spaces in Manchester and noticed you're holding a 5 rating across 70 reviews. Numbers like that usually mean people leave talking about the experience, which is exactly the kind of thing branded gear tends to amplify. We're Merch Maverick, a factory direct supplier of branded robes, towels, and recovery hoodies for studios like yours, no agency markups, just your logo on gear members already want. I can send over a free digital mockup of a Altrincham Cryo branded robe within 48 hours. If it is not a fit, no cost and no obligation. Would it be okay if I sent that mockup your way? Faiaz
Merch Maverick
themerchmaverick.com"
arvo sauna,contact@arvosauna.co.uk,sauna,London,GB,https://arvosauna.co.uk/,5,69,quick idea for arvo sauna's members,"Hi there, I came across arvo sauna while researching top rated sauna studios in London and noticed you're holding a 5 rating across 69 reviews. That kind of consistency usually means people leave your space wanting to take a piece of the experience home with them. We're Merch Maverick, a factory direct supplier for branded sauna hats, towels, and robes for studios like yours. No middlemen, no inflated agency pricing, just your logo on the exact ritual gear your members already associate with the experience. I'll put together a free digital mockup of a arvo sauna branded wool felt sauna hat within 48 hours. If you don't love it, there's no cost and no obligation, it's yours to look at either way. Would it be okay if I sent that mockup over? Faiaz
Merch Maverick
themerchmaverick.com"
Studio X | Orange,admin@studioxpilates.com,pilates,Anaheim,US,http://www.studioxpilates.com/,5,69,quick note for Studio X | Orange,"Hi there, I came across Studio X | Orange while researching top rated reformer pilates studios in Anaheim and noticed you're holding a 5 rating across 69 reviews. That's the kind of loyalty that usually means members are proud to be part of the studio, not just attending classes. We're Merch Maverick, a factory direct supplier of branded totes, mat bags, and studio apparel for pilates studios. We work without agency markups, so the pricing usually beats what local printers quote for the same quality. I can put together a free digital mockup of a Studio X | Orange branded tote within 48 hours. No cost and no obligation either way, it's yours to look at. Would it be alright if I sent that over? Faiaz
Merch Maverick
themerchmaverick.com"
Lagree Vibes,info@lagreevibes.com,pilates,Los Angeles,US,http://www.lagreevibes.com/,5,69,thought of Lagree Vibes for something,"Hi there, I came across Lagree Vibes while researching top rated reformer pilates studios in Los Angeles and noticed you're holding a 5 rating across 69 reviews. That's the kind of loyalty that usually means members are proud to be part of the studio, not just attending classes. We're Merch Maverick, a factory direct supplier of branded totes, mat bags, and studio apparel for pilates studios. We work without agency markups, so the pricing usually beats what local printers quote for the same quality. I can put together a free digital mockup of a Lagree Vibes branded tote within 48 hours. No cost and no obligation either way, it's yours to look at. Would it be alright if I sent that over? Faiaz
Merch Maverick
themerchmaverick.com"
Zivel - Coral Gables,contact@zivel.com,cold_plunge,Miami,US,https://www.zivel.com/locations/florida/coral-gables,5,69,"quick idea, Zivel - Coral Gables","Hi there, I came across Zivel - Coral Gables while researching top rated cold plunge and sauna spaces in Miami and noticed you're holding a 5 rating across 69 reviews. Numbers like that usually mean people leave talking about the experience, which is exactly the kind of thing branded gear tends to amplify. We're Merch Maverick, a factory direct supplier of branded robes, towels, and recovery hoodies for studios like yours, no agency markups, just your logo on gear members already want. I can send over a free digital mockup of a Zivel - Coral Gables branded robe within 48 hours. If it is not a fit, no cost and no obligation. Would it be okay if I sent that mockup your way? Faiaz
Merch Maverick
themerchmaverick.com"
Perspire Sauna Studio,lakepleasant@perspiresaunastudio.com,sauna,Phoenix,US,https://www.perspiresaunastudio.com/az/lake-pleasant/,5,68,quick question about Perspire Sauna Studio's retail shelf,"Hi there, I came across Perspire Sauna Studio while researching top rated sauna studios in Phoenix and noticed you're holding a 5 rating across 68 reviews. That kind of consistency usually means people leave your space wanting to take a piece of the experience home with them. We're Merch Maverick, a factory direct supplier for branded sauna hats, towels, and robes for studios like yours. No middlemen, no inflated agency pricing, just your logo on the exact ritual gear your members already associate with the experience. I'll put together a free digital mockup of a Perspire Sauna Studio branded wool felt sauna hat within 48 hours. If you don't love it, there's no cost and no obligation, it's yours to look at either way. Would it be okay if I sent that mockup over? Faiaz
Merch Maverick
themerchmaverick.com"
Revive Wellness Club,highpark@revivewellnessclub.ca,sauna,Toronto,CA,https://www.revivewellnessclub.ca/,5,68,quick idea for Revive Wellness Club's members,"Hi there, I came across Revive Wellness Club while researching top rated sauna studios in Toronto and noticed you're holding a 5 rating across 68 reviews. That kind of consistency usually means people leave your space wanting to take a piece of the experience home with them. We're Merch Maverick, a factory direct supplier for branded sauna hats, towels, and robes for studios like yours. No middlemen, no inflated agency pricing, just your logo on the exact ritual gear your members already associate with the experience. I'll put together a free digital mockup of a Revive Wellness Club branded wool felt sauna hat within 48 hours. If you don't love it, there's no cost and no obligation, it's yours to look at either way. Would it be okay if I sent that mockup over? Faiaz
Merch Maverick
themerchmaverick.com"
Revive Wellness Club,highpark@revivewellnessclub.ca,cold_plunge,Toronto,CA,https://www.revivewellnessclub.ca/,5,68,quick note for Revive Wellness Club,"Hi there, I came across Revive Wellness Club while researching top rated cold plunge and sauna spaces in Toronto and noticed you're holding a 5 rating across 68 reviews. Numbers like that usually mean people leave talking about the experience, which is exactly the kind of thing branded gear tends to amplify. We're Merch Maverick, a factory direct supplier of branded robes, towels, and recovery hoodies for studios like yours, no agency markups, just your logo on gear members already want. I can send over a free digital mockup of a Revive Wellness Club branded robe within 48 hours. If it is not a fit, no cost and no obligation. Would it be okay if I sent that mockup your way? Faiaz
Merch Maverick
themerchmaverick.com"
Urban Sweat WEHO,hello@urbansweat.com,sauna,Nashville,US,https://urban-sweat.squarespace.com/,5,67,thought of Urban Sweat WEHO for something,"Hi there, I came across Urban Sweat WEHO while researching top rated sauna studios in Nashville and noticed you're holding a 5 rating across 67 reviews. That kind of consistency usually means people leave your space wanting to take a piece of the experience home with them. We're Merch Maverick, a factory direct supplier for branded sauna hats, towels, and robes for studios like yours. No middlemen, no inflated agency pricing, just your logo on the exact ritual gear your members already associate with the experience. I'll put together a free digital mockup of a Urban Sweat WEHO branded wool felt sauna hat within 48 hours. If you don't love it, there's no cost and no obligation, it's yours to look at either way. Would it be okay if I sent that mockup over? Faiaz
Merch Maverick
themerchmaverick.com"
Flow Pilates DTLA,info@flow-la.com,pilates,Los Angeles,US,https://flow-la.com/,5,67,"quick idea, Flow Pilates DTLA","Hi there, I came across Flow Pilates DTLA while researching top rated reformer pilates studios in Los Angeles and noticed you're holding a 5 rating across 67 reviews. That's the kind of loyalty that usually means members are proud to be part of the studio, not just attending classes. We're Merch Maverick, a factory direct supplier of branded totes, mat bags, and studio apparel for pilates studios. We work without agency markups, so the pricing usually beats what local printers quote for the same quality. I can put together a free digital mockup of a Flow Pilates DTLA branded tote within 48 hours. No cost and no obligation either way, it's yours to look at. Would it be alright if I sent that over? Faiaz
Merch Maverick
themerchmaverick.com"
Urban Sweat WEHO,hello@urbansweat.com,cold_plunge,Nashville,US,https://urban-sweat.squarespace.com/,5,67,quick question about Urban Sweat WEHO's retail shelf,"Hi there, I came across Urban Sweat WEHO while researching top rated cold plunge and sauna spaces in Nashville and noticed you're holding a 5 rating across 67 reviews. Numbers like that usually mean people leave talking about the experience, which is exactly the kind of thing branded gear tends to amplify. We're Merch Maverick, a factory direct supplier of branded robes, towels, and recovery hoodies for studios like yours, no agency markups, just your logo on gear members already want. I can send over a free digital mockup of a Urban Sweat WEHO branded robe within 48 hours. If it is not a fit, no cost and no obligation. Would it be okay if I sent that mockup your way? Faiaz
Merch Maverick
themerchmaverick.com"
Alchemy Spa & Wellness,hello@alchemyspabham.com,sauna,Birmingham,GB,https://www.alchemyspabham.com/,5,66,quick idea for Alchemy Spa & Wellness's members,"Hi there, I came across Alchemy Spa & Wellness while researching top rated sauna studios in Birmingham and noticed you're holding a 5 rating across 66 reviews. That kind of consistency usually means people leave your space wanting to take a piece of the experience home with them. We're Merch Maverick, a factory direct supplier for branded sauna hats, towels, and robes for studios like yours. No middlemen, no inflated agency pricing, just your logo on the exact ritual gear your members already associate with the experience. I'll put together a free digital mockup of a Alchemy Spa & Wellness branded wool felt sauna hat within 48 hours. If you don't love it, there's no cost and no obligation, it's yours to look at either way. Would it be okay if I sent that mockup over? Faiaz
Merch Maverick
themerchmaverick.com"
Lagree Lab,info@lagreelab.com,pilates,Las Vegas,US,http://www.lagreelab.com/,5,66,quick note for Lagree Lab,"Hi there, I came across Lagree Lab while researching top rated reformer pilates studios in Las Vegas and noticed you're holding a 5 rating across 66 reviews. That's the kind of loyalty that usually means members are proud to be part of the studio, not just attending classes. We're Merch Maverick, a factory direct supplier of branded totes, mat bags, and studio apparel for pilates studios. We work without agency markups, so the pricing usually beats what local printers quote for the same quality. I can put together a free digital mockup of a Lagree Lab branded tote within 48 hours. No cost and no obligation either way, it's yours to look at. Would it be alright if I sent that over? Faiaz
Merch Maverick
themerchmaverick.com"
JETSET Pilates Midtown Nashville,midtownnashville@jetsetpilates.com,pilates,Nashville,US,https://jetsetpilates.com/tn/midtown-nashville/,5,66,thought of JETSET Pilates Midtown Nashville for something,"Hi there, I came across JETSET Pilates Midtown Nashville while researching top rated reformer pilates studios in Nashville and noticed you're holding a 5 rating across 66 reviews. That's the kind of loyalty that usually means members are proud to be part of the studio, not just attending classes. We're Merch Maverick, a factory direct supplier of branded totes, mat bags, and studio apparel for pilates studios. We work without agency markups, so the pricing usually beats what local printers quote for the same quality. I can put together a free digital mockup of a JETSET Pilates Midtown Nashville branded tote within 48 hours. No cost and no obligation either way, it's yours to look at. Would it be alright if I sent that over? Faiaz
Merch Maverick
themerchmaverick.com"
CRYOSIZER Club W1 – Kältekammer Wien – Kryotherapie,cryo-w1@cryosizer.com,cold_plunge,Vienna,AT,https://www.cryosizer.com/W1,5,66,"quick idea, CRYOSIZER Club W1 – Kältekammer Wien – Kryotherapie","Hi there, I came across CRYOSIZER Club W1 – Kältekammer Wien – Kryotherapie while researching top rated cold plunge and sauna spaces in Vienna and noticed you're holding a 5 rating across 66 reviews. Numbers like that usually mean people leave talking about the experience, which is exactly the kind of thing branded gear tends to amplify. We're Merch Maverick, a factory direct supplier of branded robes, towels, and recovery hoodies for studios like yours, no agency markups, just your logo on gear members already want. I can send over a free digital mockup of a CRYOSIZER Club W1 – Kältekammer Wien – Kryotherapie branded robe within 48 hours. If it is not a fit, no cost and no obligation. Would it be okay if I sent that mockup your way? Faiaz
Merch Maverick
themerchmaverick.com"
Control Studios,frontdesk@controlstudios.work,pilates,Houston,US,http://controlstudios.work/,5,65,quick question about Control Studios's retail shelf,"Hi there, I came across Control Studios while researching top rated reformer pilates studios in Houston and noticed you're holding a 5 rating across 65 reviews. That's the kind of loyalty that usually means members are proud to be part of the studio, not just attending classes. We're Merch Maverick, a factory direct supplier of branded totes, mat bags, and studio apparel for pilates studios. We work without agency markups, so the pricing usually beats what local printers quote for the same quality. I can put together a free digital mockup of a Control Studios branded tote within 48 hours. No cost and no obligation either way, it's yours to look at. Would it be alright if I sent that over? Faiaz
Merch Maverick
themerchmaverick.com"
Tribe Fountainbridge - Reformer Pilates,fb@tribe.yoga,pilates,Edinburgh,GB,https://tribe.yoga/fountainbridge,5,65,quick idea for Tribe Fountainbridge - Reformer Pilates's members,"Hi there, I came across Tribe Fountainbridge - Reformer Pilates while researching top rated reformer pilates studios in Edinburgh and noticed you're holding a 5 rating across 65 reviews. That's the kind of loyalty that usually means members are proud to be part of the studio, not just attending classes. We're Merch Maverick, a factory direct supplier of branded totes, mat bags, and studio apparel for pilates studios. We work without agency markups, so the pricing usually beats what local printers quote for the same quality. I can put together a free digital mockup of a Tribe Fountainbridge - Reformer Pilates branded tote within 48 hours. No cost and no obligation either way, it's yours to look at. Would it be alright if I sent that over? Faiaz
Merch Maverick
themerchmaverick.com"
Sparkle Beauty,info@cryolipolyse-rotterdam.nl,cold_plunge,Rotterdam,NL,https://www.cryolipolyse-rotterdam.nl/?utm_source=gmb&utm_medium=gmb,5,65,quick note for Sparkle Beauty,"Hi there, I came across Sparkle Beauty while researching top rated cold plunge and sauna spaces in Rotterdam and noticed you're holding a 5 rating across 65 reviews. Numbers like that usually mean people leave talking about the experience, which is exactly the kind of thing branded gear tends to amplify. We're Merch Maverick, a factory direct supplier of branded robes, towels, and recovery hoodies for studios like yours, no agency markups, just your logo on gear members already want. I can send over a free digital mockup of a Sparkle Beauty branded robe within 48 hours. If it is not a fit, no cost and no obligation. Would it be okay if I sent that mockup your way? Faiaz
Merch Maverick
themerchmaverick.com"
PLUNJ Paradise Valley,paradisevalley@plunj.co,sauna,Phoenix,US,https://paradisevalley.plunj.co/,5,64,thought of PLUNJ Paradise Valley for something,"Hi there, I came across PLUNJ Paradise Valley while researching top rated sauna studios in Phoenix and noticed you're holding a 5 rating across 64 reviews. That kind of consistency usually means people leave your space wanting to take a piece of the experience home with them. We're Merch Maverick, a factory direct supplier for branded sauna hats, towels, and robes for studios like yours. No middlemen, no inflated agency pricing, just your logo on the exact ritual gear your members already associate with the experience. I'll put together a free digital mockup of a PLUNJ Paradise Valley branded wool felt sauna hat within 48 hours. If you don't love it, there's no cost and no obligation, it's yours to look at either way. Would it be okay if I sent that mockup over? Faiaz
Merch Maverick
themerchmaverick.com"
Stone & Steam Community Sauna,kt@stoneandsteam.com,sauna,Bristol,GB,https://sites.google.com/view/stoneandsteam,5,64,"quick idea, Stone & Steam Community Sauna","Hi there, I came across Stone & Steam Community Sauna while researching top rated sauna studios in Bristol and noticed you're holding a 5 rating across 64 reviews. That kind of consistency usually means people leave your space wanting to take a piece of the experience home with them. We're Merch Maverick, a factory direct supplier for branded sauna hats, towels, and robes for studios like yours. No middlemen, no inflated agency pricing, just your logo on the exact ritual gear your members already associate with the experience. I'll put together a free digital mockup of a Stone & Steam Community Sauna branded wool felt sauna hat within 48 hours. If you don't love it, there's no cost and no obligation, it's yours to look at either way. Would it be okay if I sent that mockup over? Faiaz
Merch Maverick
themerchmaverick.com"
PLUNJ Paradise Valley,paradisevalley@plunj.co,cold_plunge,Phoenix,US,https://paradisevalley.plunj.co/,5,64,quick question about PLUNJ Paradise Valley's retail shelf,"Hi there, I came across PLUNJ Paradise Valley while researching top rated cold plunge and sauna spaces in Phoenix and noticed you're holding a 5 rating across 64 reviews. Numbers like that usually mean people leave talking about the experience, which is exactly the kind of thing branded gear tends to amplify. We're Merch Maverick, a factory direct supplier of branded robes, towels, and recovery hoodies for studios like yours, no agency markups, just your logo on gear members already want. I can send over a free digital mockup of a PLUNJ Paradise Valley branded robe within 48 hours. If it is not a fit, no cost and no obligation. Would it be okay if I sent that mockup your way? Faiaz
Merch Maverick
themerchmaverick.com"
Omni Longevity (formerly Cherry Hills Cryo),info@omni-longevity.com,cold_plunge,Denver,US,https://www.omni-longevity.com/,5,64,quick idea for Omni Longevity (formerly Cherry Hills Cryo)'s members,"Hi there, I came across Omni Longevity (formerly Cherry Hills Cryo) while researching top rated cold plunge and sauna spaces in Denver and noticed you're holding a 5 rating across 64 reviews. Numbers like that usually mean people leave talking about the experience, which is exactly the kind of thing branded gear tends to amplify. We're Merch Maverick, a factory direct supplier of branded robes, towels, and recovery hoodies for studios like yours, no agency markups, just your logo on gear members already want. I can send over a free digital mockup of a Omni Longevity (formerly Cherry Hills Cryo) branded robe within 48 hours. If it is not a fit, no cost and no obligation. Would it be okay if I sent that mockup your way? Faiaz
Merch Maverick
themerchmaverick.com"
Stone & Steam Community Sauna,kt@stoneandsteam.com,cold_plunge,Bristol,GB,https://sites.google.com/view/stoneandsteam,5,64,quick note for Stone & Steam Community Sauna,"Hi there, I came across Stone & Steam Community Sauna while researching top rated cold plunge and sauna spaces in Bristol and noticed you're holding a 5 rating across 64 reviews. Numbers like that usually mean people leave talking about the experience, which is exactly the kind of thing branded gear tends to amplify. We're Merch Maverick, a factory direct supplier of branded robes, towels, and recovery hoodies for studios like yours, no agency markups, just your logo on gear members already want. I can send over a free digital mockup of a Stone & Steam Community Sauna branded robe within 48 hours. If it is not a fit, no cost and no obligation. Would it be okay if I sent that mockup your way? Faiaz
Merch Maverick
themerchmaverick.com"
Emerald City Pilates,info@emeraldcitypilates.com,pilates,Washington,US,https://www.emeraldcitypilates.com/?utm_source=google&utm_medium=organic&utm_campaign=gbp-listing,5,63,thought of Emerald City Pilates for something,"Hi there, I came across Emerald City Pilates while researching top rated reformer pilates studios in Washington and noticed you're holding a 5 rating across 63 reviews. That's the kind of loyalty that usually means members are proud to be part of the studio, not just attending classes. We're Merch Maverick, a factory direct supplier of branded totes, mat bags, and studio apparel for pilates studios. We work without agency markups, so the pricing usually beats what local printers quote for the same quality. I can put together a free digital mockup of a Emerald City Pilates branded tote within 48 hours. No cost and no obligation either way, it's yours to look at. Would it be alright if I sent that over? Faiaz
Merch Maverick
themerchmaverick.com"
ST Pilates Studio,hello@stpilates.hu,pilates,Budapest,HU,https://stpilates.hu/,5,63,"quick idea, ST Pilates Studio","Hi there, I came across ST Pilates Studio while researching top rated reformer pilates studios in Budapest and noticed you're holding a 5 rating across 63 reviews. That's the kind of loyalty that usually means members are proud to be part of the studio, not just attending classes. We're Merch Maverick, a factory direct supplier of branded totes, mat bags, and studio apparel for pilates studios. We work without agency markups, so the pricing usually beats what local printers quote for the same quality. I can put together a free digital mockup of a ST Pilates Studio branded tote within 48 hours. No cost and no obligation either way, it's yours to look at. Would it be alright if I sent that over? Faiaz
Merch Maverick
themerchmaverick.com"
Evolve laser clinic,hello@evolveclinic.nl,cold_plunge,Rotterdam,NL,https://evolveclinic.nl/,5,63,quick question about Evolve laser clinic's retail shelf,"Hi there, I came across Evolve laser clinic while researching top rated cold plunge and sauna spaces in Rotterdam and noticed you're holding a 5 rating across 63 reviews. Numbers like that usually mean people leave talking about the experience, which is exactly the kind of thing branded gear tends to amplify. We're Merch Maverick, a factory direct supplier of branded robes, towels, and recovery hoodies for studios like yours, no agency markups, just your logo on gear members already want. I can send over a free digital mockup of a Evolve laser clinic branded robe within 48 hours. If it is not a fit, no cost and no obligation. Would it be okay if I sent that mockup your way? Faiaz
Merch Maverick
themerchmaverick.com"
Termas Outdoor Spa,press@casabonay.com,sauna,Barcelona,ES,https://casabonay.com/es/termas/?utm_source=gmb&utm_medium=organic,5,62,quick idea for Termas Outdoor Spa's members,"Hi there, I came across Termas Outdoor Spa while researching top rated sauna studios in Barcelona and noticed you're holding a 5 rating across 62 reviews. That kind of consistency usually means people leave your space wanting to take a piece of the experience home with them. We're Merch Maverick, a factory direct supplier for branded sauna hats, towels, and robes for studios like yours. No middlemen, no inflated agency pricing, just your logo on the exact ritual gear your members already associate with the experience. I'll put together a free digital mockup of a Termas Outdoor Spa branded wool felt sauna hat within 48 hours. If you don't love it, there's no cost and no obligation, it's yours to look at either way. Would it be okay if I sent that mockup over? Faiaz
Merch Maverick
themerchmaverick.com"
Glow Pilates,specs.stores.fixnavig@ion.sposition,pilates,Los Angeles,US,https://www.glowpilatesstudio.com/,5,62,quick note for Glow Pilates,"Hi there, I came across Glow Pilates while researching top rated reformer pilates studios in Los Angeles and noticed you're holding a 5 rating across 62 reviews. That's the kind of loyalty that usually means members are proud to be part of the studio, not just attending classes. We're Merch Maverick, a factory direct supplier of branded totes, mat bags, and studio apparel for pilates studios. We work without agency markups, so the pricing usually beats what local printers quote for the same quality. I can put together a free digital mockup of a Glow Pilates branded tote within 48 hours. No cost and no obligation either way, it's yours to look at. Would it be alright if I sent that over? Faiaz
Merch Maverick
themerchmaverick.com"
"Senso Studio • Pilates Studio & Haltungsschule, Berlin-Steglitz",info@senso-studio.de,pilates,Berlin,DE,https://www.senso-studio.de/,5,62,"thought of Senso Studio • Pilates Studio & Haltungsschule, Berlin-Steglitz for something","Hi there, I came across Senso Studio • Pilates Studio & Haltungsschule, Berlin-Steglitz while researching top rated reformer pilates studios in Berlin and noticed you're holding a 5 rating across 62 reviews. That's the kind of loyalty that usually means members are proud to be part of the studio, not just attending classes. We're Merch Maverick, a factory direct supplier of branded totes, mat bags, and studio apparel for pilates studios. We work without agency markups, so the pricing usually beats what local printers quote for the same quality. I can put together a free digital mockup of a Senso Studio • Pilates Studio & Haltungsschule, Berlin-Steglitz branded tote within 48 hours. No cost and no obligation either way, it's yours to look at. Would it be alright if I sent that over? Faiaz
Merch Maverick
themerchmaverick.com"
Termas Outdoor Spa,press@casabonay.com,cold_plunge,Barcelona,ES,https://casabonay.com/es/termas/?utm_source=gmb&utm_medium=organic,5,62,"quick idea, Termas Outdoor Spa","Hi there, I came across Termas Outdoor Spa while researching top rated cold plunge and sauna spaces in Barcelona and noticed you're holding a 5 rating across 62 reviews. Numbers like that usually mean people leave talking about the experience, which is exactly the kind of thing branded gear tends to amplify. We're Merch Maverick, a factory direct supplier of branded robes, towels, and recovery hoodies for studios like yours, no agency markups, just your logo on gear members already want. I can send over a free digital mockup of a Termas Outdoor Spa branded robe within 48 hours. If it is not a fit, no cost and no obligation. Would it be okay if I sent that mockup your way? Faiaz
Merch Maverick
themerchmaverick.com"
"Pilates Studio 11, Issaquah",team@pilatestudio11.com,pilates,Washington,US,https://pilatestudio11.com/issaquah-highlands/,5,61,"quick question about Pilates Studio 11, Issaquah's retail shelf","Hi there, I came across Pilates Studio 11, Issaquah while researching top rated reformer pilates studios in Washington and noticed you're holding a 5 rating across 61 reviews. That's the kind of loyalty that usually means members are proud to be part of the studio, not just attending classes. We're Merch Maverick, a factory direct supplier of branded totes, mat bags, and studio apparel for pilates studios. We work without agency markups, so the pricing usually beats what local printers quote for the same quality. I can put together a free digital mockup of a Pilates Studio 11, Issaquah branded tote within 48 hours. No cost and no obligation either way, it's yours to look at. Would it be alright if I sent that over? Faiaz
Merch Maverick
themerchmaverick.com"
Ember & Frost Lagree Pilates,info@emberxfrost.com,pilates,Las Vegas,US,https://emberxfrost.com/,5,61,quick idea for Ember & Frost Lagree Pilates's members,"Hi there, I came across Ember & Frost Lagree Pilates while researching top rated reformer pilates studios in Las Vegas and noticed you're holding a 5 rating across 61 reviews. That's the kind of loyalty that usually means members are proud to be part of the studio, not just attending classes. We're Merch Maverick, a factory direct supplier of branded totes, mat bags, and studio apparel for pilates studios. We work without agency markups, so the pricing usually beats what local printers quote for the same quality. I can put together a free digital mockup of a Ember & Frost Lagree Pilates branded tote within 48 hours. No cost and no obligation either way, it's yours to look at. Would it be alright if I sent that over? Faiaz
Merch Maverick
themerchmaverick.com"
Flow and Form - Reformer Pilates Studio,specs.stores.fixnavig@ion.sposition,pilates,Toronto,CA,http://www.flowandform.ca/,5,61,quick note for Flow and Form - Reformer Pilates Studio,"Hi there, I came across Flow and Form - Reformer Pilates Studio while researching top rated reformer pilates studios in Toronto and noticed you're holding a 5 rating across 61 reviews. That's the kind of loyalty that usually means members are proud to be part of the studio, not just attending classes. We're Merch Maverick, a factory direct supplier of branded totes, mat bags, and studio apparel for pilates studios. We work without agency markups, so the pricing usually beats what local printers quote for the same quality. I can put together a free digital mockup of a Flow and Form - Reformer Pilates Studio branded tote within 48 hours. No cost and no obligation either way, it's yours to look at. Would it be alright if I sent that over? Faiaz
Merch Maverick
themerchmaverick.com"
CryoTexas,luciano@latinotype.com,cold_plunge,Houston,US,http://cryotexas.com/,5,61,thought of CryoTexas for something,"Hi there, I came across CryoTexas while researching top rated cold plunge and sauna spaces in Houston and noticed you're holding a 5 rating across 61 reviews. Numbers like that usually mean people leave talking about the experience, which is exactly the kind of thing branded gear tends to amplify. We're Merch Maverick, a factory direct supplier of branded robes, towels, and recovery hoodies for studios like yours, no agency markups, just your logo on gear members already want. I can send over a free digital mockup of a CryoTexas branded robe within 48 hours. If it is not a fit, no cost and no obligation. Would it be okay if I sent that mockup your way? Faiaz
Merch Maverick
themerchmaverick.com"
Leaside Pilates,hello@leasidepilates.com,pilates,Toronto,CA,https://www.leasidepilates.com/,5,60,"quick idea, Leaside Pilates","Hi there, I came across Leaside Pilates while researching top rated reformer pilates studios in Toronto and noticed you're holding a 5 rating across 60 reviews. That's the kind of loyalty that usually means members are proud to be part of the studio, not just attending classes. We're Merch Maverick, a factory direct supplier of branded totes, mat bags, and studio apparel for pilates studios. We work without agency markups, so the pricing usually beats what local printers quote for the same quality. I can put together a free digital mockup of a Leaside Pilates branded tote within 48 hours. No cost and no obligation either way, it's yours to look at. Would it be alright if I sent that over? Faiaz
Merch Maverick
themerchmaverick.com"
Reform U Studio Poblenou ( Lagree Barcelona),info@reformustudio.com,pilates,Barcelona,ES,https://www.reformustudio.com/,5,60,quick question about Reform U Studio Poblenou ( Lagree Barcelona)'s retail shelf,"Hi there, I came across Reform U Studio Poblenou ( Lagree Barcelona) while researching top rated reformer pilates studios in Barcelona and noticed you're holding a 5 rating across 60 reviews. That's the kind of loyalty that usually means members are proud to be part of the studio, not just attending classes. We're Merch Maverick, a factory direct supplier of branded totes, mat bags, and studio apparel for pilates studios. We work without agency markups, so the pricing usually beats what local printers quote for the same quality. I can put together a free digital mockup of a Reform U Studio Poblenou ( Lagree Barcelona) branded tote within 48 hours. No cost and no obligation either way, it's yours to look at. Would it be alright if I sent that over? Faiaz
Merch Maverick
themerchmaverick.com"
Coccinelle Pilates,info@coccinellepilates.hu,pilates,Budapest,HU,http://coccinellepilates.hu/,5,60,quick idea for Coccinelle Pilates's members,"Hi there, I came across Coccinelle Pilates while researching top rated reformer pilates studios in Budapest and noticed you're holding a 5 rating across 60 reviews. That's the kind of loyalty that usually means members are proud to be part of the studio, not just attending classes. We're Merch Maverick, a factory direct supplier of branded totes, mat bags, and studio apparel for pilates studios. We work without agency markups, so the pricing usually beats what local printers quote for the same quality. I can put together a free digital mockup of a Coccinelle Pilates branded tote within 48 hours. No cost and no obligation either way, it's yours to look at. Would it be alright if I sent that over? Faiaz
Merch Maverick
themerchmaverick.com"
Victoria Studio Pilates & Yoga Salamanca,victoriastudiomadrid@gmail.com,pilates,Madrid,ES,http://www.victoriastudio.es/,5,60,quick note for Victoria Studio Pilates & Yoga Salamanca,"Hi there, I came across Victoria Studio Pilates & Yoga Salamanca while researching top rated reformer pilates studios in Madrid and noticed you're holding a 5 rating across 60 reviews. That's the kind of loyalty that usually means members are proud to be part of the studio, not just attending classes. We're Merch Maverick, a factory direct supplier of branded totes, mat bags, and studio apparel for pilates studios. We work without agency markups, so the pricing usually beats what local printers quote for the same quality. I can put together a free digital mockup of a Victoria Studio Pilates & Yoga Salamanca branded tote within 48 hours. No cost and no obligation either way, it's yours to look at. Would it be alright if I sent that over? Faiaz
Merch Maverick
themerchmaverick.com"
CRYOMEND -Sports Recovery Centre,info@cryomend.ca,cold_plunge,Toronto,CA,https://cryomend.ca/,5,60,thought of CRYOMEND -Sports Recovery Centre for something,"Hi there, I came across CRYOMEND -Sports Recovery Centre while researching top rated cold plunge and sauna spaces in Toronto and noticed you're holding a 5 rating across 60 reviews. Numbers like that usually mean people leave talking about the experience, which is exactly the kind of thing branded gear tends to amplify. We're Merch Maverick, a factory direct supplier of branded robes, towels, and recovery hoodies for studios like yours, no agency markups, just your logo on gear members already want. I can send over a free digital mockup of a CRYOMEND -Sports Recovery Centre branded robe within 48 hours. If it is not a fit, no cost and no obligation. Would it be okay if I sent that mockup your way? Faiaz
Merch Maverick
themerchmaverick.com"
True Form Fitness: A Lagree Studio,info@trueformfitness.org,pilates,Nashville,US,https://www.trueformfitness.org/,5,59,"quick idea, True Form Fitness: A Lagree Studio","Hi there, I came across True Form Fitness: A Lagree Studio while researching top rated reformer pilates studios in Nashville and noticed you're holding a 5 rating across 59 reviews. That's the kind of loyalty that usually means members are proud to be part of the studio, not just attending classes. We're Merch Maverick, a factory direct supplier of branded totes, mat bags, and studio apparel for pilates studios. We work without agency markups, so the pricing usually beats what local printers quote for the same quality. I can put together a free digital mockup of a True Form Fitness: A Lagree Studio branded tote within 48 hours. No cost and no obligation either way, it's yours to look at. Would it be alright if I sent that over? Faiaz
Merch Maverick
themerchmaverick.com"
NYC Pilates,info@nyc-pilates.com,pilates,New York,US,https://www.nyc-pilates.com/,5,59,quick question about NYC Pilates's retail shelf,"Hi there, I came across NYC Pilates while researching top rated reformer pilates studios in New York and noticed you're holding a 5 rating across 59 reviews. That's the kind of loyalty that usually means members are proud to be part of the studio, not just attending classes. We're Merch Maverick, a factory direct supplier of branded totes, mat bags, and studio apparel for pilates studios. We work without agency markups, so the pricing usually beats what local printers quote for the same quality. I can put together a free digital mockup of a NYC Pilates branded tote within 48 hours. No cost and no obligation either way, it's yours to look at. Would it be alright if I sent that over? Faiaz
Merch Maverick
themerchmaverick.com"
Industry Studio - Reformer Pilates,hello@industrystudio.ca,pilates,Toronto,CA,https://www.industrystudio.ca/,5,59,quick idea for Industry Studio - Reformer Pilates's members,"Hi there, I came across Industry Studio - Reformer Pilates while researching top rated reformer pilates studios in Toronto and noticed you're holding a 5 rating across 59 reviews. That's the kind of loyalty that usually means members are proud to be part of the studio, not just attending classes. We're Merch Maverick, a factory direct supplier of branded totes, mat bags, and studio apparel for pilates studios. We work without agency markups, so the pricing usually beats what local printers quote for the same quality. I can put together a free digital mockup of a Industry Studio - Reformer Pilates branded tote within 48 hours. No cost and no obligation either way, it's yours to look at. Would it be alright if I sent that over? Faiaz
Merch Maverick
themerchmaverick.com"
Zeli Boutique Studio | Reformer Pilates | Private Gym,hello@zeli-studio.com,pilates,Berlin,DE,https://www.zeli-studio.com/,5,59,quick note for Zeli Boutique Studio | Reformer Pilates | Private Gym,"Hi there, I came across Zeli Boutique Studio | Reformer Pilates | Private Gym while researching top rated reformer pilates studios in Berlin and noticed you're holding a 5 rating across 59 reviews. That's the kind of loyalty that usually means members are proud to be part of the studio, not just attending classes. We're Merch Maverick, a factory direct supplier of branded totes, mat bags, and studio apparel for pilates studios. We work without agency markups, so the pricing usually beats what local printers quote for the same quality. I can put together a free digital mockup of a Zeli Boutique Studio | Reformer Pilates | Private Gym branded tote within 48 hours. No cost and no obligation either way, it's yours to look at. Would it be alright if I sent that over? Faiaz
Merch Maverick
themerchmaverick.com"
Movement with Jill,user@domain.com,pilates,Boston,US,http://www.movementwithjill.com/,5,58,thought of Movement with Jill for something,"Hi there, I came across Movement with Jill while researching top rated reformer pilates studios in Boston and noticed you're holding a 5 rating across 58 reviews. That's the kind of loyalty that usually means members are proud to be part of the studio, not just attending classes. We're Merch Maverick, a factory direct supplier of branded totes, mat bags, and studio apparel for pilates studios. We work without agency markups, so the pricing usually beats what local printers quote for the same quality. I can put together a free digital mockup of a Movement with Jill branded tote within 48 hours. No cost and no obligation either way, it's yours to look at. Would it be alright if I sent that over? Faiaz
Merch Maverick
themerchmaverick.com"
Biohacking Manchester - Alternative Medicine Specialist,info@biohackingmcr.com,cold_plunge,Manchester,GB,http://www.biohackingmcr.com/,5,58,"quick idea, Biohacking Manchester - Alternative Medicine Specialist","Hi there, I came across Biohacking Manchester - Alternative Medicine Specialist while researching top rated cold plunge and sauna spaces in Manchester and noticed you're holding a 5 rating across 58 reviews. Numbers like that usually mean people leave talking about the experience, which is exactly the kind of thing branded gear tends to amplify. We're Merch Maverick, a factory direct supplier of branded robes, towels, and recovery hoodies for studios like yours, no agency markups, just your logo on gear members already want. I can send over a free digital mockup of a Biohacking Manchester - Alternative Medicine Specialist branded robe within 48 hours. If it is not a fit, no cost and no obligation. Would it be okay if I sent that mockup your way? Faiaz
Merch Maverick
themerchmaverick.com"
Bodyworxhub Female Boutique Studio,specs.stores.fixnavig@ion.sposition,pilates,Barcelona,ES,https://bodyworxhub.com/,5,57,quick question about Bodyworxhub Female Boutique Studio's retail shelf,"Hi there, I came across Bodyworxhub Female Boutique Studio while researching top rated reformer pilates studios in Barcelona and noticed you're holding a 5 rating across 57 reviews. That's the kind of loyalty that usually means members are proud to be part of the studio, not just attending classes. We're Merch Maverick, a factory direct supplier of branded totes, mat bags, and studio apparel for pilates studios. We work without agency markups, so the pricing usually beats what local printers quote for the same quality. I can put together a free digital mockup of a Bodyworxhub Female Boutique Studio branded tote within 48 hours. No cost and no obligation either way, it's yours to look at. Would it be alright if I sent that over? Faiaz
Merch Maverick
themerchmaverick.com"
The Pilates Studio,hello@thepilatesstudioldn.com,pilates,London,GB,https://www.thepilatesstudioldn.com/,5,57,quick idea for The Pilates Studio's members,"Hi there, I came across The Pilates Studio while researching top rated reformer pilates studios in London and noticed you're holding a 5 rating across 57 reviews. That's the kind of loyalty that usually means members are proud to be part of the studio, not just attending classes. We're Merch Maverick, a factory direct supplier of branded totes, mat bags, and studio apparel for pilates studios. We work without agency markups, so the pricing usually beats what local printers quote for the same quality. I can put together a free digital mockup of a The Pilates Studio branded tote within 48 hours. No cost and no obligation either way, it's yours to look at. Would it be alright if I sent that over? Faiaz
Merch Maverick
themerchmaverick.com"
Automated Wellness Center,your@email.com,cold_plunge,Washington,US,https://www.automatedwellnesscenter.com/,5,57,quick note for Automated Wellness Center,"Hi there, I came across Automated Wellness Center while researching top rated cold plunge and sauna spaces in Washington and noticed you're holding a 5 rating across 57 reviews. Numbers like that usually mean people leave talking about the experience, which is exactly the kind of thing branded gear tends to amplify. We're Merch Maverick, a factory direct supplier of branded robes, towels, and recovery hoodies for studios like yours, no agency markups, just your logo on gear members already want. I can send over a free digital mockup of a Automated Wellness Center branded robe within 48 hours. If it is not a fit, no cost and no obligation. Would it be okay if I sent that mockup your way? Faiaz
Merch Maverick
themerchmaverick.com"
Tantra Massage Köln Zentrum » Shiva,termin@tantra-shiva.de,sauna,Cologne,DE,https://www.tantra-shiva.de/,5,56,thought of Tantra Massage Köln Zentrum » Shiva for something,"Hi there, I came across Tantra Massage Köln Zentrum » Shiva while researching top rated sauna studios in Cologne and noticed you're holding a 5 rating across 56 reviews. That kind of consistency usually means people leave your space wanting to take a piece of the experience home with them. We're Merch Maverick, a factory direct supplier for branded sauna hats, towels, and robes for studios like yours. No middlemen, no inflated agency pricing, just your logo on the exact ritual gear your members already associate with the experience. I'll put together a free digital mockup of a Tantra Massage Köln Zentrum » Shiva branded wool felt sauna hat within 48 hours. If you don't love it, there's no cost and no obligation, it's yours to look at either way. Would it be okay if I sent that mockup over? Faiaz
Merch Maverick
themerchmaverick.com"
NUA Pilates,info@nuastudiopilates.com,pilates,Barcelona,ES,https://www.nuastudiopilates.com/,5,56,"quick idea, NUA Pilates","Hi there, I came across NUA Pilates while researching top rated reformer pilates studios in Barcelona and noticed you're holding a 5 rating across 56 reviews. That's the kind of loyalty that usually means members are proud to be part of the studio, not just attending classes. We're Merch Maverick, a factory direct supplier of branded totes, mat bags, and studio apparel for pilates studios. We work without agency markups, so the pricing usually beats what local printers quote for the same quality. I can put together a free digital mockup of a NUA Pilates branded tote within 48 hours. No cost and no obligation either way, it's yours to look at. Would it be alright if I sent that over? Faiaz
Merch Maverick
themerchmaverick.com"
Akari,hello@akarisauna.com,sauna,New York,US,https://akarisauna.com/,5,55,quick question about Akari's retail shelf,"Hi there, I came across Akari while researching top rated sauna studios in New York and noticed you're holding a 5 rating across 55 reviews. That kind of consistency usually means people leave your space wanting to take a piece of the experience home with them. We're Merch Maverick, a factory direct supplier for branded sauna hats, towels, and robes for studios like yours. No middlemen, no inflated agency pricing, just your logo on the exact ritual gear your members already associate with the experience. I'll put together a free digital mockup of a Akari branded wool felt sauna hat within 48 hours. If you don't love it, there's no cost and no obligation, it's yours to look at either way. Would it be okay if I sent that mockup over? Faiaz
Merch Maverick
themerchmaverick.com"
Spark Pilates,hello@sparkpilates.com,pilates,Toronto,CA,http://www.sparkpilates.com/,5,55,quick idea for Spark Pilates's members,"Hi there, I came across Spark Pilates while researching top rated reformer pilates studios in Toronto and noticed you're holding a 5 rating across 55 reviews. That's the kind of loyalty that usually means members are proud to be part of the studio, not just attending classes. We're Merch Maverick, a factory direct supplier of branded totes, mat bags, and studio apparel for pilates studios. We work without agency markups, so the pricing usually beats what local printers quote for the same quality. I can put together a free digital mockup of a Spark Pilates branded tote within 48 hours. No cost and no obligation either way, it's yours to look at. Would it be alright if I sent that over? Faiaz
Merch Maverick
themerchmaverick.com"
X˙CORE SF - Ocean Ave,info@xcorestudio.com,pilates,San Francisco,US,https://www.xcorestudio.com/ocean-buy,5,55,quick note for X˙CORE SF - Ocean Ave,"Hi there, I came across X˙CORE SF - Ocean Ave while researching top rated reformer pilates studios in San Francisco and noticed you're holding a 5 rating across 55 reviews. That's the kind of loyalty that usually means members are proud to be part of the studio, not just attending classes. We're Merch Maverick, a factory direct supplier of branded totes, mat bags, and studio apparel for pilates studios. We work without agency markups, so the pricing usually beats what local printers quote for the same quality. I can put together a free digital mockup of a X˙CORE SF - Ocean Ave branded tote within 48 hours. No cost and no obligation either way, it's yours to look at. Would it be alright if I sent that over? Faiaz
Merch Maverick
themerchmaverick.com"
Denver Pilates Movement,dana@denverpilatesmovement.com,pilates,Denver,US,https://www.denverpilatesmovement.com/,5,55,thought of Denver Pilates Movement for something,"Hi there, I came across Denver Pilates Movement while researching top rated reformer pilates studios in Denver and noticed you're holding a 5 rating across 55 reviews. That's the kind of loyalty that usually means members are proud to be part of the studio, not just attending classes. We're Merch Maverick, a factory direct supplier of branded totes, mat bags, and studio apparel for pilates studios. We work without agency markups, so the pricing usually beats what local printers quote for the same quality. I can put together a free digital mockup of a Denver Pilates Movement branded tote within 48 hours. No cost and no obligation either way, it's yours to look at. Would it be alright if I sent that over? Faiaz
Merch Maverick
themerchmaverick.com"
Animus Pilates Studio Budapest,aniko@animuspilates.hu,pilates,Budapest,HU,https://www.animuspilates.hu/,5,55,"quick idea, Animus Pilates Studio Budapest","Hi there, I came across Animus Pilates Studio Budapest while researching top rated reformer pilates studios in Budapest and noticed you're holding a 5 rating across 55 reviews. That's the kind of loyalty that usually means members are proud to be part of the studio, not just attending classes. We're Merch Maverick, a factory direct supplier of branded totes, mat bags, and studio apparel for pilates studios. We work without agency markups, so the pricing usually beats what local printers quote for the same quality. I can put together a free digital mockup of a Animus Pilates Studio Budapest branded tote within 48 hours. No cost and no obligation either way, it's yours to look at. Would it be alright if I sent that over? Faiaz
Merch Maverick
themerchmaverick.com"
Recovery One,info@recovery1denver.com,cold_plunge,Denver,US,https://recovery1denver.com/,5,55,quick question about Recovery One's retail shelf,"Hi there, I came across Recovery One while researching top rated cold plunge and sauna spaces in Denver and noticed you're holding a 5 rating across 55 reviews. Numbers like that usually mean people leave talking about the experience, which is exactly the kind of thing branded gear tends to amplify. We're Merch Maverick, a factory direct supplier of branded robes, towels, and recovery hoodies for studios like yours, no agency markups, just your logo on gear members already want. I can send over a free digital mockup of a Recovery One branded robe within 48 hours. If it is not a fit, no cost and no obligation. Would it be okay if I sent that mockup your way? Faiaz
Merch Maverick
themerchmaverick.com"
INFRARED Sauna Studios,infraredsaunastudios@gmail.com,sauna,Anaheim,US,http://www.infraredsaunastudios.com/,5,54,quick idea for INFRARED Sauna Studios's members,"Hi there, I came across INFRARED Sauna Studios while researching top rated sauna studios in Anaheim and noticed you're holding a 5 rating across 54 reviews. That kind of consistency usually means people leave your space wanting to take a piece of the experience home with them. We're Merch Maverick, a factory direct supplier for branded sauna hats, towels, and robes for studios like yours. No middlemen, no inflated agency pricing, just your logo on the exact ritual gear your members already associate with the experience. I'll put together a free digital mockup of a INFRARED Sauna Studios branded wool felt sauna hat within 48 hours. If you don't love it, there's no cost and no obligation, it's yours to look at either way. Would it be okay if I sent that mockup over? Faiaz
Merch Maverick
themerchmaverick.com"
YOUR.studio,benutzer@domain.com,pilates,Vienna,AT,http://www.yourstudio-og.com/,5,54,quick note for YOUR.studio,"Hi there, I came across YOUR.studio while researching top rated reformer pilates studios in Vienna and noticed you're holding a 5 rating across 54 reviews. That's the kind of loyalty that usually means members are proud to be part of the studio, not just attending classes. We're Merch Maverick, a factory direct supplier of branded totes, mat bags, and studio apparel for pilates studios. We work without agency markups, so the pricing usually beats what local printers quote for the same quality. I can put together a free digital mockup of a YOUR.studio branded tote within 48 hours. No cost and no obligation either way, it's yours to look at. Would it be alright if I sent that over? Faiaz
Merch Maverick
themerchmaverick.com"
Birmingham Pilates Studios,info@birminghampilatesstudios.com,pilates,Birmingham,GB,https://www.birminghampilatesstudios.com/,5,54,thought of Birmingham Pilates Studios for something,"Hi there, I came across Birmingham Pilates Studios while researching top rated reformer pilates studios in Birmingham and noticed you're holding a 5 rating across 54 reviews. That's the kind of loyalty that usually means members are proud to be part of the studio, not just attending classes. We're Merch Maverick, a factory direct supplier of branded totes, mat bags, and studio apparel for pilates studios. We work without agency markups, so the pricing usually beats what local printers quote for the same quality. I can put together a free digital mockup of a Birmingham Pilates Studios branded tote within 48 hours. No cost and no obligation either way, it's yours to look at. Would it be alright if I sent that over? Faiaz
Merch Maverick
themerchmaverick.com"
EverGlo Studios,everglo@everglostudios.com,cold_plunge,Las Vegas,US,https://everglostudios.com/,5,54,"quick idea, EverGlo Studios","Hi there, I came across EverGlo Studios while researching top rated cold plunge and sauna spaces in Las Vegas and noticed you're holding a 5 rating across 54 reviews. Numbers like that usually mean people leave talking about the experience, which is exactly the kind of thing branded gear tends to amplify. We're Merch Maverick, a factory direct supplier of branded robes, towels, and recovery hoodies for studios like yours, no agency markups, just your logo on gear members already want. I can send over a free digital mockup of a EverGlo Studios branded robe within 48 hours. If it is not a fit, no cost and no obligation. Would it be okay if I sent that mockup your way? Faiaz
Merch Maverick
themerchmaverick.com"
INFRARED Sauna Studios,infraredsaunastudios@gmail.com,cold_plunge,Anaheim,US,http://www.infraredsaunastudios.com/,5,54,quick question about INFRARED Sauna Studios's retail shelf,"Hi there, I came across INFRARED Sauna Studios while researching top rated cold plunge and sauna spaces in Anaheim and noticed you're holding a 5 rating across 54 reviews. Numbers like that usually mean people leave talking about the experience, which is exactly the kind of thing branded gear tends to amplify. We're Merch Maverick, a factory direct supplier of branded robes, towels, and recovery hoodies for studios like yours, no agency markups, just your logo on gear members already want. I can send over a free digital mockup of a INFRARED Sauna Studios branded robe within 48 hours. If it is not a fit, no cost and no obligation. Would it be okay if I sent that mockup your way? Faiaz
Merch Maverick
themerchmaverick.com"
Pause Brickell,brickell@pausestudio.com,sauna,Miami,US,https://pausestudio.com/locations/brickell,5,53,quick idea for Pause Brickell's members,"Hi there, I came across Pause Brickell while researching top rated sauna studios in Miami and noticed you're holding a 5 rating across 53 reviews. That kind of consistency usually means people leave your space wanting to take a piece of the experience home with them. We're Merch Maverick, a factory direct supplier for branded sauna hats, towels, and robes for studios like yours. No middlemen, no inflated agency pricing, just your logo on the exact ritual gear your members already associate with the experience. I'll put together a free digital mockup of a Pause Brickell branded wool felt sauna hat within 48 hours. If you don't love it, there's no cost and no obligation, it's yours to look at either way. Would it be okay if I sent that mockup over? Faiaz
Merch Maverick
themerchmaverick.com"
Native Pilates LLC,info@nativepilates.com,pilates,Nashville,US,http://www.nativepilates.com/,5,53,quick note for Native Pilates LLC,"Hi there, I came across Native Pilates LLC while researching top rated reformer pilates studios in Nashville and noticed you're holding a 5 rating across 53 reviews. That's the kind of loyalty that usually means members are proud to be part of the studio, not just attending classes. We're Merch Maverick, a factory direct supplier of branded totes, mat bags, and studio apparel for pilates studios. We work without agency markups, so the pricing usually beats what local printers quote for the same quality. I can put together a free digital mockup of a Native Pilates LLC branded tote within 48 hours. No cost and no obligation either way, it's yours to look at. Would it be alright if I sent that over? Faiaz
Merch Maverick
themerchmaverick.com"
BODYROK Denver,info@bodyrok.com,pilates,Denver,US,https://bodyrok.com/studio/tennyson/,5,53,thought of BODYROK Denver for something,"Hi there, I came across BODYROK Denver while researching top rated reformer pilates studios in Denver and noticed you're holding a 5 rating across 53 reviews. That's the kind of loyalty that usually means members are proud to be part of the studio, not just attending classes. We're Merch Maverick, a factory direct supplier of branded totes, mat bags, and studio apparel for pilates studios. We work without agency markups, so the pricing usually beats what local printers quote for the same quality. I can put together a free digital mockup of a BODYROK Denver branded tote within 48 hours. No cost and no obligation either way, it's yours to look at. Would it be alright if I sent that over? Faiaz
Merch Maverick
themerchmaverick.com"
Pause Brickell,brickell@pausestudio.com,cold_plunge,Miami,US,https://pausestudio.com/locations/brickell,5,53,"quick idea, Pause Brickell","Hi there, I came across Pause Brickell while researching top rated cold plunge and sauna spaces in Miami and noticed you're holding a 5 rating across 53 reviews. Numbers like that usually mean people leave talking about the experience, which is exactly the kind of thing branded gear tends to amplify. We're Merch Maverick, a factory direct supplier of branded robes, towels, and recovery hoodies for studios like yours, no agency markups, just your logo on gear members already want. I can send over a free digital mockup of a Pause Brickell branded robe within 48 hours. If it is not a fit, no cost and no obligation. Would it be okay if I sent that mockup your way? Faiaz
Merch Maverick
themerchmaverick.com"
CEO2 Health,info@ceo2health.com,cold_plunge,Los Angeles,US,https://www.ceo2health.com/,5,53,quick question about CEO2 Health's retail shelf,"Hi there, I came across CEO2 Health while researching top rated cold plunge and sauna spaces in Los Angeles and noticed you're holding a 5 rating across 53 reviews. Numbers like that usually mean people leave talking about the experience, which is exactly the kind of thing branded gear tends to amplify. We're Merch Maverick, a factory direct supplier of branded robes, towels, and recovery hoodies for studios like yours, no agency markups, just your logo on gear members already want. I can send over a free digital mockup of a CEO2 Health branded robe within 48 hours. If it is not a fit, no cost and no obligation. Would it be okay if I sent that mockup your way? Faiaz
Merch Maverick
themerchmaverick.com"
Upswell Studio,contact@swaywellnessspa.com,sauna,Denver,US,https://swaywellnessspa.com/locations/denver-central-park,5,52,quick idea for Upswell Studio's members,"Hi there, I came across Upswell Studio while researching top rated sauna studios in Denver and noticed you're holding a 5 rating across 52 reviews. That kind of consistency usually means people leave your space wanting to take a piece of the experience home with them. We're Merch Maverick, a factory direct supplier for branded sauna hats, towels, and robes for studios like yours. No middlemen, no inflated agency pricing, just your logo on the exact ritual gear your members already associate with the experience. I'll put together a free digital mockup of a Upswell Studio branded wool felt sauna hat within 48 hours. If you don't love it, there's no cost and no obligation, it's yours to look at either way. Would it be okay if I sent that mockup over? Faiaz
Merch Maverick
themerchmaverick.com"
Core Pilates & Pelvic Floor Health,info@corepilatesbrookline.com,pilates,Boston,US,https://www.aligncorepilates.com/?utm_source=google&utm_medium=wix_google_business_profile&utm_campaign=13448105460885127596,5,52,quick note for Core Pilates & Pelvic Floor Health,"Hi there, I came across Core Pilates & Pelvic Floor Health while researching top rated reformer pilates studios in Boston and noticed you're holding a 5 rating across 52 reviews. That's the kind of loyalty that usually means members are proud to be part of the studio, not just attending classes. We're Merch Maverick, a factory direct supplier of branded totes, mat bags, and studio apparel for pilates studios. We work without agency markups, so the pricing usually beats what local printers quote for the same quality. I can put together a free digital mockup of a Core Pilates & Pelvic Floor Health branded tote within 48 hours. No cost and no obligation either way, it's yours to look at. Would it be alright if I sent that over? Faiaz
Merch Maverick
themerchmaverick.com"
release Reformer Pilates,hello@releasepilates.com,pilates,Manchester,GB,http://releasepilates.com/,5,52,thought of release Reformer Pilates for something,"Hi there, I came across release Reformer Pilates while researching top rated reformer pilates studios in Manchester and noticed you're holding a 5 rating across 52 reviews. That's the kind of loyalty that usually means members are proud to be part of the studio, not just attending classes. We're Merch Maverick, a factory direct supplier of branded totes, mat bags, and studio apparel for pilates studios. We work without agency markups, so the pricing usually beats what local printers quote for the same quality. I can put together a free digital mockup of a release Reformer Pilates branded tote within 48 hours. No cost and no obligation either way, it's yours to look at. Would it be alright if I sent that over? Faiaz
Merch Maverick
themerchmaverick.com"
OC CryoCare,info@occryocare.com,cold_plunge,Anaheim,US,http://www.occryocare.com/,5,52,"quick idea, OC CryoCare","Hi there, I came across OC CryoCare while researching top rated cold plunge and sauna spaces in Anaheim and noticed you're holding a 5 rating across 52 reviews. Numbers like that usually mean people leave talking about the experience, which is exactly the kind of thing branded gear tends to amplify. We're Merch Maverick, a factory direct supplier of branded robes, towels, and recovery hoodies for studios like yours, no agency markups, just your logo on gear members already want. I can send over a free digital mockup of a OC CryoCare branded robe within 48 hours. If it is not a fit, no cost and no obligation. Would it be okay if I sent that mockup your way? Faiaz
Merch Maverick
themerchmaverick.com"
Upswell Studio,contact@swaywellnessspa.com,cold_plunge,Denver,US,https://swaywellnessspa.com/locations/denver-central-park,5,52,quick question about Upswell Studio's retail shelf,"Hi there, I came across Upswell Studio while researching top rated cold plunge and sauna spaces in Denver and noticed you're holding a 5 rating across 52 reviews. Numbers like that usually mean people leave talking about the experience, which is exactly the kind of thing branded gear tends to amplify. We're Merch Maverick, a factory direct supplier of branded robes, towels, and recovery hoodies for studios like yours, no agency markups, just your logo on gear members already want. I can send over a free digital mockup of a Upswell Studio branded robe within 48 hours. If it is not a fit, no cost and no obligation. Would it be okay if I sent that mockup your way? Faiaz
Merch Maverick
themerchmaverick.com"
Sheine Pilates,sheinepilates@gmail.com,pilates,Austin,US,http://sheinepilates.com/,5,51,quick idea for Sheine Pilates's members,"Hi there, I came across Sheine Pilates while researching top rated reformer pilates studios in Austin and noticed you're holding a 5 rating across 51 reviews. That's the kind of loyalty that usually means members are proud to be part of the studio, not just attending classes. We're Merch Maverick, a factory direct supplier of branded totes, mat bags, and studio apparel for pilates studios. We work without agency markups, so the pricing usually beats what local printers quote for the same quality. I can put together a free digital mockup of a Sheine Pilates branded tote within 48 hours. No cost and no obligation either way, it's yours to look at. Would it be alright if I sent that over? Faiaz
Merch Maverick
themerchmaverick.com"
Club Pilates,allandale@clubpilates.com,pilates,Austin,US,https://www.clubpilates.com/location/allandale/?utm_source=google.com&utm_medium=referral&utm_campaign=yext,5,51,quick note for Club Pilates,"Hi there, I came across Club Pilates while researching top rated reformer pilates studios in Austin and noticed you're holding a 5 rating across 51 reviews. That's the kind of loyalty that usually means members are proud to be part of the studio, not just attending classes. We're Merch Maverick, a factory direct supplier of branded totes, mat bags, and studio apparel for pilates studios. We work without agency markups, so the pricing usually beats what local printers quote for the same quality. I can put together a free digital mockup of a Club Pilates branded tote within 48 hours. No cost and no obligation either way, it's yours to look at. Would it be alright if I sent that over? Faiaz
Merch Maverick
themerchmaverick.com"
PILATES STUDIO EAST,info@pilatesstudioeast.nl,pilates,Rotterdam,NL,https://www.pilatesstudioeast.nl/,5,51,thought of PILATES STUDIO EAST for something,"Hi there, I came across PILATES STUDIO EAST while researching top rated reformer pilates studios in Rotterdam and noticed you're holding a 5 rating across 51 reviews. That's the kind of loyalty that usually means members are proud to be part of the studio, not just attending classes. We're Merch Maverick, a factory direct supplier of branded totes, mat bags, and studio apparel for pilates studios. We work without agency markups, so the pricing usually beats what local printers quote for the same quality. I can put together a free digital mockup of a PILATES STUDIO EAST branded tote within 48 hours. No cost and no obligation either way, it's yours to look at. Would it be alright if I sent that over? Faiaz
Merch Maverick
themerchmaverick.com"
The Spot by Health Body Concept,info@healthbodyconcept.com,pilates,Stockholm,SE,http://healthbodyconcept.com/,5,51,"quick idea, The Spot by Health Body Concept","Hi there, I came across The Spot by Health Body Concept while researching top rated reformer pilates studios in Stockholm and noticed you're holding a 5 rating across 51 reviews. That's the kind of loyalty that usually means members are proud to be part of the studio, not just attending classes. We're Merch Maverick, a factory direct supplier of branded totes, mat bags, and studio apparel for pilates studios. We work without agency markups, so the pricing usually beats what local printers quote for the same quality. I can put together a free digital mockup of a The Spot by Health Body Concept branded tote within 48 hours. No cost and no obligation either way, it's yours to look at. Would it be alright if I sent that over? Faiaz
Merch Maverick
themerchmaverick.com"
Kontrast Leeds,admin@kontrast.co.uk,sauna,Manchester,GB,https://www.kontrast.co.uk/,5,50,quick question about Kontrast Leeds's retail shelf,"Hi there, I came across Kontrast Leeds while researching top rated sauna studios in Manchester and noticed you're holding a 5 rating across 50 reviews. That kind of consistency usually means people leave your space wanting to take a piece of the experience home with them. We're Merch Maverick, a factory direct supplier for branded sauna hats, towels, and robes for studios like yours. No middlemen, no inflated agency pricing, just your logo on the exact ritual gear your members already associate with the experience. I'll put together a free digital mockup of a Kontrast Leeds branded wool felt sauna hat within 48 hours. If you don't love it, there's no cost and no obligation, it's yours to look at either way. Would it be okay if I sent that mockup over? Faiaz
Merch Maverick
themerchmaverick.com"
Holon,hello@holon.co.uk,sauna,Glasgow,GB,https://holon.co.uk/,5,50,quick idea for Holon's members,"Hi there, I came across Holon while researching top rated sauna studios in Glasgow and noticed you're holding a 5 rating across 50 reviews. That kind of consistency usually means people leave your space wanting to take a piece of the experience home with them. We're Merch Maverick, a factory direct supplier for branded sauna hats, towels, and robes for studios like yours. No middlemen, no inflated agency pricing, just your logo on the exact ritual gear your members already associate with the experience. I'll put together a free digital mockup of a Holon branded wool felt sauna hat within 48 hours. If you don't love it, there's no cost and no obligation, it's yours to look at either way. Would it be okay if I sent that mockup over? Faiaz
Merch Maverick
themerchmaverick.com"
Core Pilates,info@corepilates.de,pilates,Berlin,DE,http://www.corepilates.de/,5,50,quick note for Core Pilates,"Hi there, I came across Core Pilates while researching top rated reformer pilates studios in Berlin and noticed you're holding a 5 rating across 50 reviews. That's the kind of loyalty that usually means members are proud to be part of the studio, not just attending classes. We're Merch Maverick, a factory direct supplier of branded totes, mat bags, and studio apparel for pilates studios. We work without agency markups, so the pricing usually beats what local printers quote for the same quality. I can put together a free digital mockup of a Core Pilates branded tote within 48 hours. No cost and no obligation either way, it's yours to look at. Would it be alright if I sent that over? Faiaz
Merch Maverick
themerchmaverick.com"
Restart Reformer Pilates Cheetham Hill,specs.stores.fixnavig@ion.sposition,pilates,Manchester,GB,https://restartpilates.co.uk/?utm_source=google&utm_medium=wix_google_business_profile&utm_campaign=7152404887477771223,5,50,thought of Restart Reformer Pilates Cheetham Hill for something,"Hi there, I came across Restart Reformer Pilates Cheetham Hill while researching top rated reformer pilates studios in Manchester and noticed you're holding a 5 rating across 50 reviews. That's the kind of loyalty that usually means members are proud to be part of the studio, not just attending classes. We're Merch Maverick, a factory direct supplier of branded totes, mat bags, and studio apparel for pilates studios. We work without agency markups, so the pricing usually beats what local printers quote for the same quality. I can put together a free digital mockup of a Restart Reformer Pilates Cheetham Hill branded tote within 48 hours. No cost and no obligation either way, it's yours to look at. Would it be alright if I sent that over? Faiaz
Merch Maverick
themerchmaverick.com"
Kontrast Leeds,admin@kontrast.co.uk,cold_plunge,Manchester,GB,https://www.kontrast.co.uk/,5,50,"quick idea, Kontrast Leeds","Hi there, I came across Kontrast Leeds while researching top rated cold plunge and sauna spaces in Manchester and noticed you're holding a 5 rating across 50 reviews. Numbers like that usually mean people leave talking about the experience, which is exactly the kind of thing branded gear tends to amplify. We're Merch Maverick, a factory direct supplier of branded robes, towels, and recovery hoodies for studios like yours, no agency markups, just your logo on gear members already want. I can send over a free digital mockup of a Kontrast Leeds branded robe within 48 hours. If it is not a fit, no cost and no obligation. Would it be okay if I sent that mockup your way? Faiaz
Merch Maverick
themerchmaverick.com"
Holon,hello@holon.co.uk,cold_plunge,Glasgow,GB,https://holon.co.uk/,5,50,quick question about Holon's retail shelf,"Hi there, I came across Holon while researching top rated cold plunge and sauna spaces in Glasgow and noticed you're holding a 5 rating across 50 reviews. Numbers like that usually mean people leave talking about the experience, which is exactly the kind of thing branded gear tends to amplify. We're Merch Maverick, a factory direct supplier of branded robes, towels, and recovery hoodies for studios like yours, no agency markups, just your logo on gear members already want. I can send over a free digital mockup of a Holon branded robe within 48 hours. If it is not a fit, no cost and no obligation. Would it be okay if I sent that mockup your way? Faiaz
Merch Maverick
themerchmaverick.com"
Sweatcity Health and Recovery,info@sweatcityatx.com,sauna,Austin,US,https://www.sweatcityatx.com/,5,49,quick idea for Sweatcity Health and Recovery's members,"Hi there, I came across Sweatcity Health and Recovery while researching top rated sauna studios in Austin and noticed you're holding a 5 rating across 49 reviews. That kind of consistency usually means people leave your space wanting to take a piece of the experience home with them. We're Merch Maverick, a factory direct supplier for branded sauna hats, towels, and robes for studios like yours. No middlemen, no inflated agency pricing, just your logo on the exact ritual gear your members already associate with the experience. I'll put together a free digital mockup of a Sweatcity Health and Recovery branded wool felt sauna hat within 48 hours. If you don't love it, there's no cost and no obligation, it's yours to look at either way. Would it be okay if I sent that mockup over? Faiaz
Merch Maverick
themerchmaverick.com"
Yoga Liebe Yoga und Pilates,katiwende@icloud.com,pilates,Cologne,DE,https://www.yoga-liebe-koeln.de/,5,49,quick note for Yoga Liebe Yoga und Pilates,"Hi there, I came across Yoga Liebe Yoga und Pilates while researching top rated reformer pilates studios in Cologne and noticed you're holding a 5 rating across 49 reviews. That's the kind of loyalty that usually means members are proud to be part of the studio, not just attending classes. We're Merch Maverick, a factory direct supplier of branded totes, mat bags, and studio apparel for pilates studios. We work without agency markups, so the pricing usually beats what local printers quote for the same quality. I can put together a free digital mockup of a Yoga Liebe Yoga und Pilates branded tote within 48 hours. No cost and no obligation either way, it's yours to look at. Would it be alright if I sent that over? Faiaz
Merch Maverick
themerchmaverick.com"
The Pilates Studio Edinburgh,sabrina@thepilatesstudioedinburgh.co.uk,pilates,Edinburgh,GB,http://thepilatesstudioedinburgh.co.uk/,5,49,thought of The Pilates Studio Edinburgh for something,"Hi there, I came across The Pilates Studio Edinburgh while researching top rated reformer pilates studios in Edinburgh and noticed you're holding a 5 rating across 49 reviews. That's the kind of loyalty that usually means members are proud to be part of the studio, not just attending classes. We're Merch Maverick, a factory direct supplier of branded totes, mat bags, and studio apparel for pilates studios. We work without agency markups, so the pricing usually beats what local printers quote for the same quality. I can put together a free digital mockup of a The Pilates Studio Edinburgh branded tote within 48 hours. No cost and no obligation either way, it's yours to look at. Would it be alright if I sent that over? Faiaz
Merch Maverick
themerchmaverick.com"
Pilates Active,info@pilatesactive.com,pilates,Bristol,GB,http://pilatesactive.com/,5,49,"quick idea, Pilates Active","Hi there, I came across Pilates Active while researching top rated reformer pilates studios in Bristol and noticed you're holding a 5 rating across 49 reviews. That's the kind of loyalty that usually means members are proud to be part of the studio, not just attending classes. We're Merch Maverick, a factory direct supplier of branded totes, mat bags, and studio apparel for pilates studios. We work without agency markups, so the pricing usually beats what local printers quote for the same quality. I can put together a free digital mockup of a Pilates Active branded tote within 48 hours. No cost and no obligation either way, it's yours to look at. Would it be alright if I sent that over? Faiaz
Merch Maverick
themerchmaverick.com"
Orange County IV Lounge,example@mysite.com,cold_plunge,Anaheim,US,http://ocivlounge.com/,5,49,quick question about Orange County IV Lounge's retail shelf,"Hi there, I came across Orange County IV Lounge while researching top rated cold plunge and sauna spaces in Anaheim and noticed you're holding a 5 rating across 49 reviews. Numbers like that usually mean people leave talking about the experience, which is exactly the kind of thing branded gear tends to amplify. We're Merch Maverick, a factory direct supplier of branded robes, towels, and recovery hoodies for studios like yours, no agency markups, just your logo on gear members already want. I can send over a free digital mockup of a Orange County IV Lounge branded robe within 48 hours. If it is not a fit, no cost and no obligation. Would it be okay if I sent that mockup your way? Faiaz
Merch Maverick
themerchmaverick.com"
Biohack Cryo & Wellness,user@domain.com,cold_plunge,Anaheim,US,http://www.biohackcryowellness.com/,5,49,quick idea for Biohack Cryo & Wellness's members,"Hi there, I came across Biohack Cryo & Wellness while researching top rated cold plunge and sauna spaces in Anaheim and noticed you're holding a 5 rating across 49 reviews. Numbers like that usually mean people leave talking about the experience, which is exactly the kind of thing branded gear tends to amplify. We're Merch Maverick, a factory direct supplier of branded robes, towels, and recovery hoodies for studios like yours, no agency markups, just your logo on gear members already want. I can send over a free digital mockup of a Biohack Cryo & Wellness branded robe within 48 hours. If it is not a fit, no cost and no obligation. Would it be okay if I sent that mockup your way? Faiaz
Merch Maverick
themerchmaverick.com"
Omni Wellness,nima@omniwellnessdfw.com,cold_plunge,Dallas,US,http://www.omniwellnessdfw.com/,5,49,quick note for Omni Wellness,"Hi there, I came across Omni Wellness while researching top rated cold plunge and sauna spaces in Dallas and noticed you're holding a 5 rating across 49 reviews. Numbers like that usually mean people leave talking about the experience, which is exactly the kind of thing branded gear tends to amplify. We're Merch Maverick, a factory direct supplier of branded robes, towels, and recovery hoodies for studios like yours, no agency markups, just your logo on gear members already want. I can send over a free digital mockup of a Omni Wellness branded robe within 48 hours. If it is not a fit, no cost and no obligation. Would it be okay if I sent that mockup your way? Faiaz
Merch Maverick
themerchmaverick.com"
Sweatcity Health and Recovery,info@sweatcityatx.com,cold_plunge,Austin,US,https://www.sweatcityatx.com/,5,49,thought of Sweatcity Health and Recovery for something,"Hi there, I came across Sweatcity Health and Recovery while researching top rated cold plunge and sauna spaces in Austin and noticed you're holding a 5 rating across 49 reviews. Numbers like that usually mean people leave talking about the experience, which is exactly the kind of thing branded gear tends to amplify. We're Merch Maverick, a factory direct supplier of branded robes, towels, and recovery hoodies for studios like yours, no agency markups, just your logo on gear members already want. I can send over a free digital mockup of a Sweatcity Health and Recovery branded robe within 48 hours. If it is not a fit, no cost and no obligation. Would it be okay if I sent that mockup your way? Faiaz
Merch Maverick
themerchmaverick.com"
STRONG Pilates,info@strongpilates.co,pilates,Austin,US,https://strongpilates.co/location/central-austin/,5,48,"quick idea, STRONG Pilates","Hi there, I came across STRONG Pilates while researching top rated reformer pilates studios in Austin and noticed you're holding a 5 rating across 48 reviews. That's the kind of loyalty that usually means members are proud to be part of the studio, not just attending classes. We're Merch Maverick, a factory direct supplier of branded totes, mat bags, and studio apparel for pilates studios. We work without agency markups, so the pricing usually beats what local printers quote for the same quality. I can put together a free digital mockup of a STRONG Pilates branded tote within 48 hours. No cost and no obligation either way, it's yours to look at. Would it be alright if I sent that over? Faiaz
Merch Maverick
themerchmaverick.com"
"Imra Studio Pilates, Hot Pilates Yoga - Paris 15",specs.stores.fixnavig@ion.sposition,pilates,Paris,FR,https://www.imrastudio.com/,5,48,"quick question about Imra Studio Pilates, Hot Pilates Yoga - Paris 15's retail shelf","Hi there, I came across Imra Studio Pilates, Hot Pilates Yoga - Paris 15 while researching top rated reformer pilates studios in Paris and noticed you're holding a 5 rating across 48 reviews. That's the kind of loyalty that usually means members are proud to be part of the studio, not just attending classes. We're Merch Maverick, a factory direct supplier of branded totes, mat bags, and studio apparel for pilates studios. We work without agency markups, so the pricing usually beats what local printers quote for the same quality. I can put together a free digital mockup of a Imra Studio Pilates, Hot Pilates Yoga - Paris 15 branded tote within 48 hours. No cost and no obligation either way, it's yours to look at. Would it be alright if I sent that over? Faiaz
Merch Maverick
themerchmaverick.com"
Ice Bath Boston & Breath,hello@icebathboston.com,cold_plunge,Boston,US,https://www.icebathboston.com/,5,48,quick idea for Ice Bath Boston & Breath's members,"Hi there, I came across Ice Bath Boston & Breath while researching top rated cold plunge and sauna spaces in Boston and noticed you're holding a 5 rating across 48 reviews. Numbers like that usually mean people leave talking about the experience, which is exactly the kind of thing branded gear tends to amplify. We're Merch Maverick, a factory direct supplier of branded robes, towels, and recovery hoodies for studios like yours, no agency markups, just your logo on gear members already want. I can send over a free digital mockup of a Ice Bath Boston & Breath branded robe within 48 hours. If it is not a fit, no cost and no obligation. Would it be okay if I sent that mockup your way? Faiaz
Merch Maverick
themerchmaverick.com"
Revive and Restore Wellness and Fitness Recovery,info@reviveandrestorewellness.com,sauna,Anaheim,US,http://www.reviveandrestorewellness.com/,5,47,quick note for Revive and Restore Wellness and Fitness Recovery,"Hi there, I came across Revive and Restore Wellness and Fitness Recovery while researching top rated sauna studios in Anaheim and noticed you're holding a 5 rating across 47 reviews. That kind of consistency usually means people leave your space wanting to take a piece of the experience home with them. We're Merch Maverick, a factory direct supplier for branded sauna hats, towels, and robes for studios like yours. No middlemen, no inflated agency pricing, just your logo on the exact ritual gear your members already associate with the experience. I'll put together a free digital mockup of a Revive and Restore Wellness and Fitness Recovery branded wool felt sauna hat within 48 hours. If you don't love it, there's no cost and no obligation, it's yours to look at either way. Would it be okay if I sent that mockup over? Faiaz
Merch Maverick
themerchmaverick.com"
SKOTLANTI saunas,contact@skotlanti.co.uk,sauna,Glasgow,GB,https://skotlanti.co.uk/,5,47,thought of SKOTLANTI saunas for something,"Hi there, I came across SKOTLANTI saunas while researching top rated sauna studios in Glasgow and noticed you're holding a 5 rating across 47 reviews. That kind of consistency usually means people leave your space wanting to take a piece of the experience home with them. We're Merch Maverick, a factory direct supplier for branded sauna hats, towels, and robes for studios like yours. No middlemen, no inflated agency pricing, just your logo on the exact ritual gear your members already associate with the experience. I'll put together a free digital mockup of a SKOTLANTI saunas branded wool felt sauna hat within 48 hours. If you don't love it, there's no cost and no obligation, it's yours to look at either way. Would it be okay if I sent that mockup over? Faiaz
Merch Maverick
themerchmaverick.com"
Vera Pilates + Wellness,contact@verapilates.com,pilates,Houston,US,https://verapilates.com/,5,47,"quick idea, Vera Pilates + Wellness","Hi there, I came across Vera Pilates + Wellness while researching top rated reformer pilates studios in Houston and noticed you're holding a 5 rating across 47 reviews. That's the kind of loyalty that usually means members are proud to be part of the studio, not just attending classes. We're Merch Maverick, a factory direct supplier of branded totes, mat bags, and studio apparel for pilates studios. We work without agency markups, so the pricing usually beats what local printers quote for the same quality. I can put together a free digital mockup of a Vera Pilates + Wellness branded tote within 48 hours. No cost and no obligation either way, it's yours to look at. Would it be alright if I sent that over? Faiaz
Merch Maverick
themerchmaverick.com"
Bilates - Downend,hello@bilates.co.uk,pilates,Bristol,GB,https://www.bilates.co.uk/,5,47,quick question about Bilates - Downend's retail shelf,"Hi there, I came across Bilates - Downend while researching top rated reformer pilates studios in Bristol and noticed you're holding a 5 rating across 47 reviews. That's the kind of loyalty that usually means members are proud to be part of the studio, not just attending classes. We're Merch Maverick, a factory direct supplier of branded totes, mat bags, and studio apparel for pilates studios. We work without agency markups, so the pricing usually beats what local printers quote for the same quality. I can put together a free digital mockup of a Bilates - Downend branded tote within 48 hours. No cost and no obligation either way, it's yours to look at. Would it be alright if I sent that over? Faiaz
Merch Maverick
themerchmaverick.com"
Revive and Restore Wellness and Fitness Recovery,info@reviveandrestorewellness.com,cold_plunge,Anaheim,US,http://www.reviveandrestorewellness.com/,5,47,quick idea for Revive and Restore Wellness and Fitness Recovery's members,"Hi there, I came across Revive and Restore Wellness and Fitness Recovery while researching top rated cold plunge and sauna spaces in Anaheim and noticed you're holding a 5 rating across 47 reviews. Numbers like that usually mean people leave talking about the experience, which is exactly the kind of thing branded gear tends to amplify. We're Merch Maverick, a factory direct supplier of branded robes, towels, and recovery hoodies for studios like yours, no agency markups, just your logo on gear members already want. I can send over a free digital mockup of a Revive and Restore Wellness and Fitness Recovery branded robe within 48 hours. If it is not a fit, no cost and no obligation. Would it be okay if I sent that mockup your way? Faiaz
Merch Maverick
themerchmaverick.com"
Katy Trail Cryo,info@katytrailcryo.com,cold_plunge,Dallas,US,http://www.katytrailcryo.com/,5,47,quick note for Katy Trail Cryo,"Hi there, I came across Katy Trail Cryo while researching top rated cold plunge and sauna spaces in Dallas and noticed you're holding a 5 rating across 47 reviews. Numbers like that usually mean people leave talking about the experience, which is exactly the kind of thing branded gear tends to amplify. We're Merch Maverick, a factory direct supplier of branded robes, towels, and recovery hoodies for studios like yours, no agency markups, just your logo on gear members already want. I can send over a free digital mockup of a Katy Trail Cryo branded robe within 48 hours. If it is not a fit, no cost and no obligation. Would it be okay if I sent that mockup your way? Faiaz
Merch Maverick
themerchmaverick.com"
IV League,info@ivleaguehydrate.com,cold_plunge,Boston,US,https://ivleaguehydrate.com/?utm_source=google&utm_medium=organic&utm_campaign=google_my_business,5,47,thought of IV League for something,"Hi there, I came across IV League while researching top rated cold plunge and sauna spaces in Boston and noticed you're holding a 5 rating across 47 reviews. Numbers like that usually mean people leave talking about the experience, which is exactly the kind of thing branded gear tends to amplify. We're Merch Maverick, a factory direct supplier of branded robes, towels, and recovery hoodies for studios like yours, no agency markups, just your logo on gear members already want. I can send over a free digital mockup of a IV League branded robe within 48 hours. If it is not a fit, no cost and no obligation. Would it be okay if I sent that mockup your way? Faiaz
Merch Maverick
themerchmaverick.com"
Revive Recovery ltd,info@revive-recovery.co.uk,cold_plunge,London,GB,https://revive-recovery.co.uk/,5,47,"quick idea, Revive Recovery ltd","Hi there, I came across Revive Recovery ltd while researching top rated cold plunge and sauna spaces in London and noticed you're holding a 5 rating across 47 reviews. Numbers like that usually mean people leave talking about the experience, which is exactly the kind of thing branded gear tends to amplify. We're Merch Maverick, a factory direct supplier of branded robes, towels, and recovery hoodies for studios like yours, no agency markups, just your logo on gear members already want. I can send over a free digital mockup of a Revive Recovery ltd branded robe within 48 hours. If it is not a fit, no cost and no obligation. Would it be okay if I sent that mockup your way? Faiaz
Merch Maverick
themerchmaverick.com"
The Wellness Barn Edinburgh,thewellnessbarnedinburgh@gmail.com,sauna,Edinburgh,GB,https://thewellnessbarnedinburgh.co.uk/,5,46,quick question about The Wellness Barn Edinburgh's retail shelf,"Hi there, I came across The Wellness Barn Edinburgh while researching top rated sauna studios in Edinburgh and noticed you're holding a 5 rating across 46 reviews. That kind of consistency usually means people leave your space wanting to take a piece of the experience home with them. We're Merch Maverick, a factory direct supplier for branded sauna hats, towels, and robes for studios like yours. No middlemen, no inflated agency pricing, just your logo on the exact ritual gear your members already associate with the experience. I'll put together a free digital mockup of a The Wellness Barn Edinburgh branded wool felt sauna hat within 48 hours. If you don't love it, there's no cost and no obligation, it's yours to look at either way. Would it be okay if I sent that mockup over? Faiaz
Merch Maverick
themerchmaverick.com"
Renegade Pilates,info@renegadepilates.com,pilates,Miami,US,https://www.renegadepilates.com/,5,46,quick idea for Renegade Pilates's members,"Hi there, I came across Renegade Pilates while researching top rated reformer pilates studios in Miami and noticed you're holding a 5 rating across 46 reviews. That's the kind of loyalty that usually means members are proud to be part of the studio, not just attending classes. We're Merch Maverick, a factory direct supplier of branded totes, mat bags, and studio apparel for pilates studios. We work without agency markups, so the pricing usually beats what local printers quote for the same quality. I can put together a free digital mockup of a Renegade Pilates branded tote within 48 hours. No cost and no obligation either way, it's yours to look at. Would it be alright if I sent that over? Faiaz
Merch Maverick
themerchmaverick.com"
LS Pilates,lieske@lspilates.nl,pilates,Amsterdam,NL,https://www.lspilates.nl/,5,46,quick note for LS Pilates,"Hi there, I came across LS Pilates while researching top rated reformer pilates studios in Amsterdam and noticed you're holding a 5 rating across 46 reviews. That's the kind of loyalty that usually means members are proud to be part of the studio, not just attending classes. We're Merch Maverick, a factory direct supplier of branded totes, mat bags, and studio apparel for pilates studios. We work without agency markups, so the pricing usually beats what local printers quote for the same quality. I can put together a free digital mockup of a LS Pilates branded tote within 48 hours. No cost and no obligation either way, it's yours to look at. Would it be alright if I sent that over? Faiaz
Merch Maverick
themerchmaverick.com"
WAVE PILATES STUDIO,info@wavepilates.hu,pilates,Budapest,HU,https://wavepilates.hu/,5,46,thought of WAVE PILATES STUDIO for something,"Hi there, I came across WAVE PILATES STUDIO while researching top rated reformer pilates studios in Budapest and noticed you're holding a 5 rating across 46 reviews. That's the kind of loyalty that usually means members are proud to be part of the studio, not just attending classes. We're Merch Maverick, a factory direct supplier of branded totes, mat bags, and studio apparel for pilates studios. We work without agency markups, so the pricing usually beats what local printers quote for the same quality. I can put together a free digital mockup of a WAVE PILATES STUDIO branded tote within 48 hours. No cost and no obligation either way, it's yours to look at. Would it be alright if I sent that over? Faiaz
Merch Maverick
themerchmaverick.com"
London W1 Pilates,info@londonw1pilates.com,pilates,London,GB,https://www.londonw1pilates.com/,5,46,"quick idea, London W1 Pilates","Hi there, I came across London W1 Pilates while researching top rated reformer pilates studios in London and noticed you're holding a 5 rating across 46 reviews. That's the kind of loyalty that usually means members are proud to be part of the studio, not just attending classes. We're Merch Maverick, a factory direct supplier of branded totes, mat bags, and studio apparel for pilates studios. We work without agency markups, so the pricing usually beats what local printers quote for the same quality. I can put together a free digital mockup of a London W1 Pilates branded tote within 48 hours. No cost and no obligation either way, it's yours to look at. Would it be alright if I sent that over? Faiaz
Merch Maverick
themerchmaverick.com"
Elsa & Felicity - Breathwork Classes / Cours de Breathwork - Paris,elsandfelicity@outlook.comlolliot,cold_plunge,Paris,FR,https://elsa-and-felicity.com/,5,46,quick question about Elsa & Felicity - Breathwork Classes / Cours de Breathwork - Paris's retail shelf,"Hi there, I came across Elsa & Felicity - Breathwork Classes / Cours de Breathwork - Paris while researching top rated cold plunge and sauna spaces in Paris and noticed you're holding a 5 rating across 46 reviews. Numbers like that usually mean people leave talking about the experience, which is exactly the kind of thing branded gear tends to amplify. We're Merch Maverick, a factory direct supplier of branded robes, towels, and recovery hoodies for studios like yours, no agency markups, just your logo on gear members already want. I can send over a free digital mockup of a Elsa & Felicity - Breathwork Classes / Cours de Breathwork - Paris branded robe within 48 hours. If it is not a fit, no cost and no obligation. Would it be okay if I sent that mockup your way? Faiaz
Merch Maverick
themerchmaverick.com"
The Wellness Barn Edinburgh,thewellnessbarnedinburgh@gmail.com,cold_plunge,Edinburgh,GB,https://thewellnessbarnedinburgh.co.uk/,5,46,quick idea for The Wellness Barn Edinburgh's members,"Hi there, I came across The Wellness Barn Edinburgh while researching top rated cold plunge and sauna spaces in Edinburgh and noticed you're holding a 5 rating across 46 reviews. Numbers like that usually mean people leave talking about the experience, which is exactly the kind of thing branded gear tends to amplify. We're Merch Maverick, a factory direct supplier of branded robes, towels, and recovery hoodies for studios like yours, no agency markups, just your logo on gear members already want. I can send over a free digital mockup of a The Wellness Barn Edinburgh branded robe within 48 hours. If it is not a fit, no cost and no obligation. Would it be okay if I sent that mockup your way? Faiaz
Merch Maverick
themerchmaverick.com"
Lolu,contact@lolulife.com,sauna,Nashville,US,https://lolulife.com/,5,45,quick note for Lolu,"Hi there, I came across Lolu while researching top rated sauna studios in Nashville and noticed you're holding a 5 rating across 45 reviews. That kind of consistency usually means people leave your space wanting to take a piece of the experience home with them. We're Merch Maverick, a factory direct supplier for branded sauna hats, towels, and robes for studios like yours. No middlemen, no inflated agency pricing, just your logo on the exact ritual gear your members already associate with the experience. I'll put together a free digital mockup of a Lolu branded wool felt sauna hat within 48 hours. If you don't love it, there's no cost and no obligation, it's yours to look at either way. Would it be okay if I sent that mockup over? Faiaz
Merch Maverick
themerchmaverick.com"
Pulse Club,info@pulseclubsauna.com,sauna,London,GB,https://www.pulseclubsauna.com/,5,45,thought of Pulse Club for something,"Hi there, I came across Pulse Club while researching top rated sauna studios in London and noticed you're holding a 5 rating across 45 reviews. That kind of consistency usually means people leave your space wanting to take a piece of the experience home with them. We're Merch Maverick, a factory direct supplier for branded sauna hats, towels, and robes for studios like yours. No middlemen, no inflated agency pricing, just your logo on the exact ritual gear your members already associate with the experience. I'll put together a free digital mockup of a Pulse Club branded wool felt sauna hat within 48 hours. If you don't love it, there's no cost and no obligation, it's yours to look at either way. Would it be okay if I sent that mockup over? Faiaz
Merch Maverick
themerchmaverick.com"
Pilates by La-Sharon,lasharon@gospeloffitness.com,pilates,Las Vegas,US,https://gospeloffitness.com/,5,45,"quick idea, Pilates by La-Sharon","Hi there, I came across Pilates by La-Sharon while researching top rated reformer pilates studios in Las Vegas and noticed you're holding a 5 rating across 45 reviews. That's the kind of loyalty that usually means members are proud to be part of the studio, not just attending classes. We're Merch Maverick, a factory direct supplier of branded totes, mat bags, and studio apparel for pilates studios. We work without agency markups, so the pricing usually beats what local printers quote for the same quality. I can put together a free digital mockup of a Pilates by La-Sharon branded tote within 48 hours. No cost and no obligation either way, it's yours to look at. Would it be alright if I sent that over? Faiaz
Merch Maverick
themerchmaverick.com"
The Gymmy Reformer Pilates Studio,info@thegymmy.nl,pilates,Amsterdam,NL,https://www.thegymmy.nl/,5,45,quick question about The Gymmy Reformer Pilates Studio's retail shelf,"Hi there, I came across The Gymmy Reformer Pilates Studio while researching top rated reformer pilates studios in Amsterdam and noticed you're holding a 5 rating across 45 reviews. That's the kind of loyalty that usually means members are proud to be part of the studio, not just attending classes. We're Merch Maverick, a factory direct supplier of branded totes, mat bags, and studio apparel for pilates studios. We work without agency markups, so the pricing usually beats what local printers quote for the same quality. I can put together a free digital mockup of a The Gymmy Reformer Pilates Studio branded tote within 48 hours. No cost and no obligation either way, it's yours to look at. Would it be alright if I sent that over? Faiaz
Merch Maverick
themerchmaverick.com"
Rooted Studio 1010,office@rootedstudio.at,pilates,Vienna,AT,https://www.rootedstudio.at/,5,45,quick idea for Rooted Studio 1010's members,"Hi there, I came across Rooted Studio 1010 while researching top rated reformer pilates studios in Vienna and noticed you're holding a 5 rating across 45 reviews. That's the kind of loyalty that usually means members are proud to be part of the studio, not just attending classes. We're Merch Maverick, a factory direct supplier of branded totes, mat bags, and studio apparel for pilates studios. We work without agency markups, so the pricing usually beats what local printers quote for the same quality. I can put together a free digital mockup of a Rooted Studio 1010 branded tote within 48 hours. No cost and no obligation either way, it's yours to look at. Would it be alright if I sent that over? Faiaz
Merch Maverick
themerchmaverick.com"
Lolu,contact@lolulife.com,cold_plunge,Nashville,US,https://lolulife.com/,5,45,quick note for Lolu,"Hi there, I came across Lolu while researching top rated cold plunge and sauna spaces in Nashville and noticed you're holding a 5 rating across 45 reviews. Numbers like that usually mean people leave talking about the experience, which is exactly the kind of thing branded gear tends to amplify. We're Merch Maverick, a factory direct supplier of branded robes, towels, and recovery hoodies for studios like yours, no agency markups, just your logo on gear members already want. I can send over a free digital mockup of a Lolu branded robe within 48 hours. If it is not a fit, no cost and no obligation. Would it be okay if I sent that mockup your way? Faiaz
Merch Maverick
themerchmaverick.com"
Pulse Club,info@pulseclubsauna.com,cold_plunge,London,GB,https://www.pulseclubsauna.com/,5,45,thought of Pulse Club for something,"Hi there, I came across Pulse Club while researching top rated cold plunge and sauna spaces in London and noticed you're holding a 5 rating across 45 reviews. Numbers like that usually mean people leave talking about the experience, which is exactly the kind of thing branded gear tends to amplify. We're Merch Maverick, a factory direct supplier of branded robes, towels, and recovery hoodies for studios like yours, no agency markups, just your logo on gear members already want. I can send over a free digital mockup of a Pulse Club branded robe within 48 hours. If it is not a fit, no cost and no obligation. Would it be okay if I sent that mockup your way? Faiaz
Merch Maverick
themerchmaverick.com"
Element Wellness Center,info@elementwellness.me,cold_plunge,Birmingham,GB,https://www.elementwellness.me/,5,45,"quick idea, Element Wellness Center","Hi there, I came across Element Wellness Center while researching top rated cold plunge and sauna spaces in Birmingham and noticed you're holding a 5 rating across 45 reviews. Numbers like that usually mean people leave talking about the experience, which is exactly the kind of thing branded gear tends to amplify. We're Merch Maverick, a factory direct supplier of branded robes, towels, and recovery hoodies for studios like yours, no agency markups, just your logo on gear members already want. I can send over a free digital mockup of a Element Wellness Center branded robe within 48 hours. If it is not a fit, no cost and no obligation. Would it be okay if I sent that mockup your way? Faiaz
Merch Maverick
themerchmaverick.com"
Pilates Reformer Studio Nova Conde Casal,r.hernandez@batard.es,pilates,Madrid,ES,https://www.studionovapilates.com/,5,44,quick question about Pilates Reformer Studio Nova Conde Casal's retail shelf,"Hi there, I came across Pilates Reformer Studio Nova Conde Casal while researching top rated reformer pilates studios in Madrid and noticed you're holding a 5 rating across 44 reviews. That's the kind of loyalty that usually means members are proud to be part of the studio, not just attending classes. We're Merch Maverick, a factory direct supplier of branded totes, mat bags, and studio apparel for pilates studios. We work without agency markups, so the pricing usually beats what local printers quote for the same quality. I can put together a free digital mockup of a Pilates Reformer Studio Nova Conde Casal branded tote within 48 hours. No cost and no obligation either way, it's yours to look at. Would it be alright if I sent that over? Faiaz
Merch Maverick
themerchmaverick.com"
SE Fitness Running & Walking Club,jo@sefitness.com,run_club,Birmingham,GB,http://www.sefitness.com/,5,44,quick idea for SE Fitness Running & Walking Club's members,"Hi there, I came across SE Fitness Running & Walking Club while researching top rated run clubs in Birmingham and noticed you're holding a 5 rating across 44 reviews. That kind of following usually means your crew is already repping your name everywhere they go. We're Merch Maverick, a factory direct supplier of branded team tees, caps, and run club apparel. No agency markups, just gear your crew will actually wear outside of race day. I can send over a free digital mockup of a SE Fitness Running & Walking Club branded team tee within 48 hours. If it's not a fit, no cost and no obligation. Would it be okay if I sent that mockup your way? Faiaz
Merch Maverick
themerchmaverick.com"
Joy Centers Healing Association,connect@joycenters.com,cold_plunge,Washington,US,http://joycenters.com/,5,44,quick note for Joy Centers Healing Association,"Hi there, I came across Joy Centers Healing Association while researching top rated cold plunge and sauna spaces in Washington and noticed you're holding a 5 rating across 44 reviews. Numbers like that usually mean people leave talking about the experience, which is exactly the kind of thing branded gear tends to amplify. We're Merch Maverick, a factory direct supplier of branded robes, towels, and recovery hoodies for studios like yours, no agency markups, just your logo on gear members already want. I can send over a free digital mockup of a Joy Centers Healing Association branded robe within 48 hours. If it is not a fit, no cost and no obligation. Would it be okay if I sent that mockup your way? Faiaz
Merch Maverick
themerchmaverick.com"
Svette Sauna,info@svettetacoma.com,sauna,Washington,US,https://www.svettetacoma.com/,5,43,thought of Svette Sauna for something,"Hi there, I came across Svette Sauna while researching top rated sauna studios in Washington and noticed you're holding a 5 rating across 43 reviews. That kind of consistency usually means people leave your space wanting to take a piece of the experience home with them. We're Merch Maverick, a factory direct supplier for branded sauna hats, towels, and robes for studios like yours. No middlemen, no inflated agency pricing, just your logo on the exact ritual gear your members already associate with the experience. I'll put together a free digital mockup of a Svette Sauna branded wool felt sauna hat within 48 hours. If you don't love it, there's no cost and no obligation, it's yours to look at either way. Would it be okay if I sent that mockup over? Faiaz
Merch Maverick
themerchmaverick.com"
The Soul Works Yoga & Wellness Studio,user@domain.com,sauna,Glasgow,GB,http://www.thesoulworksstudio.co.uk/,5,43,"quick idea, The Soul Works Yoga & Wellness Studio","Hi there, I came across The Soul Works Yoga & Wellness Studio while researching top rated sauna studios in Glasgow and noticed you're holding a 5 rating across 43 reviews. That kind of consistency usually means people leave your space wanting to take a piece of the experience home with them. We're Merch Maverick, a factory direct supplier for branded sauna hats, towels, and robes for studios like yours. No middlemen, no inflated agency pricing, just your logo on the exact ritual gear your members already associate with the experience. I'll put together a free digital mockup of a The Soul Works Yoga & Wellness Studio branded wool felt sauna hat within 48 hours. If you don't love it, there's no cost and no obligation, it's yours to look at either way. Would it be okay if I sent that mockup over? Faiaz
Merch Maverick
themerchmaverick.com"
ReForm Pilates,info@reformpilateschicago.com,pilates,Chicago,US,https://www.reformpilateschicago.com/,5,43,quick question about ReForm Pilates's retail shelf,"Hi there, I came across ReForm Pilates while researching top rated reformer pilates studios in Chicago and noticed you're holding a 5 rating across 43 reviews. That's the kind of loyalty that usually means members are proud to be part of the studio, not just attending classes. We're Merch Maverick, a factory direct supplier of branded totes, mat bags, and studio apparel for pilates studios. We work without agency markups, so the pricing usually beats what local printers quote for the same quality. I can put together a free digital mockup of a ReForm Pilates branded tote within 48 hours. No cost and no obligation either way, it's yours to look at. Would it be alright if I sent that over? Faiaz
Merch Maverick
themerchmaverick.com"
Somos Pilates East Nashville,hello@somospilatesnashville.com,pilates,Nashville,US,http://somospilatesnashville.com/,5,43,quick idea for Somos Pilates East Nashville's members,"Hi there, I came across Somos Pilates East Nashville while researching top rated reformer pilates studios in Nashville and noticed you're holding a 5 rating across 43 reviews. That's the kind of loyalty that usually means members are proud to be part of the studio, not just attending classes. We're Merch Maverick, a factory direct supplier of branded totes, mat bags, and studio apparel for pilates studios. We work without agency markups, so the pricing usually beats what local printers quote for the same quality. I can put together a free digital mockup of a Somos Pilates East Nashville branded tote within 48 hours. No cost and no obligation either way, it's yours to look at. Would it be alright if I sent that over? Faiaz
Merch Maverick
themerchmaverick.com"
New York Pilates Studio - Madrid,info@fitness.com,pilates,Madrid,ES,https://fitness.center.ivof.com/new-york-pilates-studio-madrid/,5,43,quick note for New York Pilates Studio - Madrid,"Hi there, I came across New York Pilates Studio - Madrid while researching top rated reformer pilates studios in Madrid and noticed you're holding a 5 rating across 43 reviews. That's the kind of loyalty that usually means members are proud to be part of the studio, not just attending classes. We're Merch Maverick, a factory direct supplier of branded totes, mat bags, and studio apparel for pilates studios. We work without agency markups, so the pricing usually beats what local printers quote for the same quality. I can put together a free digital mockup of a New York Pilates Studio - Madrid branded tote within 48 hours. No cost and no obligation either way, it's yours to look at. Would it be alright if I sent that over? Faiaz
Merch Maverick
themerchmaverick.com"
Element Outdoor Sauna,info@elementoutdoorsauna.com,sauna,Toronto,CA,http://www.elementoutdoorsauna.com/,5,42,thought of Element Outdoor Sauna for something,"Hi there, I came across Element Outdoor Sauna while researching top rated sauna studios in Toronto and noticed you're holding a 5 rating across 42 reviews. That kind of consistency usually means people leave your space wanting to take a piece of the experience home with them. We're Merch Maverick, a factory direct supplier for branded sauna hats, towels, and robes for studios like yours. No middlemen, no inflated agency pricing, just your logo on the exact ritual gear your members already associate with the experience. I'll put together a free digital mockup of a Element Outdoor Sauna branded wool felt sauna hat within 48 hours. If you don't love it, there's no cost and no obligation, it's yours to look at either way. Would it be okay if I sent that mockup over? Faiaz
Merch Maverick
themerchmaverick.com"
Nordic Nirvana,contact@nordicnirvana.com,sauna,Los Angeles,US,https://nordicnirvana.com/,5,42,"quick idea, Nordic Nirvana","Hi there, I came across Nordic Nirvana while researching top rated sauna studios in Los Angeles and noticed you're holding a 5 rating across 42 reviews. That kind of consistency usually means people leave your space wanting to take a piece of the experience home with them. We're Merch Maverick, a factory direct supplier for branded sauna hats, towels, and robes for studios like yours. No middlemen, no inflated agency pricing, just your logo on the exact ritual gear your members already associate with the experience. I'll put together a free digital mockup of a Nordic Nirvana branded wool felt sauna hat within 48 hours. If you don't love it, there's no cost and no obligation, it's yours to look at either way. Would it be okay if I sent that mockup over? Faiaz
Merch Maverick
themerchmaverick.com"
"Vital Ice SF Wellness Studio | Contrast Therapy, Sauna, Cold Water & Red Light Therapy",info@vitalicesf.com,sauna,San Francisco,US,https://vitalicesf.com/,5,42,"quick question about Vital Ice SF Wellness Studio | Contrast Therapy, Sauna, Cold Water & Red Light Therapy's retail shelf","Hi there, I came across Vital Ice SF Wellness Studio | Contrast Therapy, Sauna, Cold Water & Red Light Therapy while researching top rated sauna studios in San Francisco and noticed you're holding a 5 rating across 42 reviews. That kind of consistency usually means people leave your space wanting to take a piece of the experience home with them. We're Merch Maverick, a factory direct supplier for branded sauna hats, towels, and robes for studios like yours. No middlemen, no inflated agency pricing, just your logo on the exact ritual gear your members already associate with the experience. I'll put together a free digital mockup of a Vital Ice SF Wellness Studio | Contrast Therapy, Sauna, Cold Water & Red Light Therapy branded wool felt sauna hat within 48 hours. If you don't love it, there's no cost and no obligation, it's yours to look at either way. Would it be okay if I sent that mockup over? Faiaz
Merch Maverick
themerchmaverick.com"
Mind & Motion Pilates Los Angeles,info@mindandmotionpilates.com,pilates,Los Angeles,US,https://mindandmotionpilates.com/,5,42,quick idea for Mind & Motion Pilates Los Angeles's members,"Hi there, I came across Mind & Motion Pilates Los Angeles while researching top rated reformer pilates studios in Los Angeles and noticed you're holding a 5 rating across 42 reviews. That's the kind of loyalty that usually means members are proud to be part of the studio, not just attending classes. We're Merch Maverick, a factory direct supplier of branded totes, mat bags, and studio apparel for pilates studios. We work without agency markups, so the pricing usually beats what local printers quote for the same quality. I can put together a free digital mockup of a Mind & Motion Pilates Los Angeles branded tote within 48 hours. No cost and no obligation either way, it's yours to look at. Would it be alright if I sent that over? Faiaz
Merch Maverick
themerchmaverick.com"
Reform Room,hello@thereformroom.co.uk,pilates,London,GB,https://www.thereformroom.co.uk/,5,42,quick note for Reform Room,"Hi there, I came across Reform Room while researching top rated reformer pilates studios in London and noticed you're holding a 5 rating across 42 reviews. That's the kind of loyalty that usually means members are proud to be part of the studio, not just attending classes. We're Merch Maverick, a factory direct supplier of branded totes, mat bags, and studio apparel for pilates studios. We work without agency markups, so the pricing usually beats what local printers quote for the same quality. I can put together a free digital mockup of a Reform Room branded tote within 48 hours. No cost and no obligation either way, it's yours to look at. Would it be alright if I sent that over? Faiaz
Merch Maverick
themerchmaverick.com"
Temple Pilates - Pilates Reformer en Madrid Centro,info@templepilates.es,pilates,Madrid,ES,https://templepilates.es/,5,42,thought of Temple Pilates - Pilates Reformer en Madrid Centro for something,"Hi there, I came across Temple Pilates - Pilates Reformer en Madrid Centro while researching top rated reformer pilates studios in Madrid and noticed you're holding a 5 rating across 42 reviews. That's the kind of loyalty that usually means members are proud to be part of the studio, not just attending classes. We're Merch Maverick, a factory direct supplier of branded totes, mat bags, and studio apparel for pilates studios. We work without agency markups, so the pricing usually beats what local printers quote for the same quality. I can put together a free digital mockup of a Temple Pilates - Pilates Reformer en Madrid Centro branded tote within 48 hours. No cost and no obligation either way, it's yours to look at. Would it be alright if I sent that over? Faiaz
Merch Maverick
themerchmaverick.com"
Pilates by Cordelia,specs.stores.fixnavig@ion.sposition,pilates,Manchester,GB,https://pilatesbycordelia.com/,5,42,"quick idea, Pilates by Cordelia","Hi there, I came across Pilates by Cordelia while researching top rated reformer pilates studios in Manchester and noticed you're holding a 5 rating across 42 reviews. That's the kind of loyalty that usually means members are proud to be part of the studio, not just attending classes. We're Merch Maverick, a factory direct supplier of branded totes, mat bags, and studio apparel for pilates studios. We work without agency markups, so the pricing usually beats what local printers quote for the same quality. I can put together a free digital mockup of a Pilates by Cordelia branded tote within 48 hours. No cost and no obligation either way, it's yours to look at. Would it be alright if I sent that over? Faiaz
Merch Maverick
themerchmaverick.com"
Pointe Ahead Pilates Edinburgh,edinburgh@pointeahead.com,pilates,Edinburgh,GB,https://pointeahead.co.uk/,5,42,quick question about Pointe Ahead Pilates Edinburgh's retail shelf,"Hi there, I came across Pointe Ahead Pilates Edinburgh while researching top rated reformer pilates studios in Edinburgh and noticed you're holding a 5 rating across 42 reviews. That's the kind of loyalty that usually means members are proud to be part of the studio, not just attending classes. We're Merch Maverick, a factory direct supplier of branded totes, mat bags, and studio apparel for pilates studios. We work without agency markups, so the pricing usually beats what local printers quote for the same quality. I can put together a free digital mockup of a Pointe Ahead Pilates Edinburgh branded tote within 48 hours. No cost and no obligation either way, it's yours to look at. Would it be alright if I sent that over? Faiaz
Merch Maverick
themerchmaverick.com"
Element Outdoor Sauna,info@elementoutdoorsauna.com,cold_plunge,Toronto,CA,http://www.elementoutdoorsauna.com/,5,42,quick idea for Element Outdoor Sauna's members,"Hi there, I came across Element Outdoor Sauna while researching top rated cold plunge and sauna spaces in Toronto and noticed you're holding a 5 rating across 42 reviews. Numbers like that usually mean people leave talking about the experience, which is exactly the kind of thing branded gear tends to amplify. We're Merch Maverick, a factory direct supplier of branded robes, towels, and recovery hoodies for studios like yours, no agency markups, just your logo on gear members already want. I can send over a free digital mockup of a Element Outdoor Sauna branded robe within 48 hours. If it is not a fit, no cost and no obligation. Would it be okay if I sent that mockup your way? Faiaz
Merch Maverick
themerchmaverick.com"
Nordic Nirvana,contact@nordicnirvana.com,cold_plunge,Los Angeles,US,https://nordicnirvana.com/,5,42,quick note for Nordic Nirvana,"Hi there, I came across Nordic Nirvana while researching top rated cold plunge and sauna spaces in Los Angeles and noticed you're holding a 5 rating across 42 reviews. Numbers like that usually mean people leave talking about the experience, which is exactly the kind of thing branded gear tends to amplify. We're Merch Maverick, a factory direct supplier of branded robes, towels, and recovery hoodies for studios like yours, no agency markups, just your logo on gear members already want. I can send over a free digital mockup of a Nordic Nirvana branded robe within 48 hours. If it is not a fit, no cost and no obligation. Would it be okay if I sent that mockup your way? Faiaz
Merch Maverick
themerchmaverick.com"
"Vital Ice SF Wellness Studio | Contrast Therapy, Sauna, Cold Water & Red Light Therapy",info@vitalicesf.com,cold_plunge,San Francisco,US,https://vitalicesf.com/,5,42,"thought of Vital Ice SF Wellness Studio | Contrast Therapy, Sauna, Cold Water & Red Light Therapy for something","Hi there, I came across Vital Ice SF Wellness Studio | Contrast Therapy, Sauna, Cold Water & Red Light Therapy while researching top rated cold plunge and sauna spaces in San Francisco and noticed you're holding a 5 rating across 42 reviews. Numbers like that usually mean people leave talking about the experience, which is exactly the kind of thing branded gear tends to amplify. We're Merch Maverick, a factory direct supplier of branded robes, towels, and recovery hoodies for studios like yours, no agency markups, just your logo on gear members already want. I can send over a free digital mockup of a Vital Ice SF Wellness Studio | Contrast Therapy, Sauna, Cold Water & Red Light Therapy branded robe within 48 hours. If it is not a fit, no cost and no obligation. Would it be okay if I sent that mockup your way? Faiaz
Merch Maverick
themerchmaverick.com"
Omedome Recovery Room,omedomep1v@gmail.com,sauna,Toronto,CA,https://omedome.com/,5,41,"quick idea, Omedome Recovery Room","Hi there, I came across Omedome Recovery Room while researching top rated sauna studios in Toronto and noticed you're holding a 5 rating across 41 reviews. That kind of consistency usually means people leave your space wanting to take a piece of the experience home with them. We're Merch Maverick, a factory direct supplier for branded sauna hats, towels, and robes for studios like yours. No middlemen, no inflated agency pricing, just your logo on the exact ritual gear your members already associate with the experience. I'll put together a free digital mockup of a Omedome Recovery Room branded wool felt sauna hat within 48 hours. If you don't love it, there's no cost and no obligation, it's yours to look at either way. Would it be okay if I sent that mockup over? Faiaz
Merch Maverick
themerchmaverick.com"
The Confidence Concept - Pilates Boutique,info@theconfidenceconcept.com,pilates,Amsterdam,NL,https://www.theconfidenceconcept.com/,5,41,quick question about The Confidence Concept - Pilates Boutique's retail shelf,"Hi there, I came across The Confidence Concept - Pilates Boutique while researching top rated reformer pilates studios in Amsterdam and noticed you're holding a 5 rating across 41 reviews. That's the kind of loyalty that usually means members are proud to be part of the studio, not just attending classes. We're Merch Maverick, a factory direct supplier of branded totes, mat bags, and studio apparel for pilates studios. We work without agency markups, so the pricing usually beats what local printers quote for the same quality. I can put together a free digital mockup of a The Confidence Concept - Pilates Boutique branded tote within 48 hours. No cost and no obligation either way, it's yours to look at. Would it be alright if I sent that over? Faiaz
Merch Maverick
themerchmaverick.com"
Magnolia Fitness,studio@magnolia.fitness,pilates,Bristol,GB,https://magnolia.fitness/,5,41,quick idea for Magnolia Fitness's members,"Hi there, I came across Magnolia Fitness while researching top rated reformer pilates studios in Bristol and noticed you're holding a 5 rating across 41 reviews. That's the kind of loyalty that usually means members are proud to be part of the studio, not just attending classes. We're Merch Maverick, a factory direct supplier of branded totes, mat bags, and studio apparel for pilates studios. We work without agency markups, so the pricing usually beats what local printers quote for the same quality. I can put together a free digital mockup of a Magnolia Fitness branded tote within 48 hours. No cost and no obligation either way, it's yours to look at. Would it be alright if I sent that over? Faiaz
Merch Maverick
themerchmaverick.com"
Omedome Recovery Room,omedomep1v@gmail.com,cold_plunge,Toronto,CA,https://omedome.com/,5,41,quick note for Omedome Recovery Room,"Hi there, I came across Omedome Recovery Room while researching top rated cold plunge and sauna spaces in Toronto and noticed you're holding a 5 rating across 41 reviews. Numbers like that usually mean people leave talking about the experience, which is exactly the kind of thing branded gear tends to amplify. We're Merch Maverick, a factory direct supplier of branded robes, towels, and recovery hoodies for studios like yours, no agency markups, just your logo on gear members already want. I can send over a free digital mockup of a Omedome Recovery Room branded robe within 48 hours. If it is not a fit, no cost and no obligation. Would it be okay if I sent that mockup your way? Faiaz
Merch Maverick
themerchmaverick.com"
Nosta Sauna Lounge,contact@nostasauna.com,sauna,Anaheim,US,https://nostasauna.com/,5,40,thought of Nosta Sauna Lounge for something,"Hi there, I came across Nosta Sauna Lounge while researching top rated sauna studios in Anaheim and noticed you're holding a 5 rating across 40 reviews. That kind of consistency usually means people leave your space wanting to take a piece of the experience home with them. We're Merch Maverick, a factory direct supplier for branded sauna hats, towels, and robes for studios like yours. No middlemen, no inflated agency pricing, just your logo on the exact ritual gear your members already associate with the experience. I'll put together a free digital mockup of a Nosta Sauna Lounge branded wool felt sauna hat within 48 hours. If you don't love it, there's no cost and no obligation, it's yours to look at either way. Would it be okay if I sent that mockup over? Faiaz
Merch Maverick
themerchmaverick.com"
Alleve,info@alleve.co.uk,sauna,Glasgow,GB,https://www.alleve.co.uk/,5,40,"quick idea, Alleve","Hi there, I came across Alleve while researching top rated sauna studios in Glasgow and noticed you're holding a 5 rating across 40 reviews. That kind of consistency usually means people leave your space wanting to take a piece of the experience home with them. We're Merch Maverick, a factory direct supplier for branded sauna hats, towels, and robes for studios like yours. No middlemen, no inflated agency pricing, just your logo on the exact ritual gear your members already associate with the experience. I'll put together a free digital mockup of a Alleve branded wool felt sauna hat within 48 hours. If you don't love it, there's no cost and no obligation, it's yours to look at either way. Would it be okay if I sent that mockup over? Faiaz
Merch Maverick
themerchmaverick.com"
Full Body Pilates & Movement Therapy,info@fullbodypilates.com,pilates,Anaheim,US,http://www.fullbodypilates.com/,5,40,quick question about Full Body Pilates & Movement Therapy's retail shelf,"Hi there, I came across Full Body Pilates & Movement Therapy while researching top rated reformer pilates studios in Anaheim and noticed you're holding a 5 rating across 40 reviews. That's the kind of loyalty that usually means members are proud to be part of the studio, not just attending classes. We're Merch Maverick, a factory direct supplier of branded totes, mat bags, and studio apparel for pilates studios. We work without agency markups, so the pricing usually beats what local printers quote for the same quality. I can put together a free digital mockup of a Full Body Pilates & Movement Therapy branded tote within 48 hours. No cost and no obligation either way, it's yours to look at. Would it be alright if I sent that over? Faiaz
Merch Maverick
themerchmaverick.com"
Culture Pilates,info@culturepilatesstudio.com,pilates,Houston,US,https://www.culturepilatesstudio.com/,5,40,quick idea for Culture Pilates's members,"Hi there, I came across Culture Pilates while researching top rated reformer pilates studios in Houston and noticed you're holding a 5 rating across 40 reviews. That's the kind of loyalty that usually means members are proud to be part of the studio, not just attending classes. We're Merch Maverick, a factory direct supplier of branded totes, mat bags, and studio apparel for pilates studios. We work without agency markups, so the pricing usually beats what local printers quote for the same quality. I can put together a free digital mockup of a Culture Pilates branded tote within 48 hours. No cost and no obligation either way, it's yours to look at. Would it be alright if I sent that over? Faiaz
Merch Maverick
themerchmaverick.com"
NICE Pilates,manager@nicepilates.studio,pilates,San Francisco,US,http://www.nicepilates.studio/,5,40,quick note for NICE Pilates,"Hi there, I came across NICE Pilates while researching top rated reformer pilates studios in San Francisco and noticed you're holding a 5 rating across 40 reviews. That's the kind of loyalty that usually means members are proud to be part of the studio, not just attending classes. We're Merch Maverick, a factory direct supplier of branded totes, mat bags, and studio apparel for pilates studios. We work without agency markups, so the pricing usually beats what local printers quote for the same quality. I can put together a free digital mockup of a NICE Pilates branded tote within 48 hours. No cost and no obligation either way, it's yours to look at. Would it be alright if I sent that over? Faiaz
Merch Maverick
themerchmaverick.com"
Adn Pilates Studio,specs.stores.fixnavig@ion.sposition,pilates,Barcelona,ES,https://www.studioadnpilates.com/,5,40,thought of Adn Pilates Studio for something,"Hi there, I came across Adn Pilates Studio while researching top rated reformer pilates studios in Barcelona and noticed you're holding a 5 rating across 40 reviews. That's the kind of loyalty that usually means members are proud to be part of the studio, not just attending classes. We're Merch Maverick, a factory direct supplier of branded totes, mat bags, and studio apparel for pilates studios. We work without agency markups, so the pricing usually beats what local printers quote for the same quality. I can put together a free digital mockup of a Adn Pilates Studio branded tote within 48 hours. No cost and no obligation either way, it's yours to look at. Would it be alright if I sent that over? Faiaz
Merch Maverick
themerchmaverick.com"
Move Beyond - Stockholm,info@movebeyond.se,pilates,Stockholm,SE,http://www.movebeyond.se/,5,40,"quick idea, Move Beyond - Stockholm","Hi there, I came across Move Beyond - Stockholm while researching top rated reformer pilates studios in Stockholm and noticed you're holding a 5 rating across 40 reviews. That's the kind of loyalty that usually means members are proud to be part of the studio, not just attending classes. We're Merch Maverick, a factory direct supplier of branded totes, mat bags, and studio apparel for pilates studios. We work without agency markups, so the pricing usually beats what local printers quote for the same quality. I can put together a free digital mockup of a Move Beyond - Stockholm branded tote within 48 hours. No cost and no obligation either way, it's yours to look at. Would it be alright if I sent that over? Faiaz
Merch Maverick
themerchmaverick.com"
Nosta Sauna Lounge,contact@nostasauna.com,cold_plunge,Anaheim,US,https://nostasauna.com/,5,40,quick question about Nosta Sauna Lounge's retail shelf,"Hi there, I came across Nosta Sauna Lounge while researching top rated cold plunge and sauna spaces in Anaheim and noticed you're holding a 5 rating across 40 reviews. Numbers like that usually mean people leave talking about the experience, which is exactly the kind of thing branded gear tends to amplify. We're Merch Maverick, a factory direct supplier of branded robes, towels, and recovery hoodies for studios like yours, no agency markups, just your logo on gear members already want. I can send over a free digital mockup of a Nosta Sauna Lounge branded robe within 48 hours. If it is not a fit, no cost and no obligation. Would it be okay if I sent that mockup your way? Faiaz
Merch Maverick
themerchmaverick.com"
ARO,hello@movewitharo.com,cold_plunge,Madrid,ES,http://www.movewitharo.com/,5,40,quick idea for ARO's members,"Hi there, I came across ARO while researching top rated cold plunge and sauna spaces in Madrid and noticed you're holding a 5 rating across 40 reviews. Numbers like that usually mean people leave talking about the experience, which is exactly the kind of thing branded gear tends to amplify. We're Merch Maverick, a factory direct supplier of branded robes, towels, and recovery hoodies for studios like yours, no agency markups, just your logo on gear members already want. I can send over a free digital mockup of a ARO branded robe within 48 hours. If it is not a fit, no cost and no obligation. Would it be okay if I sent that mockup your way? Faiaz
Merch Maverick
themerchmaverick.com"
Alleve,info@alleve.co.uk,cold_plunge,Glasgow,GB,https://www.alleve.co.uk/,5,40,quick note for Alleve,"Hi there, I came across Alleve while researching top rated cold plunge and sauna spaces in Glasgow and noticed you're holding a 5 rating across 40 reviews. Numbers like that usually mean people leave talking about the experience, which is exactly the kind of thing branded gear tends to amplify. We're Merch Maverick, a factory direct supplier of branded robes, towels, and recovery hoodies for studios like yours, no agency markups, just your logo on gear members already want. I can send over a free digital mockup of a Alleve branded robe within 48 hours. If it is not a fit, no cost and no obligation. Would it be okay if I sent that mockup your way? Faiaz
Merch Maverick
themerchmaverick.com"
Core Arts Pilates,info@coreartscenter.com,pilates,Anaheim,US,http://www.coreartscenter.com/,5,39,thought of Core Arts Pilates for something,"Hi there, I came across Core Arts Pilates while researching top rated reformer pilates studios in Anaheim and noticed you're holding a 5 rating across 39 reviews. That's the kind of loyalty that usually means members are proud to be part of the studio, not just attending classes. We're Merch Maverick, a factory direct supplier of branded totes, mat bags, and studio apparel for pilates studios. We work without agency markups, so the pricing usually beats what local printers quote for the same quality. I can put together a free digital mockup of a Core Arts Pilates branded tote within 48 hours. No cost and no obligation either way, it's yours to look at. Would it be alright if I sent that over? Faiaz
Merch Maverick
themerchmaverick.com"
Pilatay - Classical Pilates Studio,hello@pilatay.com,pilates,Miami,US,https://www.miami-pilates.com/,5,39,"quick idea, Pilatay - Classical Pilates Studio","Hi there, I came across Pilatay - Classical Pilates Studio while researching top rated reformer pilates studios in Miami and noticed you're holding a 5 rating across 39 reviews. That's the kind of loyalty that usually means members are proud to be part of the studio, not just attending classes. We're Merch Maverick, a factory direct supplier of branded totes, mat bags, and studio apparel for pilates studios. We work without agency markups, so the pricing usually beats what local printers quote for the same quality. I can put together a free digital mockup of a Pilatay - Classical Pilates Studio branded tote within 48 hours. No cost and no obligation either way, it's yours to look at. Would it be alright if I sent that over? Faiaz
Merch Maverick
themerchmaverick.com"
Vinyl Pilates,admin@vinylpilates.com,pilates,Chicago,US,https://vinylpilates.com/,5,39,quick question about Vinyl Pilates's retail shelf,"Hi there, I came across Vinyl Pilates while researching top rated reformer pilates studios in Chicago and noticed you're holding a 5 rating across 39 reviews. That's the kind of loyalty that usually means members are proud to be part of the studio, not just attending classes. We're Merch Maverick, a factory direct supplier of branded totes, mat bags, and studio apparel for pilates studios. We work without agency markups, so the pricing usually beats what local printers quote for the same quality. I can put together a free digital mockup of a Vinyl Pilates branded tote within 48 hours. No cost and no obligation either way, it's yours to look at. Would it be alright if I sent that over? Faiaz
Merch Maverick
themerchmaverick.com"
VITA Well Pilates Studio,howdy@vitawell.studio,pilates,Austin,US,https://vitawell.studio/,5,39,quick idea for VITA Well Pilates Studio's members,"Hi there, I came across VITA Well Pilates Studio while researching top rated reformer pilates studios in Austin and noticed you're holding a 5 rating across 39 reviews. That's the kind of loyalty that usually means members are proud to be part of the studio, not just attending classes. We're Merch Maverick, a factory direct supplier of branded totes, mat bags, and studio apparel for pilates studios. We work without agency markups, so the pricing usually beats what local printers quote for the same quality. I can put together a free digital mockup of a VITA Well Pilates Studio branded tote within 48 hours. No cost and no obligation either way, it's yours to look at. Would it be alright if I sent that over? Faiaz
Merch Maverick
themerchmaverick.com"
Restart Reformer Pilates Circle Square,booking@restartpilates.co.uk,pilates,Manchester,GB,https://www.restartpilates.co.uk/,5,39,quick note for Restart Reformer Pilates Circle Square,"Hi there, I came across Restart Reformer Pilates Circle Square while researching top rated reformer pilates studios in Manchester and noticed you're holding a 5 rating across 39 reviews. That's the kind of loyalty that usually means members are proud to be part of the studio, not just attending classes. We're Merch Maverick, a factory direct supplier of branded totes, mat bags, and studio apparel for pilates studios. We work without agency markups, so the pricing usually beats what local printers quote for the same quality. I can put together a free digital mockup of a Restart Reformer Pilates Circle Square branded tote within 48 hours. No cost and no obligation either way, it's yours to look at. Would it be alright if I sent that over? Faiaz
Merch Maverick
themerchmaverick.com"
Fitlounge,info@fitlounge.nl,cold_plunge,Rotterdam,NL,https://www.fitlounge.nl/,5,39,thought of Fitlounge for something,"Hi there, I came across Fitlounge while researching top rated cold plunge and sauna spaces in Rotterdam and noticed you're holding a 5 rating across 39 reviews. Numbers like that usually mean people leave talking about the experience, which is exactly the kind of thing branded gear tends to amplify. We're Merch Maverick, a factory direct supplier of branded robes, towels, and recovery hoodies for studios like yours, no agency markups, just your logo on gear members already want. I can send over a free digital mockup of a Fitlounge branded robe within 48 hours. If it is not a fit, no cost and no obligation. Would it be okay if I sent that mockup your way? Faiaz
Merch Maverick
themerchmaverick.com"
FS8 South Lake Union,southlakeunion@fs8studio.com,pilates,Seattle,US,https://fs8.com/studio/southlakeunion/,5,38,"quick idea, FS8 South Lake Union","Hi there, I came across FS8 South Lake Union while researching top rated reformer pilates studios in Seattle and noticed you're holding a 5 rating across 38 reviews. That's the kind of loyalty that usually means members are proud to be part of the studio, not just attending classes. We're Merch Maverick, a factory direct supplier of branded totes, mat bags, and studio apparel for pilates studios. We work without agency markups, so the pricing usually beats what local printers quote for the same quality. I can put together a free digital mockup of a FS8 South Lake Union branded tote within 48 hours. No cost and no obligation either way, it's yours to look at. Would it be alright if I sent that over? Faiaz
Merch Maverick
themerchmaverick.com"
UNA PILATES,info@unapilates.com,pilates,Amsterdam,NL,https://www.unapilates.com/?utm_source=google&utm_medium=wix_google_business_profile&utm_campaign=11563715358448032130,5,38,quick question about UNA PILATES's retail shelf,"Hi there, I came across UNA PILATES while researching top rated reformer pilates studios in Amsterdam and noticed you're holding a 5 rating across 38 reviews. That's the kind of loyalty that usually means members are proud to be part of the studio, not just attending classes. We're Merch Maverick, a factory direct supplier of branded totes, mat bags, and studio apparel for pilates studios. We work without agency markups, so the pricing usually beats what local printers quote for the same quality. I can put together a free digital mockup of a UNA PILATES branded tote within 48 hours. No cost and no obligation either way, it's yours to look at. Would it be alright if I sent that over? Faiaz
Merch Maverick
themerchmaverick.com"
Pilates Privé,utilisateur@domaine.com,pilates,Paris,FR,http://www.pilatespriveparis.com/,5,38,quick idea for Pilates Privé's members,"Hi there, I came across Pilates Privé while researching top rated reformer pilates studios in Paris and noticed you're holding a 5 rating across 38 reviews. That's the kind of loyalty that usually means members are proud to be part of the studio, not just attending classes. We're Merch Maverick, a factory direct supplier of branded totes, mat bags, and studio apparel for pilates studios. We work without agency markups, so the pricing usually beats what local printers quote for the same quality. I can put together a free digital mockup of a Pilates Privé branded tote within 48 hours. No cost and no obligation either way, it's yours to look at. Would it be alright if I sent that over? Faiaz
Merch Maverick
themerchmaverick.com"
Barre Club 1080 x The Eleven21,info@barreclub.at,pilates,Vienna,AT,https://www.barreclub.at/,5,38,quick note for Barre Club 1080 x The Eleven21,"Hi there, I came across Barre Club 1080 x The Eleven21 while researching top rated reformer pilates studios in Vienna and noticed you're holding a 5 rating across 38 reviews. That's the kind of loyalty that usually means members are proud to be part of the studio, not just attending classes. We're Merch Maverick, a factory direct supplier of branded totes, mat bags, and studio apparel for pilates studios. We work without agency markups, so the pricing usually beats what local printers quote for the same quality. I can put together a free digital mockup of a Barre Club 1080 x The Eleven21 branded tote within 48 hours. No cost and no obligation either way, it's yours to look at. Would it be alright if I sent that over? Faiaz
Merch Maverick
themerchmaverick.com"
Rohschliff Studio,post@rohschliff.de,pilates,Cologne,DE,http://www.rohschliff.de/,5,38,thought of Rohschliff Studio for something,"Hi there, I came across Rohschliff Studio while researching top rated reformer pilates studios in Cologne and noticed you're holding a 5 rating across 38 reviews. That's the kind of loyalty that usually means members are proud to be part of the studio, not just attending classes. We're Merch Maverick, a factory direct supplier of branded totes, mat bags, and studio apparel for pilates studios. We work without agency markups, so the pricing usually beats what local printers quote for the same quality. I can put together a free digital mockup of a Rohschliff Studio branded tote within 48 hours. No cost and no obligation either way, it's yours to look at. Would it be alright if I sent that over? Faiaz
Merch Maverick
themerchmaverick.com"
Sauna Chill Foxboro,support@pdfcompressor.cloud,sauna,Boston,US,https://apps.apple.com/us/app/sauna-chill/id6748306370,5,37,"quick idea, Sauna Chill Foxboro","Hi there, I came across Sauna Chill Foxboro while researching top rated sauna studios in Boston and noticed you're holding a 5 rating across 37 reviews. That kind of consistency usually means people leave your space wanting to take a piece of the experience home with them. We're Merch Maverick, a factory direct supplier for branded sauna hats, towels, and robes for studios like yours. No middlemen, no inflated agency pricing, just your logo on the exact ritual gear your members already associate with the experience. I'll put together a free digital mockup of a Sauna Chill Foxboro branded wool felt sauna hat within 48 hours. If you don't love it, there's no cost and no obligation, it's yours to look at either way. Would it be okay if I sent that mockup over? Faiaz
Merch Maverick
themerchmaverick.com"
Pilates Tacoma,info@pilatestacoma.com,pilates,Washington,US,https://pilatestacoma.com/,5,37,quick question about Pilates Tacoma's retail shelf,"Hi there, I came across Pilates Tacoma while researching top rated reformer pilates studios in Washington and noticed you're holding a 5 rating across 37 reviews. That's the kind of loyalty that usually means members are proud to be part of the studio, not just attending classes. We're Merch Maverick, a factory direct supplier of branded totes, mat bags, and studio apparel for pilates studios. We work without agency markups, so the pricing usually beats what local printers quote for the same quality. I can put together a free digital mockup of a Pilates Tacoma branded tote within 48 hours. No cost and no obligation either way, it's yours to look at. Would it be alright if I sent that over? Faiaz
Merch Maverick
themerchmaverick.com"
Aira Reformer Pilates & Wellness Studio,hello@airapilates.co.uk,pilates,Glasgow,GB,https://www.airapilates.co.uk/,5,37,quick idea for Aira Reformer Pilates & Wellness Studio's members,"Hi there, I came across Aira Reformer Pilates & Wellness Studio while researching top rated reformer pilates studios in Glasgow and noticed you're holding a 5 rating across 37 reviews. That's the kind of loyalty that usually means members are proud to be part of the studio, not just attending classes. We're Merch Maverick, a factory direct supplier of branded totes, mat bags, and studio apparel for pilates studios. We work without agency markups, so the pricing usually beats what local printers quote for the same quality. I can put together a free digital mockup of a Aira Reformer Pilates & Wellness Studio branded tote within 48 hours. No cost and no obligation either way, it's yours to look at. Would it be alright if I sent that over? Faiaz
Merch Maverick
themerchmaverick.com"
Restart Longevity Spa Little Elm,you@email.com,cold_plunge,Dallas,US,http://www.restartspa.com/,5,37,quick note for Restart Longevity Spa Little Elm,"Hi there, I came across Restart Longevity Spa Little Elm while researching top rated cold plunge and sauna spaces in Dallas and noticed you're holding a 5 rating across 37 reviews. Numbers like that usually mean people leave talking about the experience, which is exactly the kind of thing branded gear tends to amplify. We're Merch Maverick, a factory direct supplier of branded robes, towels, and recovery hoodies for studios like yours, no agency markups, just your logo on gear members already want. I can send over a free digital mockup of a Restart Longevity Spa Little Elm branded robe within 48 hours. If it is not a fit, no cost and no obligation. Would it be okay if I sent that mockup your way? Faiaz
Merch Maverick
themerchmaverick.com"
Pulse Club,info@pulseclubsauna.com,sauna,London,GB,https://www.pulseclubsauna.com/,5,36,thought of Pulse Club for something,"Hi there, I came across Pulse Club while researching top rated sauna studios in London and noticed you're holding a 5 rating across 36 reviews. That kind of consistency usually means people leave your space wanting to take a piece of the experience home with them. We're Merch Maverick, a factory direct supplier for branded sauna hats, towels, and robes for studios like yours. No middlemen, no inflated agency pricing, just your logo on the exact ritual gear your members already associate with the experience. I'll put together a free digital mockup of a Pulse Club branded wool felt sauna hat within 48 hours. If you don't love it, there's no cost and no obligation, it's yours to look at either way. Would it be okay if I sent that mockup over? Faiaz
Merch Maverick
themerchmaverick.com"
Well Flexed,hello@wellflexed.com,sauna,Bristol,GB,https://wellflexed.com/,5,36,"quick idea, Well Flexed","Hi there, I came across Well Flexed while researching top rated sauna studios in Bristol and noticed you're holding a 5 rating across 36 reviews. That kind of consistency usually means people leave your space wanting to take a piece of the experience home with them. We're Merch Maverick, a factory direct supplier for branded sauna hats, towels, and robes for studios like yours. No middlemen, no inflated agency pricing, just your logo on the exact ritual gear your members already associate with the experience. I'll put together a free digital mockup of a Well Flexed branded wool felt sauna hat within 48 hours. If you don't love it, there's no cost and no obligation, it's yours to look at either way. Would it be okay if I sent that mockup over? Faiaz
Merch Maverick
themerchmaverick.com"
Olga Roberts Studio - Body Intelligence Pilates,info@olgarobertsstudio.com,pilates,Austin,US,https://www.olgarobertsstudio.com/,5,36,quick question about Olga Roberts Studio - Body Intelligence Pilates's retail shelf,"Hi there, I came across Olga Roberts Studio - Body Intelligence Pilates while researching top rated reformer pilates studios in Austin and noticed you're holding a 5 rating across 36 reviews. That's the kind of loyalty that usually means members are proud to be part of the studio, not just attending classes. We're Merch Maverick, a factory direct supplier of branded totes, mat bags, and studio apparel for pilates studios. We work without agency markups, so the pricing usually beats what local printers quote for the same quality. I can put together a free digital mockup of a Olga Roberts Studio - Body Intelligence Pilates branded tote within 48 hours. No cost and no obligation either way, it's yours to look at. Would it be alright if I sent that over? Faiaz
Merch Maverick
themerchmaverick.com"
"Somaspace , Classical Pilates & the Gyrotonic Method in Austin",studio@somaspacepilates.com,pilates,Austin,US,https://somaspacepilates.com/,5,36,"quick idea for Somaspace , Classical Pilates & the Gyrotonic Method in Austin's members","Hi there, I came across Somaspace , Classical Pilates & the Gyrotonic Method in Austin while researching top rated reformer pilates studios in Austin and noticed you're holding a 5 rating across 36 reviews. That's the kind of loyalty that usually means members are proud to be part of the studio, not just attending classes. We're Merch Maverick, a factory direct supplier of branded totes, mat bags, and studio apparel for pilates studios. We work without agency markups, so the pricing usually beats what local printers quote for the same quality. I can put together a free digital mockup of a Somaspace , Classical Pilates & the Gyrotonic Method in Austin branded tote within 48 hours. No cost and no obligation either way, it's yours to look at. Would it be alright if I sent that over? Faiaz
Merch Maverick
themerchmaverick.com"
Pilates Attic,team@pilatesattic.co.uk,pilates,Edinburgh,GB,http://www.pilatesattic.co.uk/,5,36,quick note for Pilates Attic,"Hi there, I came across Pilates Attic while researching top rated reformer pilates studios in Edinburgh and noticed you're holding a 5 rating across 36 reviews. That's the kind of loyalty that usually means members are proud to be part of the studio, not just attending classes. We're Merch Maverick, a factory direct supplier of branded totes, mat bags, and studio apparel for pilates studios. We work without agency markups, so the pricing usually beats what local printers quote for the same quality. I can put together a free digital mockup of a Pilates Attic branded tote within 48 hours. No cost and no obligation either way, it's yours to look at. Would it be alright if I sent that over? Faiaz
Merch Maverick
themerchmaverick.com"
Reshape Body Bar,contactus@reshapebodybar.com,cold_plunge,Las Vegas,US,https://reshapebodybar.com/,5,36,thought of Reshape Body Bar for something,"Hi there, I came across Reshape Body Bar while researching top rated cold plunge and sauna spaces in Las Vegas and noticed you're holding a 5 rating across 36 reviews. Numbers like that usually mean people leave talking about the experience, which is exactly the kind of thing branded gear tends to amplify. We're Merch Maverick, a factory direct supplier of branded robes, towels, and recovery hoodies for studios like yours, no agency markups, just your logo on gear members already want. I can send over a free digital mockup of a Reshape Body Bar branded robe within 48 hours. If it is not a fit, no cost and no obligation. Would it be okay if I sent that mockup your way? Faiaz
Merch Maverick
themerchmaverick.com"
Pulse Club,info@pulseclubsauna.com,cold_plunge,London,GB,https://www.pulseclubsauna.com/,5,36,"quick idea, Pulse Club","Hi there, I came across Pulse Club while researching top rated cold plunge and sauna spaces in London and noticed you're holding a 5 rating across 36 reviews. Numbers like that usually mean people leave talking about the experience, which is exactly the kind of thing branded gear tends to amplify. We're Merch Maverick, a factory direct supplier of branded robes, towels, and recovery hoodies for studios like yours, no agency markups, just your logo on gear members already want. I can send over a free digital mockup of a Pulse Club branded robe within 48 hours. If it is not a fit, no cost and no obligation. Would it be okay if I sent that mockup your way? Faiaz
Merch Maverick
themerchmaverick.com"
Well Flexed,hello@wellflexed.com,cold_plunge,Bristol,GB,https://wellflexed.com/,5,36,quick question about Well Flexed's retail shelf,"Hi there, I came across Well Flexed while researching top rated cold plunge and sauna spaces in Bristol and noticed you're holding a 5 rating across 36 reviews. Numbers like that usually mean people leave talking about the experience, which is exactly the kind of thing branded gear tends to amplify. We're Merch Maverick, a factory direct supplier of branded robes, towels, and recovery hoodies for studios like yours, no agency markups, just your logo on gear members already want. I can send over a free digital mockup of a Well Flexed branded robe within 48 hours. If it is not a fit, no cost and no obligation. Would it be okay if I sent that mockup your way? Faiaz
Merch Maverick
themerchmaverick.com"
Saunawelt European Sauna House,example@mysite.com,sauna,Houston,US,https://www.saunawelt.com/,5,35,quick idea for Saunawelt European Sauna House's members,"Hi there, I came across Saunawelt European Sauna House while researching top rated sauna studios in Houston and noticed you're holding a 5 rating across 35 reviews. That kind of consistency usually means people leave your space wanting to take a piece of the experience home with them. We're Merch Maverick, a factory direct supplier for branded sauna hats, towels, and robes for studios like yours. No middlemen, no inflated agency pricing, just your logo on the exact ritual gear your members already associate with the experience. I'll put together a free digital mockup of a Saunawelt European Sauna House branded wool felt sauna hat within 48 hours. If you don't love it, there's no cost and no obligation, it's yours to look at either way. Would it be okay if I sent that mockup over? Faiaz
Merch Maverick
themerchmaverick.com"
Campfire Sauna and Social,lauren@campfiresauna.com,sauna,Chicago,US,https://www.campfiresauna.com/,5,35,quick note for Campfire Sauna and Social,"Hi there, I came across Campfire Sauna and Social while researching top rated sauna studios in Chicago and noticed you're holding a 5 rating across 35 reviews. That kind of consistency usually means people leave your space wanting to take a piece of the experience home with them. We're Merch Maverick, a factory direct supplier for branded sauna hats, towels, and robes for studios like yours. No middlemen, no inflated agency pricing, just your logo on the exact ritual gear your members already associate with the experience. I'll put together a free digital mockup of a Campfire Sauna and Social branded wool felt sauna hat within 48 hours. If you don't love it, there's no cost and no obligation, it's yours to look at either way. Would it be okay if I sent that mockup over? Faiaz
Merch Maverick
themerchmaverick.com"
"Framework, East Nashville Backyard",hello@joinframework.com,sauna,Nashville,US,https://www.joinframework.com/east-nashville-backyard?utm_source=google&utm_medium=organic&utm_campaign=gbp-listing&utm_content=East+Nashville,5,35,"thought of Framework, East Nashville Backyard for something","Hi there, I came across Framework, East Nashville Backyard while researching top rated sauna studios in Nashville and noticed you're holding a 5 rating across 35 reviews. That kind of consistency usually means people leave your space wanting to take a piece of the experience home with them. We're Merch Maverick, a factory direct supplier for branded sauna hats, towels, and robes for studios like yours. No middlemen, no inflated agency pricing, just your logo on the exact ritual gear your members already associate with the experience. I'll put together a free digital mockup of a Framework, East Nashville Backyard branded wool felt sauna hat within 48 hours. If you don't love it, there's no cost and no obligation, it's yours to look at either way. Would it be okay if I sent that mockup over? Faiaz
Merch Maverick
themerchmaverick.com"
Sauna et Bains Collectifs,support@saunas-collectifs.fr,sauna,Paris,FR,https://saunas-collectifs.fr/,5,35,"quick idea, Sauna et Bains Collectifs","Hi there, I came across Sauna et Bains Collectifs while researching top rated sauna studios in Paris and noticed you're holding a 5 rating across 35 reviews. That kind of consistency usually means people leave your space wanting to take a piece of the experience home with them. We're Merch Maverick, a factory direct supplier for branded sauna hats, towels, and robes for studios like yours. No middlemen, no inflated agency pricing, just your logo on the exact ritual gear your members already associate with the experience. I'll put together a free digital mockup of a Sauna et Bains Collectifs branded wool felt sauna hat within 48 hours. If you don't love it, there's no cost and no obligation, it's yours to look at either way. Would it be okay if I sent that mockup over? Faiaz
Merch Maverick
themerchmaverick.com"
Puffin Sauna,specs.stores.fixnavig@ion.sposition,sauna,Edinburgh,GB,https://puffinsauna.co.uk/,5,35,quick question about Puffin Sauna's retail shelf,"Hi there, I came across Puffin Sauna while researching top rated sauna studios in Edinburgh and noticed you're holding a 5 rating across 35 reviews. That kind of consistency usually means people leave your space wanting to take a piece of the experience home with them. We're Merch Maverick, a factory direct supplier for branded sauna hats, towels, and robes for studios like yours. No middlemen, no inflated agency pricing, just your logo on the exact ritual gear your members already associate with the experience. I'll put together a free digital mockup of a Puffin Sauna branded wool felt sauna hat within 48 hours. If you don't love it, there's no cost and no obligation, it's yours to look at either way. Would it be okay if I sent that mockup over? Faiaz
Merch Maverick
themerchmaverick.com"
The Studio Modern Pilates,hello@thestudiomodernpilates.com,pilates,Washington,US,http://www.thestudiomodernpilates.com/,5,35,quick idea for The Studio Modern Pilates's members,"Hi there, I came across The Studio Modern Pilates while researching top rated reformer pilates studios in Washington and noticed you're holding a 5 rating across 35 reviews. That's the kind of loyalty that usually means members are proud to be part of the studio, not just attending classes. We're Merch Maverick, a factory direct supplier of branded totes, mat bags, and studio apparel for pilates studios. We work without agency markups, so the pricing usually beats what local printers quote for the same quality. I can put together a free digital mockup of a The Studio Modern Pilates branded tote within 48 hours. No cost and no obligation either way, it's yours to look at. Would it be alright if I sent that over? Faiaz
Merch Maverick
themerchmaverick.com"
Rhoë Pilates,info@rhoepilates.com,pilates,Nashville,US,https://www.rhoepilates.com/,5,35,quick note for Rhoë Pilates,"Hi there, I came across Rhoë Pilates while researching top rated reformer pilates studios in Nashville and noticed you're holding a 5 rating across 35 reviews. That's the kind of loyalty that usually means members are proud to be part of the studio, not just attending classes. We're Merch Maverick, a factory direct supplier of branded totes, mat bags, and studio apparel for pilates studios. We work without agency markups, so the pricing usually beats what local printers quote for the same quality. I can put together a free digital mockup of a Rhoë Pilates branded tote within 48 hours. No cost and no obligation either way, it's yours to look at. Would it be alright if I sent that over? Faiaz
Merch Maverick
themerchmaverick.com"
Pilates Back Bay,info@pilatesbb.com,pilates,Boston,US,http://www.pilatesbb.com/,5,35,thought of Pilates Back Bay for something,"Hi there, I came across Pilates Back Bay while researching top rated reformer pilates studios in Boston and noticed you're holding a 5 rating across 35 reviews. That's the kind of loyalty that usually means members are proud to be part of the studio, not just attending classes. We're Merch Maverick, a factory direct supplier of branded totes, mat bags, and studio apparel for pilates studios. We work without agency markups, so the pricing usually beats what local printers quote for the same quality. I can put together a free digital mockup of a Pilates Back Bay branded tote within 48 hours. No cost and no obligation either way, it's yours to look at. Would it be alright if I sent that over? Faiaz
Merch Maverick
themerchmaverick.com"
Physiolates - Manchester Pilates,office@physiolates.org.uk,pilates,Manchester,GB,https://physiolates.org.uk/,5,35,"quick idea, Physiolates - Manchester Pilates","Hi there, I came across Physiolates - Manchester Pilates while researching top rated reformer pilates studios in Manchester and noticed you're holding a 5 rating across 35 reviews. That's the kind of loyalty that usually means members are proud to be part of the studio, not just attending classes. We're Merch Maverick, a factory direct supplier of branded totes, mat bags, and studio apparel for pilates studios. We work without agency markups, so the pricing usually beats what local printers quote for the same quality. I can put together a free digital mockup of a Physiolates - Manchester Pilates branded tote within 48 hours. No cost and no obligation either way, it's yours to look at. Would it be alright if I sent that over? Faiaz
Merch Maverick
themerchmaverick.com"
Nov Run Club,info@thenovway.co.uk,run_club,London,GB,http://thenovway.co.uk/,5,35,quick question about Nov Run Club's retail shelf,"Hi there, I came across Nov Run Club while researching top rated run clubs in London and noticed you're holding a 5 rating across 35 reviews. That kind of following usually means your crew is already repping your name everywhere they go. We're Merch Maverick, a factory direct supplier of branded team tees, caps, and run club apparel. No agency markups, just gear your crew will actually wear outside of race day. I can send over a free digital mockup of a Nov Run Club branded team tee within 48 hours. If it's not a fit, no cost and no obligation. Would it be okay if I sent that mockup your way? Faiaz
Merch Maverick
themerchmaverick.com"
SoCal Cryo Wellness,admin@socalcryowellness.com,cold_plunge,Anaheim,US,http://www.socalcryowellness.com/,5,35,quick idea for SoCal Cryo Wellness's members,"Hi there, I came across SoCal Cryo Wellness while researching top rated cold plunge and sauna spaces in Anaheim and noticed you're holding a 5 rating across 35 reviews. Numbers like that usually mean people leave talking about the experience, which is exactly the kind of thing branded gear tends to amplify. We're Merch Maverick, a factory direct supplier of branded robes, towels, and recovery hoodies for studios like yours, no agency markups, just your logo on gear members already want. I can send over a free digital mockup of a SoCal Cryo Wellness branded robe within 48 hours. If it is not a fit, no cost and no obligation. Would it be okay if I sent that mockup your way? Faiaz
Merch Maverick
themerchmaverick.com"
Healthstyle Holistic Wellness Studio,hello@healthstyleholistic.com,cold_plunge,Chicago,US,https://healthstyleholistic.com/,5,35,quick note for Healthstyle Holistic Wellness Studio,"Hi there, I came across Healthstyle Holistic Wellness Studio while researching top rated cold plunge and sauna spaces in Chicago and noticed you're holding a 5 rating across 35 reviews. Numbers like that usually mean people leave talking about the experience, which is exactly the kind of thing branded gear tends to amplify. We're Merch Maverick, a factory direct supplier of branded robes, towels, and recovery hoodies for studios like yours, no agency markups, just your logo on gear members already want. I can send over a free digital mockup of a Healthstyle Holistic Wellness Studio branded robe within 48 hours. If it is not a fit, no cost and no obligation. Would it be okay if I sent that mockup your way? Faiaz
Merch Maverick
themerchmaverick.com"
"Framework, East Nashville Backyard",hello@joinframework.com,cold_plunge,Nashville,US,https://www.joinframework.com/east-nashville-backyard?utm_source=google&utm_medium=organic&utm_campaign=gbp-listing&utm_content=East+Nashville,5,35,"thought of Framework, East Nashville Backyard for something","Hi there, I came across Framework, East Nashville Backyard while researching top rated cold plunge and sauna spaces in Nashville and noticed you're holding a 5 rating across 35 reviews. Numbers like that usually mean people leave talking about the experience, which is exactly the kind of thing branded gear tends to amplify. We're Merch Maverick, a factory direct supplier of branded robes, towels, and recovery hoodies for studios like yours, no agency markups, just your logo on gear members already want. I can send over a free digital mockup of a Framework, East Nashville Backyard branded robe within 48 hours. If it is not a fit, no cost and no obligation. Would it be okay if I sent that mockup your way? Faiaz
Merch Maverick
themerchmaverick.com"
Kriobody - Krioszauna,info@kriobody.hu,cold_plunge,Budapest,HU,https://kriobody.hu/,5,35,"quick idea, Kriobody - Krioszauna","Hi there, I came across Kriobody - Krioszauna while researching top rated cold plunge and sauna spaces in Budapest and noticed you're holding a 5 rating across 35 reviews. Numbers like that usually mean people leave talking about the experience, which is exactly the kind of thing branded gear tends to amplify. We're Merch Maverick, a factory direct supplier of branded robes, towels, and recovery hoodies for studios like yours, no agency markups, just your logo on gear members already want. I can send over a free digital mockup of a Kriobody - Krioszauna branded robe within 48 hours. If it is not a fit, no cost and no obligation. Would it be okay if I sent that mockup your way? Faiaz
Merch Maverick
themerchmaverick.com"
RCVRY House,hello@rcvryhouse.com,sauna,Birmingham,GB,https://rcvryhouse.com/,5,34,quick question about RCVRY House's retail shelf,"Hi there, I came across RCVRY House while researching top rated sauna studios in Birmingham and noticed you're holding a 5 rating across 34 reviews. That kind of consistency usually means people leave your space wanting to take a piece of the experience home with them. We're Merch Maverick, a factory direct supplier for branded sauna hats, towels, and robes for studios like yours. No middlemen, no inflated agency pricing, just your logo on the exact ritual gear your members already associate with the experience. I'll put together a free digital mockup of a RCVRY House branded wool felt sauna hat within 48 hours. If you don't love it, there's no cost and no obligation, it's yours to look at either way. Would it be okay if I sent that mockup over? Faiaz
Merch Maverick
themerchmaverick.com"
Aer Pilates,hello@aerpilates.com,pilates,Austin,US,https://aerpilates.com/,5,34,quick idea for Aer Pilates's members,"Hi there, I came across Aer Pilates while researching top rated reformer pilates studios in Austin and noticed you're holding a 5 rating across 34 reviews. That's the kind of loyalty that usually means members are proud to be part of the studio, not just attending classes. We're Merch Maverick, a factory direct supplier of branded totes, mat bags, and studio apparel for pilates studios. We work without agency markups, so the pricing usually beats what local printers quote for the same quality. I can put together a free digital mockup of a Aer Pilates branded tote within 48 hours. No cost and no obligation either way, it's yours to look at. Would it be alright if I sent that over? Faiaz
Merch Maverick
themerchmaverick.com"
Full Circle Studio,move@fullcirclestudio.nl,pilates,Amsterdam,NL,https://www.fullcirclestudio.nl/,5,34,quick note for Full Circle Studio,"Hi there, I came across Full Circle Studio while researching top rated reformer pilates studios in Amsterdam and noticed you're holding a 5 rating across 34 reviews. That's the kind of loyalty that usually means members are proud to be part of the studio, not just attending classes. We're Merch Maverick, a factory direct supplier of branded totes, mat bags, and studio apparel for pilates studios. We work without agency markups, so the pricing usually beats what local printers quote for the same quality. I can put together a free digital mockup of a Full Circle Studio branded tote within 48 hours. No cost and no obligation either way, it's yours to look at. Would it be alright if I sent that over? Faiaz
Merch Maverick
themerchmaverick.com"
Athletic Reformer - selda pilates35,info@seldapilates35.de,pilates,Munich,DE,https://www.seldapilates35.de/,5,34,thought of Athletic Reformer - selda pilates35 for something,"Hi there, I came across Athletic Reformer - selda pilates35 while researching top rated reformer pilates studios in Munich and noticed you're holding a 5 rating across 34 reviews. That's the kind of loyalty that usually means members are proud to be part of the studio, not just attending classes. We're Merch Maverick, a factory direct supplier of branded totes, mat bags, and studio apparel for pilates studios. We work without agency markups, so the pricing usually beats what local printers quote for the same quality. I can put together a free digital mockup of a Athletic Reformer - selda pilates35 branded tote within 48 hours. No cost and no obligation either way, it's yours to look at. Would it be alright if I sent that over? Faiaz
Merch Maverick
themerchmaverick.com"
DIE°DER.STUDIO - Pilates Vienna,info@diederstudio.at,pilates,Vienna,AT,http://www.diederstudio.at/,5,34,"quick idea, DIE°DER.STUDIO - Pilates Vienna","Hi there, I came across DIE°DER.STUDIO - Pilates Vienna while researching top rated reformer pilates studios in Vienna and noticed you're holding a 5 rating across 34 reviews. That's the kind of loyalty that usually means members are proud to be part of the studio, not just attending classes. We're Merch Maverick, a factory direct supplier of branded totes, mat bags, and studio apparel for pilates studios. We work without agency markups, so the pricing usually beats what local printers quote for the same quality. I can put together a free digital mockup of a DIE°DER.STUDIO - Pilates Vienna branded tote within 48 hours. No cost and no obligation either way, it's yours to look at. Would it be alright if I sent that over? Faiaz
Merch Maverick
themerchmaverick.com"
Bea Alexander Pilates,classes@beaalexanderpilates.co.uk,pilates,Edinburgh,GB,http://www.beaalexanderpilates.co.uk/,5,34,quick question about Bea Alexander Pilates's retail shelf,"Hi there, I came across Bea Alexander Pilates while researching top rated reformer pilates studios in Edinburgh and noticed you're holding a 5 rating across 34 reviews. That's the kind of loyalty that usually means members are proud to be part of the studio, not just attending classes. We're Merch Maverick, a factory direct supplier of branded totes, mat bags, and studio apparel for pilates studios. We work without agency markups, so the pricing usually beats what local printers quote for the same quality. I can put together a free digital mockup of a Bea Alexander Pilates branded tote within 48 hours. No cost and no obligation either way, it's yours to look at. Would it be alright if I sent that over? Faiaz
Merch Maverick
themerchmaverick.com"
Solar Pilates Studio,info@indiantypefoundry.com,pilates,Glasgow,GB,https://solar-studio.co.uk/,5,34,quick idea for Solar Pilates Studio's members,"Hi there, I came across Solar Pilates Studio while researching top rated reformer pilates studios in Glasgow and noticed you're holding a 5 rating across 34 reviews. That's the kind of loyalty that usually means members are proud to be part of the studio, not just attending classes. We're Merch Maverick, a factory direct supplier of branded totes, mat bags, and studio apparel for pilates studios. We work without agency markups, so the pricing usually beats what local printers quote for the same quality. I can put together a free digital mockup of a Solar Pilates Studio branded tote within 48 hours. No cost and no obligation either way, it's yours to look at. Would it be alright if I sent that over? Faiaz
Merch Maverick
themerchmaverick.com"
Bristol Pilates Co.,hi@bristolpilatesco.co.uk,pilates,Bristol,GB,https://bristolpilatesco.co.uk/,5,34,quick note for Bristol Pilates Co.,"Hi there, I came across Bristol Pilates Co. while researching top rated reformer pilates studios in Bristol and noticed you're holding a 5 rating across 34 reviews. That's the kind of loyalty that usually means members are proud to be part of the studio, not just attending classes. We're Merch Maverick, a factory direct supplier of branded totes, mat bags, and studio apparel for pilates studios. We work without agency markups, so the pricing usually beats what local printers quote for the same quality. I can put together a free digital mockup of a Bristol Pilates Co. branded tote within 48 hours. No cost and no obligation either way, it's yours to look at. Would it be alright if I sent that over? Faiaz
Merch Maverick
themerchmaverick.com"
REVO Studios,hello@revostudios.eu,cold_plunge,Barcelona,ES,https://www.revostudios.eu/,5,34,thought of REVO Studios for something,"Hi there, I came across REVO Studios while researching top rated cold plunge and sauna spaces in Barcelona and noticed you're holding a 5 rating across 34 reviews. Numbers like that usually mean people leave talking about the experience, which is exactly the kind of thing branded gear tends to amplify. We're Merch Maverick, a factory direct supplier of branded robes, towels, and recovery hoodies for studios like yours, no agency markups, just your logo on gear members already want. I can send over a free digital mockup of a REVO Studios branded robe within 48 hours. If it is not a fit, no cost and no obligation. Would it be okay if I sent that mockup your way? Faiaz
Merch Maverick
themerchmaverick.com"
RCVRY House,hello@rcvryhouse.com,cold_plunge,Birmingham,GB,https://rcvryhouse.com/,5,34,"quick idea, RCVRY House","Hi there, I came across RCVRY House while researching top rated cold plunge and sauna spaces in Birmingham and noticed you're holding a 5 rating across 34 reviews. Numbers like that usually mean people leave talking about the experience, which is exactly the kind of thing branded gear tends to amplify. We're Merch Maverick, a factory direct supplier of branded robes, towels, and recovery hoodies for studios like yours, no agency markups, just your logo on gear members already want. I can send over a free digital mockup of a RCVRY House branded robe within 48 hours. If it is not a fit, no cost and no obligation. Would it be okay if I sent that mockup your way? Faiaz
Merch Maverick
themerchmaverick.com"
Lilla Sauna - Bastu Stockholm,kontakt@lillasauna.se,sauna,Stockholm,SE,https://lillasauna.se/,5,33,quick question about Lilla Sauna - Bastu Stockholm's retail shelf,"Hi there, I came across Lilla Sauna - Bastu Stockholm while researching top rated sauna studios in Stockholm and noticed you're holding a 5 rating across 33 reviews. That kind of consistency usually means people leave your space wanting to take a piece of the experience home with them. We're Merch Maverick, a factory direct supplier for branded sauna hats, towels, and robes for studios like yours. No middlemen, no inflated agency pricing, just your logo on the exact ritual gear your members already associate with the experience. I'll put together a free digital mockup of a Lilla Sauna - Bastu Stockholm branded wool felt sauna hat within 48 hours. If you don't love it, there's no cost and no obligation, it's yours to look at either way. Would it be okay if I sent that mockup over? Faiaz
Merch Maverick
themerchmaverick.com"
Opal Pilates,info@opalpilates.com,pilates,Anaheim,US,https://www.opalpilates.com/,5,33,quick idea for Opal Pilates's members,"Hi there, I came across Opal Pilates while researching top rated reformer pilates studios in Anaheim and noticed you're holding a 5 rating across 33 reviews. That's the kind of loyalty that usually means members are proud to be part of the studio, not just attending classes. We're Merch Maverick, a factory direct supplier of branded totes, mat bags, and studio apparel for pilates studios. We work without agency markups, so the pricing usually beats what local printers quote for the same quality. I can put together a free digital mockup of a Opal Pilates branded tote within 48 hours. No cost and no obligation either way, it's yours to look at. Would it be alright if I sent that over? Faiaz
Merch Maverick
themerchmaverick.com"
Pure Pilates Chicago,purepilateschicago@gmail.com\,pilates,Chicago,US,http://purepilateschicago.com/,5,33,quick note for Pure Pilates Chicago,"Hi there, I came across Pure Pilates Chicago while researching top rated reformer pilates studios in Chicago and noticed you're holding a 5 rating across 33 reviews. That's the kind of loyalty that usually means members are proud to be part of the studio, not just attending classes. We're Merch Maverick, a factory direct supplier of branded totes, mat bags, and studio apparel for pilates studios. We work without agency markups, so the pricing usually beats what local printers quote for the same quality. I can put together a free digital mockup of a Pure Pilates Chicago branded tote within 48 hours. No cost and no obligation either way, it's yours to look at. Would it be alright if I sent that over? Faiaz
Merch Maverick
themerchmaverick.com"
Passion & Pilates,info@passionandpilates.com,pilates,Boston,US,http://www.passionandpilates.com/,5,33,thought of Passion & Pilates for something,"Hi there, I came across Passion & Pilates while researching top rated reformer pilates studios in Boston and noticed you're holding a 5 rating across 33 reviews. That's the kind of loyalty that usually means members are proud to be part of the studio, not just attending classes. We're Merch Maverick, a factory direct supplier of branded totes, mat bags, and studio apparel for pilates studios. We work without agency markups, so the pricing usually beats what local printers quote for the same quality. I can put together a free digital mockup of a Passion & Pilates branded tote within 48 hours. No cost and no obligation either way, it's yours to look at. Would it be alright if I sent that over? Faiaz
Merch Maverick
themerchmaverick.com"
The Pilates Kitchen,katie@pilateskitchen.com,pilates,Denver,US,https://pilateskitchen.com/,5,33,"quick idea, The Pilates Kitchen","Hi there, I came across The Pilates Kitchen while researching top rated reformer pilates studios in Denver and noticed you're holding a 5 rating across 33 reviews. That's the kind of loyalty that usually means members are proud to be part of the studio, not just attending classes. We're Merch Maverick, a factory direct supplier of branded totes, mat bags, and studio apparel for pilates studios. We work without agency markups, so the pricing usually beats what local printers quote for the same quality. I can put together a free digital mockup of a The Pilates Kitchen branded tote within 48 hours. No cost and no obligation either way, it's yours to look at. Would it be alright if I sent that over? Faiaz
Merch Maverick
themerchmaverick.com"
BODYROK Belltown (Seattle)- Reformer Pilates,info@bodyrok.com,pilates,Seattle,US,https://bodyrok.com/studio/belltown/,5,33,quick question about BODYROK Belltown (Seattle)- Reformer Pilates's retail shelf,"Hi there, I came across BODYROK Belltown (Seattle)- Reformer Pilates while researching top rated reformer pilates studios in Seattle and noticed you're holding a 5 rating across 33 reviews. That's the kind of loyalty that usually means members are proud to be part of the studio, not just attending classes. We're Merch Maverick, a factory direct supplier of branded totes, mat bags, and studio apparel for pilates studios. We work without agency markups, so the pricing usually beats what local printers quote for the same quality. I can put together a free digital mockup of a BODYROK Belltown (Seattle)- Reformer Pilates branded tote within 48 hours. No cost and no obligation either way, it's yours to look at. Would it be alright if I sent that over? Faiaz
Merch Maverick
themerchmaverick.com"
Infusion Reformer Pilates Studio,contact@infusionpilates.hu,pilates,Budapest,HU,https://www.infusionpilates.hu/,5,33,quick idea for Infusion Reformer Pilates Studio's members,"Hi there, I came across Infusion Reformer Pilates Studio while researching top rated reformer pilates studios in Budapest and noticed you're holding a 5 rating across 33 reviews. That's the kind of loyalty that usually means members are proud to be part of the studio, not just attending classes. We're Merch Maverick, a factory direct supplier of branded totes, mat bags, and studio apparel for pilates studios. We work without agency markups, so the pricing usually beats what local printers quote for the same quality. I can put together a free digital mockup of a Infusion Reformer Pilates Studio branded tote within 48 hours. No cost and no obligation either way, it's yours to look at. Would it be alright if I sent that over? Faiaz
Merch Maverick
themerchmaverick.com"
The Reformer Studio,specs.stores.fixnavig@ion.sposition,pilates,Manchester,GB,https://www.reformerstudio.co.uk/,5,33,quick note for The Reformer Studio,"Hi there, I came across The Reformer Studio while researching top rated reformer pilates studios in Manchester and noticed you're holding a 5 rating across 33 reviews. That's the kind of loyalty that usually means members are proud to be part of the studio, not just attending classes. We're Merch Maverick, a factory direct supplier of branded totes, mat bags, and studio apparel for pilates studios. We work without agency markups, so the pricing usually beats what local printers quote for the same quality. I can put together a free digital mockup of a The Reformer Studio branded tote within 48 hours. No cost and no obligation either way, it's yours to look at. Would it be alright if I sent that over? Faiaz
Merch Maverick
themerchmaverick.com"
OURS.studio,hello@oursstudio.net,pilates,Glasgow,GB,http://www.oursstudio.net/,5,33,thought of OURS.studio for something,"Hi there, I came across OURS.studio while researching top rated reformer pilates studios in Glasgow and noticed you're holding a 5 rating across 33 reviews. That's the kind of loyalty that usually means members are proud to be part of the studio, not just attending classes. We're Merch Maverick, a factory direct supplier of branded totes, mat bags, and studio apparel for pilates studios. We work without agency markups, so the pricing usually beats what local printers quote for the same quality. I can put together a free digital mockup of a OURS.studio branded tote within 48 hours. No cost and no obligation either way, it's yours to look at. Would it be alright if I sent that over? Faiaz
Merch Maverick
themerchmaverick.com"
Mindful Meridians PEMF & Float Studio,user@domain.com,cold_plunge,Toronto,CA,https://www.mindfulmeridianspemf.com/,5,33,"quick idea, Mindful Meridians PEMF & Float Studio","Hi there, I came across Mindful Meridians PEMF & Float Studio while researching top rated cold plunge and sauna spaces in Toronto and noticed you're holding a 5 rating across 33 reviews. Numbers like that usually mean people leave talking about the experience, which is exactly the kind of thing branded gear tends to amplify. We're Merch Maverick, a factory direct supplier of branded robes, towels, and recovery hoodies for studios like yours, no agency markups, just your logo on gear members already want. I can send over a free digital mockup of a Mindful Meridians PEMF & Float Studio branded robe within 48 hours. If it is not a fit, no cost and no obligation. Would it be okay if I sent that mockup your way? Faiaz
Merch Maverick
themerchmaverick.com"
Wellness at The Newman,info@thenewman.com,sauna,London,GB,https://www.thenewman.com/wellness,5,32,quick question about Wellness at The Newman's retail shelf,"Hi there, I came across Wellness at The Newman while researching top rated sauna studios in London and noticed you're holding a 5 rating across 32 reviews. That kind of consistency usually means people leave your space wanting to take a piece of the experience home with them. We're Merch Maverick, a factory direct supplier for branded sauna hats, towels, and robes for studios like yours. No middlemen, no inflated agency pricing, just your logo on the exact ritual gear your members already associate with the experience. I'll put together a free digital mockup of a Wellness at The Newman branded wool felt sauna hat within 48 hours. If you don't love it, there's no cost and no obligation, it's yours to look at either way. Would it be okay if I sent that mockup over? Faiaz
Merch Maverick
themerchmaverick.com"
SOAK Bathhouse,user@domain.com,sauna,London,GB,https://www.soakbathhouse.co.uk/,5,32,quick idea for SOAK Bathhouse's members,"Hi there, I came across SOAK Bathhouse while researching top rated sauna studios in London and noticed you're holding a 5 rating across 32 reviews. That kind of consistency usually means people leave your space wanting to take a piece of the experience home with them. We're Merch Maverick, a factory direct supplier for branded sauna hats, towels, and robes for studios like yours. No middlemen, no inflated agency pricing, just your logo on the exact ritual gear your members already associate with the experience. I'll put together a free digital mockup of a SOAK Bathhouse branded wool felt sauna hat within 48 hours. If you don't love it, there's no cost and no obligation, it's yours to look at either way. Would it be okay if I sent that mockup over? Faiaz
Merch Maverick
themerchmaverick.com"
Platinum Pilates & Wellness,hello@platinumpilatesaz.com,pilates,Phoenix,US,https://www.platinumpilatesaz.com/,5,32,quick note for Platinum Pilates & Wellness,"Hi there, I came across Platinum Pilates & Wellness while researching top rated reformer pilates studios in Phoenix and noticed you're holding a 5 rating across 32 reviews. That's the kind of loyalty that usually means members are proud to be part of the studio, not just attending classes. We're Merch Maverick, a factory direct supplier of branded totes, mat bags, and studio apparel for pilates studios. We work without agency markups, so the pricing usually beats what local printers quote for the same quality. I can put together a free digital mockup of a Platinum Pilates & Wellness branded tote within 48 hours. No cost and no obligation either way, it's yours to look at. Would it be alright if I sent that over? Faiaz
Merch Maverick
themerchmaverick.com"
Pilates by Ness,me@pilatesbyness.com,pilates,Denver,US,http://www.pilatesbyness.com/,5,32,thought of Pilates by Ness for something,"Hi there, I came across Pilates by Ness while researching top rated reformer pilates studios in Denver and noticed you're holding a 5 rating across 32 reviews. That's the kind of loyalty that usually means members are proud to be part of the studio, not just attending classes. We're Merch Maverick, a factory direct supplier of branded totes, mat bags, and studio apparel for pilates studios. We work without agency markups, so the pricing usually beats what local printers quote for the same quality. I can put together a free digital mockup of a Pilates by Ness branded tote within 48 hours. No cost and no obligation either way, it's yours to look at. Would it be alright if I sent that over? Faiaz
Merch Maverick
themerchmaverick.com"
Reformer Sporthuis bijvoet,reformer@sporthuisbijvoet.nl,pilates,Amsterdam,NL,https://reformer-sporthuisbijvoet.nl/,5,32,"quick idea, Reformer Sporthuis bijvoet","Hi there, I came across Reformer Sporthuis bijvoet while researching top rated reformer pilates studios in Amsterdam and noticed you're holding a 5 rating across 32 reviews. That's the kind of loyalty that usually means members are proud to be part of the studio, not just attending classes. We're Merch Maverick, a factory direct supplier of branded totes, mat bags, and studio apparel for pilates studios. We work without agency markups, so the pricing usually beats what local printers quote for the same quality. I can put together a free digital mockup of a Reformer Sporthuis bijvoet branded tote within 48 hours. No cost and no obligation either way, it's yours to look at. Would it be alright if I sent that over? Faiaz
Merch Maverick
themerchmaverick.com"
Friday Reformer Pilates Stúdió Zugló,kiraly@ideashop.hu,pilates,Budapest,HU,http://www.fridaypilates.hu/,5,32,quick question about Friday Reformer Pilates Stúdió Zugló's retail shelf,"Hi there, I came across Friday Reformer Pilates Stúdió Zugló while researching top rated reformer pilates studios in Budapest and noticed you're holding a 5 rating across 32 reviews. That's the kind of loyalty that usually means members are proud to be part of the studio, not just attending classes. We're Merch Maverick, a factory direct supplier of branded totes, mat bags, and studio apparel for pilates studios. We work without agency markups, so the pricing usually beats what local printers quote for the same quality. I can put together a free digital mockup of a Friday Reformer Pilates Stúdió Zugló branded tote within 48 hours. No cost and no obligation either way, it's yours to look at. Would it be alright if I sent that over? Faiaz
Merch Maverick
themerchmaverick.com"
MOTION Oval • Reformer Pilates • NEWLY OPEN !!!,hello@motionlondon.co.uk,pilates,London,GB,https://www.motionlondon.co.uk/,5,32,quick idea for MOTION Oval • Reformer Pilates • NEWLY OPEN !!!'s members,"Hi there, I came across MOTION Oval • Reformer Pilates • NEWLY OPEN !!! while researching top rated reformer pilates studios in London and noticed you're holding a 5 rating across 32 reviews. That's the kind of loyalty that usually means members are proud to be part of the studio, not just attending classes. We're Merch Maverick, a factory direct supplier of branded totes, mat bags, and studio apparel for pilates studios. We work without agency markups, so the pricing usually beats what local printers quote for the same quality. I can put together a free digital mockup of a MOTION Oval • Reformer Pilates • NEWLY OPEN !!! branded tote within 48 hours. No cost and no obligation either way, it's yours to look at. Would it be alright if I sent that over? Faiaz
Merch Maverick
themerchmaverick.com"
BOXR HEALTH,support@boxrgym.com,cold_plunge,Miami,US,https://tinyurl.com/BOXR-health,5,32,quick note for BOXR HEALTH,"Hi there, I came across BOXR HEALTH while researching top rated cold plunge and sauna spaces in Miami and noticed you're holding a 5 rating across 32 reviews. Numbers like that usually mean people leave talking about the experience, which is exactly the kind of thing branded gear tends to amplify. We're Merch Maverick, a factory direct supplier of branded robes, towels, and recovery hoodies for studios like yours, no agency markups, just your logo on gear members already want. I can send over a free digital mockup of a BOXR HEALTH branded robe within 48 hours. If it is not a fit, no cost and no obligation. Would it be okay if I sent that mockup your way? Faiaz
Merch Maverick
themerchmaverick.com"
The Recovery Machine,support@therecoverymachine.co,sauna,Anaheim,US,https://www.therecoverymachine.co/,5,31,thought of The Recovery Machine for something,"Hi there, I came across The Recovery Machine while researching top rated sauna studios in Anaheim and noticed you're holding a 5 rating across 31 reviews. That kind of consistency usually means people leave your space wanting to take a piece of the experience home with them. We're Merch Maverick, a factory direct supplier for branded sauna hats, towels, and robes for studios like yours. No middlemen, no inflated agency pricing, just your logo on the exact ritual gear your members already associate with the experience. I'll put together a free digital mockup of a The Recovery Machine branded wool felt sauna hat within 48 hours. If you don't love it, there's no cost and no obligation, it's yours to look at either way. Would it be okay if I sent that mockup over? Faiaz
Merch Maverick
themerchmaverick.com"
MAGMA BY PILATES BY RILEY,user@domain.com,pilates,Denver,US,https://www.magmapbr.com/,5,31,"quick idea, MAGMA BY PILATES BY RILEY","Hi there, I came across MAGMA BY PILATES BY RILEY while researching top rated reformer pilates studios in Denver and noticed you're holding a 5 rating across 31 reviews. That's the kind of loyalty that usually means members are proud to be part of the studio, not just attending classes. We're Merch Maverick, a factory direct supplier of branded totes, mat bags, and studio apparel for pilates studios. We work without agency markups, so the pricing usually beats what local printers quote for the same quality. I can put together a free digital mockup of a MAGMA BY PILATES BY RILEY branded tote within 48 hours. No cost and no obligation either way, it's yours to look at. Would it be alright if I sent that over? Faiaz
Merch Maverick
themerchmaverick.com"
Unfold Studio,info@unfoldstudioberlin.com,pilates,Berlin,DE,https://www.unfoldstudioberlin.com/,5,31,quick question about Unfold Studio's retail shelf,"Hi there, I came across Unfold Studio while researching top rated reformer pilates studios in Berlin and noticed you're holding a 5 rating across 31 reviews. That's the kind of loyalty that usually means members are proud to be part of the studio, not just attending classes. We're Merch Maverick, a factory direct supplier of branded totes, mat bags, and studio apparel for pilates studios. We work without agency markups, so the pricing usually beats what local printers quote for the same quality. I can put together a free digital mockup of a Unfold Studio branded tote within 48 hours. No cost and no obligation either way, it's yours to look at. Would it be alright if I sent that over? Faiaz
Merch Maverick
themerchmaverick.com"
FlowerPower Pilates Studio,info@flowerpower.hu,pilates,Budapest,HU,https://flowerpower.hu/,5,31,quick idea for FlowerPower Pilates Studio's members,"Hi there, I came across FlowerPower Pilates Studio while researching top rated reformer pilates studios in Budapest and noticed you're holding a 5 rating across 31 reviews. That's the kind of loyalty that usually means members are proud to be part of the studio, not just attending classes. We're Merch Maverick, a factory direct supplier of branded totes, mat bags, and studio apparel for pilates studios. We work without agency markups, so the pricing usually beats what local printers quote for the same quality. I can put together a free digital mockup of a FlowerPower Pilates Studio branded tote within 48 hours. No cost and no obligation either way, it's yours to look at. Would it be alright if I sent that over? Faiaz
Merch Maverick
themerchmaverick.com"
Bloss. Pilates Studio,info@blosspilatesstudio.nl,pilates,Rotterdam,NL,http://www.blosspilatesstudio.nl/,5,31,quick note for Bloss. Pilates Studio,"Hi there, I came across Bloss. Pilates Studio while researching top rated reformer pilates studios in Rotterdam and noticed you're holding a 5 rating across 31 reviews. That's the kind of loyalty that usually means members are proud to be part of the studio, not just attending classes. We're Merch Maverick, a factory direct supplier of branded totes, mat bags, and studio apparel for pilates studios. We work without agency markups, so the pricing usually beats what local printers quote for the same quality. I can put together a free digital mockup of a Bloss. Pilates Studio branded tote within 48 hours. No cost and no obligation either way, it's yours to look at. Would it be alright if I sent that over? Faiaz
Merch Maverick
themerchmaverick.com"
Power Of Pilates,office@powerofpilates.at,pilates,Vienna,AT,https://powerofpilates.at/,5,31,thought of Power Of Pilates for something,"Hi there, I came across Power Of Pilates while researching top rated reformer pilates studios in Vienna and noticed you're holding a 5 rating across 31 reviews. That's the kind of loyalty that usually means members are proud to be part of the studio, not just attending classes. We're Merch Maverick, a factory direct supplier of branded totes, mat bags, and studio apparel for pilates studios. We work without agency markups, so the pricing usually beats what local printers quote for the same quality. I can put together a free digital mockup of a Power Of Pilates branded tote within 48 hours. No cost and no obligation either way, it's yours to look at. Would it be alright if I sent that over? Faiaz
Merch Maverick
themerchmaverick.com"
Fine Tuning Pilates,finetuningpilates@gmail.com,pilates,Edinburgh,GB,http://fine-tuning-pilates.co.uk/,5,31,"quick idea, Fine Tuning Pilates","Hi there, I came across Fine Tuning Pilates while researching top rated reformer pilates studios in Edinburgh and noticed you're holding a 5 rating across 31 reviews. That's the kind of loyalty that usually means members are proud to be part of the studio, not just attending classes. We're Merch Maverick, a factory direct supplier of branded totes, mat bags, and studio apparel for pilates studios. We work without agency markups, so the pricing usually beats what local printers quote for the same quality. I can put together a free digital mockup of a Fine Tuning Pilates branded tote within 48 hours. No cost and no obligation either way, it's yours to look at. Would it be alright if I sent that over? Faiaz
Merch Maverick
themerchmaverick.com"
The Recovery Machine,support@therecoverymachine.co,cold_plunge,Anaheim,US,https://www.therecoverymachine.co/,5,31,quick question about The Recovery Machine's retail shelf,"Hi there, I came across The Recovery Machine while researching top rated cold plunge and sauna spaces in Anaheim and noticed you're holding a 5 rating across 31 reviews. Numbers like that usually mean people leave talking about the experience, which is exactly the kind of thing branded gear tends to amplify. We're Merch Maverick, a factory direct supplier of branded robes, towels, and recovery hoodies for studios like yours, no agency markups, just your logo on gear members already want. I can send over a free digital mockup of a The Recovery Machine branded robe within 48 hours. If it is not a fit, no cost and no obligation. Would it be okay if I sent that mockup your way? Faiaz
Merch Maverick
themerchmaverick.com"
Longevity Wien,office@longevity-wien.at,cold_plunge,Vienna,AT,https://longevity-wien.at/,5,31,quick idea for Longevity Wien's members,"Hi there, I came across Longevity Wien while researching top rated cold plunge and sauna spaces in Vienna and noticed you're holding a 5 rating across 31 reviews. Numbers like that usually mean people leave talking about the experience, which is exactly the kind of thing branded gear tends to amplify. We're Merch Maverick, a factory direct supplier of branded robes, towels, and recovery hoodies for studios like yours, no agency markups, just your logo on gear members already want. I can send over a free digital mockup of a Longevity Wien branded robe within 48 hours. If it is not a fit, no cost and no obligation. Would it be okay if I sent that mockup your way? Faiaz
Merch Maverick
themerchmaverick.com"
SeaTsu Sauna,specs.stores.fixnavig@ion.sposition,sauna,Washington,US,https://seatsusauna.com/,5,30,quick note for SeaTsu Sauna,"Hi there, I came across SeaTsu Sauna while researching top rated sauna studios in Washington and noticed you're holding a 5 rating across 30 reviews. That kind of consistency usually means people leave your space wanting to take a piece of the experience home with them. We're Merch Maverick, a factory direct supplier for branded sauna hats, towels, and robes for studios like yours. No middlemen, no inflated agency pricing, just your logo on the exact ritual gear your members already associate with the experience. I'll put together a free digital mockup of a SeaTsu Sauna branded wool felt sauna hat within 48 hours. If you don't love it, there's no cost and no obligation, it's yours to look at either way. Would it be okay if I sent that mockup over? Faiaz
Merch Maverick
themerchmaverick.com"
The Pilates Place Studios,info@thepilatesplacestudios.com,pilates,Miami,US,https://www.thepilatesplacestudios.com/,5,30,thought of The Pilates Place Studios for something,"Hi there, I came across The Pilates Place Studios while researching top rated reformer pilates studios in Miami and noticed you're holding a 5 rating across 30 reviews. That's the kind of loyalty that usually means members are proud to be part of the studio, not just attending classes. We're Merch Maverick, a factory direct supplier of branded totes, mat bags, and studio apparel for pilates studios. We work without agency markups, so the pricing usually beats what local printers quote for the same quality. I can put together a free digital mockup of a The Pilates Place Studios branded tote within 48 hours. No cost and no obligation either way, it's yours to look at. Would it be alright if I sent that over? Faiaz
Merch Maverick
themerchmaverick.com"
Core Chicago Pilates,info@corechicagopilates.com,pilates,Chicago,US,http://www.corechicagopilates.com/,5,30,"quick idea, Core Chicago Pilates","Hi there, I came across Core Chicago Pilates while researching top rated reformer pilates studios in Chicago and noticed you're holding a 5 rating across 30 reviews. That's the kind of loyalty that usually means members are proud to be part of the studio, not just attending classes. We're Merch Maverick, a factory direct supplier of branded totes, mat bags, and studio apparel for pilates studios. We work without agency markups, so the pricing usually beats what local printers quote for the same quality. I can put together a free digital mockup of a Core Chicago Pilates branded tote within 48 hours. No cost and no obligation either way, it's yours to look at. Would it be alright if I sent that over? Faiaz
Merch Maverick
themerchmaverick.com"
Tribe Pilates,info@tribepilatesstudio.com,pilates,Los Angeles,US,http://www.tribepilatesstudio.com/,5,30,quick question about Tribe Pilates's retail shelf,"Hi there, I came across Tribe Pilates while researching top rated reformer pilates studios in Los Angeles and noticed you're holding a 5 rating across 30 reviews. That's the kind of loyalty that usually means members are proud to be part of the studio, not just attending classes. We're Merch Maverick, a factory direct supplier of branded totes, mat bags, and studio apparel for pilates studios. We work without agency markups, so the pricing usually beats what local printers quote for the same quality. I can put together a free digital mockup of a Tribe Pilates branded tote within 48 hours. No cost and no obligation either way, it's yours to look at. Would it be alright if I sent that over? Faiaz
Merch Maverick
themerchmaverick.com"
Jungle Pilates,jungle.pilates.info@gmail.com,pilates,Budapest,HU,https://junglepilates.hu/,5,30,quick idea for Jungle Pilates's members,"Hi there, I came across Jungle Pilates while researching top rated reformer pilates studios in Budapest and noticed you're holding a 5 rating across 30 reviews. That's the kind of loyalty that usually means members are proud to be part of the studio, not just attending classes. We're Merch Maverick, a factory direct supplier of branded totes, mat bags, and studio apparel for pilates studios. We work without agency markups, so the pricing usually beats what local printers quote for the same quality. I can put together a free digital mockup of a Jungle Pilates branded tote within 48 hours. No cost and no obligation either way, it's yours to look at. Would it be alright if I sent that over? Faiaz
Merch Maverick
themerchmaverick.com"
Ascension Reformer Pilates,info@ascension-pp.com,pilates,Birmingham,GB,https://www.ascension-pp.com/ascension-reformer-pilates,5,30,quick note for Ascension Reformer Pilates,"Hi there, I came across Ascension Reformer Pilates while researching top rated reformer pilates studios in Birmingham and noticed you're holding a 5 rating across 30 reviews. That's the kind of loyalty that usually means members are proud to be part of the studio, not just attending classes. We're Merch Maverick, a factory direct supplier of branded totes, mat bags, and studio apparel for pilates studios. We work without agency markups, so the pricing usually beats what local printers quote for the same quality. I can put together a free digital mockup of a Ascension Reformer Pilates branded tote within 48 hours. No cost and no obligation either way, it's yours to look at. Would it be alright if I sent that over? Faiaz
Merch Maverick
themerchmaverick.com"
"Club de triatló, aigües obertes, ciclisme i running Equip Híbrid",specs.stores.fixnavig@ion.sposition,run_club,Barcelona,ES,https://www.teamhybridbarcelona.com/,5,30,"thought of Club de triatló, aigües obertes, ciclisme i running Equip Híbrid for something","Hi there, I came across Club de triatló, aigües obertes, ciclisme i running Equip Híbrid while researching top rated run clubs in Barcelona and noticed you're holding a 5 rating across 30 reviews. That kind of following usually means your crew is already repping your name everywhere they go. We're Merch Maverick, a factory direct supplier of branded team tees, caps, and run club apparel. No agency markups, just gear your crew will actually wear outside of race day. I can send over a free digital mockup of a Club de triatló, aigües obertes, ciclisme i running Equip Híbrid branded team tee within 48 hours. If it's not a fit, no cost and no obligation. Would it be okay if I sent that mockup your way? Faiaz
Merch Maverick
themerchmaverick.com"
The Canary Community,user@domain.com,cold_plunge,Dallas,US,https://thecanarywellnesscommunity.com/,5,30,"quick idea, The Canary Community","Hi there, I came across The Canary Community while researching top rated cold plunge and sauna spaces in Dallas and noticed you're holding a 5 rating across 30 reviews. Numbers like that usually mean people leave talking about the experience, which is exactly the kind of thing branded gear tends to amplify. We're Merch Maverick, a factory direct supplier of branded robes, towels, and recovery hoodies for studios like yours, no agency markups, just your logo on gear members already want. I can send over a free digital mockup of a The Canary Community branded robe within 48 hours. If it is not a fit, no cost and no obligation. Would it be okay if I sent that mockup your way? Faiaz
Merch Maverick
themerchmaverick.com"
The Plunge Room - Hoboken,info@theplungeroom.com,cold_plunge,New York,US,https://www.theplungeroom.com/,5,30,quick question about The Plunge Room - Hoboken's retail shelf,"Hi there, I came across The Plunge Room - Hoboken while researching top rated cold plunge and sauna spaces in New York and noticed you're holding a 5 rating across 30 reviews. Numbers like that usually mean people leave talking about the experience, which is exactly the kind of thing branded gear tends to amplify. We're Merch Maverick, a factory direct supplier of branded robes, towels, and recovery hoodies for studios like yours, no agency markups, just your logo on gear members already want. I can send over a free digital mockup of a The Plunge Room - Hoboken branded robe within 48 hours. If it is not a fit, no cost and no obligation. Would it be okay if I sent that mockup your way? Faiaz
Merch Maverick
themerchmaverick.com"
SeaBreeze Sauna,info@seabreezesauna.com,sauna,Washington,US,https://seabreezesauna.com/,5,29,quick idea for SeaBreeze Sauna's members,"Hi there, I came across SeaBreeze Sauna while researching top rated sauna studios in Washington and noticed you're holding a 5 rating across 29 reviews. That kind of consistency usually means people leave your space wanting to take a piece of the experience home with them. We're Merch Maverick, a factory direct supplier for branded sauna hats, towels, and robes for studios like yours. No middlemen, no inflated agency pricing, just your logo on the exact ritual gear your members already associate with the experience. I'll put together a free digital mockup of a SeaBreeze Sauna branded wool felt sauna hat within 48 hours. If you don't love it, there's no cost and no obligation, it's yours to look at either way. Would it be okay if I sent that mockup over? Faiaz
Merch Maverick
themerchmaverick.com"
"HOTWORX - Anaheim, CA - Anaheim Hills Festival",kasie@hotworx.net,sauna,Anaheim,US,https://www.hotworx.net/studio/anaheim-anaheimhillsfestival?utm_source=google&utm_medium=organic&utm_campaign=gbp,5,29,"quick note for HOTWORX - Anaheim, CA - Anaheim Hills Festival","Hi there, I came across HOTWORX - Anaheim, CA - Anaheim Hills Festival while researching top rated sauna studios in Anaheim and noticed you're holding a 5 rating across 29 reviews. That kind of consistency usually means people leave your space wanting to take a piece of the experience home with them. We're Merch Maverick, a factory direct supplier for branded sauna hats, towels, and robes for studios like yours. No middlemen, no inflated agency pricing, just your logo on the exact ritual gear your members already associate with the experience. I'll put together a free digital mockup of a HOTWORX - Anaheim, CA - Anaheim Hills Festival branded wool felt sauna hat within 48 hours. If you don't love it, there's no cost and no obligation, it's yours to look at either way. Would it be okay if I sent that mockup over? Faiaz
Merch Maverick
themerchmaverick.com"
ROKKA STUDIO | Cold Baths-Sauna-Recovery,info@rokka-studio.com,sauna,Barcelona,ES,https://www.rokka-studio.com/,5,29,thought of ROKKA STUDIO | Cold Baths-Sauna-Recovery for something,"Hi there, I came across ROKKA STUDIO | Cold Baths-Sauna-Recovery while researching top rated sauna studios in Barcelona and noticed you're holding a 5 rating across 29 reviews. That kind of consistency usually means people leave your space wanting to take a piece of the experience home with them. We're Merch Maverick, a factory direct supplier for branded sauna hats, towels, and robes for studios like yours. No middlemen, no inflated agency pricing, just your logo on the exact ritual gear your members already associate with the experience. I'll put together a free digital mockup of a ROKKA STUDIO | Cold Baths-Sauna-Recovery branded wool felt sauna hat within 48 hours. If you don't love it, there's no cost and no obligation, it's yours to look at either way. Would it be okay if I sent that mockup over? Faiaz
Merch Maverick
themerchmaverick.com"
AMBERWAVE SAUNA,hello@amberwavesauna.com,sauna,Glasgow,GB,https://www.amberwavesauna.com/,5,29,"quick idea, AMBERWAVE SAUNA","Hi there, I came across AMBERWAVE SAUNA while researching top rated sauna studios in Glasgow and noticed you're holding a 5 rating across 29 reviews. That kind of consistency usually means people leave your space wanting to take a piece of the experience home with them. We're Merch Maverick, a factory direct supplier for branded sauna hats, towels, and robes for studios like yours. No middlemen, no inflated agency pricing, just your logo on the exact ritual gear your members already associate with the experience. I'll put together a free digital mockup of a AMBERWAVE SAUNA branded wool felt sauna hat within 48 hours. If you don't love it, there's no cost and no obligation, it's yours to look at either way. Would it be okay if I sent that mockup over? Faiaz
Merch Maverick
themerchmaverick.com"
Core Chicago Pilates,info@corechicagopilates.com,pilates,Chicago,US,https://www.corechicagopilates.com/,5,29,quick question about Core Chicago Pilates's retail shelf,"Hi there, I came across Core Chicago Pilates while researching top rated reformer pilates studios in Chicago and noticed you're holding a 5 rating across 29 reviews. That's the kind of loyalty that usually means members are proud to be part of the studio, not just attending classes. We're Merch Maverick, a factory direct supplier of branded totes, mat bags, and studio apparel for pilates studios. We work without agency markups, so the pricing usually beats what local printers quote for the same quality. I can put together a free digital mockup of a Core Chicago Pilates branded tote within 48 hours. No cost and no obligation either way, it's yours to look at. Would it be alright if I sent that over? Faiaz
Merch Maverick
themerchmaverick.com"
The New Me Reformer Studio Invalides,meryl@thenewmeparis.com,pilates,Paris,FR,https://www.thenewmeparis.com/,5,29,quick idea for The New Me Reformer Studio Invalides's members,"Hi there, I came across The New Me Reformer Studio Invalides while researching top rated reformer pilates studios in Paris and noticed you're holding a 5 rating across 29 reviews. That's the kind of loyalty that usually means members are proud to be part of the studio, not just attending classes. We're Merch Maverick, a factory direct supplier of branded totes, mat bags, and studio apparel for pilates studios. We work without agency markups, so the pricing usually beats what local printers quote for the same quality. I can put together a free digital mockup of a The New Me Reformer Studio Invalides branded tote within 48 hours. No cost and no obligation either way, it's yours to look at. Would it be alright if I sent that over? Faiaz
Merch Maverick
themerchmaverick.com"
Jessica Pilates Paris,utilisateur@domaine.com,pilates,Paris,FR,https://www.jessicapilatesparis.fr/,5,29,quick note for Jessica Pilates Paris,"Hi there, I came across Jessica Pilates Paris while researching top rated reformer pilates studios in Paris and noticed you're holding a 5 rating across 29 reviews. That's the kind of loyalty that usually means members are proud to be part of the studio, not just attending classes. We're Merch Maverick, a factory direct supplier of branded totes, mat bags, and studio apparel for pilates studios. We work without agency markups, so the pricing usually beats what local printers quote for the same quality. I can put together a free digital mockup of a Jessica Pilates Paris branded tote within 48 hours. No cost and no obligation either way, it's yours to look at. Would it be alright if I sent that over? Faiaz
Merch Maverick
themerchmaverick.com"
"YOU Mind, Body & Soul, Reformer Pilates Studio & Wellness Cafe",info@youmbspilates.co.uk,pilates,Manchester,GB,https://www.youmbspilates.co.uk/,5,29,"thought of YOU Mind, Body & Soul, Reformer Pilates Studio & Wellness Cafe for something","Hi there, I came across YOU Mind, Body & Soul, Reformer Pilates Studio & Wellness Cafe while researching top rated reformer pilates studios in Manchester and noticed you're holding a 5 rating across 29 reviews. That's the kind of loyalty that usually means members are proud to be part of the studio, not just attending classes. We're Merch Maverick, a factory direct supplier of branded totes, mat bags, and studio apparel for pilates studios. We work without agency markups, so the pricing usually beats what local printers quote for the same quality. I can put together a free digital mockup of a YOU Mind, Body & Soul, Reformer Pilates Studio & Wellness Cafe branded tote within 48 hours. No cost and no obligation either way, it's yours to look at. Would it be alright if I sent that over? Faiaz
Merch Maverick
themerchmaverick.com"
Novi Pilates & Wellness Studio,penny@noviwellness.co,pilates,Glasgow,GB,https://www.noviwellness.co/,5,29,"quick idea, Novi Pilates & Wellness Studio","Hi there, I came across Novi Pilates & Wellness Studio while researching top rated reformer pilates studios in Glasgow and noticed you're holding a 5 rating across 29 reviews. That's the kind of loyalty that usually means members are proud to be part of the studio, not just attending classes. We're Merch Maverick, a factory direct supplier of branded totes, mat bags, and studio apparel for pilates studios. We work without agency markups, so the pricing usually beats what local printers quote for the same quality. I can put together a free digital mockup of a Novi Pilates & Wellness Studio branded tote within 48 hours. No cost and no obligation either way, it's yours to look at. Would it be alright if I sent that over? Faiaz
Merch Maverick
themerchmaverick.com"
Lustre Infrared Sauna Studio,info@lustreinfraredsauna.com,cold_plunge,Washington,US,https://www.lustreinfraredsauna.com/,5,29,quick question about Lustre Infrared Sauna Studio's retail shelf,"Hi there, I came across Lustre Infrared Sauna Studio while researching top rated cold plunge and sauna spaces in Washington and noticed you're holding a 5 rating across 29 reviews. Numbers like that usually mean people leave talking about the experience, which is exactly the kind of thing branded gear tends to amplify. We're Merch Maverick, a factory direct supplier of branded robes, towels, and recovery hoodies for studios like yours, no agency markups, just your logo on gear members already want. I can send over a free digital mockup of a Lustre Infrared Sauna Studio branded robe within 48 hours. If it is not a fit, no cost and no obligation. Would it be okay if I sent that mockup your way? Faiaz
Merch Maverick
themerchmaverick.com"
ROKKA STUDIO | Cold Baths-Sauna-Recovery,info@rokka-studio.com,cold_plunge,Barcelona,ES,https://www.rokka-studio.com/,5,29,quick idea for ROKKA STUDIO | Cold Baths-Sauna-Recovery's members,"Hi there, I came across ROKKA STUDIO | Cold Baths-Sauna-Recovery while researching top rated cold plunge and sauna spaces in Barcelona and noticed you're holding a 5 rating across 29 reviews. Numbers like that usually mean people leave talking about the experience, which is exactly the kind of thing branded gear tends to amplify. We're Merch Maverick, a factory direct supplier of branded robes, towels, and recovery hoodies for studios like yours, no agency markups, just your logo on gear members already want. I can send over a free digital mockup of a ROKKA STUDIO | Cold Baths-Sauna-Recovery branded robe within 48 hours. If it is not a fit, no cost and no obligation. Would it be okay if I sent that mockup your way? Faiaz
Merch Maverick
themerchmaverick.com"
CRYOPOINT Rosenheim Kältekammer / Kältesauna / Kryosauna / Eissauna,deine@email.de,cold_plunge,Munich,DE,https://cryopoint.com/store/rosenheim,5,29,quick note for CRYOPOINT Rosenheim Kältekammer / Kältesauna / Kryosauna / Eissauna,"Hi there, I came across CRYOPOINT Rosenheim Kältekammer / Kältesauna / Kryosauna / Eissauna while researching top rated cold plunge and sauna spaces in Munich and noticed you're holding a 5 rating across 29 reviews. Numbers like that usually mean people leave talking about the experience, which is exactly the kind of thing branded gear tends to amplify. We're Merch Maverick, a factory direct supplier of branded robes, towels, and recovery hoodies for studios like yours, no agency markups, just your logo on gear members already want. I can send over a free digital mockup of a CRYOPOINT Rosenheim Kältekammer / Kältesauna / Kryosauna / Eissauna branded robe within 48 hours. If it is not a fit, no cost and no obligation. Would it be okay if I sent that mockup your way? Faiaz
Merch Maverick
themerchmaverick.com"
AMBERWAVE SAUNA,hello@amberwavesauna.com,cold_plunge,Glasgow,GB,https://www.amberwavesauna.com/,5,29,thought of AMBERWAVE SAUNA for something,"Hi there, I came across AMBERWAVE SAUNA while researching top rated cold plunge and sauna spaces in Glasgow and noticed you're holding a 5 rating across 29 reviews. Numbers like that usually mean people leave talking about the experience, which is exactly the kind of thing branded gear tends to amplify. We're Merch Maverick, a factory direct supplier of branded robes, towels, and recovery hoodies for studios like yours, no agency markups, just your logo on gear members already want. I can send over a free digital mockup of a AMBERWAVE SAUNA branded robe within 48 hours. If it is not a fit, no cost and no obligation. Would it be okay if I sent that mockup your way? Faiaz
Merch Maverick
themerchmaverick.com"
Perspire Sauna Studio,marinadelrey@perspiresaunastudio.com,sauna,Los Angeles,US,https://www.perspiresaunastudio.com/locations/marina-del-rey,5,28,"quick idea, Perspire Sauna Studio","Hi there, I came across Perspire Sauna Studio while researching top rated sauna studios in Los Angeles and noticed you're holding a 5 rating across 28 reviews. That kind of consistency usually means people leave your space wanting to take a piece of the experience home with them. We're Merch Maverick, a factory direct supplier for branded sauna hats, towels, and robes for studios like yours. No middlemen, no inflated agency pricing, just your logo on the exact ritual gear your members already associate with the experience. I'll put together a free digital mockup of a Perspire Sauna Studio branded wool felt sauna hat within 48 hours. If you don't love it, there's no cost and no obligation, it's yours to look at either way. Would it be okay if I sent that mockup over? Faiaz
Merch Maverick
themerchmaverick.com"
Oasis Pilates,info@oasispilates.com,pilates,Phoenix,US,https://www.oasispilates.com/,5,28,quick question about Oasis Pilates's retail shelf,"Hi there, I came across Oasis Pilates while researching top rated reformer pilates studios in Phoenix and noticed you're holding a 5 rating across 28 reviews. That's the kind of loyalty that usually means members are proud to be part of the studio, not just attending classes. We're Merch Maverick, a factory direct supplier of branded totes, mat bags, and studio apparel for pilates studios. We work without agency markups, so the pricing usually beats what local printers quote for the same quality. I can put together a free digital mockup of a Oasis Pilates branded tote within 48 hours. No cost and no obligation either way, it's yours to look at. Would it be alright if I sent that over? Faiaz
Merch Maverick
themerchmaverick.com"
Pilates by Riley,user@domain.com,pilates,Denver,US,http://www.pilatesbyriley.com/,5,28,quick idea for Pilates by Riley's members,"Hi there, I came across Pilates by Riley while researching top rated reformer pilates studios in Denver and noticed you're holding a 5 rating across 28 reviews. That's the kind of loyalty that usually means members are proud to be part of the studio, not just attending classes. We're Merch Maverick, a factory direct supplier of branded totes, mat bags, and studio apparel for pilates studios. We work without agency markups, so the pricing usually beats what local printers quote for the same quality. I can put together a free digital mockup of a Pilates by Riley branded tote within 48 hours. No cost and no obligation either way, it's yours to look at. Would it be alright if I sent that over? Faiaz
Merch Maverick
themerchmaverick.com"
The Gravity Studio,utilisateur@domaine.com,pilates,Paris,FR,https://www.thegravitystudioparis.com/,5,28,quick note for The Gravity Studio,"Hi there, I came across The Gravity Studio while researching top rated reformer pilates studios in Paris and noticed you're holding a 5 rating across 28 reviews. That's the kind of loyalty that usually means members are proud to be part of the studio, not just attending classes. We're Merch Maverick, a factory direct supplier of branded totes, mat bags, and studio apparel for pilates studios. We work without agency markups, so the pricing usually beats what local printers quote for the same quality. I can put together a free digital mockup of a The Gravity Studio branded tote within 48 hours. No cost and no obligation either way, it's yours to look at. Would it be alright if I sent that over? Faiaz
Merch Maverick
themerchmaverick.com"
Pause Pilates Studios,hello@pausepilatesstudios.co.uk,pilates,Birmingham,GB,https://pausepilatesstudios.co.uk/,5,28,thought of Pause Pilates Studios for something,"Hi there, I came across Pause Pilates Studios while researching top rated reformer pilates studios in Birmingham and noticed you're holding a 5 rating across 28 reviews. That's the kind of loyalty that usually means members are proud to be part of the studio, not just attending classes. We're Merch Maverick, a factory direct supplier of branded totes, mat bags, and studio apparel for pilates studios. We work without agency markups, so the pricing usually beats what local printers quote for the same quality. I can put together a free digital mockup of a Pause Pilates Studios branded tote within 48 hours. No cost and no obligation either way, it's yours to look at. Would it be alright if I sent that over? Faiaz
Merch Maverick
themerchmaverick.com"
815 Refresh,info@815refresh.com,sauna,Washington,US,https://815refresh.com/,5,27,"quick idea, 815 Refresh","Hi there, I came across 815 Refresh while researching top rated sauna studios in Washington and noticed you're holding a 5 rating across 27 reviews. That kind of consistency usually means people leave your space wanting to take a piece of the experience home with them. We're Merch Maverick, a factory direct supplier for branded sauna hats, towels, and robes for studios like yours. No middlemen, no inflated agency pricing, just your logo on the exact ritual gear your members already associate with the experience. I'll put together a free digital mockup of a 815 Refresh branded wool felt sauna hat within 48 hours. If you don't love it, there's no cost and no obligation, it's yours to look at either way. Would it be okay if I sent that mockup over? Faiaz
Merch Maverick
themerchmaverick.com"
Park Cities Pilates Center,info@parkcitiespilates.com,pilates,Dallas,US,http://www.parkcitiespilates.com/,5,27,quick question about Park Cities Pilates Center's retail shelf,"Hi there, I came across Park Cities Pilates Center while researching top rated reformer pilates studios in Dallas and noticed you're holding a 5 rating across 27 reviews. That's the kind of loyalty that usually means members are proud to be part of the studio, not just attending classes. We're Merch Maverick, a factory direct supplier of branded totes, mat bags, and studio apparel for pilates studios. We work without agency markups, so the pricing usually beats what local printers quote for the same quality. I can put together a free digital mockup of a Park Cities Pilates Center branded tote within 48 hours. No cost and no obligation either way, it's yours to look at. Would it be alright if I sent that over? Faiaz
Merch Maverick
themerchmaverick.com"
The Reformer Room,allie@teachingyoga.co.uk,pilates,London,GB,http://www.reformerroomlondon.co.uk/,5,27,quick idea for The Reformer Room's members,"Hi there, I came across The Reformer Room while researching top rated reformer pilates studios in London and noticed you're holding a 5 rating across 27 reviews. That's the kind of loyalty that usually means members are proud to be part of the studio, not just attending classes. We're Merch Maverick, a factory direct supplier of branded totes, mat bags, and studio apparel for pilates studios. We work without agency markups, so the pricing usually beats what local printers quote for the same quality. I can put together a free digital mockup of a The Reformer Room branded tote within 48 hours. No cost and no obligation either way, it's yours to look at. Would it be alright if I sent that over? Faiaz
Merch Maverick
themerchmaverick.com"
Kai reformer pilates,kai.matchaclub@gmail.com,pilates,Munich,DE,https://www.kaireformerpilates.com/,5,27,quick note for Kai reformer pilates,"Hi there, I came across Kai reformer pilates while researching top rated reformer pilates studios in Munich and noticed you're holding a 5 rating across 27 reviews. That's the kind of loyalty that usually means members are proud to be part of the studio, not just attending classes. We're Merch Maverick, a factory direct supplier of branded totes, mat bags, and studio apparel for pilates studios. We work without agency markups, so the pricing usually beats what local printers quote for the same quality. I can put together a free digital mockup of a Kai reformer pilates branded tote within 48 hours. No cost and no obligation either way, it's yours to look at. Would it be alright if I sent that over? Faiaz
Merch Maverick
themerchmaverick.com"
815 Refresh,info@815refresh.com,cold_plunge,Washington,US,https://815refresh.com/,5,27,thought of 815 Refresh for something,"Hi there, I came across 815 Refresh while researching top rated cold plunge and sauna spaces in Washington and noticed you're holding a 5 rating across 27 reviews. Numbers like that usually mean people leave talking about the experience, which is exactly the kind of thing branded gear tends to amplify. We're Merch Maverick, a factory direct supplier of branded robes, towels, and recovery hoodies for studios like yours, no agency markups, just your logo on gear members already want. I can send over a free digital mockup of a 815 Refresh branded robe within 48 hours. If it is not a fit, no cost and no obligation. Would it be okay if I sent that mockup your way? Faiaz
Merch Maverick
themerchmaverick.com"
SAINT,info@saint.nyc,sauna,New York,US,https://saint.nyc/,5,26,"quick idea, SAINT","Hi there, I came across SAINT while researching top rated sauna studios in New York and noticed you're holding a 5 rating across 26 reviews. That kind of consistency usually means people leave your space wanting to take a piece of the experience home with them. We're Merch Maverick, a factory direct supplier for branded sauna hats, towels, and robes for studios like yours. No middlemen, no inflated agency pricing, just your logo on the exact ritual gear your members already associate with the experience. I'll put together a free digital mockup of a SAINT branded wool felt sauna hat within 48 hours. If you don't love it, there's no cost and no obligation, it's yours to look at either way. Would it be okay if I sent that mockup over? Faiaz
Merch Maverick
themerchmaverick.com"
"Pure Sweat + Float Studio, Woodland Hills",wh@puresweatstudios.com,sauna,Los Angeles,US,https://www.puresweatstudios.com/woodland-hills-california,5,26,"quick question about Pure Sweat + Float Studio, Woodland Hills's retail shelf","Hi there, I came across Pure Sweat + Float Studio, Woodland Hills while researching top rated sauna studios in Los Angeles and noticed you're holding a 5 rating across 26 reviews. That kind of consistency usually means people leave your space wanting to take a piece of the experience home with them. We're Merch Maverick, a factory direct supplier for branded sauna hats, towels, and robes for studios like yours. No middlemen, no inflated agency pricing, just your logo on the exact ritual gear your members already associate with the experience. I'll put together a free digital mockup of a Pure Sweat + Float Studio, Woodland Hills branded wool felt sauna hat within 48 hours. If you don't love it, there's no cost and no obligation, it's yours to look at either way. Would it be okay if I sent that mockup over? Faiaz
Merch Maverick
themerchmaverick.com"
SF Sauna,your@email.com,sauna,San Francisco,US,https://sfsaunarental.com/,5,26,quick idea for SF Sauna's members,"Hi there, I came across SF Sauna while researching top rated sauna studios in San Francisco and noticed you're holding a 5 rating across 26 reviews. That kind of consistency usually means people leave your space wanting to take a piece of the experience home with them. We're Merch Maverick, a factory direct supplier for branded sauna hats, towels, and robes for studios like yours. No middlemen, no inflated agency pricing, just your logo on the exact ritual gear your members already associate with the experience. I'll put together a free digital mockup of a SF Sauna branded wool felt sauna hat within 48 hours. If you don't love it, there's no cost and no obligation, it's yours to look at either way. Would it be okay if I sent that mockup over? Faiaz
Merch Maverick
themerchmaverick.com"
iDo Pilates (Romana’s Pilates Method),user@domain.com,pilates,Anaheim,US,https://www.ido-pilates.com/,5,26,quick note for iDo Pilates (Romana’s Pilates Method),"Hi there, I came across iDo Pilates (Romana’s Pilates Method) while researching top rated reformer pilates studios in Anaheim and noticed you're holding a 5 rating across 26 reviews. That's the kind of loyalty that usually means members are proud to be part of the studio, not just attending classes. We're Merch Maverick, a factory direct supplier of branded totes, mat bags, and studio apparel for pilates studios. We work without agency markups, so the pricing usually beats what local printers quote for the same quality. I can put together a free digital mockup of a iDo Pilates (Romana’s Pilates Method) branded tote within 48 hours. No cost and no obligation either way, it's yours to look at. Would it be alright if I sent that over? Faiaz
Merch Maverick
themerchmaverick.com"
Oak Cliff Pilates,info@oakcliffpilates.com,pilates,Dallas,US,https://oakcliffpilates.com/,5,26,thought of Oak Cliff Pilates for something,"Hi there, I came across Oak Cliff Pilates while researching top rated reformer pilates studios in Dallas and noticed you're holding a 5 rating across 26 reviews. That's the kind of loyalty that usually means members are proud to be part of the studio, not just attending classes. We're Merch Maverick, a factory direct supplier of branded totes, mat bags, and studio apparel for pilates studios. We work without agency markups, so the pricing usually beats what local printers quote for the same quality. I can put together a free digital mockup of a Oak Cliff Pilates branded tote within 48 hours. No cost and no obligation either way, it's yours to look at. Would it be alright if I sent that over? Faiaz
Merch Maverick
themerchmaverick.com"
Full Circle Pilates,info@fullcirclechicago.com,pilates,Chicago,US,http://www.fullcirclechicago.com/,5,26,"quick idea, Full Circle Pilates","Hi there, I came across Full Circle Pilates while researching top rated reformer pilates studios in Chicago and noticed you're holding a 5 rating across 26 reviews. That's the kind of loyalty that usually means members are proud to be part of the studio, not just attending classes. We're Merch Maverick, a factory direct supplier of branded totes, mat bags, and studio apparel for pilates studios. We work without agency markups, so the pricing usually beats what local printers quote for the same quality. I can put together a free digital mockup of a Full Circle Pilates branded tote within 48 hours. No cost and no obligation either way, it's yours to look at. Would it be alright if I sent that over? Faiaz
Merch Maverick
themerchmaverick.com"
Praxis Pilates,info@praxis-pilates.com,pilates,New York,US,https://praxis-pilates.com/,5,26,quick question about Praxis Pilates's retail shelf,"Hi there, I came across Praxis Pilates while researching top rated reformer pilates studios in New York and noticed you're holding a 5 rating across 26 reviews. That's the kind of loyalty that usually means members are proud to be part of the studio, not just attending classes. We're Merch Maverick, a factory direct supplier of branded totes, mat bags, and studio apparel for pilates studios. We work without agency markups, so the pricing usually beats what local printers quote for the same quality. I can put together a free digital mockup of a Praxis Pilates branded tote within 48 hours. No cost and no obligation either way, it's yours to look at. Would it be alright if I sent that over? Faiaz
Merch Maverick
themerchmaverick.com"
Pilates Corner,pilateskucko@gmail.com,pilates,Budapest,HU,http://www.pilateskucko.hu/,5,26,quick idea for Pilates Corner's members,"Hi there, I came across Pilates Corner while researching top rated reformer pilates studios in Budapest and noticed you're holding a 5 rating across 26 reviews. That's the kind of loyalty that usually means members are proud to be part of the studio, not just attending classes. We're Merch Maverick, a factory direct supplier of branded totes, mat bags, and studio apparel for pilates studios. We work without agency markups, so the pricing usually beats what local printers quote for the same quality. I can put together a free digital mockup of a Pilates Corner branded tote within 48 hours. No cost and no obligation either way, it's yours to look at. Would it be alright if I sent that over? Faiaz
Merch Maverick
themerchmaverick.com"
Restart Reformer Pilates Bankside,booking@restartpilates.co.uk,pilates,Manchester,GB,https://www.restartpilates.co.uk/,5,26,quick note for Restart Reformer Pilates Bankside,"Hi there, I came across Restart Reformer Pilates Bankside while researching top rated reformer pilates studios in Manchester and noticed you're holding a 5 rating across 26 reviews. That's the kind of loyalty that usually means members are proud to be part of the studio, not just attending classes. We're Merch Maverick, a factory direct supplier of branded totes, mat bags, and studio apparel for pilates studios. We work without agency markups, so the pricing usually beats what local printers quote for the same quality. I can put together a free digital mockup of a Restart Reformer Pilates Bankside branded tote within 48 hours. No cost and no obligation either way, it's yours to look at. Would it be alright if I sent that over? Faiaz
Merch Maverick
themerchmaverick.com"
PXY Reformer Pilates,info@pxyreformerpilates.com,pilates,Manchester,GB,https://pxyreformerpilates.com/,5,26,thought of PXY Reformer Pilates for something,"Hi there, I came across PXY Reformer Pilates while researching top rated reformer pilates studios in Manchester and noticed you're holding a 5 rating across 26 reviews. That's the kind of loyalty that usually means members are proud to be part of the studio, not just attending classes. We're Merch Maverick, a factory direct supplier of branded totes, mat bags, and studio apparel for pilates studios. We work without agency markups, so the pricing usually beats what local printers quote for the same quality. I can put together a free digital mockup of a PXY Reformer Pilates branded tote within 48 hours. No cost and no obligation either way, it's yours to look at. Would it be alright if I sent that over? Faiaz
Merch Maverick
themerchmaverick.com"
Soma Pilates Studio Ltd,specs.stores.fixnavig@ion.sposition,pilates,Birmingham,GB,https://www.somapilatesstudio.co.uk/,5,26,"quick idea, Soma Pilates Studio Ltd","Hi there, I came across Soma Pilates Studio Ltd while researching top rated reformer pilates studios in Birmingham and noticed you're holding a 5 rating across 26 reviews. That's the kind of loyalty that usually means members are proud to be part of the studio, not just attending classes. We're Merch Maverick, a factory direct supplier of branded totes, mat bags, and studio apparel for pilates studios. We work without agency markups, so the pricing usually beats what local printers quote for the same quality. I can put together a free digital mockup of a Soma Pilates Studio Ltd branded tote within 48 hours. No cost and no obligation either way, it's yours to look at. Would it be alright if I sent that over? Faiaz
Merch Maverick
themerchmaverick.com"
"Pure Sweat + Float Studio, Woodland Hills",wh@puresweatstudios.com,cold_plunge,Los Angeles,US,https://www.puresweatstudios.com/woodland-hills-california,5,26,"quick question about Pure Sweat + Float Studio, Woodland Hills's retail shelf","Hi there, I came across Pure Sweat + Float Studio, Woodland Hills while researching top rated cold plunge and sauna spaces in Los Angeles and noticed you're holding a 5 rating across 26 reviews. Numbers like that usually mean people leave talking about the experience, which is exactly the kind of thing branded gear tends to amplify. We're Merch Maverick, a factory direct supplier of branded robes, towels, and recovery hoodies for studios like yours, no agency markups, just your logo on gear members already want. I can send over a free digital mockup of a Pure Sweat + Float Studio, Woodland Hills branded robe within 48 hours. If it is not a fit, no cost and no obligation. Would it be okay if I sent that mockup your way? Faiaz
Merch Maverick
themerchmaverick.com"
SF Sauna,your@email.com,cold_plunge,San Francisco,US,https://sfsaunarental.com/,5,26,quick idea for SF Sauna's members,"Hi there, I came across SF Sauna while researching top rated cold plunge and sauna spaces in San Francisco and noticed you're holding a 5 rating across 26 reviews. Numbers like that usually mean people leave talking about the experience, which is exactly the kind of thing branded gear tends to amplify. We're Merch Maverick, a factory direct supplier of branded robes, towels, and recovery hoodies for studios like yours, no agency markups, just your logo on gear members already want. I can send over a free digital mockup of a SF Sauna branded robe within 48 hours. If it is not a fit, no cost and no obligation. Would it be okay if I sent that mockup your way? Faiaz
Merch Maverick
themerchmaverick.com"
beem® Light Sauna Austin West 6th,austin-west6th@beemlightsauna.com,sauna,Austin,US,https://beemlightsauna.com/location/Austin-W-6th/,5,25,quick note for beem® Light Sauna Austin West 6th,"Hi there, I came across beem® Light Sauna Austin West 6th while researching top rated sauna studios in Austin and noticed you're holding a 5 rating across 25 reviews. That kind of consistency usually means people leave your space wanting to take a piece of the experience home with them. We're Merch Maverick, a factory direct supplier for branded sauna hats, towels, and robes for studios like yours. No middlemen, no inflated agency pricing, just your logo on the exact ritual gear your members already associate with the experience. I'll put together a free digital mockup of a beem® Light Sauna Austin West 6th branded wool felt sauna hat within 48 hours. If you don't love it, there's no cost and no obligation, it's yours to look at either way. Would it be okay if I sent that mockup over? Faiaz
Merch Maverick
themerchmaverick.com"
R3 Contrast,hello@r3contrast.com,sauna,Birmingham,GB,https://www.r3contrast.com/,5,25,thought of R3 Contrast for something,"Hi there, I came across R3 Contrast while researching top rated sauna studios in Birmingham and noticed you're holding a 5 rating across 25 reviews. That kind of consistency usually means people leave your space wanting to take a piece of the experience home with them. We're Merch Maverick, a factory direct supplier for branded sauna hats, towels, and robes for studios like yours. No middlemen, no inflated agency pricing, just your logo on the exact ritual gear your members already associate with the experience. I'll put together a free digital mockup of a R3 Contrast branded wool felt sauna hat within 48 hours. If you don't love it, there's no cost and no obligation, it's yours to look at either way. Would it be okay if I sent that mockup over? Faiaz
Merch Maverick
themerchmaverick.com"
The Mendip Sauna,themendipsauna@gmail.com\,sauna,Bristol,GB,https://bookasession.org/the-mendip-sauna?utm_source=ig&utm_medium=social&utm_content=link_in_bio,5,25,"quick idea, The Mendip Sauna","Hi there, I came across The Mendip Sauna while researching top rated sauna studios in Bristol and noticed you're holding a 5 rating across 25 reviews. That kind of consistency usually means people leave your space wanting to take a piece of the experience home with them. We're Merch Maverick, a factory direct supplier for branded sauna hats, towels, and robes for studios like yours. No middlemen, no inflated agency pricing, just your logo on the exact ritual gear your members already associate with the experience. I'll put together a free digital mockup of a The Mendip Sauna branded wool felt sauna hat within 48 hours. If you don't love it, there's no cost and no obligation, it's yours to look at either way. Would it be okay if I sent that mockup over? Faiaz
Merch Maverick
themerchmaverick.com"
Curve Pilates Reformer Studio,user@domain.com,pilates,London,GB,https://www.curvepilates.com/,5,25,quick question about Curve Pilates Reformer Studio's retail shelf,"Hi there, I came across Curve Pilates Reformer Studio while researching top rated reformer pilates studios in London and noticed you're holding a 5 rating across 25 reviews. That's the kind of loyalty that usually means members are proud to be part of the studio, not just attending classes. We're Merch Maverick, a factory direct supplier of branded totes, mat bags, and studio apparel for pilates studios. We work without agency markups, so the pricing usually beats what local printers quote for the same quality. I can put together a free digital mockup of a Curve Pilates Reformer Studio branded tote within 48 hours. No cost and no obligation either way, it's yours to look at. Would it be alright if I sent that over? Faiaz
Merch Maverick
themerchmaverick.com"
La Formé Pilates,info@laformepilates.nl,pilates,Rotterdam,NL,https://laformepilates.nl/,5,25,quick idea for La Formé Pilates's members,"Hi there, I came across La Formé Pilates while researching top rated reformer pilates studios in Rotterdam and noticed you're holding a 5 rating across 25 reviews. That's the kind of loyalty that usually means members are proud to be part of the studio, not just attending classes. We're Merch Maverick, a factory direct supplier of branded totes, mat bags, and studio apparel for pilates studios. We work without agency markups, so the pricing usually beats what local printers quote for the same quality. I can put together a free digital mockup of a La Formé Pilates branded tote within 48 hours. No cost and no obligation either way, it's yours to look at. Would it be alright if I sent that over? Faiaz
Merch Maverick
themerchmaverick.com"
Poise Reformer Pilates,liz@poisereformerpilates.co.uk,pilates,Manchester,GB,https://www.poisereformerpilates.co.uk/,5,25,quick note for Poise Reformer Pilates,"Hi there, I came across Poise Reformer Pilates while researching top rated reformer pilates studios in Manchester and noticed you're holding a 5 rating across 25 reviews. That's the kind of loyalty that usually means members are proud to be part of the studio, not just attending classes. We're Merch Maverick, a factory direct supplier of branded totes, mat bags, and studio apparel for pilates studios. We work without agency markups, so the pricing usually beats what local printers quote for the same quality. I can put together a free digital mockup of a Poise Reformer Pilates branded tote within 48 hours. No cost and no obligation either way, it's yours to look at. Would it be alright if I sent that over? Faiaz
Merch Maverick
themerchmaverick.com"
Luma Pilates,hello@lumapilates.co.uk,pilates,Edinburgh,GB,https://www.lumapilates.co.uk/schedule,5,25,thought of Luma Pilates for something,"Hi there, I came across Luma Pilates while researching top rated reformer pilates studios in Edinburgh and noticed you're holding a 5 rating across 25 reviews. That's the kind of loyalty that usually means members are proud to be part of the studio, not just attending classes. We're Merch Maverick, a factory direct supplier of branded totes, mat bags, and studio apparel for pilates studios. We work without agency markups, so the pricing usually beats what local printers quote for the same quality. I can put together a free digital mockup of a Luma Pilates branded tote within 48 hours. No cost and no obligation either way, it's yours to look at. Would it be alright if I sent that over? Faiaz
Merch Maverick
themerchmaverick.com"
beem® Light Sauna Austin West 6th,austin-west6th@beemlightsauna.com,cold_plunge,Austin,US,https://beemlightsauna.com/location/Austin-W-6th/,5,25,"quick idea, beem® Light Sauna Austin West 6th","Hi there, I came across beem® Light Sauna Austin West 6th while researching top rated cold plunge and sauna spaces in Austin and noticed you're holding a 5 rating across 25 reviews. Numbers like that usually mean people leave talking about the experience, which is exactly the kind of thing branded gear tends to amplify. We're Merch Maverick, a factory direct supplier of branded robes, towels, and recovery hoodies for studios like yours, no agency markups, just your logo on gear members already want. I can send over a free digital mockup of a beem® Light Sauna Austin West 6th branded robe within 48 hours. If it is not a fit, no cost and no obligation. Would it be okay if I sent that mockup your way? Faiaz
Merch Maverick
themerchmaverick.com"
R3 Contrast,hello@r3contrast.com,cold_plunge,Birmingham,GB,https://www.r3contrast.com/,5,25,quick question about R3 Contrast's retail shelf,"Hi there, I came across R3 Contrast while researching top rated cold plunge and sauna spaces in Birmingham and noticed you're holding a 5 rating across 25 reviews. Numbers like that usually mean people leave talking about the experience, which is exactly the kind of thing branded gear tends to amplify. We're Merch Maverick, a factory direct supplier of branded robes, towels, and recovery hoodies for studios like yours, no agency markups, just your logo on gear members already want. I can send over a free digital mockup of a R3 Contrast branded robe within 48 hours. If it is not a fit, no cost and no obligation. Would it be okay if I sent that mockup your way? Faiaz
Merch Maverick
themerchmaverick.com"
Valentyns,info@valentyns.com,sauna,Cologne,DE,https://www.valentyns.com/de,5,24,quick idea for Valentyns's members,"Hi there, I came across Valentyns while researching top rated sauna studios in Cologne and noticed you're holding a 5 rating across 24 reviews. That kind of consistency usually means people leave your space wanting to take a piece of the experience home with them. We're Merch Maverick, a factory direct supplier for branded sauna hats, towels, and robes for studios like yours. No middlemen, no inflated agency pricing, just your logo on the exact ritual gear your members already associate with the experience. I'll put together a free digital mockup of a Valentyns branded wool felt sauna hat within 48 hours. If you don't love it, there's no cost and no obligation, it's yours to look at either way. Would it be okay if I sent that mockup over? Faiaz
Merch Maverick
themerchmaverick.com"
BASI Pilates Academy - Phoenix,phoenix@basipilatesacademy.com,pilates,Phoenix,US,https://thepilatesbarreaz.com/,5,24,quick note for BASI Pilates Academy - Phoenix,"Hi there, I came across BASI Pilates Academy - Phoenix while researching top rated reformer pilates studios in Phoenix and noticed you're holding a 5 rating across 24 reviews. That's the kind of loyalty that usually means members are proud to be part of the studio, not just attending classes. We're Merch Maverick, a factory direct supplier of branded totes, mat bags, and studio apparel for pilates studios. We work without agency markups, so the pricing usually beats what local printers quote for the same quality. I can put together a free digital mockup of a BASI Pilates Academy - Phoenix branded tote within 48 hours. No cost and no obligation either way, it's yours to look at. Would it be alright if I sent that over? Faiaz
Merch Maverick
themerchmaverick.com"
Collective Pilates West Hampstead,nottinghill@collectivepilates.com,pilates,London,GB,https://www.collectivepilates.com/,5,24,thought of Collective Pilates West Hampstead for something,"Hi there, I came across Collective Pilates West Hampstead while researching top rated reformer pilates studios in London and noticed you're holding a 5 rating across 24 reviews. That's the kind of loyalty that usually means members are proud to be part of the studio, not just attending classes. We're Merch Maverick, a factory direct supplier of branded totes, mat bags, and studio apparel for pilates studios. We work without agency markups, so the pricing usually beats what local printers quote for the same quality. I can put together a free digital mockup of a Collective Pilates West Hampstead branded tote within 48 hours. No cost and no obligation either way, it's yours to look at. Would it be alright if I sent that over? Faiaz
Merch Maverick
themerchmaverick.com"
Fervor Pilates Studio,info@fervor.nl,pilates,Rotterdam,NL,http://www.fervor.nl/,5,24,"quick idea, Fervor Pilates Studio","Hi there, I came across Fervor Pilates Studio while researching top rated reformer pilates studios in Rotterdam and noticed you're holding a 5 rating across 24 reviews. That's the kind of loyalty that usually means members are proud to be part of the studio, not just attending classes. We're Merch Maverick, a factory direct supplier of branded totes, mat bags, and studio apparel for pilates studios. We work without agency markups, so the pricing usually beats what local printers quote for the same quality. I can put together a free digital mockup of a Fervor Pilates Studio branded tote within 48 hours. No cost and no obligation either way, it's yours to look at. Would it be alright if I sent that over? Faiaz
Merch Maverick
themerchmaverick.com"
Energii Vasastan - Reformer Pilates,info@energiireformer.se,pilates,Stockholm,SE,https://www.energiireformer.se/center/vasastan/,5,24,quick question about Energii Vasastan - Reformer Pilates's retail shelf,"Hi there, I came across Energii Vasastan - Reformer Pilates while researching top rated reformer pilates studios in Stockholm and noticed you're holding a 5 rating across 24 reviews. That's the kind of loyalty that usually means members are proud to be part of the studio, not just attending classes. We're Merch Maverick, a factory direct supplier of branded totes, mat bags, and studio apparel for pilates studios. We work without agency markups, so the pricing usually beats what local printers quote for the same quality. I can put together a free digital mockup of a Energii Vasastan - Reformer Pilates branded tote within 48 hours. No cost and no obligation either way, it's yours to look at. Would it be alright if I sent that over? Faiaz
Merch Maverick
themerchmaverick.com"
Recovery Box,hello@recoverybox.at,cold_plunge,Vienna,AT,https://recoverybox.at/,5,24,quick idea for Recovery Box's members,"Hi there, I came across Recovery Box while researching top rated cold plunge and sauna spaces in Vienna and noticed you're holding a 5 rating across 24 reviews. Numbers like that usually mean people leave talking about the experience, which is exactly the kind of thing branded gear tends to amplify. We're Merch Maverick, a factory direct supplier of branded robes, towels, and recovery hoodies for studios like yours, no agency markups, just your logo on gear members already want. I can send over a free digital mockup of a Recovery Box branded robe within 48 hours. If it is not a fit, no cost and no obligation. Would it be okay if I sent that mockup your way? Faiaz
Merch Maverick
themerchmaverick.com"
BodyWorks Spa @ Tangible Wellness,info@tangiblewellness.org,sauna,Phoenix,US,https://www.tangiblewellness.org/bodyworks,5,23,quick note for BodyWorks Spa @ Tangible Wellness,"Hi there, I came across BodyWorks Spa @ Tangible Wellness while researching top rated sauna studios in Phoenix and noticed you're holding a 5 rating across 23 reviews. That kind of consistency usually means people leave your space wanting to take a piece of the experience home with them. We're Merch Maverick, a factory direct supplier for branded sauna hats, towels, and robes for studios like yours. No middlemen, no inflated agency pricing, just your logo on the exact ritual gear your members already associate with the experience. I'll put together a free digital mockup of a BodyWorks Spa @ Tangible Wellness branded wool felt sauna hat within 48 hours. If you don't love it, there's no cost and no obligation, it's yours to look at either way. Would it be okay if I sent that mockup over? Faiaz
Merch Maverick
themerchmaverick.com"
TRX at &Soul,anthony@breathefitness.co.uk,sauna,London,GB,https://breathefitness.co.uk/portfolio/trx-training-in-london/,5,23,thought of TRX at &Soul for something,"Hi there, I came across TRX at &Soul while researching top rated sauna studios in London and noticed you're holding a 5 rating across 23 reviews. That kind of consistency usually means people leave your space wanting to take a piece of the experience home with them. We're Merch Maverick, a factory direct supplier for branded sauna hats, towels, and robes for studios like yours. No middlemen, no inflated agency pricing, just your logo on the exact ritual gear your members already associate with the experience. I'll put together a free digital mockup of a TRX at &Soul branded wool felt sauna hat within 48 hours. If you don't love it, there's no cost and no obligation, it's yours to look at either way. Would it be okay if I sent that mockup over? Faiaz
Merch Maverick
themerchmaverick.com"
Spear Sauna,info@spearsauna.co.uk,sauna,Edinburgh,GB,https://www.spearsauna.co.uk/,5,23,"quick idea, Spear Sauna","Hi there, I came across Spear Sauna while researching top rated sauna studios in Edinburgh and noticed you're holding a 5 rating across 23 reviews. That kind of consistency usually means people leave your space wanting to take a piece of the experience home with them. We're Merch Maverick, a factory direct supplier for branded sauna hats, towels, and robes for studios like yours. No middlemen, no inflated agency pricing, just your logo on the exact ritual gear your members already associate with the experience. I'll put together a free digital mockup of a Spear Sauna branded wool felt sauna hat within 48 hours. If you don't love it, there's no cost and no obligation, it's yours to look at either way. Would it be okay if I sent that mockup over? Faiaz
Merch Maverick
themerchmaverick.com"
Marijans Place - Yoga & Pilates,support@webador.de,pilates,Cologne,DE,http://www.grcic-pilates-yoga.de/,5,23,quick question about Marijans Place - Yoga & Pilates's retail shelf,"Hi there, I came across Marijans Place - Yoga & Pilates while researching top rated reformer pilates studios in Cologne and noticed you're holding a 5 rating across 23 reviews. That's the kind of loyalty that usually means members are proud to be part of the studio, not just attending classes. We're Merch Maverick, a factory direct supplier of branded totes, mat bags, and studio apparel for pilates studios. We work without agency markups, so the pricing usually beats what local printers quote for the same quality. I can put together a free digital mockup of a Marijans Place - Yoga & Pilates branded tote within 48 hours. No cost and no obligation either way, it's yours to look at. Would it be alright if I sent that over? Faiaz
Merch Maverick
themerchmaverick.com"
Flow Pilates Bristol,user@domain.com,pilates,Bristol,GB,https://www.flowpilatesbristol.co.uk/,5,23,quick idea for Flow Pilates Bristol's members,"Hi there, I came across Flow Pilates Bristol while researching top rated reformer pilates studios in Bristol and noticed you're holding a 5 rating across 23 reviews. That's the kind of loyalty that usually means members are proud to be part of the studio, not just attending classes. We're Merch Maverick, a factory direct supplier of branded totes, mat bags, and studio apparel for pilates studios. We work without agency markups, so the pricing usually beats what local printers quote for the same quality. I can put together a free digital mockup of a Flow Pilates Bristol branded tote within 48 hours. No cost and no obligation either way, it's yours to look at. Would it be alright if I sent that over? Faiaz
Merch Maverick
themerchmaverick.com"
ViBE+Run – Club de Running El Cañaveral,info@viberun.es,run_club,Madrid,ES,https://www.viberun.es/,5,23,quick note for ViBE+Run – Club de Running El Cañaveral,"Hi there, I came across ViBE+Run – Club de Running El Cañaveral while researching top rated run clubs in Madrid and noticed you're holding a 5 rating across 23 reviews. That kind of following usually means your crew is already repping your name everywhere they go. We're Merch Maverick, a factory direct supplier of branded team tees, caps, and run club apparel. No agency markups, just gear your crew will actually wear outside of race day. I can send over a free digital mockup of a ViBE+Run – Club de Running El Cañaveral branded team tee within 48 hours. If it's not a fit, no cost and no obligation. Would it be okay if I sent that mockup your way? Faiaz
Merch Maverick
themerchmaverick.com"
BodyWorks Spa @ Tangible Wellness,info@tangiblewellness.org,cold_plunge,Phoenix,US,https://www.tangiblewellness.org/bodyworks,5,23,thought of BodyWorks Spa @ Tangible Wellness for something,"Hi there, I came across BodyWorks Spa @ Tangible Wellness while researching top rated cold plunge and sauna spaces in Phoenix and noticed you're holding a 5 rating across 23 reviews. Numbers like that usually mean people leave talking about the experience, which is exactly the kind of thing branded gear tends to amplify. We're Merch Maverick, a factory direct supplier of branded robes, towels, and recovery hoodies for studios like yours, no agency markups, just your logo on gear members already want. I can send over a free digital mockup of a BodyWorks Spa @ Tangible Wellness branded robe within 48 hours. If it is not a fit, no cost and no obligation. Would it be okay if I sent that mockup your way? Faiaz
Merch Maverick
themerchmaverick.com"
Recover Zone,info@therecoverzone.com,cold_plunge,San Francisco,US,http://www.therecoverzone.com/,5,23,"quick idea, Recover Zone","Hi there, I came across Recover Zone while researching top rated cold plunge and sauna spaces in San Francisco and noticed you're holding a 5 rating across 23 reviews. Numbers like that usually mean people leave talking about the experience, which is exactly the kind of thing branded gear tends to amplify. We're Merch Maverick, a factory direct supplier of branded robes, towels, and recovery hoodies for studios like yours, no agency markups, just your logo on gear members already want. I can send over a free digital mockup of a Recover Zone branded robe within 48 hours. If it is not a fit, no cost and no obligation. Would it be okay if I sent that mockup your way? Faiaz
Merch Maverick
themerchmaverick.com"
TRX at &Soul,anthony@breathefitness.co.uk,cold_plunge,London,GB,https://breathefitness.co.uk/portfolio/trx-training-in-london/,5,23,quick question about TRX at &Soul's retail shelf,"Hi there, I came across TRX at &Soul while researching top rated cold plunge and sauna spaces in London and noticed you're holding a 5 rating across 23 reviews. Numbers like that usually mean people leave talking about the experience, which is exactly the kind of thing branded gear tends to amplify. We're Merch Maverick, a factory direct supplier of branded robes, towels, and recovery hoodies for studios like yours, no agency markups, just your logo on gear members already want. I can send over a free digital mockup of a TRX at &Soul branded robe within 48 hours. If it is not a fit, no cost and no obligation. Would it be okay if I sent that mockup your way? Faiaz
Merch Maverick
themerchmaverick.com"
Talia Body - Rotterdam,info@ivof.com,cold_plunge,Rotterdam,NL,https://spa.center.ivof.com/talia-body-clinic/,5,23,quick idea for Talia Body - Rotterdam's members,"Hi there, I came across Talia Body - Rotterdam while researching top rated cold plunge and sauna spaces in Rotterdam and noticed you're holding a 5 rating across 23 reviews. Numbers like that usually mean people leave talking about the experience, which is exactly the kind of thing branded gear tends to amplify. We're Merch Maverick, a factory direct supplier of branded robes, towels, and recovery hoodies for studios like yours, no agency markups, just your logo on gear members already want. I can send over a free digital mockup of a Talia Body - Rotterdam branded robe within 48 hours. If it is not a fit, no cost and no obligation. Would it be okay if I sent that mockup your way? Faiaz
Merch Maverick
themerchmaverick.com"
Spear Sauna,info@spearsauna.co.uk,cold_plunge,Edinburgh,GB,https://www.spearsauna.co.uk/,5,23,quick note for Spear Sauna,"Hi there, I came across Spear Sauna while researching top rated cold plunge and sauna spaces in Edinburgh and noticed you're holding a 5 rating across 23 reviews. Numbers like that usually mean people leave talking about the experience, which is exactly the kind of thing branded gear tends to amplify. We're Merch Maverick, a factory direct supplier of branded robes, towels, and recovery hoodies for studios like yours, no agency markups, just your logo on gear members already want. I can send over a free digital mockup of a Spear Sauna branded robe within 48 hours. If it is not a fit, no cost and no obligation. Would it be okay if I sent that mockup your way? Faiaz
Merch Maverick
themerchmaverick.com"
Cold Summer,hello@coldsummer.com,sauna,Las Vegas,US,https://coldsummer.com/,5,22,thought of Cold Summer for something,"Hi there, I came across Cold Summer while researching top rated sauna studios in Las Vegas and noticed you're holding a 5 rating across 22 reviews. That kind of consistency usually means people leave your space wanting to take a piece of the experience home with them. We're Merch Maverick, a factory direct supplier for branded sauna hats, towels, and robes for studios like yours. No middlemen, no inflated agency pricing, just your logo on the exact ritual gear your members already associate with the experience. I'll put together a free digital mockup of a Cold Summer branded wool felt sauna hat within 48 hours. If you don't love it, there's no cost and no obligation, it's yours to look at either way. Would it be okay if I sent that mockup over? Faiaz
Merch Maverick
themerchmaverick.com"
Salt & Cedar Sauna Seattle,sales@saltandcedarsauna.com,sauna,Seattle,US,https://www.saltandcedarsauna.com/,5,22,"quick idea, Salt & Cedar Sauna Seattle","Hi there, I came across Salt & Cedar Sauna Seattle while researching top rated sauna studios in Seattle and noticed you're holding a 5 rating across 22 reviews. That kind of consistency usually means people leave your space wanting to take a piece of the experience home with them. We're Merch Maverick, a factory direct supplier for branded sauna hats, towels, and robes for studios like yours. No middlemen, no inflated agency pricing, just your logo on the exact ritual gear your members already associate with the experience. I'll put together a free digital mockup of a Salt & Cedar Sauna Seattle branded wool felt sauna hat within 48 hours. If you don't love it, there's no cost and no obligation, it's yours to look at either way. Would it be okay if I sent that mockup over? Faiaz
Merch Maverick
themerchmaverick.com"
The Well Zone,hello@thewellzone.se,sauna,Stockholm,SE,https://thewellzone.se/,5,22,quick question about The Well Zone's retail shelf,"Hi there, I came across The Well Zone while researching top rated sauna studios in Stockholm and noticed you're holding a 5 rating across 22 reviews. That kind of consistency usually means people leave your space wanting to take a piece of the experience home with them. We're Merch Maverick, a factory direct supplier for branded sauna hats, towels, and robes for studios like yours. No middlemen, no inflated agency pricing, just your logo on the exact ritual gear your members already associate with the experience. I'll put together a free digital mockup of a The Well Zone branded wool felt sauna hat within 48 hours. If you don't love it, there's no cost and no obligation, it's yours to look at either way. Would it be okay if I sent that mockup over? Faiaz
Merch Maverick
themerchmaverick.com"
Banya,info@banyaspace.com,sauna,Birmingham,GB,https://www.banyaspace.com/,5,22,quick idea for Banya's members,"Hi there, I came across Banya while researching top rated sauna studios in Birmingham and noticed you're holding a 5 rating across 22 reviews. That kind of consistency usually means people leave your space wanting to take a piece of the experience home with them. We're Merch Maverick, a factory direct supplier for branded sauna hats, towels, and robes for studios like yours. No middlemen, no inflated agency pricing, just your logo on the exact ritual gear your members already associate with the experience. I'll put together a free digital mockup of a Banya branded wool felt sauna hat within 48 hours. If you don't love it, there's no cost and no obligation, it's yours to look at either way. Would it be okay if I sent that mockup over? Faiaz
Merch Maverick
themerchmaverick.com"
StudiO2 Pilates Barcelona,info@studio2pilates.es,pilates,Barcelona,ES,https://www.studio2pilates.es/,5,22,quick note for StudiO2 Pilates Barcelona,"Hi there, I came across StudiO2 Pilates Barcelona while researching top rated reformer pilates studios in Barcelona and noticed you're holding a 5 rating across 22 reviews. That's the kind of loyalty that usually means members are proud to be part of the studio, not just attending classes. We're Merch Maverick, a factory direct supplier of branded totes, mat bags, and studio apparel for pilates studios. We work without agency markups, so the pricing usually beats what local printers quote for the same quality. I can put together a free digital mockup of a StudiO2 Pilates Barcelona branded tote within 48 hours. No cost and no obligation either way, it's yours to look at. Would it be alright if I sent that over? Faiaz
Merch Maverick
themerchmaverick.com"
Two22 studio,info@two22studio.nl,pilates,Rotterdam,NL,https://www.two22studio.nl/,5,22,thought of Two22 studio for something,"Hi there, I came across Two22 studio while researching top rated reformer pilates studios in Rotterdam and noticed you're holding a 5 rating across 22 reviews. That's the kind of loyalty that usually means members are proud to be part of the studio, not just attending classes. We're Merch Maverick, a factory direct supplier of branded totes, mat bags, and studio apparel for pilates studios. We work without agency markups, so the pricing usually beats what local printers quote for the same quality. I can put together a free digital mockup of a Two22 studio branded tote within 48 hours. No cost and no obligation either way, it's yours to look at. Would it be alright if I sent that over? Faiaz
Merch Maverick
themerchmaverick.com"
The Well Zone,hello@thewellzone.se,pilates,Stockholm,SE,https://thewellzone.se/,5,22,"quick idea, The Well Zone","Hi there, I came across The Well Zone while researching top rated reformer pilates studios in Stockholm and noticed you're holding a 5 rating across 22 reviews. That's the kind of loyalty that usually means members are proud to be part of the studio, not just attending classes. We're Merch Maverick, a factory direct supplier of branded totes, mat bags, and studio apparel for pilates studios. We work without agency markups, so the pricing usually beats what local printers quote for the same quality. I can put together a free digital mockup of a The Well Zone branded tote within 48 hours. No cost and no obligation either way, it's yours to look at. Would it be alright if I sent that over? Faiaz
Merch Maverick
themerchmaverick.com"
Pilates by Oletta @VEEDELPHYSIO HQ,hello-oletta@mail.de,pilates,Cologne,DE,https://www.pilatesbyoletta.de/,5,22,quick question about Pilates by Oletta @VEEDELPHYSIO HQ's retail shelf,"Hi there, I came across Pilates by Oletta @VEEDELPHYSIO HQ while researching top rated reformer pilates studios in Cologne and noticed you're holding a 5 rating across 22 reviews. That's the kind of loyalty that usually means members are proud to be part of the studio, not just attending classes. We're Merch Maverick, a factory direct supplier of branded totes, mat bags, and studio apparel for pilates studios. We work without agency markups, so the pricing usually beats what local printers quote for the same quality. I can put together a free digital mockup of a Pilates by Oletta @VEEDELPHYSIO HQ branded tote within 48 hours. No cost and no obligation either way, it's yours to look at. Would it be alright if I sent that over? Faiaz
Merch Maverick
themerchmaverick.com"
East Nasty Running Club Wednesday Run,user@domain.com,run_club,Nashville,US,http://eastnastyforlife.com/,5,22,quick idea for East Nasty Running Club Wednesday Run's members,"Hi there, I came across East Nasty Running Club Wednesday Run while researching top rated run clubs in Nashville and noticed you're holding a 5 rating across 22 reviews. That kind of following usually means your crew is already repping your name everywhere they go. We're Merch Maverick, a factory direct supplier of branded team tees, caps, and run club apparel. No agency markups, just gear your crew will actually wear outside of race day. I can send over a free digital mockup of a East Nasty Running Club Wednesday Run branded team tee within 48 hours. If it's not a fit, no cost and no obligation. Would it be okay if I sent that mockup your way? Faiaz
Merch Maverick
themerchmaverick.com"
Cold Summer,hello@coldsummer.com,cold_plunge,Las Vegas,US,https://coldsummer.com/,5,22,quick note for Cold Summer,"Hi there, I came across Cold Summer while researching top rated cold plunge and sauna spaces in Las Vegas and noticed you're holding a 5 rating across 22 reviews. Numbers like that usually mean people leave talking about the experience, which is exactly the kind of thing branded gear tends to amplify. We're Merch Maverick, a factory direct supplier of branded robes, towels, and recovery hoodies for studios like yours, no agency markups, just your logo on gear members already want. I can send over a free digital mockup of a Cold Summer branded robe within 48 hours. If it is not a fit, no cost and no obligation. Would it be okay if I sent that mockup your way? Faiaz
Merch Maverick
themerchmaverick.com"
Salt & Cedar Sauna Seattle,sales@saltandcedarsauna.com,cold_plunge,Seattle,US,https://www.saltandcedarsauna.com/,5,22,thought of Salt & Cedar Sauna Seattle for something,"Hi there, I came across Salt & Cedar Sauna Seattle while researching top rated cold plunge and sauna spaces in Seattle and noticed you're holding a 5 rating across 22 reviews. Numbers like that usually mean people leave talking about the experience, which is exactly the kind of thing branded gear tends to amplify. We're Merch Maverick, a factory direct supplier of branded robes, towels, and recovery hoodies for studios like yours, no agency markups, just your logo on gear members already want. I can send over a free digital mockup of a Salt & Cedar Sauna Seattle branded robe within 48 hours. If it is not a fit, no cost and no obligation. Would it be okay if I sent that mockup your way? Faiaz
Merch Maverick
themerchmaverick.com"
FrostFit Performance Center,hello@frostfit.hu,cold_plunge,Budapest,HU,https://frostfit.hu/,5,22,"quick idea, FrostFit Performance Center","Hi there, I came across FrostFit Performance Center while researching top rated cold plunge and sauna spaces in Budapest and noticed you're holding a 5 rating across 22 reviews. Numbers like that usually mean people leave talking about the experience, which is exactly the kind of thing branded gear tends to amplify. We're Merch Maverick, a factory direct supplier of branded robes, towels, and recovery hoodies for studios like yours, no agency markups, just your logo on gear members already want. I can send over a free digital mockup of a FrostFit Performance Center branded robe within 48 hours. If it is not a fit, no cost and no obligation. Would it be okay if I sent that mockup your way? Faiaz
Merch Maverick
themerchmaverick.com"
The Well Zone,hello@thewellzone.se,cold_plunge,Stockholm,SE,https://thewellzone.se/,5,22,quick question about The Well Zone's retail shelf,"Hi there, I came across The Well Zone while researching top rated cold plunge and sauna spaces in Stockholm and noticed you're holding a 5 rating across 22 reviews. Numbers like that usually mean people leave talking about the experience, which is exactly the kind of thing branded gear tends to amplify. We're Merch Maverick, a factory direct supplier of branded robes, towels, and recovery hoodies for studios like yours, no agency markups, just your logo on gear members already want. I can send over a free digital mockup of a The Well Zone branded robe within 48 hours. If it is not a fit, no cost and no obligation. Would it be okay if I sent that mockup your way? Faiaz
Merch Maverick
themerchmaverick.com"
Kältebox Wien Alpha Cooling Kyrotherapie ANTI AGING,office@kältebox.com,cold_plunge,Vienna,AT,https://www.kältebox-wien.com/,5,22,quick idea for Kältebox Wien Alpha Cooling Kyrotherapie ANTI AGING's members,"Hi there, I came across Kältebox Wien Alpha Cooling Kyrotherapie ANTI AGING while researching top rated cold plunge and sauna spaces in Vienna and noticed you're holding a 5 rating across 22 reviews. Numbers like that usually mean people leave talking about the experience, which is exactly the kind of thing branded gear tends to amplify. We're Merch Maverick, a factory direct supplier of branded robes, towels, and recovery hoodies for studios like yours, no agency markups, just your logo on gear members already want. I can send over a free digital mockup of a Kältebox Wien Alpha Cooling Kyrotherapie ANTI AGING branded robe within 48 hours. If it is not a fit, no cost and no obligation. Would it be okay if I sent that mockup your way? Faiaz
Merch Maverick
themerchmaverick.com"
Banya,info@banyaspace.com,cold_plunge,Birmingham,GB,https://www.banyaspace.com/,5,22,quick note for Banya,"Hi there, I came across Banya while researching top rated cold plunge and sauna spaces in Birmingham and noticed you're holding a 5 rating across 22 reviews. Numbers like that usually mean people leave talking about the experience, which is exactly the kind of thing branded gear tends to amplify. We're Merch Maverick, a factory direct supplier of branded robes, towels, and recovery hoodies for studios like yours, no agency markups, just your logo on gear members already want. I can send over a free digital mockup of a Banya branded robe within 48 hours. If it is not a fit, no cost and no obligation. Would it be okay if I sent that mockup your way? Faiaz
Merch Maverick
themerchmaverick.com"
EDGE by ELIXR Wellness Brickell - Miami,specs.stores.fixnavig@ion.sposition,sauna,Miami,US,https://www.elixrwellness.com/,5,21,thought of EDGE by ELIXR Wellness Brickell - Miami for something,"Hi there, I came across EDGE by ELIXR Wellness Brickell - Miami while researching top rated sauna studios in Miami and noticed you're holding a 5 rating across 21 reviews. That kind of consistency usually means people leave your space wanting to take a piece of the experience home with them. We're Merch Maverick, a factory direct supplier for branded sauna hats, towels, and robes for studios like yours. No middlemen, no inflated agency pricing, just your logo on the exact ritual gear your members already associate with the experience. I'll put together a free digital mockup of a EDGE by ELIXR Wellness Brickell - Miami branded wool felt sauna hat within 48 hours. If you don't love it, there's no cost and no obligation, it's yours to look at either way. Would it be okay if I sent that mockup over? Faiaz
Merch Maverick
themerchmaverick.com"
Recovery Room,info@recoveryroom.se,sauna,Stockholm,SE,https://www.recoveryroom.se/?utm_source=google&utm_medium=wix_google_business_profile&utm_campaign=14614832946398494487,5,21,"quick idea, Recovery Room","Hi there, I came across Recovery Room while researching top rated sauna studios in Stockholm and noticed you're holding a 5 rating across 21 reviews. That kind of consistency usually means people leave your space wanting to take a piece of the experience home with them. We're Merch Maverick, a factory direct supplier for branded sauna hats, towels, and robes for studios like yours. No middlemen, no inflated agency pricing, just your logo on the exact ritual gear your members already associate with the experience. I'll put together a free digital mockup of a Recovery Room branded wool felt sauna hat within 48 hours. If you don't love it, there's no cost and no obligation, it's yours to look at either way. Would it be okay if I sent that mockup over? Faiaz
Merch Maverick
themerchmaverick.com"
Quin Pilates,info@quinpilates.com,pilates,Boston,US,https://quinpilates.com/,5,21,quick question about Quin Pilates's retail shelf,"Hi there, I came across Quin Pilates while researching top rated reformer pilates studios in Boston and noticed you're holding a 5 rating across 21 reviews. That's the kind of loyalty that usually means members are proud to be part of the studio, not just attending classes. We're Merch Maverick, a factory direct supplier of branded totes, mat bags, and studio apparel for pilates studios. We work without agency markups, so the pricing usually beats what local printers quote for the same quality. I can put together a free digital mockup of a Quin Pilates branded tote within 48 hours. No cost and no obligation either way, it's yours to look at. Would it be alright if I sent that over? Faiaz
Merch Maverick
themerchmaverick.com"
Pilates With Jenise,strong@pilateswithjenise.com,pilates,San Francisco,US,http://pilateswithjenise.com/,5,21,quick idea for Pilates With Jenise's members,"Hi there, I came across Pilates With Jenise while researching top rated reformer pilates studios in San Francisco and noticed you're holding a 5 rating across 21 reviews. That's the kind of loyalty that usually means members are proud to be part of the studio, not just attending classes. We're Merch Maverick, a factory direct supplier of branded totes, mat bags, and studio apparel for pilates studios. We work without agency markups, so the pricing usually beats what local printers quote for the same quality. I can put together a free digital mockup of a Pilates With Jenise branded tote within 48 hours. No cost and no obligation either way, it's yours to look at. Would it be alright if I sent that over? Faiaz
Merch Maverick
themerchmaverick.com"
Pilates Mariposa,support@pilatesmariposa.com,pilates,Denver,US,https://www.pilatesmariposa.com/,5,21,quick note for Pilates Mariposa,"Hi there, I came across Pilates Mariposa while researching top rated reformer pilates studios in Denver and noticed you're holding a 5 rating across 21 reviews. That's the kind of loyalty that usually means members are proud to be part of the studio, not just attending classes. We're Merch Maverick, a factory direct supplier of branded totes, mat bags, and studio apparel for pilates studios. We work without agency markups, so the pricing usually beats what local printers quote for the same quality. I can put together a free digital mockup of a Pilates Mariposa branded tote within 48 hours. No cost and no obligation either way, it's yours to look at. Would it be alright if I sent that over? Faiaz
Merch Maverick
themerchmaverick.com"
ABSOLUTE PILATES KÖLN,info@dunja-krieger.de,pilates,Cologne,DE,http://absolute-pilates.de/,5,21,thought of ABSOLUTE PILATES KÖLN for something,"Hi there, I came across ABSOLUTE PILATES KÖLN while researching top rated reformer pilates studios in Cologne and noticed you're holding a 5 rating across 21 reviews. That's the kind of loyalty that usually means members are proud to be part of the studio, not just attending classes. We're Merch Maverick, a factory direct supplier of branded totes, mat bags, and studio apparel for pilates studios. We work without agency markups, so the pricing usually beats what local printers quote for the same quality. I can put together a free digital mockup of a ABSOLUTE PILATES KÖLN branded tote within 48 hours. No cost and no obligation either way, it's yours to look at. Would it be alright if I sent that over? Faiaz
Merch Maverick
themerchmaverick.com"
AORA Pilates,info@aorapilates.co.uk,pilates,Bristol,GB,https://www.aorapilates.co.uk/,5,21,"quick idea, AORA Pilates","Hi there, I came across AORA Pilates while researching top rated reformer pilates studios in Bristol and noticed you're holding a 5 rating across 21 reviews. That's the kind of loyalty that usually means members are proud to be part of the studio, not just attending classes. We're Merch Maverick, a factory direct supplier of branded totes, mat bags, and studio apparel for pilates studios. We work without agency markups, so the pricing usually beats what local printers quote for the same quality. I can put together a free digital mockup of a AORA Pilates branded tote within 48 hours. No cost and no obligation either way, it's yours to look at. Would it be alright if I sent that over? Faiaz
Merch Maverick
themerchmaverick.com"
Active Runners,specs.stores.fixnavig@ion.sposition,run_club,Barcelona,ES,http://active-runners.com/,5,21,quick question about Active Runners's retail shelf,"Hi there, I came across Active Runners while researching top rated run clubs in Barcelona and noticed you're holding a 5 rating across 21 reviews. That kind of following usually means your crew is already repping your name everywhere they go. We're Merch Maverick, a factory direct supplier of branded team tees, caps, and run club apparel. No agency markups, just gear your crew will actually wear outside of race day. I can send over a free digital mockup of a Active Runners branded team tee within 48 hours. If it's not a fit, no cost and no obligation. Would it be okay if I sent that mockup your way? Faiaz
Merch Maverick
themerchmaverick.com"
MileShyClub Partington (Running Club),hello@mileshyclub.com,run_club,Manchester,GB,http://www.mileshyclub.com/,5,21,quick idea for MileShyClub Partington (Running Club)'s members,"Hi there, I came across MileShyClub Partington (Running Club) while researching top rated run clubs in Manchester and noticed you're holding a 5 rating across 21 reviews. That kind of following usually means your crew is already repping your name everywhere they go. We're Merch Maverick, a factory direct supplier of branded team tees, caps, and run club apparel. No agency markups, just gear your crew will actually wear outside of race day. I can send over a free digital mockup of a MileShyClub Partington (Running Club) branded team tee within 48 hours. If it's not a fit, no cost and no obligation. Would it be okay if I sent that mockup your way? Faiaz
Merch Maverick
themerchmaverick.com"
"The Hack | Anti-Aging, Wellness, & Movement",thawm@thehackmovement.com,cold_plunge,Houston,US,http://www.thehackmovement.com/,5,21,"quick note for The Hack | Anti-Aging, Wellness, & Movement","Hi there, I came across The Hack | Anti-Aging, Wellness, & Movement while researching top rated cold plunge and sauna spaces in Houston and noticed you're holding a 5 rating across 21 reviews. Numbers like that usually mean people leave talking about the experience, which is exactly the kind of thing branded gear tends to amplify. We're Merch Maverick, a factory direct supplier of branded robes, towels, and recovery hoodies for studios like yours, no agency markups, just your logo on gear members already want. I can send over a free digital mockup of a The Hack | Anti-Aging, Wellness, & Movement branded robe within 48 hours. If it is not a fit, no cost and no obligation. Would it be okay if I sent that mockup your way? Faiaz
Merch Maverick
themerchmaverick.com"
EDGE by ELIXR Wellness Brickell - Miami,specs.stores.fixnavig@ion.sposition,cold_plunge,Miami,US,https://www.elixrwellness.com/,5,21,thought of EDGE by ELIXR Wellness Brickell - Miami for something,"Hi there, I came across EDGE by ELIXR Wellness Brickell - Miami while researching top rated cold plunge and sauna spaces in Miami and noticed you're holding a 5 rating across 21 reviews. Numbers like that usually mean people leave talking about the experience, which is exactly the kind of thing branded gear tends to amplify. We're Merch Maverick, a factory direct supplier of branded robes, towels, and recovery hoodies for studios like yours, no agency markups, just your logo on gear members already want. I can send over a free digital mockup of a EDGE by ELIXR Wellness Brickell - Miami branded robe within 48 hours. If it is not a fit, no cost and no obligation. Would it be okay if I sent that mockup your way? Faiaz
Merch Maverick
themerchmaverick.com"
Recovery Room,info@recoveryroom.se,cold_plunge,Stockholm,SE,https://www.recoveryroom.se/?utm_source=google&utm_medium=wix_google_business_profile&utm_campaign=14614832946398494487,5,21,"quick idea, Recovery Room","Hi there, I came across Recovery Room while researching top rated cold plunge and sauna spaces in Stockholm and noticed you're holding a 5 rating across 21 reviews. Numbers like that usually mean people leave talking about the experience, which is exactly the kind of thing branded gear tends to amplify. We're Merch Maverick, a factory direct supplier of branded robes, towels, and recovery hoodies for studios like yours, no agency markups, just your logo on gear members already want. I can send over a free digital mockup of a Recovery Room branded robe within 48 hours. If it is not a fit, no cost and no obligation. Would it be okay if I sent that mockup your way? Faiaz
Merch Maverick
themerchmaverick.com"
Urban Sweat Green Hills,hello@urbansweat.com,sauna,Nashville,US,https://www.urbansweat.com/,5,20,quick question about Urban Sweat Green Hills's retail shelf,"Hi there, I came across Urban Sweat Green Hills while researching top rated sauna studios in Nashville and noticed you're holding a 5 rating across 20 reviews. That kind of consistency usually means people leave your space wanting to take a piece of the experience home with them. We're Merch Maverick, a factory direct supplier for branded sauna hats, towels, and robes for studios like yours. No middlemen, no inflated agency pricing, just your logo on the exact ritual gear your members already associate with the experience. I'll put together a free digital mockup of a Urban Sweat Green Hills branded wool felt sauna hat within 48 hours. If you don't love it, there's no cost and no obligation, it's yours to look at either way. Would it be okay if I sent that mockup over? Faiaz
Merch Maverick
themerchmaverick.com"
Grow Core Pilates,growwiththeflow@growcorepilates.com,pilates,Las Vegas,US,https://www.growcorepilates.com/,5,20,quick idea for Grow Core Pilates's members,"Hi there, I came across Grow Core Pilates while researching top rated reformer pilates studios in Las Vegas and noticed you're holding a 5 rating across 20 reviews. That's the kind of loyalty that usually means members are proud to be part of the studio, not just attending classes. We're Merch Maverick, a factory direct supplier of branded totes, mat bags, and studio apparel for pilates studios. We work without agency markups, so the pricing usually beats what local printers quote for the same quality. I can put together a free digital mockup of a Grow Core Pilates branded tote within 48 hours. No cost and no obligation either way, it's yours to look at. Would it be alright if I sent that over? Faiaz
Merch Maverick
themerchmaverick.com"
The Pilates Space,info@thepilatesspacedallas.com,pilates,Dallas,US,http://www.thepilatesspacedallas.com/,5,20,quick note for The Pilates Space,"Hi there, I came across The Pilates Space while researching top rated reformer pilates studios in Dallas and noticed you're holding a 5 rating across 20 reviews. That's the kind of loyalty that usually means members are proud to be part of the studio, not just attending classes. We're Merch Maverick, a factory direct supplier of branded totes, mat bags, and studio apparel for pilates studios. We work without agency markups, so the pricing usually beats what local printers quote for the same quality. I can put together a free digital mockup of a The Pilates Space branded tote within 48 hours. No cost and no obligation either way, it's yours to look at. Would it be alright if I sent that over? Faiaz
Merch Maverick
themerchmaverick.com"
Meliora Movement,info@melioramovement.com,pilates,Nashville,US,http://www.melioramovement.com/,5,20,thought of Meliora Movement for something,"Hi there, I came across Meliora Movement while researching top rated reformer pilates studios in Nashville and noticed you're holding a 5 rating across 20 reviews. That's the kind of loyalty that usually means members are proud to be part of the studio, not just attending classes. We're Merch Maverick, a factory direct supplier of branded totes, mat bags, and studio apparel for pilates studios. We work without agency markups, so the pricing usually beats what local printers quote for the same quality. I can put together a free digital mockup of a Meliora Movement branded tote within 48 hours. No cost and no obligation either way, it's yours to look at. Would it be alright if I sent that over? Faiaz
Merch Maverick
themerchmaverick.com"
Barton Springs Pilates,lexi@bartonspringspilates.com,pilates,Austin,US,https://bartonspringspilates.com/,5,20,"quick idea, Barton Springs Pilates","Hi there, I came across Barton Springs Pilates while researching top rated reformer pilates studios in Austin and noticed you're holding a 5 rating across 20 reviews. That's the kind of loyalty that usually means members are proud to be part of the studio, not just attending classes. We're Merch Maverick, a factory direct supplier of branded totes, mat bags, and studio apparel for pilates studios. We work without agency markups, so the pricing usually beats what local printers quote for the same quality. I can put together a free digital mockup of a Barton Springs Pilates branded tote within 48 hours. No cost and no obligation either way, it's yours to look at. Would it be alright if I sent that over? Faiaz
Merch Maverick
themerchmaverick.com"
Pilates Practice Amsterdam,info@pilatespractice.nl,pilates,Amsterdam,NL,https://pilatespractice.nl/,5,20,quick question about Pilates Practice Amsterdam's retail shelf,"Hi there, I came across Pilates Practice Amsterdam while researching top rated reformer pilates studios in Amsterdam and noticed you're holding a 5 rating across 20 reviews. That's the kind of loyalty that usually means members are proud to be part of the studio, not just attending classes. We're Merch Maverick, a factory direct supplier of branded totes, mat bags, and studio apparel for pilates studios. We work without agency markups, so the pricing usually beats what local printers quote for the same quality. I can put together a free digital mockup of a Pilates Practice Amsterdam branded tote within 48 hours. No cost and no obligation either way, it's yours to look at. Would it be alright if I sent that over? Faiaz
Merch Maverick
themerchmaverick.com"
Pilates El Parque - Estudio de Pilates Reformer,info@pilateselparque.com,pilates,Barcelona,ES,http://www.pilateselparque.com/,5,20,quick idea for Pilates El Parque - Estudio de Pilates Reformer's members,"Hi there, I came across Pilates El Parque - Estudio de Pilates Reformer while researching top rated reformer pilates studios in Barcelona and noticed you're holding a 5 rating across 20 reviews. That's the kind of loyalty that usually means members are proud to be part of the studio, not just attending classes. We're Merch Maverick, a factory direct supplier of branded totes, mat bags, and studio apparel for pilates studios. We work without agency markups, so the pricing usually beats what local printers quote for the same quality. I can put together a free digital mockup of a Pilates El Parque - Estudio de Pilates Reformer branded tote within 48 hours. No cost and no obligation either way, it's yours to look at. Would it be alright if I sent that over? Faiaz
Merch Maverick
themerchmaverick.com"
Pilatium Studio,hello@pilatiumstudio.eu,pilates,Budapest,HU,https://www.pilatiumstudio.eu/,5,20,quick note for Pilatium Studio,"Hi there, I came across Pilatium Studio while researching top rated reformer pilates studios in Budapest and noticed you're holding a 5 rating across 20 reviews. That's the kind of loyalty that usually means members are proud to be part of the studio, not just attending classes. We're Merch Maverick, a factory direct supplier of branded totes, mat bags, and studio apparel for pilates studios. We work without agency markups, so the pricing usually beats what local printers quote for the same quality. I can put together a free digital mockup of a Pilatium Studio branded tote within 48 hours. No cost and no obligation either way, it's yours to look at. Would it be alright if I sent that over? Faiaz
Merch Maverick
themerchmaverick.com"
Sisterhood Beauty & Pilates,info@sisterhood-cgn.de,pilates,Cologne,DE,http://www.sisterhood-cgn.de/,5,20,thought of Sisterhood Beauty & Pilates for something,"Hi there, I came across Sisterhood Beauty & Pilates while researching top rated reformer pilates studios in Cologne and noticed you're holding a 5 rating across 20 reviews. That's the kind of loyalty that usually means members are proud to be part of the studio, not just attending classes. We're Merch Maverick, a factory direct supplier of branded totes, mat bags, and studio apparel for pilates studios. We work without agency markups, so the pricing usually beats what local printers quote for the same quality. I can put together a free digital mockup of a Sisterhood Beauty & Pilates branded tote within 48 hours. No cost and no obligation either way, it's yours to look at. Would it be alright if I sent that over? Faiaz
Merch Maverick
themerchmaverick.com"
Luxfit Reformer Pilates,contact@luxfit-pilates.com,pilates,Edinburgh,GB,https://www.luxfit-pilates.com/,5,20,"quick idea, Luxfit Reformer Pilates","Hi there, I came across Luxfit Reformer Pilates while researching top rated reformer pilates studios in Edinburgh and noticed you're holding a 5 rating across 20 reviews. That's the kind of loyalty that usually means members are proud to be part of the studio, not just attending classes. We're Merch Maverick, a factory direct supplier of branded totes, mat bags, and studio apparel for pilates studios. We work without agency markups, so the pricing usually beats what local printers quote for the same quality. I can put together a free digital mockup of a Luxfit Reformer Pilates branded tote within 48 hours. No cost and no obligation either way, it's yours to look at. Would it be alright if I sent that over? Faiaz
Merch Maverick
themerchmaverick.com"
South Brooklyn Running Club,social@southbrooklynrunning.com,run_club,New York,US,http://southbrooklynrunningclub.com/,5,20,quick question about South Brooklyn Running Club's retail shelf,"Hi there, I came across South Brooklyn Running Club while researching top rated run clubs in New York and noticed you're holding a 5 rating across 20 reviews. That kind of following usually means your crew is already repping your name everywhere they go. We're Merch Maverick, a factory direct supplier of branded team tees, caps, and run club apparel. No agency markups, just gear your crew will actually wear outside of race day. I can send over a free digital mockup of a South Brooklyn Running Club branded team tee within 48 hours. If it's not a fit, no cost and no obligation. Would it be okay if I sent that mockup your way? Faiaz
Merch Maverick
themerchmaverick.com"
Urban Sweat Green Hills,hello@urbansweat.com,cold_plunge,Nashville,US,https://www.urbansweat.com/,5,20,quick idea for Urban Sweat Green Hills's members,"Hi there, I came across Urban Sweat Green Hills while researching top rated cold plunge and sauna spaces in Nashville and noticed you're holding a 5 rating across 20 reviews. Numbers like that usually mean people leave talking about the experience, which is exactly the kind of thing branded gear tends to amplify. We're Merch Maverick, a factory direct supplier of branded robes, towels, and recovery hoodies for studios like yours, no agency markups, just your logo on gear members already want. I can send over a free digital mockup of a Urban Sweat Green Hills branded robe within 48 hours. If it is not a fit, no cost and no obligation. Would it be okay if I sent that mockup your way? Faiaz
Merch Maverick
themerchmaverick.com"
CRYOARTS Kälte Center,fresh@cryoarts.de,cold_plunge,Munich,DE,https://cryoarts.de/,5,20,quick note for CRYOARTS Kälte Center,"Hi there, I came across CRYOARTS Kälte Center while researching top rated cold plunge and sauna spaces in Munich and noticed you're holding a 5 rating across 20 reviews. Numbers like that usually mean people leave talking about the experience, which is exactly the kind of thing branded gear tends to amplify. We're Merch Maverick, a factory direct supplier of branded robes, towels, and recovery hoodies for studios like yours, no agency markups, just your logo on gear members already want. I can send over a free digital mockup of a CRYOARTS Kälte Center branded robe within 48 hours. If it is not a fit, no cost and no obligation. Would it be okay if I sent that mockup your way? Faiaz
Merch Maverick
themerchmaverick.com"
cryo by meuldijk,info@cryobymeuldijk.nl,cold_plunge,Rotterdam,NL,https://cryobymeuldijk.nl/,5,20,thought of cryo by meuldijk for something,"Hi there, I came across cryo by meuldijk while researching top rated cold plunge and sauna spaces in Rotterdam and noticed you're holding a 5 rating across 20 reviews. Numbers like that usually mean people leave talking about the experience, which is exactly the kind of thing branded gear tends to amplify. We're Merch Maverick, a factory direct supplier of branded robes, towels, and recovery hoodies for studios like yours, no agency markups, just your logo on gear members already want. I can send over a free digital mockup of a cryo by meuldijk branded robe within 48 hours. If it is not a fit, no cost and no obligation. Would it be okay if I sent that mockup your way? Faiaz
Merch Maverick
themerchmaverick.com"
Contrast Club,info@contrastclubnashville.com,sauna,Nashville,US,https://contrastclubnashville.com/,5,19,"quick idea, Contrast Club","Hi there, I came across Contrast Club while researching top rated sauna studios in Nashville and noticed you're holding a 5 rating across 19 reviews. That kind of consistency usually means people leave your space wanting to take a piece of the experience home with them. We're Merch Maverick, a factory direct supplier for branded sauna hats, towels, and robes for studios like yours. No middlemen, no inflated agency pricing, just your logo on the exact ritual gear your members already associate with the experience. I'll put together a free digital mockup of a Contrast Club branded wool felt sauna hat within 48 hours. If you don't love it, there's no cost and no obligation, it's yours to look at either way. Would it be okay if I sent that mockup over? Faiaz
Merch Maverick
themerchmaverick.com"
Sweat Zero Toronto Bloor West,ckolompar@sweatzero.ca,sauna,Toronto,CA,https://sweatzero.ca/,5,19,quick question about Sweat Zero Toronto Bloor West's retail shelf,"Hi there, I came across Sweat Zero Toronto Bloor West while researching top rated sauna studios in Toronto and noticed you're holding a 5 rating across 19 reviews. That kind of consistency usually means people leave your space wanting to take a piece of the experience home with them. We're Merch Maverick, a factory direct supplier for branded sauna hats, towels, and robes for studios like yours. No middlemen, no inflated agency pricing, just your logo on the exact ritual gear your members already associate with the experience. I'll put together a free digital mockup of a Sweat Zero Toronto Bloor West branded wool felt sauna hat within 48 hours. If you don't love it, there's no cost and no obligation, it's yours to look at either way. Would it be okay if I sent that mockup over? Faiaz
Merch Maverick
themerchmaverick.com"
Haute Infrared Studio,user@domain.com,sauna,Los Angeles,US,http://hauteinfraredstudio.com/,5,19,quick idea for Haute Infrared Studio's members,"Hi there, I came across Haute Infrared Studio while researching top rated sauna studios in Los Angeles and noticed you're holding a 5 rating across 19 reviews. That kind of consistency usually means people leave your space wanting to take a piece of the experience home with them. We're Merch Maverick, a factory direct supplier for branded sauna hats, towels, and robes for studios like yours. No middlemen, no inflated agency pricing, just your logo on the exact ritual gear your members already associate with the experience. I'll put together a free digital mockup of a Haute Infrared Studio branded wool felt sauna hat within 48 hours. If you don't love it, there's no cost and no obligation, it's yours to look at either way. Would it be okay if I sent that mockup over? Faiaz
Merch Maverick
themerchmaverick.com"
Crockpot Saunas,user@domain.com,sauna,Austin,US,https://crockpotsaunas.com/,5,19,quick note for Crockpot Saunas,"Hi there, I came across Crockpot Saunas while researching top rated sauna studios in Austin and noticed you're holding a 5 rating across 19 reviews. That kind of consistency usually means people leave your space wanting to take a piece of the experience home with them. We're Merch Maverick, a factory direct supplier for branded sauna hats, towels, and robes for studios like yours. No middlemen, no inflated agency pricing, just your logo on the exact ritual gear your members already associate with the experience. I'll put together a free digital mockup of a Crockpot Saunas branded wool felt sauna hat within 48 hours. If you don't love it, there's no cost and no obligation, it's yours to look at either way. Would it be okay if I sent that mockup over? Faiaz
Merch Maverick
themerchmaverick.com"
Reforming Pilates Miami Shores,info@reformingpilates.com,pilates,Miami,US,https://reformingpilates.com/,5,19,thought of Reforming Pilates Miami Shores for something,"Hi there, I came across Reforming Pilates Miami Shores while researching top rated reformer pilates studios in Miami and noticed you're holding a 5 rating across 19 reviews. That's the kind of loyalty that usually means members are proud to be part of the studio, not just attending classes. We're Merch Maverick, a factory direct supplier of branded totes, mat bags, and studio apparel for pilates studios. We work without agency markups, so the pricing usually beats what local printers quote for the same quality. I can put together a free digital mockup of a Reforming Pilates Miami Shores branded tote within 48 hours. No cost and no obligation either way, it's yours to look at. Would it be alright if I sent that over? Faiaz
Merch Maverick
themerchmaverick.com"
Studio Sydney,user@domain.com,pilates,Toronto,CA,https://studiosydneypilates.com/,5,19,"quick idea, Studio Sydney","Hi there, I came across Studio Sydney while researching top rated reformer pilates studios in Toronto and noticed you're holding a 5 rating across 19 reviews. That's the kind of loyalty that usually means members are proud to be part of the studio, not just attending classes. We're Merch Maverick, a factory direct supplier of branded totes, mat bags, and studio apparel for pilates studios. We work without agency markups, so the pricing usually beats what local printers quote for the same quality. I can put together a free digital mockup of a Studio Sydney branded tote within 48 hours. No cost and no obligation either way, it's yours to look at. Would it be alright if I sent that over? Faiaz
Merch Maverick
themerchmaverick.com"
Pilates Twentyfour,info@pilatestwentyfour.de,pilates,Frankfurt,DE,https://www.pilatestwentyfour.de/,5,19,quick question about Pilates Twentyfour's retail shelf,"Hi there, I came across Pilates Twentyfour while researching top rated reformer pilates studios in Frankfurt and noticed you're holding a 5 rating across 19 reviews. That's the kind of loyalty that usually means members are proud to be part of the studio, not just attending classes. We're Merch Maverick, a factory direct supplier of branded totes, mat bags, and studio apparel for pilates studios. We work without agency markups, so the pricing usually beats what local printers quote for the same quality. I can put together a free digital mockup of a Pilates Twentyfour branded tote within 48 hours. No cost and no obligation either way, it's yours to look at. Would it be alright if I sent that over? Faiaz
Merch Maverick
themerchmaverick.com"
Lona Pilates Club,info@lonapilates.com,pilates,Frankfurt,DE,https://www.lonapilates.com/,5,19,quick idea for Lona Pilates Club's members,"Hi there, I came across Lona Pilates Club while researching top rated reformer pilates studios in Frankfurt and noticed you're holding a 5 rating across 19 reviews. That's the kind of loyalty that usually means members are proud to be part of the studio, not just attending classes. We're Merch Maverick, a factory direct supplier of branded totes, mat bags, and studio apparel for pilates studios. We work without agency markups, so the pricing usually beats what local printers quote for the same quality. I can put together a free digital mockup of a Lona Pilates Club branded tote within 48 hours. No cost and no obligation either way, it's yours to look at. Would it be alright if I sent that over? Faiaz
Merch Maverick
themerchmaverick.com"
AL1GNED Reformer Pilates Studio,info@al1gned-studio.de,pilates,Frankfurt,DE,https://al1gned-studio.de/,5,19,quick note for AL1GNED Reformer Pilates Studio,"Hi there, I came across AL1GNED Reformer Pilates Studio while researching top rated reformer pilates studios in Frankfurt and noticed you're holding a 5 rating across 19 reviews. That's the kind of loyalty that usually means members are proud to be part of the studio, not just attending classes. We're Merch Maverick, a factory direct supplier of branded totes, mat bags, and studio apparel for pilates studios. We work without agency markups, so the pricing usually beats what local printers quote for the same quality. I can put together a free digital mockup of a AL1GNED Reformer Pilates Studio branded tote within 48 hours. No cost and no obligation either way, it's yours to look at. Would it be alright if I sent that over? Faiaz
Merch Maverick
themerchmaverick.com"
Pilatesbee: Reformer Pilates & more,info@pilatesbee.de,pilates,Munich,DE,https://pilatesbee.de/,5,19,thought of Pilatesbee: Reformer Pilates & more for something,"Hi there, I came across Pilatesbee: Reformer Pilates & more while researching top rated reformer pilates studios in Munich and noticed you're holding a 5 rating across 19 reviews. That's the kind of loyalty that usually means members are proud to be part of the studio, not just attending classes. We're Merch Maverick, a factory direct supplier of branded totes, mat bags, and studio apparel for pilates studios. We work without agency markups, so the pricing usually beats what local printers quote for the same quality. I can put together a free digital mockup of a Pilatesbee: Reformer Pilates & more branded tote within 48 hours. No cost and no obligation either way, it's yours to look at. Would it be alright if I sent that over? Faiaz
Merch Maverick
themerchmaverick.com"
Le Studio Pilates De Paris,contact@studiopilatesdeparis.com,pilates,Paris,FR,http://www.studiopilatesdeparis.com/,5,19,"quick idea, Le Studio Pilates De Paris","Hi there, I came across Le Studio Pilates De Paris while researching top rated reformer pilates studios in Paris and noticed you're holding a 5 rating across 19 reviews. That's the kind of loyalty that usually means members are proud to be part of the studio, not just attending classes. We're Merch Maverick, a factory direct supplier of branded totes, mat bags, and studio apparel for pilates studios. We work without agency markups, so the pricing usually beats what local printers quote for the same quality. I can put together a free digital mockup of a Le Studio Pilates De Paris branded tote within 48 hours. No cost and no obligation either way, it's yours to look at. Would it be alright if I sent that over? Faiaz
Merch Maverick
themerchmaverick.com"
arco pilates,specs.stores.fixnavig@ion.sposition,pilates,Cologne,DE,https://www.arcopilates.de/?utm_source=google&utm_medium=wix_google_business_profile&utm_campaign=968787862709108972,5,19,quick question about arco pilates's retail shelf,"Hi there, I came across arco pilates while researching top rated reformer pilates studios in Cologne and noticed you're holding a 5 rating across 19 reviews. That's the kind of loyalty that usually means members are proud to be part of the studio, not just attending classes. We're Merch Maverick, a factory direct supplier of branded totes, mat bags, and studio apparel for pilates studios. We work without agency markups, so the pricing usually beats what local printers quote for the same quality. I can put together a free digital mockup of a arco pilates branded tote within 48 hours. No cost and no obligation either way, it's yours to look at. Would it be alright if I sent that over? Faiaz
Merch Maverick
themerchmaverick.com"
Speedfarm Running Club,info@speedfarm.ca,run_club,Washington,US,http://speedfarm.ca/,5,19,quick idea for Speedfarm Running Club's members,"Hi there, I came across Speedfarm Running Club while researching top rated run clubs in Washington and noticed you're holding a 5 rating across 19 reviews. That kind of following usually means your crew is already repping your name everywhere they go. We're Merch Maverick, a factory direct supplier of branded team tees, caps, and run club apparel. No agency markups, just gear your crew will actually wear outside of race day. I can send over a free digital mockup of a Speedfarm Running Club branded team tee within 48 hours. If it's not a fit, no cost and no obligation. Would it be okay if I sent that mockup your way? Faiaz
Merch Maverick
themerchmaverick.com"
Movement Recovery,info@movementrecoveryoc.com,cold_plunge,Anaheim,US,https://movementrecoveryoc.com/,5,19,quick note for Movement Recovery,"Hi there, I came across Movement Recovery while researching top rated cold plunge and sauna spaces in Anaheim and noticed you're holding a 5 rating across 19 reviews. Numbers like that usually mean people leave talking about the experience, which is exactly the kind of thing branded gear tends to amplify. We're Merch Maverick, a factory direct supplier of branded robes, towels, and recovery hoodies for studios like yours, no agency markups, just your logo on gear members already want. I can send over a free digital mockup of a Movement Recovery branded robe within 48 hours. If it is not a fit, no cost and no obligation. Would it be okay if I sent that mockup your way? Faiaz
Merch Maverick
themerchmaverick.com"
Contrast Club,info@contrastclubnashville.com,cold_plunge,Nashville,US,https://contrastclubnashville.com/,5,19,thought of Contrast Club for something,"Hi there, I came across Contrast Club while researching top rated cold plunge and sauna spaces in Nashville and noticed you're holding a 5 rating across 19 reviews. Numbers like that usually mean people leave talking about the experience, which is exactly the kind of thing branded gear tends to amplify. We're Merch Maverick, a factory direct supplier of branded robes, towels, and recovery hoodies for studios like yours, no agency markups, just your logo on gear members already want. I can send over a free digital mockup of a Contrast Club branded robe within 48 hours. If it is not a fit, no cost and no obligation. Would it be okay if I sent that mockup your way? Faiaz
Merch Maverick
themerchmaverick.com"
Sweat Zero Toronto Bloor West,ckolompar@sweatzero.ca,cold_plunge,Toronto,CA,https://sweatzero.ca/,5,19,"quick idea, Sweat Zero Toronto Bloor West","Hi there, I came across Sweat Zero Toronto Bloor West while researching top rated cold plunge and sauna spaces in Toronto and noticed you're holding a 5 rating across 19 reviews. Numbers like that usually mean people leave talking about the experience, which is exactly the kind of thing branded gear tends to amplify. We're Merch Maverick, a factory direct supplier of branded robes, towels, and recovery hoodies for studios like yours, no agency markups, just your logo on gear members already want. I can send over a free digital mockup of a Sweat Zero Toronto Bloor West branded robe within 48 hours. If it is not a fit, no cost and no obligation. Would it be okay if I sent that mockup your way? Faiaz
Merch Maverick
themerchmaverick.com"
Crockpot Saunas,user@domain.com,cold_plunge,Austin,US,https://crockpotsaunas.com/,5,19,quick question about Crockpot Saunas's retail shelf,"Hi there, I came across Crockpot Saunas while researching top rated cold plunge and sauna spaces in Austin and noticed you're holding a 5 rating across 19 reviews. Numbers like that usually mean people leave talking about the experience, which is exactly the kind of thing branded gear tends to amplify. We're Merch Maverick, a factory direct supplier of branded robes, towels, and recovery hoodies for studios like yours, no agency markups, just your logo on gear members already want. I can send over a free digital mockup of a Crockpot Saunas branded robe within 48 hours. If it is not a fit, no cost and no obligation. Would it be okay if I sent that mockup your way? Faiaz
Merch Maverick
themerchmaverick.com"
Sjöbastun,drevbastun@gmail.com\,cold_plunge,Stockholm,SE,http://sjöbastun.se/,5,19,quick idea for Sjöbastun's members,"Hi there, I came across Sjöbastun while researching top rated cold plunge and sauna spaces in Stockholm and noticed you're holding a 5 rating across 19 reviews. Numbers like that usually mean people leave talking about the experience, which is exactly the kind of thing branded gear tends to amplify. We're Merch Maverick, a factory direct supplier of branded robes, towels, and recovery hoodies for studios like yours, no agency markups, just your logo on gear members already want. I can send over a free digital mockup of a Sjöbastun branded robe within 48 hours. If it is not a fit, no cost and no obligation. Would it be okay if I sent that mockup your way? Faiaz
Merch Maverick
themerchmaverick.com"
Evolve Body Wellness,appts@evolvebodywellness.com,sauna,Las Vegas,US,http://evolvebodywellness.com/,5,18,quick note for Evolve Body Wellness,"Hi there, I came across Evolve Body Wellness while researching top rated sauna studios in Las Vegas and noticed you're holding a 5 rating across 18 reviews. That kind of consistency usually means people leave your space wanting to take a piece of the experience home with them. We're Merch Maverick, a factory direct supplier for branded sauna hats, towels, and robes for studios like yours. No middlemen, no inflated agency pricing, just your logo on the exact ritual gear your members already associate with the experience. I'll put together a free digital mockup of a Evolve Body Wellness branded wool felt sauna hat within 48 hours. If you don't love it, there's no cost and no obligation, it's yours to look at either way. Would it be okay if I sent that mockup over? Faiaz
Merch Maverick
themerchmaverick.com"
PLUNJ Chandler,chandler@plunj.co,sauna,Phoenix,US,https://www.plunj.co/locations/chandler,5,18,thought of PLUNJ Chandler for something,"Hi there, I came across PLUNJ Chandler while researching top rated sauna studios in Phoenix and noticed you're holding a 5 rating across 18 reviews. That kind of consistency usually means people leave your space wanting to take a piece of the experience home with them. We're Merch Maverick, a factory direct supplier for branded sauna hats, towels, and robes for studios like yours. No middlemen, no inflated agency pricing, just your logo on the exact ritual gear your members already associate with the experience. I'll put together a free digital mockup of a PLUNJ Chandler branded wool felt sauna hat within 48 hours. If you don't love it, there's no cost and no obligation, it's yours to look at either way. Would it be okay if I sent that mockup over? Faiaz
Merch Maverick
themerchmaverick.com"
Bywater Sauna,info@bywatersauna.com,sauna,Seattle,US,https://www.bywatersauna.com/,5,18,"quick idea, Bywater Sauna","Hi there, I came across Bywater Sauna while researching top rated sauna studios in Seattle and noticed you're holding a 5 rating across 18 reviews. That kind of consistency usually means people leave your space wanting to take a piece of the experience home with them. We're Merch Maverick, a factory direct supplier for branded sauna hats, towels, and robes for studios like yours. No middlemen, no inflated agency pricing, just your logo on the exact ritual gear your members already associate with the experience. I'll put together a free digital mockup of a Bywater Sauna branded wool felt sauna hat within 48 hours. If you don't love it, there's no cost and no obligation, it's yours to look at either way. Would it be okay if I sent that mockup over? Faiaz
Merch Maverick
themerchmaverick.com"
Rise Pilates OC,management@risepilatesoc.com,pilates,Anaheim,US,https://www.risepilatesoc.com/,5,18,quick question about Rise Pilates OC's retail shelf,"Hi there, I came across Rise Pilates OC while researching top rated reformer pilates studios in Anaheim and noticed you're holding a 5 rating across 18 reviews. That's the kind of loyalty that usually means members are proud to be part of the studio, not just attending classes. We're Merch Maverick, a factory direct supplier of branded totes, mat bags, and studio apparel for pilates studios. We work without agency markups, so the pricing usually beats what local printers quote for the same quality. I can put together a free digital mockup of a Rise Pilates OC branded tote within 48 hours. No cost and no obligation either way, it's yours to look at. Would it be alright if I sent that over? Faiaz
Merch Maverick
themerchmaverick.com"
Studio 8 Pilates,hello@studio8chicago.com,pilates,Chicago,US,http://www.studio8chicago.com/,5,18,quick idea for Studio 8 Pilates's members,"Hi there, I came across Studio 8 Pilates while researching top rated reformer pilates studios in Chicago and noticed you're holding a 5 rating across 18 reviews. That's the kind of loyalty that usually means members are proud to be part of the studio, not just attending classes. We're Merch Maverick, a factory direct supplier of branded totes, mat bags, and studio apparel for pilates studios. We work without agency markups, so the pricing usually beats what local printers quote for the same quality. I can put together a free digital mockup of a Studio 8 Pilates branded tote within 48 hours. No cost and no obligation either way, it's yours to look at. Would it be alright if I sent that over? Faiaz
Merch Maverick
themerchmaverick.com"
The Pilates Circuit NOMAD | Private Reformer Pilates,user@domain.com,pilates,New York,US,https://www.thepilatescircuit.com/?utm_source=google&utm_medium=organic&utm_campaign=gbp-nomad,5,18,quick note for The Pilates Circuit NOMAD | Private Reformer Pilates,"Hi there, I came across The Pilates Circuit NOMAD | Private Reformer Pilates while researching top rated reformer pilates studios in New York and noticed you're holding a 5 rating across 18 reviews. That's the kind of loyalty that usually means members are proud to be part of the studio, not just attending classes. We're Merch Maverick, a factory direct supplier of branded totes, mat bags, and studio apparel for pilates studios. We work without agency markups, so the pricing usually beats what local printers quote for the same quality. I can put together a free digital mockup of a The Pilates Circuit NOMAD | Private Reformer Pilates branded tote within 48 hours. No cost and no obligation either way, it's yours to look at. Would it be alright if I sent that over? Faiaz
Merch Maverick
themerchmaverick.com"
The Space Pilates Studio,info@thespacepilates.com,pilates,New York,US,http://www.thespacepilates.com/,5,18,thought of The Space Pilates Studio for something,"Hi there, I came across The Space Pilates Studio while researching top rated reformer pilates studios in New York and noticed you're holding a 5 rating across 18 reviews. That's the kind of loyalty that usually means members are proud to be part of the studio, not just attending classes. We're Merch Maverick, a factory direct supplier of branded totes, mat bags, and studio apparel for pilates studios. We work without agency markups, so the pricing usually beats what local printers quote for the same quality. I can put together a free digital mockup of a The Space Pilates Studio branded tote within 48 hours. No cost and no obligation either way, it's yours to look at. Would it be alright if I sent that over? Faiaz
Merch Maverick
themerchmaverick.com"
MOA Pilates Studio by adel,studio@moabyadel.com,pilates,Toronto,CA,http://www.moabyadel.com/,5,18,"quick idea, MOA Pilates Studio by adel","Hi there, I came across MOA Pilates Studio by adel while researching top rated reformer pilates studios in Toronto and noticed you're holding a 5 rating across 18 reviews. That's the kind of loyalty that usually means members are proud to be part of the studio, not just attending classes. We're Merch Maverick, a factory direct supplier of branded totes, mat bags, and studio apparel for pilates studios. We work without agency markups, so the pricing usually beats what local printers quote for the same quality. I can put together a free digital mockup of a MOA Pilates Studio by adel branded tote within 48 hours. No cost and no obligation either way, it's yours to look at. Would it be alright if I sent that over? Faiaz
Merch Maverick
themerchmaverick.com"
Pilates Story,info@pilatesstorystudio.com,pilates,San Francisco,US,http://pilatesstorystudio.com/,5,18,quick question about Pilates Story's retail shelf,"Hi there, I came across Pilates Story while researching top rated reformer pilates studios in San Francisco and noticed you're holding a 5 rating across 18 reviews. That's the kind of loyalty that usually means members are proud to be part of the studio, not just attending classes. We're Merch Maverick, a factory direct supplier of branded totes, mat bags, and studio apparel for pilates studios. We work without agency markups, so the pricing usually beats what local printers quote for the same quality. I can put together a free digital mockup of a Pilates Story branded tote within 48 hours. No cost and no obligation either way, it's yours to look at. Would it be alright if I sent that over? Faiaz
Merch Maverick
themerchmaverick.com"
Integral Pilates ATX,admin@integralpilatesatx.com,pilates,Austin,US,https://integralpilatesatx.com/,5,18,quick idea for Integral Pilates ATX's members,"Hi there, I came across Integral Pilates ATX while researching top rated reformer pilates studios in Austin and noticed you're holding a 5 rating across 18 reviews. That's the kind of loyalty that usually means members are proud to be part of the studio, not just attending classes. We're Merch Maverick, a factory direct supplier of branded totes, mat bags, and studio apparel for pilates studios. We work without agency markups, so the pricing usually beats what local printers quote for the same quality. I can put together a free digital mockup of a Integral Pilates ATX branded tote within 48 hours. No cost and no obligation either way, it's yours to look at. Would it be alright if I sent that over? Faiaz
Merch Maverick
themerchmaverick.com"
reformer balance,mail@reformerbalance.de,pilates,Munich,DE,https://reformerbalance.de/,5,18,quick note for reformer balance,"Hi there, I came across reformer balance while researching top rated reformer pilates studios in Munich and noticed you're holding a 5 rating across 18 reviews. That's the kind of loyalty that usually means members are proud to be part of the studio, not just attending classes. We're Merch Maverick, a factory direct supplier of branded totes, mat bags, and studio apparel for pilates studios. We work without agency markups, so the pricing usually beats what local printers quote for the same quality. I can put together a free digital mockup of a reformer balance branded tote within 48 hours. No cost and no obligation either way, it's yours to look at. Would it be alright if I sent that over? Faiaz
Merch Maverick
themerchmaverick.com"
South Bristol Barre and Pilates,email@example.com,pilates,Bristol,GB,https://www.southbristolbarrepilates.co.uk/,5,18,thought of South Bristol Barre and Pilates for something,"Hi there, I came across South Bristol Barre and Pilates while researching top rated reformer pilates studios in Bristol and noticed you're holding a 5 rating across 18 reviews. That's the kind of loyalty that usually means members are proud to be part of the studio, not just attending classes. We're Merch Maverick, a factory direct supplier of branded totes, mat bags, and studio apparel for pilates studios. We work without agency markups, so the pricing usually beats what local printers quote for the same quality. I can put together a free digital mockup of a South Bristol Barre and Pilates branded tote within 48 hours. No cost and no obligation either way, it's yours to look at. Would it be alright if I sent that over? Faiaz
Merch Maverick
themerchmaverick.com"
Manchester YMCA Harriers running club,email@email.com,run_club,Manchester,GB,http://www.manyharrier.co.uk/,5,18,"quick idea, Manchester YMCA Harriers running club","Hi there, I came across Manchester YMCA Harriers running club while researching top rated run clubs in Manchester and noticed you're holding a 5 rating across 18 reviews. That kind of following usually means your crew is already repping your name everywhere they go. We're Merch Maverick, a factory direct supplier of branded team tees, caps, and run club apparel. No agency markups, just gear your crew will actually wear outside of race day. I can send over a free digital mockup of a Manchester YMCA Harriers running club branded team tee within 48 hours. If it's not a fit, no cost and no obligation. Would it be okay if I sent that mockup your way? Faiaz
Merch Maverick
themerchmaverick.com"
Evolve Body Wellness,appts@evolvebodywellness.com,cold_plunge,Las Vegas,US,http://evolvebodywellness.com/,5,18,quick question about Evolve Body Wellness's retail shelf,"Hi there, I came across Evolve Body Wellness while researching top rated cold plunge and sauna spaces in Las Vegas and noticed you're holding a 5 rating across 18 reviews. Numbers like that usually mean people leave talking about the experience, which is exactly the kind of thing branded gear tends to amplify. We're Merch Maverick, a factory direct supplier of branded robes, towels, and recovery hoodies for studios like yours, no agency markups, just your logo on gear members already want. I can send over a free digital mockup of a Evolve Body Wellness branded robe within 48 hours. If it is not a fit, no cost and no obligation. Would it be okay if I sent that mockup your way? Faiaz
Merch Maverick
themerchmaverick.com"
Bywater Sauna,info@bywatersauna.com,cold_plunge,Seattle,US,https://www.bywatersauna.com/,5,18,quick idea for Bywater Sauna's members,"Hi there, I came across Bywater Sauna while researching top rated cold plunge and sauna spaces in Seattle and noticed you're holding a 5 rating across 18 reviews. Numbers like that usually mean people leave talking about the experience, which is exactly the kind of thing branded gear tends to amplify. We're Merch Maverick, a factory direct supplier of branded robes, towels, and recovery hoodies for studios like yours, no agency markups, just your logo on gear members already want. I can send over a free digital mockup of a Bywater Sauna branded robe within 48 hours. If it is not a fit, no cost and no obligation. Would it be okay if I sent that mockup your way? Faiaz
Merch Maverick
themerchmaverick.com"
Sola Body Studio,info@solabodystudio.com,cold_plunge,Rotterdam,NL,https://solabodystudio.nl/,5,18,quick note for Sola Body Studio,"Hi there, I came across Sola Body Studio while researching top rated cold plunge and sauna spaces in Rotterdam and noticed you're holding a 5 rating across 18 reviews. Numbers like that usually mean people leave talking about the experience, which is exactly the kind of thing branded gear tends to amplify. We're Merch Maverick, a factory direct supplier of branded robes, towels, and recovery hoodies for studios like yours, no agency markups, just your logo on gear members already want. I can send over a free digital mockup of a Sola Body Studio branded robe within 48 hours. If it is not a fit, no cost and no obligation. Would it be okay if I sent that mockup your way? Faiaz
Merch Maverick
themerchmaverick.com"
No Limit Pilates,info@nolimitpilates.com,pilates,Las Vegas,US,https://nolimitpilates.com/,5,17,thought of No Limit Pilates for something,"Hi there, I came across No Limit Pilates while researching top rated reformer pilates studios in Las Vegas and noticed you're holding a 5 rating across 17 reviews. That's the kind of loyalty that usually means members are proud to be part of the studio, not just attending classes. We're Merch Maverick, a factory direct supplier of branded totes, mat bags, and studio apparel for pilates studios. We work without agency markups, so the pricing usually beats what local printers quote for the same quality. I can put together a free digital mockup of a No Limit Pilates branded tote within 48 hours. No cost and no obligation either way, it's yours to look at. Would it be alright if I sent that over? Faiaz
Merch Maverick
themerchmaverick.com"
PILAT3S Oud-Zuid Karperstraat,oudzuidkarperstraat@pilat3s.com,pilates,Amsterdam,NL,https://pilat3s.com/studio/pilat3s-oudzuid-karperstraat/,5,17,"quick idea, PILAT3S Oud-Zuid Karperstraat","Hi there, I came across PILAT3S Oud-Zuid Karperstraat while researching top rated reformer pilates studios in Amsterdam and noticed you're holding a 5 rating across 17 reviews. That's the kind of loyalty that usually means members are proud to be part of the studio, not just attending classes. We're Merch Maverick, a factory direct supplier of branded totes, mat bags, and studio apparel for pilates studios. We work without agency markups, so the pricing usually beats what local printers quote for the same quality. I can put together a free digital mockup of a PILAT3S Oud-Zuid Karperstraat branded tote within 48 hours. No cost and no obligation either way, it's yours to look at. Would it be alright if I sent that over? Faiaz
Merch Maverick
themerchmaverick.com"
LOFT Pilates Studio,loftpilates@icloud.com,pilates,Budapest,HU,https://loftpilatesstudio.hu/,5,17,quick question about LOFT Pilates Studio's retail shelf,"Hi there, I came across LOFT Pilates Studio while researching top rated reformer pilates studios in Budapest and noticed you're holding a 5 rating across 17 reviews. That's the kind of loyalty that usually means members are proud to be part of the studio, not just attending classes. We're Merch Maverick, a factory direct supplier of branded totes, mat bags, and studio apparel for pilates studios. We work without agency markups, so the pricing usually beats what local printers quote for the same quality. I can put together a free digital mockup of a LOFT Pilates Studio branded tote within 48 hours. No cost and no obligation either way, it's yours to look at. Would it be alright if I sent that over? Faiaz
Merch Maverick
themerchmaverick.com"
LevelOut Reformer Pilates Schwanthalerhöhe,germany@levelout.co.uk,pilates,Munich,DE,https://levelout.co/de-de/pages/studio-de/schwantalerhohe?srsltid=AfmBOoo2wLc-sgkThyG,5,17,quick idea for LevelOut Reformer Pilates Schwanthalerhöhe's members,"Hi there, I came across LevelOut Reformer Pilates Schwanthalerhöhe while researching top rated reformer pilates studios in Munich and noticed you're holding a 5 rating across 17 reviews. That's the kind of loyalty that usually means members are proud to be part of the studio, not just attending classes. We're Merch Maverick, a factory direct supplier of branded totes, mat bags, and studio apparel for pilates studios. We work without agency markups, so the pricing usually beats what local printers quote for the same quality. I can put together a free digital mockup of a LevelOut Reformer Pilates Schwanthalerhöhe branded tote within 48 hours. No cost and no obligation either way, it's yours to look at. Would it be alright if I sent that over? Faiaz
Merch Maverick
themerchmaverick.com"
Pilates By Boaz - pilates stockholm,boazcohen62@gmail.com,pilates,Stockholm,SE,https://www.pilatesbyboaz.com/,5,17,quick note for Pilates By Boaz - pilates stockholm,"Hi there, I came across Pilates By Boaz - pilates stockholm while researching top rated reformer pilates studios in Stockholm and noticed you're holding a 5 rating across 17 reviews. That's the kind of loyalty that usually means members are proud to be part of the studio, not just attending classes. We're Merch Maverick, a factory direct supplier of branded totes, mat bags, and studio apparel for pilates studios. We work without agency markups, so the pricing usually beats what local printers quote for the same quality. I can put together a free digital mockup of a Pilates By Boaz - pilates stockholm branded tote within 48 hours. No cost and no obligation either way, it's yours to look at. Would it be alright if I sent that over? Faiaz
Merch Maverick
themerchmaverick.com"
Ice Cold Club,contact@icecold.club,cold_plunge,New York,US,http://www.icecold.club/,5,17,thought of Ice Cold Club for something,"Hi there, I came across Ice Cold Club while researching top rated cold plunge and sauna spaces in New York and noticed you're holding a 5 rating across 17 reviews. Numbers like that usually mean people leave talking about the experience, which is exactly the kind of thing branded gear tends to amplify. We're Merch Maverick, a factory direct supplier of branded robes, towels, and recovery hoodies for studios like yours, no agency markups, just your logo on gear members already want. I can send over a free digital mockup of a Ice Cold Club branded robe within 48 hours. If it is not a fit, no cost and no obligation. Would it be okay if I sent that mockup your way? Faiaz
Merch Maverick
themerchmaverick.com"
"bamboo life , Massage im Ossendorfbad",post@bamboo-life.info,cold_plunge,Cologne,DE,http://www.bamboo-life.info/,5,17,"quick idea, bamboo life , Massage im Ossendorfbad","Hi there, I came across bamboo life , Massage im Ossendorfbad while researching top rated cold plunge and sauna spaces in Cologne and noticed you're holding a 5 rating across 17 reviews. Numbers like that usually mean people leave talking about the experience, which is exactly the kind of thing branded gear tends to amplify. We're Merch Maverick, a factory direct supplier of branded robes, towels, and recovery hoodies for studios like yours, no agency markups, just your logo on gear members already want. I can send over a free digital mockup of a bamboo life , Massage im Ossendorfbad branded robe within 48 hours. If it is not a fit, no cost and no obligation. Would it be okay if I sent that mockup your way? Faiaz
Merch Maverick
themerchmaverick.com"
Cryolabs Glasgow,info@cryolabs.co.uk,cold_plunge,Glasgow,GB,https://www.cryolabs.co.uk/,5,17,quick question about Cryolabs Glasgow's retail shelf,"Hi there, I came across Cryolabs Glasgow while researching top rated cold plunge and sauna spaces in Glasgow and noticed you're holding a 5 rating across 17 reviews. Numbers like that usually mean people leave talking about the experience, which is exactly the kind of thing branded gear tends to amplify. We're Merch Maverick, a factory direct supplier of branded robes, towels, and recovery hoodies for studios like yours, no agency markups, just your logo on gear members already want. I can send over a free digital mockup of a Cryolabs Glasgow branded robe within 48 hours. If it is not a fit, no cost and no obligation. Would it be okay if I sent that mockup your way? Faiaz
Merch Maverick
themerchmaverick.com"
The Resistance Pilates LV,resist@theresistancepilateslv.com,pilates,Las Vegas,US,https://www.theresistancepilateslv.com/,5,16,quick idea for The Resistance Pilates LV's members,"Hi there, I came across The Resistance Pilates LV while researching top rated reformer pilates studios in Las Vegas and noticed you're holding a 5 rating across 16 reviews. That's the kind of loyalty that usually means members are proud to be part of the studio, not just attending classes. We're Merch Maverick, a factory direct supplier of branded totes, mat bags, and studio apparel for pilates studios. We work without agency markups, so the pricing usually beats what local printers quote for the same quality. I can put together a free digital mockup of a The Resistance Pilates LV branded tote within 48 hours. No cost and no obligation either way, it's yours to look at. Would it be alright if I sent that over? Faiaz
Merch Maverick
themerchmaverick.com"
Club Pilates,moonvalley@clubpilates.com,pilates,Phoenix,US,http://clubpilates.com/moonvalley/?utm_source=google.com&utm_medium=referral&utm_campaign=yext,5,16,quick note for Club Pilates,"Hi there, I came across Club Pilates while researching top rated reformer pilates studios in Phoenix and noticed you're holding a 5 rating across 16 reviews. That's the kind of loyalty that usually means members are proud to be part of the studio, not just attending classes. We're Merch Maverick, a factory direct supplier of branded totes, mat bags, and studio apparel for pilates studios. We work without agency markups, so the pricing usually beats what local printers quote for the same quality. I can put together a free digital mockup of a Club Pilates branded tote within 48 hours. No cost and no obligation either way, it's yours to look at. Would it be alright if I sent that over? Faiaz
Merch Maverick
themerchmaverick.com"
Elevate Pilates,info@elevatepilates.net,pilates,San Francisco,US,http://www.elevatepilates.net/,5,16,thought of Elevate Pilates for something,"Hi there, I came across Elevate Pilates while researching top rated reformer pilates studios in San Francisco and noticed you're holding a 5 rating across 16 reviews. That's the kind of loyalty that usually means members are proud to be part of the studio, not just attending classes. We're Merch Maverick, a factory direct supplier of branded totes, mat bags, and studio apparel for pilates studios. We work without agency markups, so the pricing usually beats what local printers quote for the same quality. I can put together a free digital mockup of a Elevate Pilates branded tote within 48 hours. No cost and no obligation either way, it's yours to look at. Would it be alright if I sent that over? Faiaz
Merch Maverick
themerchmaverick.com"
House of Pilates Berlin,hello@houseofpilatesberlin.com,pilates,Berlin,DE,https://www.houseofpilatesberlin.com/,5,16,"quick idea, House of Pilates Berlin","Hi there, I came across House of Pilates Berlin while researching top rated reformer pilates studios in Berlin and noticed you're holding a 5 rating across 16 reviews. That's the kind of loyalty that usually means members are proud to be part of the studio, not just attending classes. We're Merch Maverick, a factory direct supplier of branded totes, mat bags, and studio apparel for pilates studios. We work without agency markups, so the pricing usually beats what local printers quote for the same quality. I can put together a free digital mockup of a House of Pilates Berlin branded tote within 48 hours. No cost and no obligation either way, it's yours to look at. Would it be alright if I sent that over? Faiaz
Merch Maverick
themerchmaverick.com"
L'Audace Studio,contact@laudacestudios.com,pilates,Berlin,DE,https://laudacestudios.com/,5,16,quick question about L'Audace Studio's retail shelf,"Hi there, I came across L'Audace Studio while researching top rated reformer pilates studios in Berlin and noticed you're holding a 5 rating across 16 reviews. That's the kind of loyalty that usually means members are proud to be part of the studio, not just attending classes. We're Merch Maverick, a factory direct supplier of branded totes, mat bags, and studio apparel for pilates studios. We work without agency markups, so the pricing usually beats what local printers quote for the same quality. I can put together a free digital mockup of a L'Audace Studio branded tote within 48 hours. No cost and no obligation either way, it's yours to look at. Would it be alright if I sent that over? Faiaz
Merch Maverick
themerchmaverick.com"
WoHL N°7,hello@wohl-pilates.com,pilates,Vienna,AT,https://wohl-pilates.com/,5,16,quick idea for WoHL N°7's members,"Hi there, I came across WoHL N°7 while researching top rated reformer pilates studios in Vienna and noticed you're holding a 5 rating across 16 reviews. That's the kind of loyalty that usually means members are proud to be part of the studio, not just attending classes. We're Merch Maverick, a factory direct supplier of branded totes, mat bags, and studio apparel for pilates studios. We work without agency markups, so the pricing usually beats what local printers quote for the same quality. I can put together a free digital mockup of a WoHL N°7 branded tote within 48 hours. No cost and no obligation either way, it's yours to look at. Would it be alright if I sent that over? Faiaz
Merch Maverick
themerchmaverick.com"
Serpentine Running & Triathlon Club,bermondsey@serpentine.org.uk,run_club,London,GB,http://www.serpentine.org.uk/,5,16,quick note for Serpentine Running & Triathlon Club,"Hi there, I came across Serpentine Running & Triathlon Club while researching top rated run clubs in London and noticed you're holding a 5 rating across 16 reviews. That kind of following usually means your crew is already repping your name everywhere they go. We're Merch Maverick, a factory direct supplier of branded team tees, caps, and run club apparel. No agency markups, just gear your crew will actually wear outside of race day. I can send over a free digital mockup of a Serpentine Running & Triathlon Club branded team tee within 48 hours. If it's not a fit, no cost and no obligation. Would it be okay if I sent that mockup your way? Faiaz
Merch Maverick
themerchmaverick.com"
Hypnause Breathwork,info@breathworkffm.com,cold_plunge,Frankfurt,DE,https://breathworkffm.com/,5,16,thought of Hypnause Breathwork for something,"Hi there, I came across Hypnause Breathwork while researching top rated cold plunge and sauna spaces in Frankfurt and noticed you're holding a 5 rating across 16 reviews. Numbers like that usually mean people leave talking about the experience, which is exactly the kind of thing branded gear tends to amplify. We're Merch Maverick, a factory direct supplier of branded robes, towels, and recovery hoodies for studios like yours, no agency markups, just your logo on gear members already want. I can send over a free digital mockup of a Hypnause Breathwork branded robe within 48 hours. If it is not a fit, no cost and no obligation. Would it be okay if I sent that mockup your way? Faiaz
Merch Maverick
themerchmaverick.com"
MooD Body Space,info@moodbodyspace.at,cold_plunge,Vienna,AT,https://www.moodbodyspace.at/,5,16,"quick idea, MooD Body Space","Hi there, I came across MooD Body Space while researching top rated cold plunge and sauna spaces in Vienna and noticed you're holding a 5 rating across 16 reviews. Numbers like that usually mean people leave talking about the experience, which is exactly the kind of thing branded gear tends to amplify. We're Merch Maverick, a factory direct supplier of branded robes, towels, and recovery hoodies for studios like yours, no agency markups, just your logo on gear members already want. I can send over a free digital mockup of a MooD Body Space branded robe within 48 hours. If it is not a fit, no cost and no obligation. Would it be okay if I sent that mockup your way? Faiaz
Merch Maverick
themerchmaverick.com"
Valley Reset Studio,hello@valleyresetstudio.com,cold_plunge,Manchester,GB,https://valleyresetstudio.com/,5,16,quick question about Valley Reset Studio's retail shelf,"Hi there, I came across Valley Reset Studio while researching top rated cold plunge and sauna spaces in Manchester and noticed you're holding a 5 rating across 16 reviews. Numbers like that usually mean people leave talking about the experience, which is exactly the kind of thing branded gear tends to amplify. We're Merch Maverick, a factory direct supplier of branded robes, towels, and recovery hoodies for studios like yours, no agency markups, just your logo on gear members already want. I can send over a free digital mockup of a Valley Reset Studio branded robe within 48 hours. If it is not a fit, no cost and no obligation. Would it be okay if I sent that mockup your way? Faiaz
Merch Maverick
themerchmaverick.com"
MoSauna,user@domain.com,sauna,Nashville,US,https://mosauna.co/,5,15,quick idea for MoSauna's members,"Hi there, I came across MoSauna while researching top rated sauna studios in Nashville and noticed you're holding a 5 rating across 15 reviews. That kind of consistency usually means people leave your space wanting to take a piece of the experience home with them. We're Merch Maverick, a factory direct supplier for branded sauna hats, towels, and robes for studios like yours. No middlemen, no inflated agency pricing, just your logo on the exact ritual gear your members already associate with the experience. I'll put together a free digital mockup of a MoSauna branded wool felt sauna hat within 48 hours. If you don't love it, there's no cost and no obligation, it's yours to look at either way. Would it be okay if I sent that mockup over? Faiaz
Merch Maverick
themerchmaverick.com"
HOLD SPACE,katharina@thehold.space,sauna,Munich,DE,http://www.thehold.space/,5,15,quick note for HOLD SPACE,"Hi there, I came across HOLD SPACE while researching top rated sauna studios in Munich and noticed you're holding a 5 rating across 15 reviews. That kind of consistency usually means people leave your space wanting to take a piece of the experience home with them. We're Merch Maverick, a factory direct supplier for branded sauna hats, towels, and robes for studios like yours. No middlemen, no inflated agency pricing, just your logo on the exact ritual gear your members already associate with the experience. I'll put together a free digital mockup of a HOLD SPACE branded wool felt sauna hat within 48 hours. If you don't love it, there's no cost and no obligation, it's yours to look at either way. Would it be okay if I sent that mockup over? Faiaz
Merch Maverick
themerchmaverick.com"
Watashi No Japanese Head Spa,info@watashinojapaneseheadspa.nl,sauna,Rotterdam,NL,https://www.watashinojapaneseheadspa.nl/,5,15,thought of Watashi No Japanese Head Spa for something,"Hi there, I came across Watashi No Japanese Head Spa while researching top rated sauna studios in Rotterdam and noticed you're holding a 5 rating across 15 reviews. That kind of consistency usually means people leave your space wanting to take a piece of the experience home with them. We're Merch Maverick, a factory direct supplier for branded sauna hats, towels, and robes for studios like yours. No middlemen, no inflated agency pricing, just your logo on the exact ritual gear your members already associate with the experience. I'll put together a free digital mockup of a Watashi No Japanese Head Spa branded wool felt sauna hat within 48 hours. If you don't love it, there's no cost and no obligation, it's yours to look at either way. Would it be okay if I sent that mockup over? Faiaz
Merch Maverick
themerchmaverick.com"
Lilla Sauna - Bastu Vaxholm,kontakt@lillasauna.se,sauna,Stockholm,SE,https://lillasauna.se/,5,15,"quick idea, Lilla Sauna - Bastu Vaxholm","Hi there, I came across Lilla Sauna - Bastu Vaxholm while researching top rated sauna studios in Stockholm and noticed you're holding a 5 rating across 15 reviews. That kind of consistency usually means people leave your space wanting to take a piece of the experience home with them. We're Merch Maverick, a factory direct supplier for branded sauna hats, towels, and robes for studios like yours. No middlemen, no inflated agency pricing, just your logo on the exact ritual gear your members already associate with the experience. I'll put together a free digital mockup of a Lilla Sauna - Bastu Vaxholm branded wool felt sauna hat within 48 hours. If you don't love it, there's no cost and no obligation, it's yours to look at either way. Would it be okay if I sent that mockup over? Faiaz
Merch Maverick
themerchmaverick.com"
Union Pilates,info@unionpilates.com,pilates,Seattle,US,http://www.unionpilates.com/,5,15,quick question about Union Pilates's retail shelf,"Hi there, I came across Union Pilates while researching top rated reformer pilates studios in Seattle and noticed you're holding a 5 rating across 15 reviews. That's the kind of loyalty that usually means members are proud to be part of the studio, not just attending classes. We're Merch Maverick, a factory direct supplier of branded totes, mat bags, and studio apparel for pilates studios. We work without agency markups, so the pricing usually beats what local printers quote for the same quality. I can put together a free digital mockup of a Union Pilates branded tote within 48 hours. No cost and no obligation either way, it's yours to look at. Would it be alright if I sent that over? Faiaz
Merch Maverick
themerchmaverick.com"
Pilates House - Reformer pilates & barre stúdió,info@pilateshouse.hu,pilates,Budapest,HU,https://www.pilateshouse.hu/,5,15,quick idea for Pilates House - Reformer pilates & barre stúdió's members,"Hi there, I came across Pilates House - Reformer pilates & barre stúdió while researching top rated reformer pilates studios in Budapest and noticed you're holding a 5 rating across 15 reviews. That's the kind of loyalty that usually means members are proud to be part of the studio, not just attending classes. We're Merch Maverick, a factory direct supplier of branded totes, mat bags, and studio apparel for pilates studios. We work without agency markups, so the pricing usually beats what local printers quote for the same quality. I can put together a free digital mockup of a Pilates House - Reformer pilates & barre stúdió branded tote within 48 hours. No cost and no obligation either way, it's yours to look at. Would it be alright if I sent that over? Faiaz
Merch Maverick
themerchmaverick.com"
Spice Reformer Pilates Studio,specs.stores.fixnavig@ion.sposition,pilates,London,GB,https://www.spicereformer.com/pricing-plans/plans-pricing,5,15,quick note for Spice Reformer Pilates Studio,"Hi there, I came across Spice Reformer Pilates Studio while researching top rated reformer pilates studios in London and noticed you're holding a 5 rating across 15 reviews. That's the kind of loyalty that usually means members are proud to be part of the studio, not just attending classes. We're Merch Maverick, a factory direct supplier of branded totes, mat bags, and studio apparel for pilates studios. We work without agency markups, so the pricing usually beats what local printers quote for the same quality. I can put together a free digital mockup of a Spice Reformer Pilates Studio branded tote within 48 hours. No cost and no obligation either way, it's yours to look at. Would it be alright if I sent that over? Faiaz
Merch Maverick
themerchmaverick.com"
Reformer Raum - Studio Pilates,hello@reformerraum.com,pilates,Paris,FR,https://reformerraum.com/,5,15,thought of Reformer Raum - Studio Pilates for something,"Hi there, I came across Reformer Raum - Studio Pilates while researching top rated reformer pilates studios in Paris and noticed you're holding a 5 rating across 15 reviews. That's the kind of loyalty that usually means members are proud to be part of the studio, not just attending classes. We're Merch Maverick, a factory direct supplier of branded totes, mat bags, and studio apparel for pilates studios. We work without agency markups, so the pricing usually beats what local printers quote for the same quality. I can put together a free digital mockup of a Reformer Raum - Studio Pilates branded tote within 48 hours. No cost and no obligation either way, it's yours to look at. Would it be alright if I sent that over? Faiaz
Merch Maverick
themerchmaverick.com"
Reformer Seven,hello@reformerseven.co.uk,pilates,Manchester,GB,https://www.reformerseven.co.uk/,5,15,"quick idea, Reformer Seven","Hi there, I came across Reformer Seven while researching top rated reformer pilates studios in Manchester and noticed you're holding a 5 rating across 15 reviews. That's the kind of loyalty that usually means members are proud to be part of the studio, not just attending classes. We're Merch Maverick, a factory direct supplier of branded totes, mat bags, and studio apparel for pilates studios. We work without agency markups, so the pricing usually beats what local printers quote for the same quality. I can put together a free digital mockup of a Reformer Seven branded tote within 48 hours. No cost and no obligation either way, it's yours to look at. Would it be alright if I sent that over? Faiaz
Merch Maverick
themerchmaverick.com"
Core Collective Edinburgh,user@domain.com,pilates,Edinburgh,GB,https://core-collective-edi.com/,5,15,quick question about Core Collective Edinburgh's retail shelf,"Hi there, I came across Core Collective Edinburgh while researching top rated reformer pilates studios in Edinburgh and noticed you're holding a 5 rating across 15 reviews. That's the kind of loyalty that usually means members are proud to be part of the studio, not just attending classes. We're Merch Maverick, a factory direct supplier of branded totes, mat bags, and studio apparel for pilates studios. We work without agency markups, so the pricing usually beats what local printers quote for the same quality. I can put together a free digital mockup of a Core Collective Edinburgh branded tote within 48 hours. No cost and no obligation either way, it's yours to look at. Would it be alright if I sent that over? Faiaz
Merch Maverick
themerchmaverick.com"
Morningside Pilates,specs.stores.fixnavig@ion.sposition,pilates,Edinburgh,GB,https://www.morningsidepilates.co.uk/,5,15,quick idea for Morningside Pilates's members,"Hi there, I came across Morningside Pilates while researching top rated reformer pilates studios in Edinburgh and noticed you're holding a 5 rating across 15 reviews. That's the kind of loyalty that usually means members are proud to be part of the studio, not just attending classes. We're Merch Maverick, a factory direct supplier of branded totes, mat bags, and studio apparel for pilates studios. We work without agency markups, so the pricing usually beats what local printers quote for the same quality. I can put together a free digital mockup of a Morningside Pilates branded tote within 48 hours. No cost and no obligation either way, it's yours to look at. Would it be alright if I sent that over? Faiaz
Merch Maverick
themerchmaverick.com"
Pilates Glasgow,kerrystewart07@hotmail.com,pilates,Glasgow,GB,http://www.pilatesglasgow.com/,5,15,quick note for Pilates Glasgow,"Hi there, I came across Pilates Glasgow while researching top rated reformer pilates studios in Glasgow and noticed you're holding a 5 rating across 15 reviews. That's the kind of loyalty that usually means members are proud to be part of the studio, not just attending classes. We're Merch Maverick, a factory direct supplier of branded totes, mat bags, and studio apparel for pilates studios. We work without agency markups, so the pricing usually beats what local printers quote for the same quality. I can put together a free digital mockup of a Pilates Glasgow branded tote within 48 hours. No cost and no obligation either way, it's yours to look at. Would it be alright if I sent that over? Faiaz
Merch Maverick
themerchmaverick.com"
the reformer space,info@thereformerspace.co.uk,pilates,Bristol,GB,https://www.thereformerspace.co.uk/,5,15,thought of the reformer space for something,"Hi there, I came across the reformer space while researching top rated reformer pilates studios in Bristol and noticed you're holding a 5 rating across 15 reviews. That's the kind of loyalty that usually means members are proud to be part of the studio, not just attending classes. We're Merch Maverick, a factory direct supplier of branded totes, mat bags, and studio apparel for pilates studios. We work without agency markups, so the pricing usually beats what local printers quote for the same quality. I can put together a free digital mockup of a the reformer space branded tote within 48 hours. No cost and no obligation either way, it's yours to look at. Would it be alright if I sent that over? Faiaz
Merch Maverick
themerchmaverick.com"
TRIBOOST RUNNING Y TRIATHLON CLUB,hola@triboost.club,run_club,Madrid,ES,https://triboost.club/,5,15,"quick idea, TRIBOOST RUNNING Y TRIATHLON CLUB","Hi there, I came across TRIBOOST RUNNING Y TRIATHLON CLUB while researching top rated run clubs in Madrid and noticed you're holding a 5 rating across 15 reviews. That kind of following usually means your crew is already repping your name everywhere they go. We're Merch Maverick, a factory direct supplier of branded team tees, caps, and run club apparel. No agency markups, just gear your crew will actually wear outside of race day. I can send over a free digital mockup of a TRIBOOST RUNNING Y TRIATHLON CLUB branded team tee within 48 hours. If it's not a fit, no cost and no obligation. Would it be okay if I sent that mockup your way? Faiaz
Merch Maverick
themerchmaverick.com"
Ancoats Run Club,specs.stores.fixnavig@ion.sposition,run_club,Manchester,GB,http://www.ancoatsrunclub.co.uk/?utm_source=google&utm_medium=wix_google_business_profile&utm_campaign=2769640225038321833,5,15,quick question about Ancoats Run Club's retail shelf,"Hi there, I came across Ancoats Run Club while researching top rated run clubs in Manchester and noticed you're holding a 5 rating across 15 reviews. That kind of following usually means your crew is already repping your name everywhere they go. We're Merch Maverick, a factory direct supplier of branded team tees, caps, and run club apparel. No agency markups, just gear your crew will actually wear outside of race day. I can send over a free digital mockup of a Ancoats Run Club branded team tee within 48 hours. If it's not a fit, no cost and no obligation. Would it be okay if I sent that mockup your way? Faiaz
Merch Maverick
themerchmaverick.com"
Fire+Floe,info@fireandfloe.com,cold_plunge,Washington,US,http://www.fireandfloe.com/,5,15,quick idea for Fire+Floe's members,"Hi there, I came across Fire+Floe while researching top rated cold plunge and sauna spaces in Washington and noticed you're holding a 5 rating across 15 reviews. Numbers like that usually mean people leave talking about the experience, which is exactly the kind of thing branded gear tends to amplify. We're Merch Maverick, a factory direct supplier of branded robes, towels, and recovery hoodies for studios like yours, no agency markups, just your logo on gear members already want. I can send over a free digital mockup of a Fire+Floe branded robe within 48 hours. If it is not a fit, no cost and no obligation. Would it be okay if I sent that mockup your way? Faiaz
Merch Maverick
themerchmaverick.com"
HOLD SPACE,katharina@thehold.space,cold_plunge,Munich,DE,http://www.thehold.space/,5,15,quick note for HOLD SPACE,"Hi there, I came across HOLD SPACE while researching top rated cold plunge and sauna spaces in Munich and noticed you're holding a 5 rating across 15 reviews. Numbers like that usually mean people leave talking about the experience, which is exactly the kind of thing branded gear tends to amplify. We're Merch Maverick, a factory direct supplier of branded robes, towels, and recovery hoodies for studios like yours, no agency markups, just your logo on gear members already want. I can send over a free digital mockup of a HOLD SPACE branded robe within 48 hours. If it is not a fit, no cost and no obligation. Would it be okay if I sent that mockup your way? Faiaz
Merch Maverick
themerchmaverick.com"
Schwitzen auf Rädern mobile Sauna für den Großraum München und Dachau,info@mobile-party-sauna-mieten.de,sauna,Munich,DE,http://mobile-party-sauna-mieten.de/,5,14,thought of Schwitzen auf Rädern mobile Sauna für den Großraum München und Dachau for something,"Hi there, I came across Schwitzen auf Rädern mobile Sauna für den Großraum München und Dachau while researching top rated sauna studios in Munich and noticed you're holding a 5 rating across 14 reviews. That kind of consistency usually means people leave your space wanting to take a piece of the experience home with them. We're Merch Maverick, a factory direct supplier for branded sauna hats, towels, and robes for studios like yours. No middlemen, no inflated agency pricing, just your logo on the exact ritual gear your members already associate with the experience. I'll put together a free digital mockup of a Schwitzen auf Rädern mobile Sauna für den Großraum München und Dachau branded wool felt sauna hat within 48 hours. If you don't love it, there's no cost and no obligation, it's yours to look at either way. Would it be okay if I sent that mockup over? Faiaz
Merch Maverick
themerchmaverick.com"
Sauna Wellness,info@saunawellness.se,sauna,Stockholm,SE,https://saunawellness.se/,5,14,"quick idea, Sauna Wellness","Hi there, I came across Sauna Wellness while researching top rated sauna studios in Stockholm and noticed you're holding a 5 rating across 14 reviews. That kind of consistency usually means people leave your space wanting to take a piece of the experience home with them. We're Merch Maverick, a factory direct supplier for branded sauna hats, towels, and robes for studios like yours. No middlemen, no inflated agency pricing, just your logo on the exact ritual gear your members already associate with the experience. I'll put together a free digital mockup of a Sauna Wellness branded wool felt sauna hat within 48 hours. If you don't love it, there's no cost and no obligation, it's yours to look at either way. Would it be okay if I sent that mockup over? Faiaz
Merch Maverick
themerchmaverick.com"
The wild wellness sauna at airhouses,carol@airhouses.com,sauna,Edinburgh,GB,https://www.airhouses.com/,5,14,quick question about The wild wellness sauna at airhouses's retail shelf,"Hi there, I came across The wild wellness sauna at airhouses while researching top rated sauna studios in Edinburgh and noticed you're holding a 5 rating across 14 reviews. That kind of consistency usually means people leave your space wanting to take a piece of the experience home with them. We're Merch Maverick, a factory direct supplier for branded sauna hats, towels, and robes for studios like yours. No middlemen, no inflated agency pricing, just your logo on the exact ritual gear your members already associate with the experience. I'll put together a free digital mockup of a The wild wellness sauna at airhouses branded wool felt sauna hat within 48 hours. If you don't love it, there's no cost and no obligation, it's yours to look at either way. Would it be okay if I sent that mockup over? Faiaz
Merch Maverick
themerchmaverick.com"
Jilly's Pilates,info@jillyspilates.com,pilates,Washington,US,https://www.jillyspilates.com/,5,14,quick idea for Jilly's Pilates's members,"Hi there, I came across Jilly's Pilates while researching top rated reformer pilates studios in Washington and noticed you're holding a 5 rating across 14 reviews. That's the kind of loyalty that usually means members are proud to be part of the studio, not just attending classes. We're Merch Maverick, a factory direct supplier of branded totes, mat bags, and studio apparel for pilates studios. We work without agency markups, so the pricing usually beats what local printers quote for the same quality. I can put together a free digital mockup of a Jilly's Pilates branded tote within 48 hours. No cost and no obligation either way, it's yours to look at. Would it be alright if I sent that over? Faiaz
Merch Maverick
themerchmaverick.com"
Train Pilates Studio,info@trainpilatesstudio.com,pilates,Dallas,US,https://trainpilatesstudio.com/,5,14,quick note for Train Pilates Studio,"Hi there, I came across Train Pilates Studio while researching top rated reformer pilates studios in Dallas and noticed you're holding a 5 rating across 14 reviews. That's the kind of loyalty that usually means members are proud to be part of the studio, not just attending classes. We're Merch Maverick, a factory direct supplier of branded totes, mat bags, and studio apparel for pilates studios. We work without agency markups, so the pricing usually beats what local printers quote for the same quality. I can put together a free digital mockup of a Train Pilates Studio branded tote within 48 hours. No cost and no obligation either way, it's yours to look at. Would it be alright if I sent that over? Faiaz
Merch Maverick
themerchmaverick.com"
Connect Studio,namaste@connectstudiodfw.com,pilates,Dallas,US,https://connectstudiodfw.com/,5,14,thought of Connect Studio for something,"Hi there, I came across Connect Studio while researching top rated reformer pilates studios in Dallas and noticed you're holding a 5 rating across 14 reviews. That's the kind of loyalty that usually means members are proud to be part of the studio, not just attending classes. We're Merch Maverick, a factory direct supplier of branded totes, mat bags, and studio apparel for pilates studios. We work without agency markups, so the pricing usually beats what local printers quote for the same quality. I can put together a free digital mockup of a Connect Studio branded tote within 48 hours. No cost and no obligation either way, it's yours to look at. Would it be alright if I sent that over? Faiaz
Merch Maverick
themerchmaverick.com"
Pilates Incorporated,ana@pilatesincorporated.com,pilates,Amsterdam,NL,https://www.pilatesincorporated.com/,5,14,"quick idea, Pilates Incorporated","Hi there, I came across Pilates Incorporated while researching top rated reformer pilates studios in Amsterdam and noticed you're holding a 5 rating across 14 reviews. That's the kind of loyalty that usually means members are proud to be part of the studio, not just attending classes. We're Merch Maverick, a factory direct supplier of branded totes, mat bags, and studio apparel for pilates studios. We work without agency markups, so the pricing usually beats what local printers quote for the same quality. I can put together a free digital mockup of a Pilates Incorporated branded tote within 48 hours. No cost and no obligation either way, it's yours to look at. Would it be alright if I sent that over? Faiaz
Merch Maverick
themerchmaverick.com"
OWN Reformer,info@ownladiesgym.nl,pilates,Amsterdam,NL,http://www.ownladiesgym.nl/,5,14,quick question about OWN Reformer's retail shelf,"Hi there, I came across OWN Reformer while researching top rated reformer pilates studios in Amsterdam and noticed you're holding a 5 rating across 14 reviews. That's the kind of loyalty that usually means members are proud to be part of the studio, not just attending classes. We're Merch Maverick, a factory direct supplier of branded totes, mat bags, and studio apparel for pilates studios. We work without agency markups, so the pricing usually beats what local printers quote for the same quality. I can put together a free digital mockup of a OWN Reformer branded tote within 48 hours. No cost and no obligation either way, it's yours to look at. Would it be alright if I sent that over? Faiaz
Merch Maverick
themerchmaverick.com"
RCVRY Room,info@rcvryroom.com,cold_plunge,Toronto,CA,http://www.rcvryroom.com/,5,14,quick idea for RCVRY Room's members,"Hi there, I came across RCVRY Room while researching top rated cold plunge and sauna spaces in Toronto and noticed you're holding a 5 rating across 14 reviews. Numbers like that usually mean people leave talking about the experience, which is exactly the kind of thing branded gear tends to amplify. We're Merch Maverick, a factory direct supplier of branded robes, towels, and recovery hoodies for studios like yours, no agency markups, just your logo on gear members already want. I can send over a free digital mockup of a RCVRY Room branded robe within 48 hours. If it is not a fit, no cost and no obligation. Would it be okay if I sent that mockup your way? Faiaz
Merch Maverick
themerchmaverick.com"
Sauna Wellness,info@saunawellness.se,cold_plunge,Stockholm,SE,https://saunawellness.se/,5,14,quick note for Sauna Wellness,"Hi there, I came across Sauna Wellness while researching top rated cold plunge and sauna spaces in Stockholm and noticed you're holding a 5 rating across 14 reviews. Numbers like that usually mean people leave talking about the experience, which is exactly the kind of thing branded gear tends to amplify. We're Merch Maverick, a factory direct supplier of branded robes, towels, and recovery hoodies for studios like yours, no agency markups, just your logo on gear members already want. I can send over a free digital mockup of a Sauna Wellness branded robe within 48 hours. If it is not a fit, no cost and no obligation. Would it be okay if I sent that mockup your way? Faiaz
Merch Maverick
themerchmaverick.com"
Riverwalk Saunas,riverwalksaunas@gmail.com,sauna,Chicago,US,http://www.riverwalksaunas.com/,5,13,thought of Riverwalk Saunas for something,"Hi there, I came across Riverwalk Saunas while researching top rated sauna studios in Chicago and noticed you're holding a 5 rating across 13 reviews. That kind of consistency usually means people leave your space wanting to take a piece of the experience home with them. We're Merch Maverick, a factory direct supplier for branded sauna hats, towels, and robes for studios like yours. No middlemen, no inflated agency pricing, just your logo on the exact ritual gear your members already associate with the experience. I'll put together a free digital mockup of a Riverwalk Saunas branded wool felt sauna hat within 48 hours. If you don't love it, there's no cost and no obligation, it's yours to look at either way. Would it be okay if I sent that mockup over? Faiaz
Merch Maverick
themerchmaverick.com"
FORM Wellness,connect@formwellness.com,sauna,Nashville,US,https://formwellness.com/,5,13,"quick idea, FORM Wellness","Hi there, I came across FORM Wellness while researching top rated sauna studios in Nashville and noticed you're holding a 5 rating across 13 reviews. That kind of consistency usually means people leave your space wanting to take a piece of the experience home with them. We're Merch Maverick, a factory direct supplier for branded sauna hats, towels, and robes for studios like yours. No middlemen, no inflated agency pricing, just your logo on the exact ritual gear your members already associate with the experience. I'll put together a free digital mockup of a FORM Wellness branded wool felt sauna hat within 48 hours. If you don't love it, there's no cost and no obligation, it's yours to look at either way. Would it be okay if I sent that mockup over? Faiaz
Merch Maverick
themerchmaverick.com"
FFion spa,hi@mystore.com,sauna,Birmingham,GB,http://ffion-spa-book-an-appointment.square.site/,5,13,quick question about FFion spa's retail shelf,"Hi there, I came across FFion spa while researching top rated sauna studios in Birmingham and noticed you're holding a 5 rating across 13 reviews. That kind of consistency usually means people leave your space wanting to take a piece of the experience home with them. We're Merch Maverick, a factory direct supplier for branded sauna hats, towels, and robes for studios like yours. No middlemen, no inflated agency pricing, just your logo on the exact ritual gear your members already associate with the experience. I'll put together a free digital mockup of a FFion spa branded wool felt sauna hat within 48 hours. If you don't love it, there's no cost and no obligation, it's yours to look at either way. Would it be okay if I sent that mockup over? Faiaz
Merch Maverick
themerchmaverick.com"
Well Bhm,contactus@wellbhm.com,sauna,Birmingham,GB,https://wellbhm.com/,5,13,quick idea for Well Bhm's members,"Hi there, I came across Well Bhm while researching top rated sauna studios in Birmingham and noticed you're holding a 5 rating across 13 reviews. That kind of consistency usually means people leave your space wanting to take a piece of the experience home with them. We're Merch Maverick, a factory direct supplier for branded sauna hats, towels, and robes for studios like yours. No middlemen, no inflated agency pricing, just your logo on the exact ritual gear your members already associate with the experience. I'll put together a free digital mockup of a Well Bhm branded wool felt sauna hat within 48 hours. If you don't love it, there's no cost and no obligation, it's yours to look at either way. Would it be okay if I sent that mockup over? Faiaz
Merch Maverick
themerchmaverick.com"
Drip,info@thedripmethod.co,pilates,Nashville,US,https://thedripmethod.co/,5,13,quick note for Drip,"Hi there, I came across Drip while researching top rated reformer pilates studios in Nashville and noticed you're holding a 5 rating across 13 reviews. That's the kind of loyalty that usually means members are proud to be part of the studio, not just attending classes. We're Merch Maverick, a factory direct supplier of branded totes, mat bags, and studio apparel for pilates studios. We work without agency markups, so the pricing usually beats what local printers quote for the same quality. I can put together a free digital mockup of a Drip branded tote within 48 hours. No cost and no obligation either way, it's yours to look at. Would it be alright if I sent that over? Faiaz
Merch Maverick
themerchmaverick.com"
The Brokerage Pilates,hello@thebrokeragepilates.com,pilates,Nashville,US,https://www.thebrokeragepilates.com/,5,13,thought of The Brokerage Pilates for something,"Hi there, I came across The Brokerage Pilates while researching top rated reformer pilates studios in Nashville and noticed you're holding a 5 rating across 13 reviews. That's the kind of loyalty that usually means members are proud to be part of the studio, not just attending classes. We're Merch Maverick, a factory direct supplier of branded totes, mat bags, and studio apparel for pilates studios. We work without agency markups, so the pricing usually beats what local printers quote for the same quality. I can put together a free digital mockup of a The Brokerage Pilates branded tote within 48 hours. No cost and no obligation either way, it's yours to look at. Would it be alright if I sent that over? Faiaz
Merch Maverick
themerchmaverick.com"
Pilates am Platz,info@pilates-am-platz.de,pilates,Munich,DE,http://pilates-am-platz.de/,5,13,"quick idea, Pilates am Platz","Hi there, I came across Pilates am Platz while researching top rated reformer pilates studios in Munich and noticed you're holding a 5 rating across 13 reviews. That's the kind of loyalty that usually means members are proud to be part of the studio, not just attending classes. We're Merch Maverick, a factory direct supplier of branded totes, mat bags, and studio apparel for pilates studios. We work without agency markups, so the pricing usually beats what local printers quote for the same quality. I can put together a free digital mockup of a Pilates am Platz branded tote within 48 hours. No cost and no obligation either way, it's yours to look at. Would it be alright if I sent that over? Faiaz
Merch Maverick
themerchmaverick.com"
re.form pilates,specs.stores.fixnavig@ion.sposition,pilates,Cologne,DE,https://www.reform-pilates.de/,5,13,quick question about re.form pilates's retail shelf,"Hi there, I came across re.form pilates while researching top rated reformer pilates studios in Cologne and noticed you're holding a 5 rating across 13 reviews. That's the kind of loyalty that usually means members are proud to be part of the studio, not just attending classes. We're Merch Maverick, a factory direct supplier of branded totes, mat bags, and studio apparel for pilates studios. We work without agency markups, so the pricing usually beats what local printers quote for the same quality. I can put together a free digital mockup of a re.form pilates branded tote within 48 hours. No cost and no obligation either way, it's yours to look at. Would it be alright if I sent that over? Faiaz
Merch Maverick
themerchmaverick.com"
Caterina’s Club,info@caterinasclub.org,run_club,Anaheim,US,https://caterinasclub.org/,5,13,quick idea for Caterina’s Club's members,"Hi there, I came across Caterina’s Club while researching top rated run clubs in Anaheim and noticed you're holding a 5 rating across 13 reviews. That kind of following usually means your crew is already repping your name everywhere they go. We're Merch Maverick, a factory direct supplier of branded team tees, caps, and run club apparel. No agency markups, just gear your crew will actually wear outside of race day. I can send over a free digital mockup of a Caterina’s Club branded team tee within 48 hours. If it's not a fit, no cost and no obligation. Would it be okay if I sent that mockup your way? Faiaz
Merch Maverick
themerchmaverick.com"
Riverwalk Saunas,riverwalksaunas@gmail.com,cold_plunge,Chicago,US,http://www.riverwalksaunas.com/,5,13,quick note for Riverwalk Saunas,"Hi there, I came across Riverwalk Saunas while researching top rated cold plunge and sauna spaces in Chicago and noticed you're holding a 5 rating across 13 reviews. Numbers like that usually mean people leave talking about the experience, which is exactly the kind of thing branded gear tends to amplify. We're Merch Maverick, a factory direct supplier of branded robes, towels, and recovery hoodies for studios like yours, no agency markups, just your logo on gear members already want. I can send over a free digital mockup of a Riverwalk Saunas branded robe within 48 hours. If it is not a fit, no cost and no obligation. Would it be okay if I sent that mockup your way? Faiaz
Merch Maverick
themerchmaverick.com"
FORM Wellness,connect@formwellness.com,cold_plunge,Nashville,US,https://formwellness.com/,5,13,thought of FORM Wellness for something,"Hi there, I came across FORM Wellness while researching top rated cold plunge and sauna spaces in Nashville and noticed you're holding a 5 rating across 13 reviews. Numbers like that usually mean people leave talking about the experience, which is exactly the kind of thing branded gear tends to amplify. We're Merch Maverick, a factory direct supplier of branded robes, towels, and recovery hoodies for studios like yours, no agency markups, just your logo on gear members already want. I can send over a free digital mockup of a FORM Wellness branded robe within 48 hours. If it is not a fit, no cost and no obligation. Would it be okay if I sent that mockup your way? Faiaz
Merch Maverick
themerchmaverick.com"
Well Bhm,contactus@wellbhm.com,cold_plunge,Birmingham,GB,https://wellbhm.com/,5,13,"quick idea, Well Bhm","Hi there, I came across Well Bhm while researching top rated cold plunge and sauna spaces in Birmingham and noticed you're holding a 5 rating across 13 reviews. Numbers like that usually mean people leave talking about the experience, which is exactly the kind of thing branded gear tends to amplify. We're Merch Maverick, a factory direct supplier of branded robes, towels, and recovery hoodies for studios like yours, no agency markups, just your logo on gear members already want. I can send over a free digital mockup of a Well Bhm branded robe within 48 hours. If it is not a fit, no cost and no obligation. Would it be okay if I sent that mockup your way? Faiaz
Merch Maverick
themerchmaverick.com"
Sound Bath Edinburgh,a11y-dialog@8.0.0.esm,cold_plunge,Edinburgh,GB,https://bookwhen.com/soundbathedinburgh,5,13,quick question about Sound Bath Edinburgh's retail shelf,"Hi there, I came across Sound Bath Edinburgh while researching top rated cold plunge and sauna spaces in Edinburgh and noticed you're holding a 5 rating across 13 reviews. Numbers like that usually mean people leave talking about the experience, which is exactly the kind of thing branded gear tends to amplify. We're Merch Maverick, a factory direct supplier of branded robes, towels, and recovery hoodies for studios like yours, no agency markups, just your logo on gear members already want. I can send over a free digital mockup of a Sound Bath Edinburgh branded robe within 48 hours. If it is not a fit, no cost and no obligation. Would it be okay if I sent that mockup your way? Faiaz
Merch Maverick
themerchmaverick.com"
Recovery Suite Dumbarton,.anim@ed-.div,cold_plunge,Glasgow,GB,https://www.recoverysuitedumbarton.co.uk/,5,13,quick idea for Recovery Suite Dumbarton's members,"Hi there, I came across Recovery Suite Dumbarton while researching top rated cold plunge and sauna spaces in Glasgow and noticed you're holding a 5 rating across 13 reviews. Numbers like that usually mean people leave talking about the experience, which is exactly the kind of thing branded gear tends to amplify. We're Merch Maverick, a factory direct supplier of branded robes, towels, and recovery hoodies for studios like yours, no agency markups, just your logo on gear members already want. I can send over a free digital mockup of a Recovery Suite Dumbarton branded robe within 48 hours. If it is not a fit, no cost and no obligation. Would it be okay if I sent that mockup your way? Faiaz
Merch Maverick
themerchmaverick.com"
Zen Frost,hello@thezenfrost.com,sauna,Houston,US,https://thezenfrost.com/,5,12,quick note for Zen Frost,"Hi there, I came across Zen Frost while researching top rated sauna studios in Houston and noticed you're holding a 5 rating across 12 reviews. That kind of consistency usually means people leave your space wanting to take a piece of the experience home with them. We're Merch Maverick, a factory direct supplier for branded sauna hats, towels, and robes for studios like yours. No middlemen, no inflated agency pricing, just your logo on the exact ritual gear your members already associate with the experience. I'll put together a free digital mockup of a Zen Frost branded wool felt sauna hat within 48 hours. If you don't love it, there's no cost and no obligation, it's yours to look at either way. Would it be okay if I sent that mockup over? Faiaz
Merch Maverick
themerchmaverick.com"
The Dreamer - Sauna Experiences,info@thedreamer.you,sauna,London,GB,https://thedreamer.you/,5,12,thought of The Dreamer - Sauna Experiences for something,"Hi there, I came across The Dreamer - Sauna Experiences while researching top rated sauna studios in London and noticed you're holding a 5 rating across 12 reviews. That kind of consistency usually means people leave your space wanting to take a piece of the experience home with them. We're Merch Maverick, a factory direct supplier for branded sauna hats, towels, and robes for studios like yours. No middlemen, no inflated agency pricing, just your logo on the exact ritual gear your members already associate with the experience. I'll put together a free digital mockup of a The Dreamer - Sauna Experiences branded wool felt sauna hat within 48 hours. If you don't love it, there's no cost and no obligation, it's yours to look at either way. Would it be okay if I sent that mockup over? Faiaz
Merch Maverick
themerchmaverick.com"
Sarah Jayne Mind & Body Studio,sarahjaynefitness01@gmail.com,sauna,Birmingham,GB,https://sarahjaynefitness.com/,5,12,"quick idea, Sarah Jayne Mind & Body Studio","Hi there, I came across Sarah Jayne Mind & Body Studio while researching top rated sauna studios in Birmingham and noticed you're holding a 5 rating across 12 reviews. That kind of consistency usually means people leave your space wanting to take a piece of the experience home with them. We're Merch Maverick, a factory direct supplier for branded sauna hats, towels, and robes for studios like yours. No middlemen, no inflated agency pricing, just your logo on the exact ritual gear your members already associate with the experience. I'll put together a free digital mockup of a Sarah Jayne Mind & Body Studio branded wool felt sauna hat within 48 hours. If you don't love it, there's no cost and no obligation, it's yours to look at either way. Would it be okay if I sent that mockup over? Faiaz
Merch Maverick
themerchmaverick.com"
St George Bowls and Social Club,hello@stgeorgebsc.org,sauna,Bristol,GB,https://www.stgeorgebowlsandsocialclub.org/,5,12,quick question about St George Bowls and Social Club's retail shelf,"Hi there, I came across St George Bowls and Social Club while researching top rated sauna studios in Bristol and noticed you're holding a 5 rating across 12 reviews. That kind of consistency usually means people leave your space wanting to take a piece of the experience home with them. We're Merch Maverick, a factory direct supplier for branded sauna hats, towels, and robes for studios like yours. No middlemen, no inflated agency pricing, just your logo on the exact ritual gear your members already associate with the experience. I'll put together a free digital mockup of a St George Bowls and Social Club branded wool felt sauna hat within 48 hours. If you don't love it, there's no cost and no obligation, it's yours to look at either way. Would it be okay if I sent that mockup over? Faiaz
Merch Maverick
themerchmaverick.com"
Real Pilates® Boston,info@realpilatesboston.studio,pilates,Boston,US,http://realpilatesboston.studio/,5,12,quick idea for Real Pilates® Boston's members,"Hi there, I came across Real Pilates® Boston while researching top rated reformer pilates studios in Boston and noticed you're holding a 5 rating across 12 reviews. That's the kind of loyalty that usually means members are proud to be part of the studio, not just attending classes. We're Merch Maverick, a factory direct supplier of branded totes, mat bags, and studio apparel for pilates studios. We work without agency markups, so the pricing usually beats what local printers quote for the same quality. I can put together a free digital mockup of a Real Pilates® Boston branded tote within 48 hours. No cost and no obligation either way, it's yours to look at. Would it be alright if I sent that over? Faiaz
Merch Maverick
themerchmaverick.com"
Destination Pilates Boston,user@domain.com,pilates,Boston,US,https://www.destinationpilatesboston.com/,5,12,quick note for Destination Pilates Boston,"Hi there, I came across Destination Pilates Boston while researching top rated reformer pilates studios in Boston and noticed you're holding a 5 rating across 12 reviews. That's the kind of loyalty that usually means members are proud to be part of the studio, not just attending classes. We're Merch Maverick, a factory direct supplier of branded totes, mat bags, and studio apparel for pilates studios. We work without agency markups, so the pricing usually beats what local printers quote for the same quality. I can put together a free digital mockup of a Destination Pilates Boston branded tote within 48 hours. No cost and no obligation either way, it's yours to look at. Would it be alright if I sent that over? Faiaz
Merch Maverick
themerchmaverick.com"
Classic Pilates LA,info@classicpilatesla.com,pilates,Los Angeles,US,http://classicpilatesla.com/,5,12,thought of Classic Pilates LA for something,"Hi there, I came across Classic Pilates LA while researching top rated reformer pilates studios in Los Angeles and noticed you're holding a 5 rating across 12 reviews. That's the kind of loyalty that usually means members are proud to be part of the studio, not just attending classes. We're Merch Maverick, a factory direct supplier of branded totes, mat bags, and studio apparel for pilates studios. We work without agency markups, so the pricing usually beats what local printers quote for the same quality. I can put together a free digital mockup of a Classic Pilates LA branded tote within 48 hours. No cost and no obligation either way, it's yours to look at. Would it be alright if I sent that over? Faiaz
Merch Maverick
themerchmaverick.com"
Reform Pilates,contact@reformpilates.net,pilates,Austin,US,http://www.reformpilates.net/,5,12,"quick idea, Reform Pilates","Hi there, I came across Reform Pilates while researching top rated reformer pilates studios in Austin and noticed you're holding a 5 rating across 12 reviews. That's the kind of loyalty that usually means members are proud to be part of the studio, not just attending classes. We're Merch Maverick, a factory direct supplier of branded totes, mat bags, and studio apparel for pilates studios. We work without agency markups, so the pricing usually beats what local printers quote for the same quality. I can put together a free digital mockup of a Reform Pilates branded tote within 48 hours. No cost and no obligation either way, it's yours to look at. Would it be alright if I sent that over? Faiaz
Merch Maverick
themerchmaverick.com"
the pilates studio barcelona,brian@thepilatesstudiobarcelona.com,pilates,Barcelona,ES,http://www.thepilatesstudiobarcelona.com/,5,12,quick question about the pilates studio barcelona's retail shelf,"Hi there, I came across the pilates studio barcelona while researching top rated reformer pilates studios in Barcelona and noticed you're holding a 5 rating across 12 reviews. That's the kind of loyalty that usually means members are proud to be part of the studio, not just attending classes. We're Merch Maverick, a factory direct supplier of branded totes, mat bags, and studio apparel for pilates studios. We work without agency markups, so the pricing usually beats what local printers quote for the same quality. I can put together a free digital mockup of a the pilates studio barcelona branded tote within 48 hours. No cost and no obligation either way, it's yours to look at. Would it be alright if I sent that over? Faiaz
Merch Maverick
themerchmaverick.com"
Gratia Pilates Studio,hola@gratiastudio.com,pilates,Barcelona,ES,https://www.gratiastudio.com/,5,12,quick idea for Gratia Pilates Studio's members,"Hi there, I came across Gratia Pilates Studio while researching top rated reformer pilates studios in Barcelona and noticed you're holding a 5 rating across 12 reviews. That's the kind of loyalty that usually means members are proud to be part of the studio, not just attending classes. We're Merch Maverick, a factory direct supplier of branded totes, mat bags, and studio apparel for pilates studios. We work without agency markups, so the pricing usually beats what local printers quote for the same quality. I can put together a free digital mockup of a Gratia Pilates Studio branded tote within 48 hours. No cost and no obligation either way, it's yours to look at. Would it be alright if I sent that over? Faiaz
Merch Maverick
themerchmaverick.com"
Classy Pilates Mid,info@classyfitness.de,pilates,Frankfurt,DE,https://classypilates.de/,5,12,quick note for Classy Pilates Mid,"Hi there, I came across Classy Pilates Mid while researching top rated reformer pilates studios in Frankfurt and noticed you're holding a 5 rating across 12 reviews. That's the kind of loyalty that usually means members are proud to be part of the studio, not just attending classes. We're Merch Maverick, a factory direct supplier of branded totes, mat bags, and studio apparel for pilates studios. We work without agency markups, so the pricing usually beats what local printers quote for the same quality. I can put together a free digital mockup of a Classy Pilates Mid branded tote within 48 hours. No cost and no obligation either way, it's yours to look at. Would it be alright if I sent that over? Faiaz
Merch Maverick
themerchmaverick.com"
Sloane Space,contact@sloanespace.com,pilates,London,GB,https://sloanespace.com/,5,12,thought of Sloane Space for something,"Hi there, I came across Sloane Space while researching top rated reformer pilates studios in London and noticed you're holding a 5 rating across 12 reviews. That's the kind of loyalty that usually means members are proud to be part of the studio, not just attending classes. We're Merch Maverick, a factory direct supplier of branded totes, mat bags, and studio apparel for pilates studios. We work without agency markups, so the pricing usually beats what local printers quote for the same quality. I can put together a free digital mockup of a Sloane Space branded tote within 48 hours. No cost and no obligation either way, it's yours to look at. Would it be alright if I sent that over? Faiaz
Merch Maverick
themerchmaverick.com"
Pilates 4 All,info@pilates4all.co.uk,pilates,Edinburgh,GB,http://www.pilates4all.co.uk/,5,12,"quick idea, Pilates 4 All","Hi there, I came across Pilates 4 All while researching top rated reformer pilates studios in Edinburgh and noticed you're holding a 5 rating across 12 reviews. That's the kind of loyalty that usually means members are proud to be part of the studio, not just attending classes. We're Merch Maverick, a factory direct supplier of branded totes, mat bags, and studio apparel for pilates studios. We work without agency markups, so the pricing usually beats what local printers quote for the same quality. I can put together a free digital mockup of a Pilates 4 All branded tote within 48 hours. No cost and no obligation either way, it's yours to look at. Would it be alright if I sent that over? Faiaz
Merch Maverick
themerchmaverick.com"
BCTEAM Running Club,club@bcteam.club,run_club,Barcelona,ES,https://www.bcteam.club/,5,12,quick question about BCTEAM Running Club's retail shelf,"Hi there, I came across BCTEAM Running Club while researching top rated run clubs in Barcelona and noticed you're holding a 5 rating across 12 reviews. That kind of following usually means your crew is already repping your name everywhere they go. We're Merch Maverick, a factory direct supplier of branded team tees, caps, and run club apparel. No agency markups, just gear your crew will actually wear outside of race day. I can send over a free digital mockup of a BCTEAM Running Club branded team tee within 48 hours. If it's not a fit, no cost and no obligation. Would it be okay if I sent that mockup your way? Faiaz
Merch Maverick
themerchmaverick.com"
The Dreamer - Sauna Experiences,info@thedreamer.you,cold_plunge,London,GB,https://thedreamer.you/,5,12,quick idea for The Dreamer - Sauna Experiences's members,"Hi there, I came across The Dreamer - Sauna Experiences while researching top rated cold plunge and sauna spaces in London and noticed you're holding a 5 rating across 12 reviews. Numbers like that usually mean people leave talking about the experience, which is exactly the kind of thing branded gear tends to amplify. We're Merch Maverick, a factory direct supplier of branded robes, towels, and recovery hoodies for studios like yours, no agency markups, just your logo on gear members already want. I can send over a free digital mockup of a The Dreamer - Sauna Experiences branded robe within 48 hours. If it is not a fit, no cost and no obligation. Would it be okay if I sent that mockup your way? Faiaz
Merch Maverick
themerchmaverick.com"
MERI,hello@readymag.com,cold_plunge,Madrid,ES,https://wearemeri.com/,5,12,quick note for MERI,"Hi there, I came across MERI while researching top rated cold plunge and sauna spaces in Madrid and noticed you're holding a 5 rating across 12 reviews. Numbers like that usually mean people leave talking about the experience, which is exactly the kind of thing branded gear tends to amplify. We're Merch Maverick, a factory direct supplier of branded robes, towels, and recovery hoodies for studios like yours, no agency markups, just your logo on gear members already want. I can send over a free digital mockup of a MERI branded robe within 48 hours. If it is not a fit, no cost and no obligation. Would it be okay if I sent that mockup your way? Faiaz
Merch Maverick
themerchmaverick.com"
Cryo Revive,info@cryo-revive.com,cold_plunge,Manchester,GB,https://www.cryo-revive.com/,5,12,thought of Cryo Revive for something,"Hi there, I came across Cryo Revive while researching top rated cold plunge and sauna spaces in Manchester and noticed you're holding a 5 rating across 12 reviews. Numbers like that usually mean people leave talking about the experience, which is exactly the kind of thing branded gear tends to amplify. We're Merch Maverick, a factory direct supplier of branded robes, towels, and recovery hoodies for studios like yours, no agency markups, just your logo on gear members already want. I can send over a free digital mockup of a Cryo Revive branded robe within 48 hours. If it is not a fit, no cost and no obligation. Would it be okay if I sent that mockup your way? Faiaz
Merch Maverick
themerchmaverick.com"
Synchronize Therapy,spa@marhall.com,cold_plunge,Edinburgh,GB,https://synchronizetherapy.co.uk/,5,12,"quick idea, Synchronize Therapy","Hi there, I came across Synchronize Therapy while researching top rated cold plunge and sauna spaces in Edinburgh and noticed you're holding a 5 rating across 12 reviews. Numbers like that usually mean people leave talking about the experience, which is exactly the kind of thing branded gear tends to amplify. We're Merch Maverick, a factory direct supplier of branded robes, towels, and recovery hoodies for studios like yours, no agency markups, just your logo on gear members already want. I can send over a free digital mockup of a Synchronize Therapy branded robe within 48 hours. If it is not a fit, no cost and no obligation. Would it be okay if I sent that mockup your way? Faiaz
Merch Maverick
themerchmaverick.com"
The Reformer Room Pilates,info@thereformerroomstudio.com,pilates,Washington,US,https://www.thereformerroomstudio.com/,5,11,quick question about The Reformer Room Pilates's retail shelf,"Hi there, I came across The Reformer Room Pilates while researching top rated reformer pilates studios in Washington and noticed you're holding a 5 rating across 11 reviews. That's the kind of loyalty that usually means members are proud to be part of the studio, not just attending classes. We're Merch Maverick, a factory direct supplier of branded totes, mat bags, and studio apparel for pilates studios. We work without agency markups, so the pricing usually beats what local printers quote for the same quality. I can put together a free digital mockup of a The Reformer Room Pilates branded tote within 48 hours. No cost and no obligation either way, it's yours to look at. Would it be alright if I sent that over? Faiaz
Merch Maverick
themerchmaverick.com"
BODYROK Anaheim Hills - Pilates Studio,info@bodyrok.com,pilates,Anaheim,US,https://bodyrok.com/studio/anaheim_hills/,5,11,quick idea for BODYROK Anaheim Hills - Pilates Studio's members,"Hi there, I came across BODYROK Anaheim Hills - Pilates Studio while researching top rated reformer pilates studios in Anaheim and noticed you're holding a 5 rating across 11 reviews. That's the kind of loyalty that usually means members are proud to be part of the studio, not just attending classes. We're Merch Maverick, a factory direct supplier of branded totes, mat bags, and studio apparel for pilates studios. We work without agency markups, so the pricing usually beats what local printers quote for the same quality. I can put together a free digital mockup of a BODYROK Anaheim Hills - Pilates Studio branded tote within 48 hours. No cost and no obligation either way, it's yours to look at. Would it be alright if I sent that over? Faiaz
Merch Maverick
themerchmaverick.com"
Studio Pilates Chicago,hello@studiopilateschicago.com,pilates,Chicago,US,https://www.studiopilateschicago.com/,5,11,quick note for Studio Pilates Chicago,"Hi there, I came across Studio Pilates Chicago while researching top rated reformer pilates studios in Chicago and noticed you're holding a 5 rating across 11 reviews. That's the kind of loyalty that usually means members are proud to be part of the studio, not just attending classes. We're Merch Maverick, a factory direct supplier of branded totes, mat bags, and studio apparel for pilates studios. We work without agency markups, so the pricing usually beats what local printers quote for the same quality. I can put together a free digital mockup of a Studio Pilates Chicago branded tote within 48 hours. No cost and no obligation either way, it's yours to look at. Would it be alright if I sent that over? Faiaz
Merch Maverick
themerchmaverick.com"
Moon and Stars Studio,info@moonandstars.studio,pilates,San Francisco,US,https://www.moonandstars.studio/,5,11,thought of Moon and Stars Studio for something,"Hi there, I came across Moon and Stars Studio while researching top rated reformer pilates studios in San Francisco and noticed you're holding a 5 rating across 11 reviews. That's the kind of loyalty that usually means members are proud to be part of the studio, not just attending classes. We're Merch Maverick, a factory direct supplier of branded totes, mat bags, and studio apparel for pilates studios. We work without agency markups, so the pricing usually beats what local printers quote for the same quality. I can put together a free digital mockup of a Moon and Stars Studio branded tote within 48 hours. No cost and no obligation either way, it's yours to look at. Would it be alright if I sent that over? Faiaz
Merch Maverick
themerchmaverick.com"
Pilates Infusion,info@pilatesinfusion.com,pilates,Denver,US,http://www.pilatesinfusion.com/,5,11,"quick idea, Pilates Infusion","Hi there, I came across Pilates Infusion while researching top rated reformer pilates studios in Denver and noticed you're holding a 5 rating across 11 reviews. That's the kind of loyalty that usually means members are proud to be part of the studio, not just attending classes. We're Merch Maverick, a factory direct supplier of branded totes, mat bags, and studio apparel for pilates studios. We work without agency markups, so the pricing usually beats what local printers quote for the same quality. I can put together a free digital mockup of a Pilates Infusion branded tote within 48 hours. No cost and no obligation either way, it's yours to look at. Would it be alright if I sent that over? Faiaz
Merch Maverick
themerchmaverick.com"
Pilates Powered,specs.stores.fixnavig@ion.sposition,pilates,Amsterdam,NL,https://www.bookpilates.com/,5,11,quick question about Pilates Powered's retail shelf,"Hi there, I came across Pilates Powered while researching top rated reformer pilates studios in Amsterdam and noticed you're holding a 5 rating across 11 reviews. That's the kind of loyalty that usually means members are proud to be part of the studio, not just attending classes. We're Merch Maverick, a factory direct supplier of branded totes, mat bags, and studio apparel for pilates studios. We work without agency markups, so the pricing usually beats what local printers quote for the same quality. I can put together a free digital mockup of a Pilates Powered branded tote within 48 hours. No cost and no obligation either way, it's yours to look at. Would it be alright if I sent that over? Faiaz
Merch Maverick
themerchmaverick.com"
STUDIO 99 Reformer Pilates Csillaghegy,info@studio99.hu,pilates,Budapest,HU,https://studio99.hu/,5,11,quick idea for STUDIO 99 Reformer Pilates Csillaghegy's members,"Hi there, I came across STUDIO 99 Reformer Pilates Csillaghegy while researching top rated reformer pilates studios in Budapest and noticed you're holding a 5 rating across 11 reviews. That's the kind of loyalty that usually means members are proud to be part of the studio, not just attending classes. We're Merch Maverick, a factory direct supplier of branded totes, mat bags, and studio apparel for pilates studios. We work without agency markups, so the pricing usually beats what local printers quote for the same quality. I can put together a free digital mockup of a STUDIO 99 Reformer Pilates Csillaghegy branded tote within 48 hours. No cost and no obligation either way, it's yours to look at. Would it be alright if I sent that over? Faiaz
Merch Maverick
themerchmaverick.com"
MoviQ,info@moviq-frankfurt.de,pilates,Frankfurt,DE,https://www.moviq-frankfurt.de/,5,11,quick note for MoviQ,"Hi there, I came across MoviQ while researching top rated reformer pilates studios in Frankfurt and noticed you're holding a 5 rating across 11 reviews. That's the kind of loyalty that usually means members are proud to be part of the studio, not just attending classes. We're Merch Maverick, a factory direct supplier of branded totes, mat bags, and studio apparel for pilates studios. We work without agency markups, so the pricing usually beats what local printers quote for the same quality. I can put together a free digital mockup of a MoviQ branded tote within 48 hours. No cost and no obligation either way, it's yours to look at. Would it be alright if I sent that over? Faiaz
Merch Maverick
themerchmaverick.com"
MUNIK reformer studio,info@munikpilates.de,pilates,Munich,DE,https://www.munikpilates.de/,5,11,thought of MUNIK reformer studio for something,"Hi there, I came across MUNIK reformer studio while researching top rated reformer pilates studios in Munich and noticed you're holding a 5 rating across 11 reviews. That's the kind of loyalty that usually means members are proud to be part of the studio, not just attending classes. We're Merch Maverick, a factory direct supplier of branded totes, mat bags, and studio apparel for pilates studios. We work without agency markups, so the pricing usually beats what local printers quote for the same quality. I can put together a free digital mockup of a MUNIK reformer studio branded tote within 48 hours. No cost and no obligation either way, it's yours to look at. Would it be alright if I sent that over? Faiaz
Merch Maverick
themerchmaverick.com"
Studio DAY,info@studio-day.se,pilates,Stockholm,SE,http://www.studio-day.se/,5,11,"quick idea, Studio DAY","Hi there, I came across Studio DAY while researching top rated reformer pilates studios in Stockholm and noticed you're holding a 5 rating across 11 reviews. That's the kind of loyalty that usually means members are proud to be part of the studio, not just attending classes. We're Merch Maverick, a factory direct supplier of branded totes, mat bags, and studio apparel for pilates studios. We work without agency markups, so the pricing usually beats what local printers quote for the same quality. I can put together a free digital mockup of a Studio DAY branded tote within 48 hours. No cost and no obligation either way, it's yours to look at. Would it be alright if I sent that over? Faiaz
Merch Maverick
themerchmaverick.com"
Pointe Ahead Pilates Glasgow,edinburgh@pointeahead.com,pilates,Glasgow,GB,https://pointeahead.co.uk/,5,11,quick question about Pointe Ahead Pilates Glasgow's retail shelf,"Hi there, I came across Pointe Ahead Pilates Glasgow while researching top rated reformer pilates studios in Glasgow and noticed you're holding a 5 rating across 11 reviews. That's the kind of loyalty that usually means members are proud to be part of the studio, not just attending classes. We're Merch Maverick, a factory direct supplier of branded totes, mat bags, and studio apparel for pilates studios. We work without agency markups, so the pricing usually beats what local printers quote for the same quality. I can put together a free digital mockup of a Pointe Ahead Pilates Glasgow branded tote within 48 hours. No cost and no obligation either way, it's yours to look at. Would it be alright if I sent that over? Faiaz
Merch Maverick
themerchmaverick.com"
Toronto West Athletics Running Club,registrar@torontowestathletics.com,run_club,Toronto,CA,https://torontowestathletics.com/,5,11,quick idea for Toronto West Athletics Running Club's members,"Hi there, I came across Toronto West Athletics Running Club while researching top rated run clubs in Toronto and noticed you're holding a 5 rating across 11 reviews. That kind of following usually means your crew is already repping your name everywhere they go. We're Merch Maverick, a factory direct supplier of branded team tees, caps, and run club apparel. No agency markups, just gear your crew will actually wear outside of race day. I can send over a free digital mockup of a Toronto West Athletics Running Club branded team tee within 48 hours. If it's not a fit, no cost and no obligation. Would it be okay if I sent that mockup your way? Faiaz
Merch Maverick
themerchmaverick.com"
East London Runners,info@eastlondonrunners.org.uk,run_club,London,GB,http://www.eastlondonrunners.org.uk/,5,11,quick note for East London Runners,"Hi there, I came across East London Runners while researching top rated run clubs in London and noticed you're holding a 5 rating across 11 reviews. That kind of following usually means your crew is already repping your name everywhere they go. We're Merch Maverick, a factory direct supplier of branded team tees, caps, and run club apparel. No agency markups, just gear your crew will actually wear outside of race day. I can send over a free digital mockup of a East London Runners branded team tee within 48 hours. If it's not a fit, no cost and no obligation. Would it be okay if I sent that mockup your way? Faiaz
Merch Maverick
themerchmaverick.com"
Expatriés Triathlon Club,contact@expatries-triathlon.com,run_club,Paris,FR,http://expatries-triathlon.com/,5,11,thought of Expatriés Triathlon Club for something,"Hi there, I came across Expatriés Triathlon Club while researching top rated run clubs in Paris and noticed you're holding a 5 rating across 11 reviews. That kind of following usually means your crew is already repping your name everywhere they go. We're Merch Maverick, a factory direct supplier of branded team tees, caps, and run club apparel. No agency markups, just gear your crew will actually wear outside of race day. I can send over a free digital mockup of a Expatriés Triathlon Club branded team tee within 48 hours. If it's not a fit, no cost and no obligation. Would it be okay if I sent that mockup your way? Faiaz
Merch Maverick
themerchmaverick.com"
Frigid Recovery,admin@frigidrecovery.ca,cold_plunge,London,GB,http://www.frigidrecovery.ca/,5,11,"quick idea, Frigid Recovery","Hi there, I came across Frigid Recovery while researching top rated cold plunge and sauna spaces in London and noticed you're holding a 5 rating across 11 reviews. Numbers like that usually mean people leave talking about the experience, which is exactly the kind of thing branded gear tends to amplify. We're Merch Maverick, a factory direct supplier of branded robes, towels, and recovery hoodies for studios like yours, no agency markups, just your logo on gear members already want. I can send over a free digital mockup of a Frigid Recovery branded robe within 48 hours. If it is not a fit, no cost and no obligation. Would it be okay if I sent that mockup your way? Faiaz
Merch Maverick
themerchmaverick.com"
Sutton Saunas and Steam Rooms,sales@suttonsaunas.com,sauna,Birmingham,GB,http://www.suttonsaunas.com/,5,10,quick question about Sutton Saunas and Steam Rooms's retail shelf,"Hi there, I came across Sutton Saunas and Steam Rooms while researching top rated sauna studios in Birmingham and noticed you're holding a 5 rating across 10 reviews. That kind of consistency usually means people leave your space wanting to take a piece of the experience home with them. We're Merch Maverick, a factory direct supplier for branded sauna hats, towels, and robes for studios like yours. No middlemen, no inflated agency pricing, just your logo on the exact ritual gear your members already associate with the experience. I'll put together a free digital mockup of a Sutton Saunas and Steam Rooms branded wool felt sauna hat within 48 hours. If you don't love it, there's no cost and no obligation, it's yours to look at either way. Would it be okay if I sent that mockup over? Faiaz
Merch Maverick
themerchmaverick.com"
Commonwealth Pilates Summerlin,info@commonwealthpilates.com,pilates,Las Vegas,US,https://www.commonwealthpilates.com/,5,10,quick idea for Commonwealth Pilates Summerlin's members,"Hi there, I came across Commonwealth Pilates Summerlin while researching top rated reformer pilates studios in Las Vegas and noticed you're holding a 5 rating across 10 reviews. That's the kind of loyalty that usually means members are proud to be part of the studio, not just attending classes. We're Merch Maverick, a factory direct supplier of branded totes, mat bags, and studio apparel for pilates studios. We work without agency markups, so the pricing usually beats what local printers quote for the same quality. I can put together a free digital mockup of a Commonwealth Pilates Summerlin branded tote within 48 hours. No cost and no obligation either way, it's yours to look at. Would it be alright if I sent that over? Faiaz
Merch Maverick
themerchmaverick.com"
Pilates Arcadia,teri@pilatesarcadia.com,pilates,Phoenix,US,https://pilatesarcadia.com/contact-us,5,10,quick note for Pilates Arcadia,"Hi there, I came across Pilates Arcadia while researching top rated reformer pilates studios in Phoenix and noticed you're holding a 5 rating across 10 reviews. That's the kind of loyalty that usually means members are proud to be part of the studio, not just attending classes. We're Merch Maverick, a factory direct supplier of branded totes, mat bags, and studio apparel for pilates studios. We work without agency markups, so the pricing usually beats what local printers quote for the same quality. I can put together a free digital mockup of a Pilates Arcadia branded tote within 48 hours. No cost and no obligation either way, it's yours to look at. Would it be alright if I sent that over? Faiaz
Merch Maverick
themerchmaverick.com"
Midline Studio - Reformer Pilates Maida Vale,hello@midlinestudio.co.uk,pilates,London,GB,http://www.midlinestudio.co.uk/,5,10,thought of Midline Studio - Reformer Pilates Maida Vale for something,"Hi there, I came across Midline Studio - Reformer Pilates Maida Vale while researching top rated reformer pilates studios in London and noticed you're holding a 5 rating across 10 reviews. That's the kind of loyalty that usually means members are proud to be part of the studio, not just attending classes. We're Merch Maverick, a factory direct supplier of branded totes, mat bags, and studio apparel for pilates studios. We work without agency markups, so the pricing usually beats what local printers quote for the same quality. I can put together a free digital mockup of a Midline Studio - Reformer Pilates Maida Vale branded tote within 48 hours. No cost and no obligation either way, it's yours to look at. Would it be alright if I sent that over? Faiaz
Merch Maverick
themerchmaverick.com"
MK Reformed Birmingham Snowhill,info@mkhealthhub.co.uk,pilates,Birmingham,GB,https://mkreformed.com/locations/reformer-pilates-in-stratford/,5,10,"quick idea, MK Reformed Birmingham Snowhill","Hi there, I came across MK Reformed Birmingham Snowhill while researching top rated reformer pilates studios in Birmingham and noticed you're holding a 5 rating across 10 reviews. That's the kind of loyalty that usually means members are proud to be part of the studio, not just attending classes. We're Merch Maverick, a factory direct supplier of branded totes, mat bags, and studio apparel for pilates studios. We work without agency markups, so the pricing usually beats what local printers quote for the same quality. I can put together a free digital mockup of a MK Reformed Birmingham Snowhill branded tote within 48 hours. No cost and no obligation either way, it's yours to look at. Would it be alright if I sent that over? Faiaz
Merch Maverick
themerchmaverick.com"
Essentially Well Bodywork + Cryotherapy,essentiallywellbodywork@gmail.com,cold_plunge,Boston,US,https://www.essentiallywellbodywork.com/,5,10,quick question about Essentially Well Bodywork + Cryotherapy's retail shelf,"Hi there, I came across Essentially Well Bodywork + Cryotherapy while researching top rated cold plunge and sauna spaces in Boston and noticed you're holding a 5 rating across 10 reviews. Numbers like that usually mean people leave talking about the experience, which is exactly the kind of thing branded gear tends to amplify. We're Merch Maverick, a factory direct supplier of branded robes, towels, and recovery hoodies for studios like yours, no agency markups, just your logo on gear members already want. I can send over a free digital mockup of a Essentially Well Bodywork + Cryotherapy branded robe within 48 hours. If it is not a fit, no cost and no obligation. Would it be okay if I sent that mockup your way? Faiaz
Merch Maverick
themerchmaverick.com"
CryoTherapy Midlands,info@activeclinics.co.uk,cold_plunge,Birmingham,GB,http://www.cryotherapymidlands.co.uk/,5,10,quick idea for CryoTherapy Midlands's members,"Hi there, I came across CryoTherapy Midlands while researching top rated cold plunge and sauna spaces in Birmingham and noticed you're holding a 5 rating across 10 reviews. Numbers like that usually mean people leave talking about the experience, which is exactly the kind of thing branded gear tends to amplify. We're Merch Maverick, a factory direct supplier of branded robes, towels, and recovery hoodies for studios like yours, no agency markups, just your logo on gear members already want. I can send over a free digital mockup of a CryoTherapy Midlands branded robe within 48 hours. If it is not a fit, no cost and no obligation. Would it be okay if I sent that mockup your way? Faiaz
Merch Maverick
themerchmaverick.com"
Thorntonhall Cryo and Thin Air Therapy,trisha@thorntonhallcryo.com,cold_plunge,Glasgow,GB,https://thorntonhallcryo.com/,5,10,quick note for Thorntonhall Cryo and Thin Air Therapy,"Hi there, I came across Thorntonhall Cryo and Thin Air Therapy while researching top rated cold plunge and sauna spaces in Glasgow and noticed you're holding a 5 rating across 10 reviews. Numbers like that usually mean people leave talking about the experience, which is exactly the kind of thing branded gear tends to amplify. We're Merch Maverick, a factory direct supplier of branded robes, towels, and recovery hoodies for studios like yours, no agency markups, just your logo on gear members already want. I can send over a free digital mockup of a Thorntonhall Cryo and Thin Air Therapy branded robe within 48 hours. If it is not a fit, no cost and no obligation. Would it be okay if I sent that mockup your way? Faiaz
Merch Maverick
themerchmaverick.com"
Stadswellness,info@stadswellness.nl,sauna,Amsterdam,NL,http://stadswellness.nl/,5,9,thought of Stadswellness for something,"Hi there, I came across Stadswellness while researching top rated sauna studios in Amsterdam and noticed you're holding a 5 rating across 9 reviews. That kind of consistency usually means people leave your space wanting to take a piece of the experience home with them. We're Merch Maverick, a factory direct supplier for branded sauna hats, towels, and robes for studios like yours. No middlemen, no inflated agency pricing, just your logo on the exact ritual gear your members already associate with the experience. I'll put together a free digital mockup of a Stadswellness branded wool felt sauna hat within 48 hours. If you don't love it, there's no cost and no obligation, it's yours to look at either way. Would it be okay if I sent that mockup over? Faiaz
Merch Maverick
themerchmaverick.com"
The Format Fitness Nashville,info@theformatfitness.com,pilates,Nashville,US,https://www.theformatfitness.com/,5,9,"quick idea, The Format Fitness Nashville","Hi there, I came across The Format Fitness Nashville while researching top rated reformer pilates studios in Nashville and noticed you're holding a 5 rating across 9 reviews. That's the kind of loyalty that usually means members are proud to be part of the studio, not just attending classes. We're Merch Maverick, a factory direct supplier of branded totes, mat bags, and studio apparel for pilates studios. We work without agency markups, so the pricing usually beats what local printers quote for the same quality. I can put together a free digital mockup of a The Format Fitness Nashville branded tote within 48 hours. No cost and no obligation either way, it's yours to look at. Would it be alright if I sent that over? Faiaz
Merch Maverick
themerchmaverick.com"
El Studio Pilates,hola@elstudiopilates.com,pilates,Austin,US,https://www.elstudiopilates.com/,5,9,quick question about El Studio Pilates's retail shelf,"Hi there, I came across El Studio Pilates while researching top rated reformer pilates studios in Austin and noticed you're holding a 5 rating across 9 reviews. That's the kind of loyalty that usually means members are proud to be part of the studio, not just attending classes. We're Merch Maverick, a factory direct supplier of branded totes, mat bags, and studio apparel for pilates studios. We work without agency markups, so the pricing usually beats what local printers quote for the same quality. I can put together a free digital mockup of a El Studio Pilates branded tote within 48 hours. No cost and no obligation either way, it's yours to look at. Would it be alright if I sent that over? Faiaz
Merch Maverick
themerchmaverick.com"
Pilates Full Reformer,pilatesfullreformer@gmail.com,pilates,Barcelona,ES,https://linktr.ee/pilatesfullreformer?utm_source=qr_code,5,9,quick idea for Pilates Full Reformer's members,"Hi there, I came across Pilates Full Reformer while researching top rated reformer pilates studios in Barcelona and noticed you're holding a 5 rating across 9 reviews. That's the kind of loyalty that usually means members are proud to be part of the studio, not just attending classes. We're Merch Maverick, a factory direct supplier of branded totes, mat bags, and studio apparel for pilates studios. We work without agency markups, so the pricing usually beats what local printers quote for the same quality. I can put together a free digital mockup of a Pilates Full Reformer branded tote within 48 hours. No cost and no obligation either way, it's yours to look at. Would it be alright if I sent that over? Faiaz
Merch Maverick
themerchmaverick.com"
Maria Pilates Rotterdam,info@mariapilates.nl,pilates,Rotterdam,NL,http://www.mariapilates.nl/,5,9,quick note for Maria Pilates Rotterdam,"Hi there, I came across Maria Pilates Rotterdam while researching top rated reformer pilates studios in Rotterdam and noticed you're holding a 5 rating across 9 reviews. That's the kind of loyalty that usually means members are proud to be part of the studio, not just attending classes. We're Merch Maverick, a factory direct supplier of branded totes, mat bags, and studio apparel for pilates studios. We work without agency markups, so the pricing usually beats what local printers quote for the same quality. I can put together a free digital mockup of a Maria Pilates Rotterdam branded tote within 48 hours. No cost and no obligation either way, it's yours to look at. Would it be alright if I sent that over? Faiaz
Merch Maverick
themerchmaverick.com"
Pilates - Bloom with Miriam,contact@bloomwithmiriam.com,pilates,Stockholm,SE,https://www.bloomwithmiriam.com/,5,9,thought of Pilates - Bloom with Miriam for something,"Hi there, I came across Pilates - Bloom with Miriam while researching top rated reformer pilates studios in Stockholm and noticed you're holding a 5 rating across 9 reviews. That's the kind of loyalty that usually means members are proud to be part of the studio, not just attending classes. We're Merch Maverick, a factory direct supplier of branded totes, mat bags, and studio apparel for pilates studios. We work without agency markups, so the pricing usually beats what local printers quote for the same quality. I can put together a free digital mockup of a Pilates - Bloom with Miriam branded tote within 48 hours. No cost and no obligation either way, it's yours to look at. Would it be alright if I sent that over? Faiaz
Merch Maverick
themerchmaverick.com"
Remedy,hello@remedysthlm.com,pilates,Stockholm,SE,http://www.remedysthlm.com/,5,9,"quick idea, Remedy","Hi there, I came across Remedy while researching top rated reformer pilates studios in Stockholm and noticed you're holding a 5 rating across 9 reviews. That's the kind of loyalty that usually means members are proud to be part of the studio, not just attending classes. We're Merch Maverick, a factory direct supplier of branded totes, mat bags, and studio apparel for pilates studios. We work without agency markups, so the pricing usually beats what local printers quote for the same quality. I can put together a free digital mockup of a Remedy branded tote within 48 hours. No cost and no obligation either way, it's yours to look at. Would it be alright if I sent that over? Faiaz
Merch Maverick
themerchmaverick.com"
Sol Studio Edinburgh,admin@solstudioedinburgh.com,pilates,Edinburgh,GB,https://www.solstudioedinburgh.com/,5,9,quick question about Sol Studio Edinburgh's retail shelf,"Hi there, I came across Sol Studio Edinburgh while researching top rated reformer pilates studios in Edinburgh and noticed you're holding a 5 rating across 9 reviews. That's the kind of loyalty that usually means members are proud to be part of the studio, not just attending classes. We're Merch Maverick, a factory direct supplier of branded totes, mat bags, and studio apparel for pilates studios. We work without agency markups, so the pricing usually beats what local printers quote for the same quality. I can put together a free digital mockup of a Sol Studio Edinburgh branded tote within 48 hours. No cost and no obligation either way, it's yours to look at. Would it be alright if I sent that over? Faiaz
Merch Maverick
themerchmaverick.com"
Dulwich Park Runners,enquiries@dulwichparkrunners.com,run_club,London,GB,http://www.dulwichparkrunners.co.uk/,5,9,quick idea for Dulwich Park Runners's members,"Hi there, I came across Dulwich Park Runners while researching top rated run clubs in London and noticed you're holding a 5 rating across 9 reviews. That kind of following usually means your crew is already repping your name everywhere they go. We're Merch Maverick, a factory direct supplier of branded team tees, caps, and run club apparel. No agency markups, just gear your crew will actually wear outside of race day. I can send over a free digital mockup of a Dulwich Park Runners branded team tee within 48 hours. If it's not a fit, no cost and no obligation. Would it be okay if I sent that mockup your way? Faiaz
Merch Maverick
themerchmaverick.com"
Bridge to Bean Run Club,user@domain.com,run_club,London,GB,https://bridgetobeanrunclub.co.uk/,5,9,quick note for Bridge to Bean Run Club,"Hi there, I came across Bridge to Bean Run Club while researching top rated run clubs in London and noticed you're holding a 5 rating across 9 reviews. That kind of following usually means your crew is already repping your name everywhere they go. We're Merch Maverick, a factory direct supplier of branded team tees, caps, and run club apparel. No agency markups, just gear your crew will actually wear outside of race day. I can send over a free digital mockup of a Bridge to Bean Run Club branded team tee within 48 hours. If it's not a fit, no cost and no obligation. Would it be okay if I sent that mockup your way? Faiaz
Merch Maverick
themerchmaverick.com"
MileShyClub Urmston (Running Club),hello@mileshyclub.com,run_club,Manchester,GB,http://www.mileshyclub.com/,5,9,thought of MileShyClub Urmston (Running Club) for something,"Hi there, I came across MileShyClub Urmston (Running Club) while researching top rated run clubs in Manchester and noticed you're holding a 5 rating across 9 reviews. That kind of following usually means your crew is already repping your name everywhere they go. We're Merch Maverick, a factory direct supplier of branded team tees, caps, and run club apparel. No agency markups, just gear your crew will actually wear outside of race day. I can send over a free digital mockup of a MileShyClub Urmston (Running Club) branded team tee within 48 hours. If it's not a fit, no cost and no obligation. Would it be okay if I sent that mockup your way? Faiaz
Merch Maverick
themerchmaverick.com"
Stadswellness,info@stadswellness.nl,cold_plunge,Amsterdam,NL,http://stadswellness.nl/,5,9,"quick idea, Stadswellness","Hi there, I came across Stadswellness while researching top rated cold plunge and sauna spaces in Amsterdam and noticed you're holding a 5 rating across 9 reviews. Numbers like that usually mean people leave talking about the experience, which is exactly the kind of thing branded gear tends to amplify. We're Merch Maverick, a factory direct supplier of branded robes, towels, and recovery hoodies for studios like yours, no agency markups, just your logo on gear members already want. I can send over a free digital mockup of a Stadswellness branded robe within 48 hours. If it is not a fit, no cost and no obligation. Would it be okay if I sent that mockup your way? Faiaz
Merch Maverick
themerchmaverick.com"
RAW Studios,hello@rawstudios.uk,sauna,Manchester,GB,http://rawstudios.uk/,5,8,quick question about RAW Studios's retail shelf,"Hi there, I came across RAW Studios while researching top rated sauna studios in Manchester and noticed you're holding a 5 rating across 8 reviews. That kind of consistency usually means people leave your space wanting to take a piece of the experience home with them. We're Merch Maverick, a factory direct supplier for branded sauna hats, towels, and robes for studios like yours. No middlemen, no inflated agency pricing, just your logo on the exact ritual gear your members already associate with the experience. I'll put together a free digital mockup of a RAW Studios branded wool felt sauna hat within 48 hours. If you don't love it, there's no cost and no obligation, it's yours to look at either way. Would it be okay if I sent that mockup over? Faiaz
Merch Maverick
themerchmaverick.com"
Pilates & Go - Self-Reformer Studio,hello@pilatesandgo.hu,pilates,Budapest,HU,https://pilatesandgo.hu/,5,8,quick idea for Pilates & Go - Self-Reformer Studio's members,"Hi there, I came across Pilates & Go - Self-Reformer Studio while researching top rated reformer pilates studios in Budapest and noticed you're holding a 5 rating across 8 reviews. That's the kind of loyalty that usually means members are proud to be part of the studio, not just attending classes. We're Merch Maverick, a factory direct supplier of branded totes, mat bags, and studio apparel for pilates studios. We work without agency markups, so the pricing usually beats what local printers quote for the same quality. I can put together a free digital mockup of a Pilates & Go - Self-Reformer Studio branded tote within 48 hours. No cost and no obligation either way, it's yours to look at. Would it be alright if I sent that over? Faiaz
Merch Maverick
themerchmaverick.com"
Studio Sollo - Reformer Pilates,hello@studiosollo.com,pilates,Edinburgh,GB,http://www.studiosollo.com/,5,8,quick note for Studio Sollo - Reformer Pilates,"Hi there, I came across Studio Sollo - Reformer Pilates while researching top rated reformer pilates studios in Edinburgh and noticed you're holding a 5 rating across 8 reviews. That's the kind of loyalty that usually means members are proud to be part of the studio, not just attending classes. We're Merch Maverick, a factory direct supplier of branded totes, mat bags, and studio apparel for pilates studios. We work without agency markups, so the pricing usually beats what local printers quote for the same quality. I can put together a free digital mockup of a Studio Sollo - Reformer Pilates branded tote within 48 hours. No cost and no obligation either way, it's yours to look at. Would it be alright if I sent that over? Faiaz
Merch Maverick
themerchmaverick.com"
Movement Remedies,dk@movementremedies.org,pilates,Edinburgh,GB,https://movementremedies.org/,5,8,thought of Movement Remedies for something,"Hi there, I came across Movement Remedies while researching top rated reformer pilates studios in Edinburgh and noticed you're holding a 5 rating across 8 reviews. That's the kind of loyalty that usually means members are proud to be part of the studio, not just attending classes. We're Merch Maverick, a factory direct supplier of branded totes, mat bags, and studio apparel for pilates studios. We work without agency markups, so the pricing usually beats what local printers quote for the same quality. I can put together a free digital mockup of a Movement Remedies branded tote within 48 hours. No cost and no obligation either way, it's yours to look at. Would it be alright if I sent that over? Faiaz
Merch Maverick
themerchmaverick.com"
Reformer Vault,team@reformervault.com,pilates,Glasgow,GB,https://reformervault.com/,5,8,"quick idea, Reformer Vault","Hi there, I came across Reformer Vault while researching top rated reformer pilates studios in Glasgow and noticed you're holding a 5 rating across 8 reviews. That's the kind of loyalty that usually means members are proud to be part of the studio, not just attending classes. We're Merch Maverick, a factory direct supplier of branded totes, mat bags, and studio apparel for pilates studios. We work without agency markups, so the pricing usually beats what local printers quote for the same quality. I can put together a free digital mockup of a Reformer Vault branded tote within 48 hours. No cost and no obligation either way, it's yours to look at. Would it be alright if I sent that over? Faiaz
Merch Maverick
themerchmaverick.com"
LÙTH Reformer,hello@luthreformer.com,pilates,Glasgow,GB,https://luthreformer.com/,5,8,quick question about LÙTH Reformer's retail shelf,"Hi there, I came across LÙTH Reformer while researching top rated reformer pilates studios in Glasgow and noticed you're holding a 5 rating across 8 reviews. That's the kind of loyalty that usually means members are proud to be part of the studio, not just attending classes. We're Merch Maverick, a factory direct supplier of branded totes, mat bags, and studio apparel for pilates studios. We work without agency markups, so the pricing usually beats what local printers quote for the same quality. I can put together a free digital mockup of a LÙTH Reformer branded tote within 48 hours. No cost and no obligation either way, it's yours to look at. Would it be alright if I sent that over? Faiaz
Merch Maverick
themerchmaverick.com"
MileShyClub Worsley (Running Club),hello@mileshyclub.com,run_club,Manchester,GB,http://www.mileshyclub.com/,5,8,quick idea for MileShyClub Worsley (Running Club)'s members,"Hi there, I came across MileShyClub Worsley (Running Club) while researching top rated run clubs in Manchester and noticed you're holding a 5 rating across 8 reviews. That kind of following usually means your crew is already repping your name everywhere they go. We're Merch Maverick, a factory direct supplier of branded team tees, caps, and run club apparel. No agency markups, just gear your crew will actually wear outside of race day. I can send over a free digital mockup of a MileShyClub Worsley (Running Club) branded team tee within 48 hours. If it's not a fit, no cost and no obligation. Would it be okay if I sent that mockup your way? Faiaz
Merch Maverick
themerchmaverick.com"
CRYOSIZER Club M2 Kältekammer Trudering,trudering@cryosizer.com,cold_plunge,Munich,DE,https://cryosizer.com/kaeltekammer-muenchen-trudering/,5,8,quick note for CRYOSIZER Club M2 Kältekammer Trudering,"Hi there, I came across CRYOSIZER Club M2 Kältekammer Trudering while researching top rated cold plunge and sauna spaces in Munich and noticed you're holding a 5 rating across 8 reviews. Numbers like that usually mean people leave talking about the experience, which is exactly the kind of thing branded gear tends to amplify. We're Merch Maverick, a factory direct supplier of branded robes, towels, and recovery hoodies for studios like yours, no agency markups, just your logo on gear members already want. I can send over a free digital mockup of a CRYOSIZER Club M2 Kältekammer Trudering branded robe within 48 hours. If it is not a fit, no cost and no obligation. Would it be okay if I sent that mockup your way? Faiaz
Merch Maverick
themerchmaverick.com"
Miss Detox Bodyspa,info@missdetoxbodyspa.nl,cold_plunge,Rotterdam,NL,https://www.missdetoxbodyspa.nl/,5,8,thought of Miss Detox Bodyspa for something,"Hi there, I came across Miss Detox Bodyspa while researching top rated cold plunge and sauna spaces in Rotterdam and noticed you're holding a 5 rating across 8 reviews. Numbers like that usually mean people leave talking about the experience, which is exactly the kind of thing branded gear tends to amplify. We're Merch Maverick, a factory direct supplier of branded robes, towels, and recovery hoodies for studios like yours, no agency markups, just your logo on gear members already want. I can send over a free digital mockup of a Miss Detox Bodyspa branded robe within 48 hours. If it is not a fit, no cost and no obligation. Would it be okay if I sent that mockup your way? Faiaz
Merch Maverick
themerchmaverick.com"
RAW Studios,hello@rawstudios.uk,cold_plunge,Manchester,GB,http://rawstudios.uk/,5,8,"quick idea, RAW Studios","Hi there, I came across RAW Studios while researching top rated cold plunge and sauna spaces in Manchester and noticed you're holding a 5 rating across 8 reviews. Numbers like that usually mean people leave talking about the experience, which is exactly the kind of thing branded gear tends to amplify. We're Merch Maverick, a factory direct supplier of branded robes, towels, and recovery hoodies for studios like yours, no agency markups, just your logo on gear members already want. I can send over a free digital mockup of a RAW Studios branded robe within 48 hours. If it is not a fit, no cost and no obligation. Would it be okay if I sent that mockup your way? Faiaz
Merch Maverick
themerchmaverick.com"
Gongspace Studio,hello@gongspacestudio.se,sauna,Stockholm,SE,https://gongspacestudio.se/,5,7,quick question about Gongspace Studio's retail shelf,"Hi there, I came across Gongspace Studio while researching top rated sauna studios in Stockholm and noticed you're holding a 5 rating across 7 reviews. That kind of consistency usually means people leave your space wanting to take a piece of the experience home with them. We're Merch Maverick, a factory direct supplier for branded sauna hats, towels, and robes for studios like yours. No middlemen, no inflated agency pricing, just your logo on the exact ritual gear your members already associate with the experience. I'll put together a free digital mockup of a Gongspace Studio branded wool felt sauna hat within 48 hours. If you don't love it, there's no cost and no obligation, it's yours to look at either way. Would it be okay if I sent that mockup over? Faiaz
Merch Maverick
themerchmaverick.com"
Pilates Studio of Bellingham,specs.stores.fixnavig@ion.sposition,pilates,Washington,US,http://pilatesofbellingham.com/,5,7,quick idea for Pilates Studio of Bellingham's members,"Hi there, I came across Pilates Studio of Bellingham while researching top rated reformer pilates studios in Washington and noticed you're holding a 5 rating across 7 reviews. That's the kind of loyalty that usually means members are proud to be part of the studio, not just attending classes. We're Merch Maverick, a factory direct supplier of branded totes, mat bags, and studio apparel for pilates studios. We work without agency markups, so the pricing usually beats what local printers quote for the same quality. I can put together a free digital mockup of a Pilates Studio of Bellingham branded tote within 48 hours. No cost and no obligation either way, it's yours to look at. Would it be alright if I sent that over? Faiaz
Merch Maverick
themerchmaverick.com"
Soma Reform Pilates & Wellness,user@domain.com,pilates,Austin,US,https://www.somareform.com/,5,7,quick note for Soma Reform Pilates & Wellness,"Hi there, I came across Soma Reform Pilates & Wellness while researching top rated reformer pilates studios in Austin and noticed you're holding a 5 rating across 7 reviews. That's the kind of loyalty that usually means members are proud to be part of the studio, not just attending classes. We're Merch Maverick, a factory direct supplier of branded totes, mat bags, and studio apparel for pilates studios. We work without agency markups, so the pricing usually beats what local printers quote for the same quality. I can put together a free digital mockup of a Soma Reform Pilates & Wellness branded tote within 48 hours. No cost and no obligation either way, it's yours to look at. Would it be alright if I sent that over? Faiaz
Merch Maverick
themerchmaverick.com"
Classy Pilates Oval,info@classyfitness.de,pilates,Frankfurt,DE,https://classypilates.de/,5,7,thought of Classy Pilates Oval for something,"Hi there, I came across Classy Pilates Oval while researching top rated reformer pilates studios in Frankfurt and noticed you're holding a 5 rating across 7 reviews. That's the kind of loyalty that usually means members are proud to be part of the studio, not just attending classes. We're Merch Maverick, a factory direct supplier of branded totes, mat bags, and studio apparel for pilates studios. We work without agency markups, so the pricing usually beats what local printers quote for the same quality. I can put together a free digital mockup of a Classy Pilates Oval branded tote within 48 hours. No cost and no obligation either way, it's yours to look at. Would it be alright if I sent that over? Faiaz
Merch Maverick
themerchmaverick.com"
Pilates Via,people+odenplan@pilatesvia.com,pilates,Stockholm,SE,https://pilatesvia.com/se/?utm_source=google&utm_medium=info&utm_campaign=google-business&utm_content=website-url-pilates-via-odenplan-studio-h,5,7,"quick idea, Pilates Via","Hi there, I came across Pilates Via while researching top rated reformer pilates studios in Stockholm and noticed you're holding a 5 rating across 7 reviews. That's the kind of loyalty that usually means members are proud to be part of the studio, not just attending classes. We're Merch Maverick, a factory direct supplier of branded totes, mat bags, and studio apparel for pilates studios. We work without agency markups, so the pricing usually beats what local printers quote for the same quality. I can put together a free digital mockup of a Pilates Via branded tote within 48 hours. No cost and no obligation either way, it's yours to look at. Would it be alright if I sent that over? Faiaz
Merch Maverick
themerchmaverick.com"
Reholist Studio,info@reholist.com,pilates,Cologne,DE,https://www.reholist.com/,5,7,quick question about Reholist Studio's retail shelf,"Hi there, I came across Reholist Studio while researching top rated reformer pilates studios in Cologne and noticed you're holding a 5 rating across 7 reviews. That's the kind of loyalty that usually means members are proud to be part of the studio, not just attending classes. We're Merch Maverick, a factory direct supplier of branded totes, mat bags, and studio apparel for pilates studios. We work without agency markups, so the pricing usually beats what local printers quote for the same quality. I can put together a free digital mockup of a Reholist Studio branded tote within 48 hours. No cost and no obligation either way, it's yours to look at. Would it be alright if I sent that over? Faiaz
Merch Maverick
themerchmaverick.com"
Carbon Studio,hello@carbonpadelclub.co.uk,pilates,Manchester,GB,https://carbonpadelclub.co.uk/carbon-studio/,5,7,quick idea for Carbon Studio's members,"Hi there, I came across Carbon Studio while researching top rated reformer pilates studios in Manchester and noticed you're holding a 5 rating across 7 reviews. That's the kind of loyalty that usually means members are proud to be part of the studio, not just attending classes. We're Merch Maverick, a factory direct supplier of branded totes, mat bags, and studio apparel for pilates studios. We work without agency markups, so the pricing usually beats what local printers quote for the same quality. I can put together a free digital mockup of a Carbon Studio branded tote within 48 hours. No cost and no obligation either way, it's yours to look at. Would it be alright if I sent that over? Faiaz
Merch Maverick
themerchmaverick.com"
Root Reformer Studio,contact@rootreformerstudio.com,pilates,Birmingham,GB,https://rootreformerstudio.com/,5,7,quick note for Root Reformer Studio,"Hi there, I came across Root Reformer Studio while researching top rated reformer pilates studios in Birmingham and noticed you're holding a 5 rating across 7 reviews. That's the kind of loyalty that usually means members are proud to be part of the studio, not just attending classes. We're Merch Maverick, a factory direct supplier of branded totes, mat bags, and studio apparel for pilates studios. We work without agency markups, so the pricing usually beats what local printers quote for the same quality. I can put together a free digital mockup of a Root Reformer Studio branded tote within 48 hours. No cost and no obligation either way, it's yours to look at. Would it be alright if I sent that over? Faiaz
Merch Maverick
themerchmaverick.com"
The Moves Pilates,hello@themovespilates.com,pilates,Glasgow,GB,http://themovespilates.com/,5,7,thought of The Moves Pilates for something,"Hi there, I came across The Moves Pilates while researching top rated reformer pilates studios in Glasgow and noticed you're holding a 5 rating across 7 reviews. That's the kind of loyalty that usually means members are proud to be part of the studio, not just attending classes. We're Merch Maverick, a factory direct supplier of branded totes, mat bags, and studio apparel for pilates studios. We work without agency markups, so the pricing usually beats what local printers quote for the same quality. I can put together a free digital mockup of a The Moves Pilates branded tote within 48 hours. No cost and no obligation either way, it's yours to look at. Would it be alright if I sent that over? Faiaz
Merch Maverick
themerchmaverick.com"
MileShyClub Sale (Running Club),hello@mileshyclub.com,run_club,Manchester,GB,http://www.mileshyclub.com/,5,7,"quick idea, MileShyClub Sale (Running Club)","Hi there, I came across MileShyClub Sale (Running Club) while researching top rated run clubs in Manchester and noticed you're holding a 5 rating across 7 reviews. That kind of following usually means your crew is already repping your name everywhere they go. We're Merch Maverick, a factory direct supplier of branded team tees, caps, and run club apparel. No agency markups, just gear your crew will actually wear outside of race day. I can send over a free digital mockup of a MileShyClub Sale (Running Club) branded team tee within 48 hours. If it's not a fit, no cost and no obligation. Would it be okay if I sent that mockup your way? Faiaz
Merch Maverick
themerchmaverick.com"
BLESSED PILATES,blessedpilatess@gmail.com,pilates,Anaheim,US,https://blessedpilates.square.site/,5,6,quick question about BLESSED PILATES's retail shelf,"Hi there, I came across BLESSED PILATES while researching top rated reformer pilates studios in Anaheim and noticed you're holding a 5 rating across 6 reviews. That's the kind of loyalty that usually means members are proud to be part of the studio, not just attending classes. We're Merch Maverick, a factory direct supplier of branded totes, mat bags, and studio apparel for pilates studios. We work without agency markups, so the pricing usually beats what local printers quote for the same quality. I can put together a free digital mockup of a BLESSED PILATES branded tote within 48 hours. No cost and no obligation either way, it's yours to look at. Would it be alright if I sent that over? Faiaz
Merch Maverick
themerchmaverick.com"
CRÈME Pilates | Lower Heights,team@cremepilates.com,pilates,Houston,US,https://cremepilates.com/,5,6,quick idea for CRÈME Pilates | Lower Heights's members,"Hi there, I came across CRÈME Pilates | Lower Heights while researching top rated reformer pilates studios in Houston and noticed you're holding a 5 rating across 6 reviews. That's the kind of loyalty that usually means members are proud to be part of the studio, not just attending classes. We're Merch Maverick, a factory direct supplier of branded totes, mat bags, and studio apparel for pilates studios. We work without agency markups, so the pricing usually beats what local printers quote for the same quality. I can put together a free digital mockup of a CRÈME Pilates | Lower Heights branded tote within 48 hours. No cost and no obligation either way, it's yours to look at. Would it be alright if I sent that over? Faiaz
Merch Maverick
themerchmaverick.com"
Berlin Pilates Studio,info@berlinpilatesstudio.com,pilates,Berlin,DE,https://www.berlinpilatesstudio.com/,5,6,quick note for Berlin Pilates Studio,"Hi there, I came across Berlin Pilates Studio while researching top rated reformer pilates studios in Berlin and noticed you're holding a 5 rating across 6 reviews. That's the kind of loyalty that usually means members are proud to be part of the studio, not just attending classes. We're Merch Maverick, a factory direct supplier of branded totes, mat bags, and studio apparel for pilates studios. We work without agency markups, so the pricing usually beats what local printers quote for the same quality. I can put together a free digital mockup of a Berlin Pilates Studio branded tote within 48 hours. No cost and no obligation either way, it's yours to look at. Would it be alright if I sent that over? Faiaz
Merch Maverick
themerchmaverick.com"
OAK Pilates Studio,user@domain.com,pilates,Rotterdam,NL,https://www.oakpilatesstudio.com/,5,6,thought of OAK Pilates Studio for something,"Hi there, I came across OAK Pilates Studio while researching top rated reformer pilates studios in Rotterdam and noticed you're holding a 5 rating across 6 reviews. That's the kind of loyalty that usually means members are proud to be part of the studio, not just attending classes. We're Merch Maverick, a factory direct supplier of branded totes, mat bags, and studio apparel for pilates studios. We work without agency markups, so the pricing usually beats what local printers quote for the same quality. I can put together a free digital mockup of a OAK Pilates Studio branded tote within 48 hours. No cost and no obligation either way, it's yours to look at. Would it be alright if I sent that over? Faiaz
Merch Maverick
themerchmaverick.com"
Pilates Rotterdam,info@pilatesrotterdam.nl,pilates,Rotterdam,NL,http://pilatesrotterdam.nl/,5,6,"quick idea, Pilates Rotterdam","Hi there, I came across Pilates Rotterdam while researching top rated reformer pilates studios in Rotterdam and noticed you're holding a 5 rating across 6 reviews. That's the kind of loyalty that usually means members are proud to be part of the studio, not just attending classes. We're Merch Maverick, a factory direct supplier of branded totes, mat bags, and studio apparel for pilates studios. We work without agency markups, so the pricing usually beats what local printers quote for the same quality. I can put together a free digital mockup of a Pilates Rotterdam branded tote within 48 hours. No cost and no obligation either way, it's yours to look at. Would it be alright if I sent that over? Faiaz
Merch Maverick
themerchmaverick.com"
PLTS Reformer Pilates Nieuwe Binnenweg,info@plts.nl,pilates,Rotterdam,NL,https://www.plts.nl/,5,6,quick question about PLTS Reformer Pilates Nieuwe Binnenweg's retail shelf,"Hi there, I came across PLTS Reformer Pilates Nieuwe Binnenweg while researching top rated reformer pilates studios in Rotterdam and noticed you're holding a 5 rating across 6 reviews. That's the kind of loyalty that usually means members are proud to be part of the studio, not just attending classes. We're Merch Maverick, a factory direct supplier of branded totes, mat bags, and studio apparel for pilates studios. We work without agency markups, so the pricing usually beats what local printers quote for the same quality. I can put together a free digital mockup of a PLTS Reformer Pilates Nieuwe Binnenweg branded tote within 48 hours. No cost and no obligation either way, it's yours to look at. Would it be alright if I sent that over? Faiaz
Merch Maverick
themerchmaverick.com"
SheGO Pilates,info@shegopilates.com,pilates,Stockholm,SE,https://shegopilates.com/,5,6,quick idea for SheGO Pilates's members,"Hi there, I came across SheGO Pilates while researching top rated reformer pilates studios in Stockholm and noticed you're holding a 5 rating across 6 reviews. That's the kind of loyalty that usually means members are proud to be part of the studio, not just attending classes. We're Merch Maverick, a factory direct supplier of branded totes, mat bags, and studio apparel for pilates studios. We work without agency markups, so the pricing usually beats what local printers quote for the same quality. I can put together a free digital mockup of a SheGO Pilates branded tote within 48 hours. No cost and no obligation either way, it's yours to look at. Would it be alright if I sent that over? Faiaz
Merch Maverick
themerchmaverick.com"
MK Reformed Harborne - Reformer Pilates,info@mkhealthhub.co.uk,pilates,Birmingham,GB,https://www.mkreformed.com/,5,6,quick note for MK Reformed Harborne - Reformer Pilates,"Hi there, I came across MK Reformed Harborne - Reformer Pilates while researching top rated reformer pilates studios in Birmingham and noticed you're holding a 5 rating across 6 reviews. That's the kind of loyalty that usually means members are proud to be part of the studio, not just attending classes. We're Merch Maverick, a factory direct supplier of branded totes, mat bags, and studio apparel for pilates studios. We work without agency markups, so the pricing usually beats what local printers quote for the same quality. I can put together a free digital mockup of a MK Reformed Harborne - Reformer Pilates branded tote within 48 hours. No cost and no obligation either way, it's yours to look at. Would it be alright if I sent that over? Faiaz
Merch Maverick
themerchmaverick.com"
Edmonton Running Club,enquiries@edmontonrc.co.uk,run_club,London,GB,http://www.edmontonrc.co.uk/,5,6,thought of Edmonton Running Club for something,"Hi there, I came across Edmonton Running Club while researching top rated run clubs in London and noticed you're holding a 5 rating across 6 reviews. That kind of following usually means your crew is already repping your name everywhere they go. We're Merch Maverick, a factory direct supplier of branded team tees, caps, and run club apparel. No agency markups, just gear your crew will actually wear outside of race day. I can send over a free digital mockup of a Edmonton Running Club branded team tee within 48 hours. If it's not a fit, no cost and no obligation. Would it be okay if I sent that mockup your way? Faiaz
Merch Maverick
themerchmaverick.com"
MileShyClub Altrincham (Running Club),hello@mileshyclub.com,run_club,Manchester,GB,http://www.mileshyclub.com/,5,6,"quick idea, MileShyClub Altrincham (Running Club)","Hi there, I came across MileShyClub Altrincham (Running Club) while researching top rated run clubs in Manchester and noticed you're holding a 5 rating across 6 reviews. That kind of following usually means your crew is already repping your name everywhere they go. We're Merch Maverick, a factory direct supplier of branded team tees, caps, and run club apparel. No agency markups, just gear your crew will actually wear outside of race day. I can send over a free digital mockup of a MileShyClub Altrincham (Running Club) branded team tee within 48 hours. If it's not a fit, no cost and no obligation. Would it be okay if I sent that mockup your way? Faiaz
Merch Maverick
themerchmaverick.com"
Vital Athletic Recovery,owner@vitalathleticrecovery.com,cold_plunge,Dallas,US,https://www.vitalathleticrecovery.com/,5,6,quick question about Vital Athletic Recovery's retail shelf,"Hi there, I came across Vital Athletic Recovery while researching top rated cold plunge and sauna spaces in Dallas and noticed you're holding a 5 rating across 6 reviews. Numbers like that usually mean people leave talking about the experience, which is exactly the kind of thing branded gear tends to amplify. We're Merch Maverick, a factory direct supplier of branded robes, towels, and recovery hoodies for studios like yours, no agency markups, just your logo on gear members already want. I can send over a free digital mockup of a Vital Athletic Recovery branded robe within 48 hours. If it is not a fit, no cost and no obligation. Would it be okay if I sent that mockup your way? Faiaz
Merch Maverick
themerchmaverick.com"
Ice-Power Krioszauna,icepowerkrio@gmail.com,cold_plunge,Budapest,HU,https://ice-power.hu/,5,6,quick idea for Ice-Power Krioszauna's members,"Hi there, I came across Ice-Power Krioszauna while researching top rated cold plunge and sauna spaces in Budapest and noticed you're holding a 5 rating across 6 reviews. Numbers like that usually mean people leave talking about the experience, which is exactly the kind of thing branded gear tends to amplify. We're Merch Maverick, a factory direct supplier of branded robes, towels, and recovery hoodies for studios like yours, no agency markups, just your logo on gear members already want. I can send over a free digital mockup of a Ice-Power Krioszauna branded robe within 48 hours. If it is not a fit, no cost and no obligation. Would it be okay if I sent that mockup your way? Faiaz
Merch Maverick
themerchmaverick.com"
Solstice Wellness Centre,contact@solsticecentre.co.uk,sauna,Edinburgh,GB,https://www.solsticecentre.co.uk/,5,5,quick note for Solstice Wellness Centre,"Hi there, I came across Solstice Wellness Centre while researching top rated sauna studios in Edinburgh and noticed you're holding a 5 rating across 5 reviews. That kind of consistency usually means people leave your space wanting to take a piece of the experience home with them. We're Merch Maverick, a factory direct supplier for branded sauna hats, towels, and robes for studios like yours. No middlemen, no inflated agency pricing, just your logo on the exact ritual gear your members already associate with the experience. I'll put together a free digital mockup of a Solstice Wellness Centre branded wool felt sauna hat within 48 hours. If you don't love it, there's no cost and no obligation, it's yours to look at either way. Would it be okay if I sent that mockup over? Faiaz
Merch Maverick
themerchmaverick.com"
We Are Doon,hello@wearedoon.com,sauna,Edinburgh,GB,https://www.wearedoon.com/,5,5,thought of We Are Doon for something,"Hi there, I came across We Are Doon while researching top rated sauna studios in Edinburgh and noticed you're holding a 5 rating across 5 reviews. That kind of consistency usually means people leave your space wanting to take a piece of the experience home with them. We're Merch Maverick, a factory direct supplier for branded sauna hats, towels, and robes for studios like yours. No middlemen, no inflated agency pricing, just your logo on the exact ritual gear your members already associate with the experience. I'll put together a free digital mockup of a We Are Doon branded wool felt sauna hat within 48 hours. If you don't love it, there's no cost and no obligation, it's yours to look at either way. Would it be okay if I sent that mockup over? Faiaz
Merch Maverick
themerchmaverick.com"
Kink Pilates,hello@kinkpilates.com,pilates,Boston,US,https://kinkpilates.com/,5,5,"quick idea, Kink Pilates","Hi there, I came across Kink Pilates while researching top rated reformer pilates studios in Boston and noticed you're holding a 5 rating across 5 reviews. That's the kind of loyalty that usually means members are proud to be part of the studio, not just attending classes. We're Merch Maverick, a factory direct supplier of branded totes, mat bags, and studio apparel for pilates studios. We work without agency markups, so the pricing usually beats what local printers quote for the same quality. I can put together a free digital mockup of a Kink Pilates branded tote within 48 hours. No cost and no obligation either way, it's yours to look at. Would it be alright if I sent that over? Faiaz
Merch Maverick
themerchmaverick.com"
Pilates Stockholm,user@domain.com,pilates,Stockholm,SE,http://www.pilatesstockholm.com/,5,5,quick question about Pilates Stockholm's retail shelf,"Hi there, I came across Pilates Stockholm while researching top rated reformer pilates studios in Stockholm and noticed you're holding a 5 rating across 5 reviews. That's the kind of loyalty that usually means members are proud to be part of the studio, not just attending classes. We're Merch Maverick, a factory direct supplier of branded totes, mat bags, and studio apparel for pilates studios. We work without agency markups, so the pricing usually beats what local printers quote for the same quality. I can put together a free digital mockup of a Pilates Stockholm branded tote within 48 hours. No cost and no obligation either way, it's yours to look at. Would it be alright if I sent that over? Faiaz
Merch Maverick
themerchmaverick.com"
Feal,hello@fealpilates.com,pilates,Birmingham,GB,https://www.fealpilates.com/,5,5,quick idea for Feal's members,"Hi there, I came across Feal while researching top rated reformer pilates studios in Birmingham and noticed you're holding a 5 rating across 5 reviews. That's the kind of loyalty that usually means members are proud to be part of the studio, not just attending classes. We're Merch Maverick, a factory direct supplier of branded totes, mat bags, and studio apparel for pilates studios. We work without agency markups, so the pricing usually beats what local printers quote for the same quality. I can put together a free digital mockup of a Feal branded tote within 48 hours. No cost and no obligation either way, it's yours to look at. Would it be alright if I sent that over? Faiaz
Merch Maverick
themerchmaverick.com"
East End Pilates.,fitness@bluevale.cc,pilates,Glasgow,GB,https://www.bluevale.cc/pilates,5,5,quick note for East End Pilates.,"Hi there, I came across East End Pilates. while researching top rated reformer pilates studios in Glasgow and noticed you're holding a 5 rating across 5 reviews. That's the kind of loyalty that usually means members are proud to be part of the studio, not just attending classes. We're Merch Maverick, a factory direct supplier of branded totes, mat bags, and studio apparel for pilates studios. We work without agency markups, so the pricing usually beats what local printers quote for the same quality. I can put together a free digital mockup of a East End Pilates. branded tote within 48 hours. No cost and no obligation either way, it's yours to look at. Would it be alright if I sent that over? Faiaz
Merch Maverick
themerchmaverick.com"
KRAFT Runners,hallo@kraftrunners.de,run_club,Frankfurt,DE,https://kraftrunners.de/frankfurt,5,5,thought of KRAFT Runners for something,"Hi there, I came across KRAFT Runners while researching top rated run clubs in Frankfurt and noticed you're holding a 5 rating across 5 reviews. That kind of following usually means your crew is already repping your name everywhere they go. We're Merch Maverick, a factory direct supplier of branded team tees, caps, and run club apparel. No agency markups, just gear your crew will actually wear outside of race day. I can send over a free digital mockup of a KRAFT Runners branded team tee within 48 hours. If it's not a fit, no cost and no obligation. Would it be okay if I sent that mockup your way? Faiaz
Merch Maverick
themerchmaverick.com"
MileShyClub Wythenshawe (Running Club),hello@mileshyclub.com,run_club,Manchester,GB,http://www.mileshyclub.com/,5,5,"quick idea, MileShyClub Wythenshawe (Running Club)","Hi there, I came across MileShyClub Wythenshawe (Running Club) while researching top rated run clubs in Manchester and noticed you're holding a 5 rating across 5 reviews. That kind of following usually means your crew is already repping your name everywhere they go. We're Merch Maverick, a factory direct supplier of branded team tees, caps, and run club apparel. No agency markups, just gear your crew will actually wear outside of race day. I can send over a free digital mockup of a MileShyClub Wythenshawe (Running Club) branded team tee within 48 hours. If it's not a fit, no cost and no obligation. Would it be okay if I sent that mockup your way? Faiaz
Merch Maverick
themerchmaverick.com"
Solstice Wellness Centre,contact@solsticecentre.co.uk,cold_plunge,Edinburgh,GB,https://www.solsticecentre.co.uk/,5,5,quick question about Solstice Wellness Centre's retail shelf,"Hi there, I came across Solstice Wellness Centre while researching top rated cold plunge and sauna spaces in Edinburgh and noticed you're holding a 5 rating across 5 reviews. Numbers like that usually mean people leave talking about the experience, which is exactly the kind of thing branded gear tends to amplify. We're Merch Maverick, a factory direct supplier of branded robes, towels, and recovery hoodies for studios like yours, no agency markups, just your logo on gear members already want. I can send over a free digital mockup of a Solstice Wellness Centre branded robe within 48 hours. If it is not a fit, no cost and no obligation. Would it be okay if I sent that mockup your way? Faiaz
Merch Maverick
themerchmaverick.com"
Bell's Head Spa,user@domain.com,sauna,Anaheim,US,https://www.bellsheadspa.com/,5,4,quick idea for Bell's Head Spa's members,"Hi there, I came across Bell's Head Spa while researching top rated sauna studios in Anaheim and noticed you're holding a 5 rating across 4 reviews. That kind of consistency usually means people leave your space wanting to take a piece of the experience home with them. We're Merch Maverick, a factory direct supplier for branded sauna hats, towels, and robes for studios like yours. No middlemen, no inflated agency pricing, just your logo on the exact ritual gear your members already associate with the experience. I'll put together a free digital mockup of a Bell's Head Spa branded wool felt sauna hat within 48 hours. If you don't love it, there's no cost and no obligation, it's yours to look at either way. Would it be okay if I sent that mockup over? Faiaz
Merch Maverick
themerchmaverick.com"
Pulse Lagree,connect@pulselagreestudio.com,pilates,Anaheim,US,https://www.pulselagreestudio.com/,5,4,quick note for Pulse Lagree,"Hi there, I came across Pulse Lagree while researching top rated reformer pilates studios in Anaheim and noticed you're holding a 5 rating across 4 reviews. That's the kind of loyalty that usually means members are proud to be part of the studio, not just attending classes. We're Merch Maverick, a factory direct supplier of branded totes, mat bags, and studio apparel for pilates studios. We work without agency markups, so the pricing usually beats what local printers quote for the same quality. I can put together a free digital mockup of a Pulse Lagree branded tote within 48 hours. No cost and no obligation either way, it's yours to look at. Would it be alright if I sent that over? Faiaz
Merch Maverick
themerchmaverick.com"
Reformer Pilates suite,reformerpilatessuite@gmail.com,pilates,Glasgow,GB,https://www.reformerpilatessuite.co.uk/,5,4,thought of Reformer Pilates suite for something,"Hi there, I came across Reformer Pilates suite while researching top rated reformer pilates studios in Glasgow and noticed you're holding a 5 rating across 4 reviews. That's the kind of loyalty that usually means members are proud to be part of the studio, not just attending classes. We're Merch Maverick, a factory direct supplier of branded totes, mat bags, and studio apparel for pilates studios. We work without agency markups, so the pricing usually beats what local printers quote for the same quality. I can put together a free digital mockup of a Reformer Pilates suite branded tote within 48 hours. No cost and no obligation either way, it's yours to look at. Would it be alright if I sent that over? Faiaz
Merch Maverick
themerchmaverick.com"
Lunalove Pilates Glasgow,hello@lunalovepilates.com,pilates,Glasgow,GB,https://lunalovepilates.com/,5,4,"quick idea, Lunalove Pilates Glasgow","Hi there, I came across Lunalove Pilates Glasgow while researching top rated reformer pilates studios in Glasgow and noticed you're holding a 5 rating across 4 reviews. That's the kind of loyalty that usually means members are proud to be part of the studio, not just attending classes. We're Merch Maverick, a factory direct supplier of branded totes, mat bags, and studio apparel for pilates studios. We work without agency markups, so the pricing usually beats what local printers quote for the same quality. I can put together a free digital mockup of a Lunalove Pilates Glasgow branded tote within 48 hours. No cost and no obligation either way, it's yours to look at. Would it be alright if I sent that over? Faiaz
Merch Maverick
themerchmaverick.com"
Movement Reset Studio,user@domain.com,pilates,Bristol,GB,https://www.movementresetstudio.co.uk/,5,4,quick question about Movement Reset Studio's retail shelf,"Hi there, I came across Movement Reset Studio while researching top rated reformer pilates studios in Bristol and noticed you're holding a 5 rating across 4 reviews. That's the kind of loyalty that usually means members are proud to be part of the studio, not just attending classes. We're Merch Maverick, a factory direct supplier of branded totes, mat bags, and studio apparel for pilates studios. We work without agency markups, so the pricing usually beats what local printers quote for the same quality. I can put together a free digital mockup of a Movement Reset Studio branded tote within 48 hours. No cost and no obligation either way, it's yours to look at. Would it be alright if I sent that over? Faiaz
Merch Maverick
themerchmaverick.com"
MRRC München Road Runners Club e.V.,info@mrrc.de,run_club,Munich,DE,http://www.mrrc.de/,5,4,quick idea for MRRC München Road Runners Club e.V.'s members,"Hi there, I came across MRRC München Road Runners Club e.V. while researching top rated run clubs in Munich and noticed you're holding a 5 rating across 4 reviews. That kind of following usually means your crew is already repping your name everywhere they go. We're Merch Maverick, a factory direct supplier of branded team tees, caps, and run club apparel. No agency markups, just gear your crew will actually wear outside of race day. I can send over a free digital mockup of a MRRC München Road Runners Club e.V. branded team tee within 48 hours. If it's not a fit, no cost and no obligation. Would it be okay if I sent that mockup your way? Faiaz
Merch Maverick
themerchmaverick.com"
Benefit - Private Gym & Sauna,hello@benefit-gym.de,sauna,Munich,DE,https://www.benefit-gym.de/,5,3,quick note for Benefit - Private Gym & Sauna,"Hi there, I came across Benefit - Private Gym & Sauna while researching top rated sauna studios in Munich and noticed you're holding a 5 rating across 3 reviews. That kind of consistency usually means people leave your space wanting to take a piece of the experience home with them. We're Merch Maverick, a factory direct supplier for branded sauna hats, towels, and robes for studios like yours. No middlemen, no inflated agency pricing, just your logo on the exact ritual gear your members already associate with the experience. I'll put together a free digital mockup of a Benefit - Private Gym & Sauna branded wool felt sauna hat within 48 hours. If you don't love it, there's no cost and no obligation, it's yours to look at either way. Would it be okay if I sent that mockup over? Faiaz
Merch Maverick
themerchmaverick.com"
Graduate Pilates,corie@graduatepilates.com,pilates,Nashville,US,https://graduatepilates.com/,5,3,thought of Graduate Pilates for something,"Hi there, I came across Graduate Pilates while researching top rated reformer pilates studios in Nashville and noticed you're holding a 5 rating across 3 reviews. That's the kind of loyalty that usually means members are proud to be part of the studio, not just attending classes. We're Merch Maverick, a factory direct supplier of branded totes, mat bags, and studio apparel for pilates studios. We work without agency markups, so the pricing usually beats what local printers quote for the same quality. I can put together a free digital mockup of a Graduate Pilates branded tote within 48 hours. No cost and no obligation either way, it's yours to look at. Would it be alright if I sent that over? Faiaz
Merch Maverick
themerchmaverick.com"
Après Sea Pilates,info@apresseapilates.com,pilates,Boston,US,https://apresseapilates.com/,5,3,"quick idea, Après Sea Pilates","Hi there, I came across Après Sea Pilates while researching top rated reformer pilates studios in Boston and noticed you're holding a 5 rating across 3 reviews. That's the kind of loyalty that usually means members are proud to be part of the studio, not just attending classes. We're Merch Maverick, a factory direct supplier of branded totes, mat bags, and studio apparel for pilates studios. We work without agency markups, so the pricing usually beats what local printers quote for the same quality. I can put together a free digital mockup of a Après Sea Pilates branded tote within 48 hours. No cost and no obligation either way, it's yours to look at. Would it be alright if I sent that over? Faiaz
Merch Maverick
themerchmaverick.com"
Simply Balanced Pilates Studio,info@simplybalanced.com,pilates,San Francisco,US,http://www.simplybalanced.com/,5,3,quick question about Simply Balanced Pilates Studio's retail shelf,"Hi there, I came across Simply Balanced Pilates Studio while researching top rated reformer pilates studios in San Francisco and noticed you're holding a 5 rating across 3 reviews. That's the kind of loyalty that usually means members are proud to be part of the studio, not just attending classes. We're Merch Maverick, a factory direct supplier of branded totes, mat bags, and studio apparel for pilates studios. We work without agency markups, so the pricing usually beats what local printers quote for the same quality. I can put together a free digital mockup of a Simply Balanced Pilates Studio branded tote within 48 hours. No cost and no obligation either way, it's yours to look at. Would it be alright if I sent that over? Faiaz
Merch Maverick
themerchmaverick.com"
Pilates society,info@pilatessociety.nl,pilates,Rotterdam,NL,https://www.pilatessociety.nl/,5,3,quick idea for Pilates society's members,"Hi there, I came across Pilates society while researching top rated reformer pilates studios in Rotterdam and noticed you're holding a 5 rating across 3 reviews. That's the kind of loyalty that usually means members are proud to be part of the studio, not just attending classes. We're Merch Maverick, a factory direct supplier of branded totes, mat bags, and studio apparel for pilates studios. We work without agency markups, so the pricing usually beats what local printers quote for the same quality. I can put together a free digital mockup of a Pilates society branded tote within 48 hours. No cost and no obligation either way, it's yours to look at. Would it be alright if I sent that over? Faiaz
Merch Maverick
themerchmaverick.com"
Studio Orm Pilates,info@mysite.com,pilates,Stockholm,SE,http://www.studioorm.se/,5,3,quick note for Studio Orm Pilates,"Hi there, I came across Studio Orm Pilates while researching top rated reformer pilates studios in Stockholm and noticed you're holding a 5 rating across 3 reviews. That's the kind of loyalty that usually means members are proud to be part of the studio, not just attending classes. We're Merch Maverick, a factory direct supplier of branded totes, mat bags, and studio apparel for pilates studios. We work without agency markups, so the pricing usually beats what local printers quote for the same quality. I can put together a free digital mockup of a Studio Orm Pilates branded tote within 48 hours. No cost and no obligation either way, it's yours to look at. Would it be alright if I sent that over? Faiaz
Merch Maverick
themerchmaverick.com"
Reformer Pilates Suite Paisley,reformerpilatessuite@gmail.com,pilates,Glasgow,GB,https://www.reformerpilatessuite.co.uk/,5,3,thought of Reformer Pilates Suite Paisley for something,"Hi there, I came across Reformer Pilates Suite Paisley while researching top rated reformer pilates studios in Glasgow and noticed you're holding a 5 rating across 3 reviews. That's the kind of loyalty that usually means members are proud to be part of the studio, not just attending classes. We're Merch Maverick, a factory direct supplier of branded totes, mat bags, and studio apparel for pilates studios. We work without agency markups, so the pricing usually beats what local printers quote for the same quality. I can put together a free digital mockup of a Reformer Pilates Suite Paisley branded tote within 48 hours. No cost and no obligation either way, it's yours to look at. Would it be alright if I sent that over? Faiaz
Merch Maverick
themerchmaverick.com"
Renegade Reformer,studio@renegadereformer.co.uk,pilates,Bristol,GB,https://www.renegadereformer.co.uk/,5,3,"quick idea, Renegade Reformer","Hi there, I came across Renegade Reformer while researching top rated reformer pilates studios in Bristol and noticed you're holding a 5 rating across 3 reviews. That's the kind of loyalty that usually means members are proud to be part of the studio, not just attending classes. We're Merch Maverick, a factory direct supplier of branded totes, mat bags, and studio apparel for pilates studios. We work without agency markups, so the pricing usually beats what local printers quote for the same quality. I can put together a free digital mockup of a Renegade Reformer branded tote within 48 hours. No cost and no obligation either way, it's yours to look at. Would it be alright if I sent that over? Faiaz
Merch Maverick
themerchmaverick.com"
Run Free Running Club LLC,example@mysite.com,run_club,Los Angeles,US,http://www.runfreerunningclub.net/,5,3,quick question about Run Free Running Club LLC's retail shelf,"Hi there, I came across Run Free Running Club LLC while researching top rated run clubs in Los Angeles and noticed you're holding a 5 rating across 3 reviews. That kind of following usually means your crew is already repping your name everywhere they go. We're Merch Maverick, a factory direct supplier of branded team tees, caps, and run club apparel. No agency markups, just gear your crew will actually wear outside of race day. I can send over a free digital mockup of a Run Free Running Club LLC branded team tee within 48 hours. If it's not a fit, no cost and no obligation. Would it be okay if I sent that mockup your way? Faiaz
Merch Maverick
themerchmaverick.com"
TRC - The Run Club | Móstoles,contacto@therunclub.es,run_club,Madrid,ES,https://therunclub.es/club-de-corredores-mostoles/,5,3,quick idea for TRC - The Run Club | Móstoles's members,"Hi there, I came across TRC - The Run Club | Móstoles while researching top rated run clubs in Madrid and noticed you're holding a 5 rating across 3 reviews. That kind of following usually means your crew is already repping your name everywhere they go. We're Merch Maverick, a factory direct supplier of branded team tees, caps, and run club apparel. No agency markups, just gear your crew will actually wear outside of race day. I can send over a free digital mockup of a TRC - The Run Club | Móstoles branded team tee within 48 hours. If it's not a fit, no cost and no obligation. Would it be okay if I sent that mockup your way? Faiaz
Merch Maverick
themerchmaverick.com"
PALS coffee & run club,friends@heypal.de,run_club,Cologne,DE,https://heypal.de/,5,3,quick note for PALS coffee & run club,"Hi there, I came across PALS coffee & run club while researching top rated run clubs in Cologne and noticed you're holding a 5 rating across 3 reviews. That kind of following usually means your crew is already repping your name everywhere they go. We're Merch Maverick, a factory direct supplier of branded team tees, caps, and run club apparel. No agency markups, just gear your crew will actually wear outside of race day. I can send over a free digital mockup of a PALS coffee & run club branded team tee within 48 hours. If it's not a fit, no cost and no obligation. Would it be okay if I sent that mockup your way? Faiaz
Merch Maverick
themerchmaverick.com"
Chorlton Runners,comms@chorltonrunners.co.uk,run_club,Manchester,GB,http://www.chorltonrunners.co.uk/,5,3,thought of Chorlton Runners for something,"Hi there, I came across Chorlton Runners while researching top rated run clubs in Manchester and noticed you're holding a 5 rating across 3 reviews. That kind of following usually means your crew is already repping your name everywhere they go. We're Merch Maverick, a factory direct supplier of branded team tees, caps, and run club apparel. No agency markups, just gear your crew will actually wear outside of race day. I can send over a free digital mockup of a Chorlton Runners branded team tee within 48 hours. If it's not a fit, no cost and no obligation. Would it be okay if I sent that mockup your way? Faiaz
Merch Maverick
themerchmaverick.com"
"The Ice Well, LLC",melissa@the-icewell.com,cold_plunge,Anaheim,US,https://www.the-icewell.com/,5,3,"quick idea, The Ice Well, LLC","Hi there, I came across The Ice Well, LLC while researching top rated cold plunge and sauna spaces in Anaheim and noticed you're holding a 5 rating across 3 reviews. Numbers like that usually mean people leave talking about the experience, which is exactly the kind of thing branded gear tends to amplify. We're Merch Maverick, a factory direct supplier of branded robes, towels, and recovery hoodies for studios like yours, no agency markups, just your logo on gear members already want. I can send over a free digital mockup of a The Ice Well, LLC branded robe within 48 hours. If it is not a fit, no cost and no obligation. Would it be okay if I sent that mockup your way? Faiaz
Merch Maverick
themerchmaverick.com"
"Wellness & Awakening Dimension - Cold Plunge, Infrared Sauna, Red Light Therapy, Meditation, Reiki, PEMF",info@ocbodyclinic.com,sauna,Anaheim,US,https://www.ocbodyclinic.com/wellness-and-recovery-center-brea-ca-cold-plunge-infrared-sauna-pemf-reiki-red-light-therapy-calisthenics-meditation-room,5,2,"quick question about Wellness & Awakening Dimension - Cold Plunge, Infrared Sauna, Red Light Therapy, Meditation, Reiki, PEMF's retail shelf","Hi there, I came across Wellness & Awakening Dimension - Cold Plunge, Infrared Sauna, Red Light Therapy, Meditation, Reiki, PEMF while researching top rated sauna studios in Anaheim and noticed you're holding a 5 rating across 2 reviews. That kind of consistency usually means people leave your space wanting to take a piece of the experience home with them. We're Merch Maverick, a factory direct supplier for branded sauna hats, towels, and robes for studios like yours. No middlemen, no inflated agency pricing, just your logo on the exact ritual gear your members already associate with the experience. I'll put together a free digital mockup of a Wellness & Awakening Dimension - Cold Plunge, Infrared Sauna, Red Light Therapy, Meditation, Reiki, PEMF branded wool felt sauna hat within 48 hours. If you don't love it, there's no cost and no obligation, it's yours to look at either way. Would it be okay if I sent that mockup over? Faiaz
Merch Maverick
themerchmaverick.com"
Fire and Ice Sauna Experience,info@stagheaddesigns.com,sauna,Chicago,US,https://thunder-domes.com/pages/fire-ice-sauna-experience-at-north-ave-beach,5,2,quick idea for Fire and Ice Sauna Experience's members,"Hi there, I came across Fire and Ice Sauna Experience while researching top rated sauna studios in Chicago and noticed you're holding a 5 rating across 2 reviews. That kind of consistency usually means people leave your space wanting to take a piece of the experience home with them. We're Merch Maverick, a factory direct supplier for branded sauna hats, towels, and robes for studios like yours. No middlemen, no inflated agency pricing, just your logo on the exact ritual gear your members already associate with the experience. I'll put together a free digital mockup of a Fire and Ice Sauna Experience branded wool felt sauna hat within 48 hours. If you don't love it, there's no cost and no obligation, it's yours to look at either way. Would it be okay if I sent that mockup over? Faiaz
Merch Maverick
themerchmaverick.com"
Warma Sauna,info@warmasauna.co.uk,sauna,Birmingham,GB,https://warmasauna.co.uk/,5,2,quick note for Warma Sauna,"Hi there, I came across Warma Sauna while researching top rated sauna studios in Birmingham and noticed you're holding a 5 rating across 2 reviews. That kind of consistency usually means people leave your space wanting to take a piece of the experience home with them. We're Merch Maverick, a factory direct supplier for branded sauna hats, towels, and robes for studios like yours. No middlemen, no inflated agency pricing, just your logo on the exact ritual gear your members already associate with the experience. I'll put together a free digital mockup of a Warma Sauna branded wool felt sauna hat within 48 hours. If you don't love it, there's no cost and no obligation, it's yours to look at either way. Would it be okay if I sent that mockup over? Faiaz
Merch Maverick
themerchmaverick.com"
True Pilates San Francisco,specs.stores.fixnavig@ion.sposition,pilates,San Francisco,US,http://www.truepilatessf.com/,5,2,thought of True Pilates San Francisco for something,"Hi there, I came across True Pilates San Francisco while researching top rated reformer pilates studios in San Francisco and noticed you're holding a 5 rating across 2 reviews. That's the kind of loyalty that usually means members are proud to be part of the studio, not just attending classes. We're Merch Maverick, a factory direct supplier of branded totes, mat bags, and studio apparel for pilates studios. We work without agency markups, so the pricing usually beats what local printers quote for the same quality. I can put together a free digital mockup of a True Pilates San Francisco branded tote within 48 hours. No cost and no obligation either way, it's yours to look at. Would it be alright if I sent that over? Faiaz
Merch Maverick
themerchmaverick.com"
Wijs Health - Pilates Amsterdam Noord,info@wijs.fit,pilates,Amsterdam,NL,https://www.wijs.fit/,5,2,"quick idea, Wijs Health - Pilates Amsterdam Noord","Hi there, I came across Wijs Health - Pilates Amsterdam Noord while researching top rated reformer pilates studios in Amsterdam and noticed you're holding a 5 rating across 2 reviews. That's the kind of loyalty that usually means members are proud to be part of the studio, not just attending classes. We're Merch Maverick, a factory direct supplier of branded totes, mat bags, and studio apparel for pilates studios. We work without agency markups, so the pricing usually beats what local printers quote for the same quality. I can put together a free digital mockup of a Wijs Health - Pilates Amsterdam Noord branded tote within 48 hours. No cost and no obligation either way, it's yours to look at. Would it be alright if I sent that over? Faiaz
Merch Maverick
themerchmaverick.com"
Classy Pilates Sachsenhausen,info@classyfitness.de,pilates,Frankfurt,DE,https://www.classypilates.de/,5,2,quick question about Classy Pilates Sachsenhausen's retail shelf,"Hi there, I came across Classy Pilates Sachsenhausen while researching top rated reformer pilates studios in Frankfurt and noticed you're holding a 5 rating across 2 reviews. That's the kind of loyalty that usually means members are proud to be part of the studio, not just attending classes. We're Merch Maverick, a factory direct supplier of branded totes, mat bags, and studio apparel for pilates studios. We work without agency markups, so the pricing usually beats what local printers quote for the same quality. I can put together a free digital mockup of a Classy Pilates Sachsenhausen branded tote within 48 hours. No cost and no obligation either way, it's yours to look at. Would it be alright if I sent that over? Faiaz
Merch Maverick
themerchmaverick.com"
Village Reformer,hello@villagereformer.co.uk,pilates,Birmingham,GB,https://www.villagereformer.co.uk/,5,2,quick idea for Village Reformer's members,"Hi there, I came across Village Reformer while researching top rated reformer pilates studios in Birmingham and noticed you're holding a 5 rating across 2 reviews. That's the kind of loyalty that usually means members are proud to be part of the studio, not just attending classes. We're Merch Maverick, a factory direct supplier of branded totes, mat bags, and studio apparel for pilates studios. We work without agency markups, so the pricing usually beats what local printers quote for the same quality. I can put together a free digital mockup of a Village Reformer branded tote within 48 hours. No cost and no obligation either way, it's yours to look at. Would it be alright if I sent that over? Faiaz
Merch Maverick
themerchmaverick.com"
sóma reformer,specs.stores.fixnavig@ion.sposition,pilates,Edinburgh,GB,https://www.somareformer.co.uk/,5,2,quick note for sóma reformer,"Hi there, I came across sóma reformer while researching top rated reformer pilates studios in Edinburgh and noticed you're holding a 5 rating across 2 reviews. That's the kind of loyalty that usually means members are proud to be part of the studio, not just attending classes. We're Merch Maverick, a factory direct supplier of branded totes, mat bags, and studio apparel for pilates studios. We work without agency markups, so the pricing usually beats what local printers quote for the same quality. I can put together a free digital mockup of a sóma reformer branded tote within 48 hours. No cost and no obligation either way, it's yours to look at. Would it be alright if I sent that over? Faiaz
Merch Maverick
themerchmaverick.com"
MileShyClub Salford Quays (Running Club),hello@mileshyclub.com,run_club,Manchester,GB,http://www.mileshyclub.com/,5,2,thought of MileShyClub Salford Quays (Running Club) for something,"Hi there, I came across MileShyClub Salford Quays (Running Club) while researching top rated run clubs in Manchester and noticed you're holding a 5 rating across 2 reviews. That kind of following usually means your crew is already repping your name everywhere they go. We're Merch Maverick, a factory direct supplier of branded team tees, caps, and run club apparel. No agency markups, just gear your crew will actually wear outside of race day. I can send over a free digital mockup of a MileShyClub Salford Quays (Running Club) branded team tee within 48 hours. If it's not a fit, no cost and no obligation. Would it be okay if I sent that mockup your way? Faiaz
Merch Maverick
themerchmaverick.com"
Balsall Common Run Club,chairbcrc2014@gmail.com,run_club,Birmingham,GB,https://balsallcommonrunclub.co.uk/,5,2,"quick idea, Balsall Common Run Club","Hi there, I came across Balsall Common Run Club while researching top rated run clubs in Birmingham and noticed you're holding a 5 rating across 2 reviews. That kind of following usually means your crew is already repping your name everywhere they go. We're Merch Maverick, a factory direct supplier of branded team tees, caps, and run club apparel. No agency markups, just gear your crew will actually wear outside of race day. I can send over a free digital mockup of a Balsall Common Run Club branded team tee within 48 hours. If it's not a fit, no cost and no obligation. Would it be okay if I sent that mockup your way? Faiaz
Merch Maverick
themerchmaverick.com"
Bellahouston Road Runners,info@bellahoustonroadrunners.co.uk,run_club,Glasgow,GB,https://www.bellahoustonroadrunners.co.uk/join-us/,5,2,quick question about Bellahouston Road Runners's retail shelf,"Hi there, I came across Bellahouston Road Runners while researching top rated run clubs in Glasgow and noticed you're holding a 5 rating across 2 reviews. That kind of following usually means your crew is already repping your name everywhere they go. We're Merch Maverick, a factory direct supplier of branded team tees, caps, and run club apparel. No agency markups, just gear your crew will actually wear outside of race day. I can send over a free digital mockup of a Bellahouston Road Runners branded team tee within 48 hours. If it's not a fit, no cost and no obligation. Would it be okay if I sent that mockup your way? Faiaz
Merch Maverick
themerchmaverick.com"
Bitton Road Runners,committee@bittonroadrunners.co.uk,run_club,Bristol,GB,http://www.bittonroadrunners.co.uk/,5,2,quick idea for Bitton Road Runners's members,"Hi there, I came across Bitton Road Runners while researching top rated run clubs in Bristol and noticed you're holding a 5 rating across 2 reviews. That kind of following usually means your crew is already repping your name everywhere they go. We're Merch Maverick, a factory direct supplier of branded team tees, caps, and run club apparel. No agency markups, just gear your crew will actually wear outside of race day. I can send over a free digital mockup of a Bitton Road Runners branded team tee within 48 hours. If it's not a fit, no cost and no obligation. Would it be okay if I sent that mockup your way? Faiaz
Merch Maverick
themerchmaverick.com"
"Wellness & Awakening Dimension - Cold Plunge, Infrared Sauna, Red Light Therapy, Meditation, Reiki, PEMF",info@ocbodyclinic.com,cold_plunge,Anaheim,US,https://www.ocbodyclinic.com/wellness-and-recovery-center-brea-ca-cold-plunge-infrared-sauna-pemf-reiki-red-light-therapy-calisthenics-meditation-room,5,2,"quick note for Wellness & Awakening Dimension - Cold Plunge, Infrared Sauna, Red Light Therapy, Meditation, Reiki, PEMF","Hi there, I came across Wellness & Awakening Dimension - Cold Plunge, Infrared Sauna, Red Light Therapy, Meditation, Reiki, PEMF while researching top rated cold plunge and sauna spaces in Anaheim and noticed you're holding a 5 rating across 2 reviews. Numbers like that usually mean people leave talking about the experience, which is exactly the kind of thing branded gear tends to amplify. We're Merch Maverick, a factory direct supplier of branded robes, towels, and recovery hoodies for studios like yours, no agency markups, just your logo on gear members already want. I can send over a free digital mockup of a Wellness & Awakening Dimension - Cold Plunge, Infrared Sauna, Red Light Therapy, Meditation, Reiki, PEMF branded robe within 48 hours. If it is not a fit, no cost and no obligation. Would it be okay if I sent that mockup your way? Faiaz
Merch Maverick
themerchmaverick.com"
Fire and Ice Sauna Experience,info@stagheaddesigns.com,cold_plunge,Chicago,US,https://thunder-domes.com/pages/fire-ice-sauna-experience-at-north-ave-beach,5,2,thought of Fire and Ice Sauna Experience for something,"Hi there, I came across Fire and Ice Sauna Experience while researching top rated cold plunge and sauna spaces in Chicago and noticed you're holding a 5 rating across 2 reviews. Numbers like that usually mean people leave talking about the experience, which is exactly the kind of thing branded gear tends to amplify. We're Merch Maverick, a factory direct supplier of branded robes, towels, and recovery hoodies for studios like yours, no agency markups, just your logo on gear members already want. I can send over a free digital mockup of a Fire and Ice Sauna Experience branded robe within 48 hours. If it is not a fit, no cost and no obligation. Would it be okay if I sent that mockup your way? Faiaz
Merch Maverick
themerchmaverick.com"
Kryosauna Frankfurt/ Kältekammer/ Kältesauna/ Kältetherapie,info@kryosauna-frankfurt.de,cold_plunge,Frankfurt,DE,https://www.kryosauna-frankfurt.de/,5,2,"quick idea, Kryosauna Frankfurt/ Kältekammer/ Kältesauna/ Kältetherapie","Hi there, I came across Kryosauna Frankfurt/ Kältekammer/ Kältesauna/ Kältetherapie while researching top rated cold plunge and sauna spaces in Frankfurt and noticed you're holding a 5 rating across 2 reviews. Numbers like that usually mean people leave talking about the experience, which is exactly the kind of thing branded gear tends to amplify. We're Merch Maverick, a factory direct supplier of branded robes, towels, and recovery hoodies for studios like yours, no agency markups, just your logo on gear members already want. I can send over a free digital mockup of a Kryosauna Frankfurt/ Kältekammer/ Kältesauna/ Kältetherapie branded robe within 48 hours. If it is not a fit, no cost and no obligation. Would it be okay if I sent that mockup your way? Faiaz
Merch Maverick
themerchmaverick.com"
Centre de Cryotherapie,help.fr@booksy.com,cold_plunge,Paris,FR,https://app.kiute.com/biozen/category/5198543321038848,5,2,quick question about Centre de Cryotherapie's retail shelf,"Hi there, I came across Centre de Cryotherapie while researching top rated cold plunge and sauna spaces in Paris and noticed you're holding a 5 rating across 2 reviews. Numbers like that usually mean people leave talking about the experience, which is exactly the kind of thing branded gear tends to amplify. We're Merch Maverick, a factory direct supplier of branded robes, towels, and recovery hoodies for studios like yours, no agency markups, just your logo on gear members already want. I can send over a free digital mockup of a Centre de Cryotherapie branded robe within 48 hours. If it is not a fit, no cost and no obligation. Would it be okay if I sent that mockup your way? Faiaz
Merch Maverick
themerchmaverick.com"
Sauna Wheels,contact@saunawheels.com,sauna,Washington,US,https://www.saunawheels.com/,5,1,quick idea for Sauna Wheels's members,"Hi there, I came across Sauna Wheels while researching top rated sauna studios in Washington and noticed you're holding a 5 rating across 1 reviews. That kind of consistency usually means people leave your space wanting to take a piece of the experience home with them. We're Merch Maverick, a factory direct supplier for branded sauna hats, towels, and robes for studios like yours. No middlemen, no inflated agency pricing, just your logo on the exact ritual gear your members already associate with the experience. I'll put together a free digital mockup of a Sauna Wheels branded wool felt sauna hat within 48 hours. If you don't love it, there's no cost and no obligation, it's yours to look at either way. Would it be okay if I sent that mockup over? Faiaz
Merch Maverick
themerchmaverick.com"
Cold Plunge Austin,specs.stores.fixnavig@ion.sposition,sauna,Austin,US,http://www.coldplungeaustintexas.com/,5,1,quick note for Cold Plunge Austin,"Hi there, I came across Cold Plunge Austin while researching top rated sauna studios in Austin and noticed you're holding a 5 rating across 1 reviews. That kind of consistency usually means people leave your space wanting to take a piece of the experience home with them. We're Merch Maverick, a factory direct supplier for branded sauna hats, towels, and robes for studios like yours. No middlemen, no inflated agency pricing, just your logo on the exact ritual gear your members already associate with the experience. I'll put together a free digital mockup of a Cold Plunge Austin branded wool felt sauna hat within 48 hours. If you don't love it, there's no cost and no obligation, it's yours to look at either way. Would it be okay if I sent that mockup over? Faiaz
Merch Maverick
themerchmaverick.com"
Pilates Studio Bellevue & Craniosacral,specs.stores.fixnavig@ion.sposition,pilates,Washington,US,http://maliamazzei.com/,5,1,thought of Pilates Studio Bellevue & Craniosacral for something,"Hi there, I came across Pilates Studio Bellevue & Craniosacral while researching top rated reformer pilates studios in Washington and noticed you're holding a 5 rating across 1 reviews. That's the kind of loyalty that usually means members are proud to be part of the studio, not just attending classes. We're Merch Maverick, a factory direct supplier of branded totes, mat bags, and studio apparel for pilates studios. We work without agency markups, so the pricing usually beats what local printers quote for the same quality. I can put together a free digital mockup of a Pilates Studio Bellevue & Craniosacral branded tote within 48 hours. No cost and no obligation either way, it's yours to look at. Would it be alright if I sent that over? Faiaz
Merch Maverick
themerchmaverick.com"
FORMCLUB - reformer pilates,info@formclub.nl,pilates,Rotterdam,NL,https://www.formclub.nl/,5,1,"quick idea, FORMCLUB - reformer pilates","Hi there, I came across FORMCLUB - reformer pilates while researching top rated reformer pilates studios in Rotterdam and noticed you're holding a 5 rating across 1 reviews. That's the kind of loyalty that usually means members are proud to be part of the studio, not just attending classes. We're Merch Maverick, a factory direct supplier of branded totes, mat bags, and studio apparel for pilates studios. We work without agency markups, so the pricing usually beats what local printers quote for the same quality. I can put together a free digital mockup of a FORMCLUB - reformer pilates branded tote within 48 hours. No cost and no obligation either way, it's yours to look at. Would it be alright if I sent that over? Faiaz
Merch Maverick
themerchmaverick.com"
The Powerhouse Pilates,user@domain.com,pilates,Birmingham,GB,https://www.thepowerhousepilates.co.uk/,5,1,quick question about The Powerhouse Pilates's retail shelf,"Hi there, I came across The Powerhouse Pilates while researching top rated reformer pilates studios in Birmingham and noticed you're holding a 5 rating across 1 reviews. That's the kind of loyalty that usually means members are proud to be part of the studio, not just attending classes. We're Merch Maverick, a factory direct supplier of branded totes, mat bags, and studio apparel for pilates studios. We work without agency markups, so the pricing usually beats what local printers quote for the same quality. I can put together a free digital mockup of a The Powerhouse Pilates branded tote within 48 hours. No cost and no obligation either way, it's yours to look at. Would it be alright if I sent that over? Faiaz
Merch Maverick
themerchmaverick.com"
Boston Community Runners,contact@bostoncommunityrunners.co.uk,run_club,Boston,US,http://www.bostoncommunityrunners.co.uk/,5,1,quick idea for Boston Community Runners's members,"Hi there, I came across Boston Community Runners while researching top rated run clubs in Boston and noticed you're holding a 5 rating across 1 reviews. That kind of following usually means your crew is already repping your name everywhere they go. We're Merch Maverick, a factory direct supplier of branded team tees, caps, and run club apparel. No agency markups, just gear your crew will actually wear outside of race day. I can send over a free digital mockup of a Boston Community Runners branded team tee within 48 hours. If it's not a fit, no cost and no obligation. Would it be okay if I sent that mockup your way? Faiaz
Merch Maverick
themerchmaverick.com"
Styal Running Club,specs.stores.fixnavig@ion.sposition,run_club,Manchester,GB,http://styalrunningclub.co.uk/,5,1,quick note for Styal Running Club,"Hi there, I came across Styal Running Club while researching top rated run clubs in Manchester and noticed you're holding a 5 rating across 1 reviews. That kind of following usually means your crew is already repping your name everywhere they go. We're Merch Maverick, a factory direct supplier of branded team tees, caps, and run club apparel. No agency markups, just gear your crew will actually wear outside of race day. I can send over a free digital mockup of a Styal Running Club branded team tee within 48 hours. If it's not a fit, no cost and no obligation. Would it be okay if I sent that mockup your way? Faiaz
Merch Maverick
themerchmaverick.com"
Cold Plunge Austin,specs.stores.fixnavig@ion.sposition,cold_plunge,Austin,US,http://www.coldplungeaustintexas.com/,5,1,thought of Cold Plunge Austin for something,"Hi there, I came across Cold Plunge Austin while researching top rated cold plunge and sauna spaces in Austin and noticed you're holding a 5 rating across 1 reviews. Numbers like that usually mean people leave talking about the experience, which is exactly the kind of thing branded gear tends to amplify. We're Merch Maverick, a factory direct supplier of branded robes, towels, and recovery hoodies for studios like yours, no agency markups, just your logo on gear members already want. I can send over a free digital mockup of a Cold Plunge Austin branded robe within 48 hours. If it is not a fit, no cost and no obligation. Would it be okay if I sent that mockup your way? Faiaz
Merch Maverick
themerchmaverick.com"
Sensei Scandinavia Stockholm,senseiscandinavia@outlook.com,cold_plunge,Stockholm,SE,http://www.senseiscandinavia.se/,5,1,"quick idea, Sensei Scandinavia Stockholm","Hi there, I came across Sensei Scandinavia Stockholm while researching top rated cold plunge and sauna spaces in Stockholm and noticed you're holding a 5 rating across 1 reviews. Numbers like that usually mean people leave talking about the experience, which is exactly the kind of thing branded gear tends to amplify. We're Merch Maverick, a factory direct supplier of branded robes, towels, and recovery hoodies for studios like yours, no agency markups, just your logo on gear members already want. I can send over a free digital mockup of a Sensei Scandinavia Stockholm branded robe within 48 hours. If it is not a fit, no cost and no obligation. Would it be okay if I sent that mockup your way? Faiaz
Merch Maverick
themerchmaverick.com"
Santé Salt Cave & Healing Spa,info@santehealingspas.com,sauna,Toronto,CA,http://www.santehealingspas.com/,4.9,4515,quick question about Santé Salt Cave & Healing Spa's retail shelf,"Hi there, I came across Santé Salt Cave & Healing Spa while researching top rated sauna studios in Toronto and noticed you're holding a 4.9 rating across 4515 reviews. That kind of consistency usually means people leave your space wanting to take a piece of the experience home with them. We're Merch Maverick, a factory direct supplier for branded sauna hats, towels, and robes for studios like yours. No middlemen, no inflated agency pricing, just your logo on the exact ritual gear your members already associate with the experience. I'll put together a free digital mockup of a Santé Salt Cave & Healing Spa branded wool felt sauna hat within 48 hours. If you don't love it, there's no cost and no obligation, it's yours to look at either way. Would it be okay if I sent that mockup over? Faiaz
Merch Maverick
themerchmaverick.com"
Santé Salt Cave & Healing Spa,info@santehealingspas.com,cold_plunge,Toronto,CA,http://www.santehealingspas.com/,4.9,4515,quick idea for Santé Salt Cave & Healing Spa's members,"Hi there, I came across Santé Salt Cave & Healing Spa while researching top rated cold plunge and sauna spaces in Toronto and noticed you're holding a 4.9 rating across 4515 reviews. Numbers like that usually mean people leave talking about the experience, which is exactly the kind of thing branded gear tends to amplify. We're Merch Maverick, a factory direct supplier of branded robes, towels, and recovery hoodies for studios like yours, no agency markups, just your logo on gear members already want. I can send over a free digital mockup of a Santé Salt Cave & Healing Spa branded robe within 48 hours. If it is not a fit, no cost and no obligation. Would it be okay if I sent that mockup your way? Faiaz
Merch Maverick
themerchmaverick.com"
Soak & Sage - A Social Wellness Sauna Spa,info@soakandsagespa.com,sauna,Washington,US,https://soakandsagespa.com/locations/seattle/,4.9,2290,quick note for Soak & Sage - A Social Wellness Sauna Spa,"Hi there, I came across Soak & Sage - A Social Wellness Sauna Spa while researching top rated sauna studios in Washington and noticed you're holding a 4.9 rating across 2290 reviews. That kind of consistency usually means people leave your space wanting to take a piece of the experience home with them. We're Merch Maverick, a factory direct supplier for branded sauna hats, towels, and robes for studios like yours. No middlemen, no inflated agency pricing, just your logo on the exact ritual gear your members already associate with the experience. I'll put together a free digital mockup of a Soak & Sage - A Social Wellness Sauna Spa branded wool felt sauna hat within 48 hours. If you don't love it, there's no cost and no obligation, it's yours to look at either way. Would it be okay if I sent that mockup over? Faiaz
Merch Maverick
themerchmaverick.com"
Soak & Sage - A Social Wellness Sauna Spa,info@soakandsagespa.com,cold_plunge,Washington,US,https://soakandsagespa.com/locations/seattle/,4.9,2290,thought of Soak & Sage - A Social Wellness Sauna Spa for something,"Hi there, I came across Soak & Sage - A Social Wellness Sauna Spa while researching top rated cold plunge and sauna spaces in Washington and noticed you're holding a 4.9 rating across 2290 reviews. Numbers like that usually mean people leave talking about the experience, which is exactly the kind of thing branded gear tends to amplify. We're Merch Maverick, a factory direct supplier of branded robes, towels, and recovery hoodies for studios like yours, no agency markups, just your logo on gear members already want. I can send over a free digital mockup of a Soak & Sage - A Social Wellness Sauna Spa branded robe within 48 hours. If it is not a fit, no cost and no obligation. Would it be okay if I sent that mockup your way? Faiaz
Merch Maverick
themerchmaverick.com"
Jivan's,info@jivansmassage.nl,sauna,Rotterdam,NL,https://www.jivansmassage.nl/,4.9,1383,"quick idea, Jivan's","Hi there, I came across Jivan's while researching top rated sauna studios in Rotterdam and noticed you're holding a 4.9 rating across 1383 reviews. That kind of consistency usually means people leave your space wanting to take a piece of the experience home with them. We're Merch Maverick, a factory direct supplier for branded sauna hats, towels, and robes for studios like yours. No middlemen, no inflated agency pricing, just your logo on the exact ritual gear your members already associate with the experience. I'll put together a free digital mockup of a Jivan's branded wool felt sauna hat within 48 hours. If you don't love it, there's no cost and no obligation, it's yours to look at either way. Would it be okay if I sent that mockup over? Faiaz
Merch Maverick
themerchmaverick.com"
Othership Adelaide,admin@othership.us,sauna,Toronto,CA,http://www.othership.us/adelaide,4.9,1368,quick question about Othership Adelaide's retail shelf,"Hi there, I came across Othership Adelaide while researching top rated sauna studios in Toronto and noticed you're holding a 4.9 rating across 1368 reviews. That kind of consistency usually means people leave your space wanting to take a piece of the experience home with them. We're Merch Maverick, a factory direct supplier for branded sauna hats, towels, and robes for studios like yours. No middlemen, no inflated agency pricing, just your logo on the exact ritual gear your members already associate with the experience. I'll put together a free digital mockup of a Othership Adelaide branded wool felt sauna hat within 48 hours. If you don't love it, there's no cost and no obligation, it's yours to look at either way. Would it be okay if I sent that mockup over? Faiaz
Merch Maverick
themerchmaverick.com"
Othership Adelaide,admin@othership.us,cold_plunge,Toronto,CA,http://www.othership.us/adelaide,4.9,1368,quick idea for Othership Adelaide's members,"Hi there, I came across Othership Adelaide while researching top rated cold plunge and sauna spaces in Toronto and noticed you're holding a 4.9 rating across 1368 reviews. Numbers like that usually mean people leave talking about the experience, which is exactly the kind of thing branded gear tends to amplify. We're Merch Maverick, a factory direct supplier of branded robes, towels, and recovery hoodies for studios like yours, no agency markups, just your logo on gear members already want. I can send over a free digital mockup of a Othership Adelaide branded robe within 48 hours. If it is not a fit, no cost and no obligation. Would it be okay if I sent that mockup your way? Faiaz
Merch Maverick
themerchmaverick.com"
Spa Clemens,contact@spaclemens.com,sauna,Paris,FR,https://spaclemens.com/,4.9,1339,quick note for Spa Clemens,"Hi there, I came across Spa Clemens while researching top rated sauna studios in Paris and noticed you're holding a 4.9 rating across 1339 reviews. That kind of consistency usually means people leave your space wanting to take a piece of the experience home with them. We're Merch Maverick, a factory direct supplier for branded sauna hats, towels, and robes for studios like yours. No middlemen, no inflated agency pricing, just your logo on the exact ritual gear your members already associate with the experience. I'll put together a free digital mockup of a Spa Clemens branded wool felt sauna hat within 48 hours. If you don't love it, there's no cost and no obligation, it's yours to look at either way. Would it be okay if I sent that mockup over? Faiaz
Merch Maverick
themerchmaverick.com"
Spa Clemens,contact@spaclemens.com,cold_plunge,Paris,FR,https://spaclemens.com/,4.9,1339,thought of Spa Clemens for something,"Hi there, I came across Spa Clemens while researching top rated cold plunge and sauna spaces in Paris and noticed you're holding a 4.9 rating across 1339 reviews. Numbers like that usually mean people leave talking about the experience, which is exactly the kind of thing branded gear tends to amplify. We're Merch Maverick, a factory direct supplier of branded robes, towels, and recovery hoodies for studios like yours, no agency markups, just your logo on gear members already want. I can send over a free digital mockup of a Spa Clemens branded robe within 48 hours. If it is not a fit, no cost and no obligation. Would it be okay if I sent that mockup your way? Faiaz
Merch Maverick
themerchmaverick.com"
Othership Flatiron,admin@othership.us,sauna,New York,US,http://othership.us/,4.9,1196,"quick idea, Othership Flatiron","Hi there, I came across Othership Flatiron while researching top rated sauna studios in New York and noticed you're holding a 4.9 rating across 1196 reviews. That kind of consistency usually means people leave your space wanting to take a piece of the experience home with them. We're Merch Maverick, a factory direct supplier for branded sauna hats, towels, and robes for studios like yours. No middlemen, no inflated agency pricing, just your logo on the exact ritual gear your members already associate with the experience. I'll put together a free digital mockup of a Othership Flatiron branded wool felt sauna hat within 48 hours. If you don't love it, there's no cost and no obligation, it's yours to look at either way. Would it be okay if I sent that mockup over? Faiaz
Merch Maverick
themerchmaverick.com"
Othership Flatiron,admin@othership.us,cold_plunge,New York,US,http://othership.us/,4.9,1196,quick question about Othership Flatiron's retail shelf,"Hi there, I came across Othership Flatiron while researching top rated cold plunge and sauna spaces in New York and noticed you're holding a 4.9 rating across 1196 reviews. Numbers like that usually mean people leave talking about the experience, which is exactly the kind of thing branded gear tends to amplify. We're Merch Maverick, a factory direct supplier of branded robes, towels, and recovery hoodies for studios like yours, no agency markups, just your logo on gear members already want. I can send over a free digital mockup of a Othership Flatiron branded robe within 48 hours. If it is not a fit, no cost and no obligation. Would it be okay if I sent that mockup your way? Faiaz
Merch Maverick
themerchmaverick.com"
Othership Yorkville,admin@othership.us,sauna,Toronto,CA,https://www.othership.us/,4.9,1187,quick idea for Othership Yorkville's members,"Hi there, I came across Othership Yorkville while researching top rated sauna studios in Toronto and noticed you're holding a 4.9 rating across 1187 reviews. That kind of consistency usually means people leave your space wanting to take a piece of the experience home with them. We're Merch Maverick, a factory direct supplier for branded sauna hats, towels, and robes for studios like yours. No middlemen, no inflated agency pricing, just your logo on the exact ritual gear your members already associate with the experience. I'll put together a free digital mockup of a Othership Yorkville branded wool felt sauna hat within 48 hours. If you don't love it, there's no cost and no obligation, it's yours to look at either way. Would it be okay if I sent that mockup over? Faiaz
Merch Maverick
themerchmaverick.com"
Othership Yorkville,admin@othership.us,cold_plunge,Toronto,CA,https://www.othership.us/,4.9,1187,quick note for Othership Yorkville,"Hi there, I came across Othership Yorkville while researching top rated cold plunge and sauna spaces in Toronto and noticed you're holding a 4.9 rating across 1187 reviews. Numbers like that usually mean people leave talking about the experience, which is exactly the kind of thing branded gear tends to amplify. We're Merch Maverick, a factory direct supplier of branded robes, towels, and recovery hoodies for studios like yours, no agency markups, just your logo on gear members already want. I can send over a free digital mockup of a Othership Yorkville branded robe within 48 hours. If it is not a fit, no cost and no obligation. Would it be okay if I sent that mockup your way? Faiaz
Merch Maverick
themerchmaverick.com"
Spa Mystic,frank@mkb-online.nu,sauna,Amsterdam,NL,http://www.spa-mystic.nl/,4.9,1178,thought of Spa Mystic for something,"Hi there, I came across Spa Mystic while researching top rated sauna studios in Amsterdam and noticed you're holding a 4.9 rating across 1178 reviews. That kind of consistency usually means people leave your space wanting to take a piece of the experience home with them. We're Merch Maverick, a factory direct supplier for branded sauna hats, towels, and robes for studios like yours. No middlemen, no inflated agency pricing, just your logo on the exact ritual gear your members already associate with the experience. I'll put together a free digital mockup of a Spa Mystic branded wool felt sauna hat within 48 hours. If you don't love it, there's no cost and no obligation, it's yours to look at either way. Would it be okay if I sent that mockup over? Faiaz
Merch Maverick
themerchmaverick.com"
Wellness Boutique Experience,info@wellnessmadrid.com,sauna,Madrid,ES,https://www.wellnessmadrid.com/,4.9,1060,"quick idea, Wellness Boutique Experience","Hi there, I came across Wellness Boutique Experience while researching top rated sauna studios in Madrid and noticed you're holding a 4.9 rating across 1060 reviews. That kind of consistency usually means people leave your space wanting to take a piece of the experience home with them. We're Merch Maverick, a factory direct supplier for branded sauna hats, towels, and robes for studios like yours. No middlemen, no inflated agency pricing, just your logo on the exact ritual gear your members already associate with the experience. I'll put together a free digital mockup of a Wellness Boutique Experience branded wool felt sauna hat within 48 hours. If you don't love it, there's no cost and no obligation, it's yours to look at either way. Would it be okay if I sent that mockup over? Faiaz
Merch Maverick
themerchmaverick.com"
Wellness Boutique Experience,info@wellnessmadrid.com,cold_plunge,Madrid,ES,https://www.wellnessmadrid.com/,4.9,1060,quick question about Wellness Boutique Experience's retail shelf,"Hi there, I came across Wellness Boutique Experience while researching top rated cold plunge and sauna spaces in Madrid and noticed you're holding a 4.9 rating across 1060 reviews. Numbers like that usually mean people leave talking about the experience, which is exactly the kind of thing branded gear tends to amplify. We're Merch Maverick, a factory direct supplier of branded robes, towels, and recovery hoodies for studios like yours, no agency markups, just your logo on gear members already want. I can send over a free digital mockup of a Wellness Boutique Experience branded robe within 48 hours. If it is not a fit, no cost and no obligation. Would it be okay if I sent that mockup your way? Faiaz
Merch Maverick
themerchmaverick.com"
Restore Hyper Wellness,frontdesktx007@restore.com,sauna,Houston,US,https://www.restore.com/locations/tx-houston-river-oaks-tx007?utm_source=gmb&utm_medium=Yext&y_source=1_MzE2Mjk5MjktNzE1LWxvY2F0aW9uLndlYnNpdGU%3D,4.9,1053,quick idea for Restore Hyper Wellness's members,"Hi there, I came across Restore Hyper Wellness while researching top rated sauna studios in Houston and noticed you're holding a 4.9 rating across 1053 reviews. That kind of consistency usually means people leave your space wanting to take a piece of the experience home with them. We're Merch Maverick, a factory direct supplier for branded sauna hats, towels, and robes for studios like yours. No middlemen, no inflated agency pricing, just your logo on the exact ritual gear your members already associate with the experience. I'll put together a free digital mockup of a Restore Hyper Wellness branded wool felt sauna hat within 48 hours. If you don't love it, there's no cost and no obligation, it's yours to look at either way. Would it be okay if I sent that mockup over? Faiaz
Merch Maverick
themerchmaverick.com"
Restore Hyper Wellness,frontdesktx007@restore.com,cold_plunge,Houston,US,https://www.restore.com/locations/tx-houston-river-oaks-tx007?utm_source=gmb&utm_medium=Yext&y_source=1_MzE2Mjk5MjktNzE1LWxvY2F0aW9uLndlYnNpdGU%3D,4.9,1053,quick note for Restore Hyper Wellness,"Hi there, I came across Restore Hyper Wellness while researching top rated cold plunge and sauna spaces in Houston and noticed you're holding a 4.9 rating across 1053 reviews. Numbers like that usually mean people leave talking about the experience, which is exactly the kind of thing branded gear tends to amplify. We're Merch Maverick, a factory direct supplier of branded robes, towels, and recovery hoodies for studios like yours, no agency markups, just your logo on gear members already want. I can send over a free digital mockup of a Restore Hyper Wellness branded robe within 48 hours. If it is not a fit, no cost and no obligation. Would it be okay if I sent that mockup your way? Faiaz
Merch Maverick
themerchmaverick.com"
Beer Spa Madrid,info@beerspain.com,cold_plunge,Madrid,ES,https://beerspain.com/spa/beer-spa-madrid/,4.9,873,thought of Beer Spa Madrid for something,"Hi there, I came across Beer Spa Madrid while researching top rated cold plunge and sauna spaces in Madrid and noticed you're holding a 4.9 rating across 873 reviews. Numbers like that usually mean people leave talking about the experience, which is exactly the kind of thing branded gear tends to amplify. We're Merch Maverick, a factory direct supplier of branded robes, towels, and recovery hoodies for studios like yours, no agency markups, just your logo on gear members already want. I can send over a free digital mockup of a Beer Spa Madrid branded robe within 48 hours. If it is not a fit, no cost and no obligation. Would it be okay if I sent that mockup your way? Faiaz
Merch Maverick
themerchmaverick.com"
ThrIVe Drip Spa - Memorial,memorial@thrivedripspa.com,cold_plunge,Houston,US,https://thrivedripspa.com/memorial/?utm_source=GBP&utm_medium=Organic+&utm_campaign=Memorial+&utm_id=GBP,4.9,739,"quick idea, ThrIVe Drip Spa - Memorial","Hi there, I came across ThrIVe Drip Spa - Memorial while researching top rated cold plunge and sauna spaces in Houston and noticed you're holding a 4.9 rating across 739 reviews. Numbers like that usually mean people leave talking about the experience, which is exactly the kind of thing branded gear tends to amplify. We're Merch Maverick, a factory direct supplier of branded robes, towels, and recovery hoodies for studios like yours, no agency markups, just your logo on gear members already want. I can send over a free digital mockup of a ThrIVe Drip Spa - Memorial branded robe within 48 hours. If it is not a fit, no cost and no obligation. Would it be okay if I sent that mockup your way? Faiaz
Merch Maverick
themerchmaverick.com"
Clean Market,hello@cleanmarket.com,cold_plunge,New York,US,http://www.cleanmarket.com/,4.9,689,quick question about Clean Market's retail shelf,"Hi there, I came across Clean Market while researching top rated cold plunge and sauna spaces in New York and noticed you're holding a 4.9 rating across 689 reviews. Numbers like that usually mean people leave talking about the experience, which is exactly the kind of thing branded gear tends to amplify. We're Merch Maverick, a factory direct supplier of branded robes, towels, and recovery hoodies for studios like yours, no agency markups, just your logo on gear members already want. I can send over a free digital mockup of a Clean Market branded robe within 48 hours. If it is not a fit, no cost and no obligation. Would it be okay if I sent that mockup your way? Faiaz
Merch Maverick
themerchmaverick.com"
Runway Pilates Manchester,hello@runwaypilates.com,pilates,Manchester,GB,http://www.runwaypilates.com/,4.9,665,quick idea for Runway Pilates Manchester's members,"Hi there, I came across Runway Pilates Manchester while researching top rated reformer pilates studios in Manchester and noticed you're holding a 4.9 rating across 665 reviews. That's the kind of loyalty that usually means members are proud to be part of the studio, not just attending classes. We're Merch Maverick, a factory direct supplier of branded totes, mat bags, and studio apparel for pilates studios. We work without agency markups, so the pricing usually beats what local printers quote for the same quality. I can put together a free digital mockup of a Runway Pilates Manchester branded tote within 48 hours. No cost and no obligation either way, it's yours to look at. Would it be alright if I sent that over? Faiaz
Merch Maverick
themerchmaverick.com"
Carrie's Pilates West Hollywood,info@carriespilatesplus.com,pilates,Los Angeles,US,https://westhollywood.carriespilatesplus.com/,4.9,583,quick note for Carrie's Pilates West Hollywood,"Hi there, I came across Carrie's Pilates West Hollywood while researching top rated reformer pilates studios in Los Angeles and noticed you're holding a 4.9 rating across 583 reviews. That's the kind of loyalty that usually means members are proud to be part of the studio, not just attending classes. We're Merch Maverick, a factory direct supplier of branded totes, mat bags, and studio apparel for pilates studios. We work without agency markups, so the pricing usually beats what local printers quote for the same quality. I can put together a free digital mockup of a Carrie's Pilates West Hollywood branded tote within 48 hours. No cost and no obligation either way, it's yours to look at. Would it be alright if I sent that over? Faiaz
Merch Maverick
themerchmaverick.com"
Era Esthetic Avenue,info@eraesthetic.de,cold_plunge,Frankfurt,DE,http://www.eraesthetic.de/,4.9,578,thought of Era Esthetic Avenue for something,"Hi there, I came across Era Esthetic Avenue while researching top rated cold plunge and sauna spaces in Frankfurt and noticed you're holding a 4.9 rating across 578 reviews. Numbers like that usually mean people leave talking about the experience, which is exactly the kind of thing branded gear tends to amplify. We're Merch Maverick, a factory direct supplier of branded robes, towels, and recovery hoodies for studios like yours, no agency markups, just your logo on gear members already want. I can send over a free digital mockup of a Era Esthetic Avenue branded robe within 48 hours. If it is not a fit, no cost and no obligation. Would it be okay if I sent that mockup your way? Faiaz
Merch Maverick
themerchmaverick.com"
"Premium float Schwabing, Munich",hello@float-schwabing.de,sauna,Munich,DE,https://www.float-schwabing.de/,4.9,569,"quick idea, Premium float Schwabing, Munich","Hi there, I came across Premium float Schwabing, Munich while researching top rated sauna studios in Munich and noticed you're holding a 4.9 rating across 569 reviews. That kind of consistency usually means people leave your space wanting to take a piece of the experience home with them. We're Merch Maverick, a factory direct supplier for branded sauna hats, towels, and robes for studios like yours. No middlemen, no inflated agency pricing, just your logo on the exact ritual gear your members already associate with the experience. I'll put together a free digital mockup of a Premium float Schwabing, Munich branded wool felt sauna hat within 48 hours. If you don't love it, there's no cost and no obligation, it's yours to look at either way. Would it be okay if I sent that mockup over? Faiaz
Merch Maverick
themerchmaverick.com"
"Premium float Schwabing, Munich",hello@float-schwabing.de,cold_plunge,Munich,DE,https://www.float-schwabing.de/,4.9,569,"quick question about Premium float Schwabing, Munich's retail shelf","Hi there, I came across Premium float Schwabing, Munich while researching top rated cold plunge and sauna spaces in Munich and noticed you're holding a 4.9 rating across 569 reviews. Numbers like that usually mean people leave talking about the experience, which is exactly the kind of thing branded gear tends to amplify. We're Merch Maverick, a factory direct supplier of branded robes, towels, and recovery hoodies for studios like yours, no agency markups, just your logo on gear members already want. I can send over a free digital mockup of a Premium float Schwabing, Munich branded robe within 48 hours. If it is not a fit, no cost and no obligation. Would it be okay if I sent that mockup your way? Faiaz
Merch Maverick
themerchmaverick.com"
"Bodyworks Edinburgh - Physiotherapy, Massage & Health",info@bodyworksedinburgh.com,cold_plunge,Edinburgh,GB,https://bodyworksedinburgh.com/,4.9,567,"quick idea for Bodyworks Edinburgh - Physiotherapy, Massage & Health's members","Hi there, I came across Bodyworks Edinburgh - Physiotherapy, Massage & Health while researching top rated cold plunge and sauna spaces in Edinburgh and noticed you're holding a 4.9 rating across 567 reviews. Numbers like that usually mean people leave talking about the experience, which is exactly the kind of thing branded gear tends to amplify. We're Merch Maverick, a factory direct supplier of branded robes, towels, and recovery hoodies for studios like yours, no agency markups, just your logo on gear members already want. I can send over a free digital mockup of a Bodyworks Edinburgh - Physiotherapy, Massage & Health branded robe within 48 hours. If it is not a fit, no cost and no obligation. Would it be okay if I sent that mockup your way? Faiaz
Merch Maverick
themerchmaverick.com"
Sauna Social Club,bookings@saunasocialclub.co.uk,sauna,London,GB,https://www.saunasocialclub.co.uk/,4.9,553,quick note for Sauna Social Club,"Hi there, I came across Sauna Social Club while researching top rated sauna studios in London and noticed you're holding a 4.9 rating across 553 reviews. That kind of consistency usually means people leave your space wanting to take a piece of the experience home with them. We're Merch Maverick, a factory direct supplier for branded sauna hats, towels, and robes for studios like yours. No middlemen, no inflated agency pricing, just your logo on the exact ritual gear your members already associate with the experience. I'll put together a free digital mockup of a Sauna Social Club branded wool felt sauna hat within 48 hours. If you don't love it, there's no cost and no obligation, it's yours to look at either way. Would it be okay if I sent that mockup over? Faiaz
Merch Maverick
themerchmaverick.com"
Sauna Social Club,info@saunasocialclub.co.uk,cold_plunge,London,GB,https://www.saunasocialclub.co.uk/,4.9,553,thought of Sauna Social Club for something,"Hi there, I came across Sauna Social Club while researching top rated cold plunge and sauna spaces in London and noticed you're holding a 4.9 rating across 553 reviews. Numbers like that usually mean people leave talking about the experience, which is exactly the kind of thing branded gear tends to amplify. We're Merch Maverick, a factory direct supplier of branded robes, towels, and recovery hoodies for studios like yours, no agency markups, just your logo on gear members already want. I can send over a free digital mockup of a Sauna Social Club branded robe within 48 hours. If it is not a fit, no cost and no obligation. Would it be okay if I sent that mockup your way? Faiaz
Merch Maverick
themerchmaverick.com"
Restore Hyper Wellness,frontdeskny002@restore.com,cold_plunge,New York,US,https://www.restore.com/locations/ny-new-york-upper-east-side-ny002?utm_source=gmb&utm_medium=Yext&y_source=1_MzE2Mjk4OTQtNzE1LWxvY2F0aW9uLndlYnNpdGU%3D,4.9,530,"quick idea, Restore Hyper Wellness","Hi there, I came across Restore Hyper Wellness while researching top rated cold plunge and sauna spaces in New York and noticed you're holding a 4.9 rating across 530 reviews. Numbers like that usually mean people leave talking about the experience, which is exactly the kind of thing branded gear tends to amplify. We're Merch Maverick, a factory direct supplier of branded robes, towels, and recovery hoodies for studios like yours, no agency markups, just your logo on gear members already want. I can send over a free digital mockup of a Restore Hyper Wellness branded robe within 48 hours. If it is not a fit, no cost and no obligation. Would it be okay if I sent that mockup your way? Faiaz
Merch Maverick
themerchmaverick.com"
Club Pilates,theheights@clubpilates.com,pilates,Houston,US,https://www.clubpilates.com/theheights/?utm_source=google.com&utm_medium=referral&utm_campaign=yext,4.9,529,quick question about Club Pilates's retail shelf,"Hi there, I came across Club Pilates while researching top rated reformer pilates studios in Houston and noticed you're holding a 4.9 rating across 529 reviews. That's the kind of loyalty that usually means members are proud to be part of the studio, not just attending classes. We're Merch Maverick, a factory direct supplier of branded totes, mat bags, and studio apparel for pilates studios. We work without agency markups, so the pricing usually beats what local printers quote for the same quality. I can put together a free digital mockup of a Club Pilates branded tote within 48 hours. No cost and no obligation either way, it's yours to look at. Would it be alright if I sent that over? Faiaz
Merch Maverick
themerchmaverick.com"
FS8 Oxford Circus,oxfordcircus@fs8studio.co.uk,pilates,London,GB,https://fs8.com/studio/oxfordcircus/,4.9,529,quick idea for FS8 Oxford Circus's members,"Hi there, I came across FS8 Oxford Circus while researching top rated reformer pilates studios in London and noticed you're holding a 4.9 rating across 529 reviews. That's the kind of loyalty that usually means members are proud to be part of the studio, not just attending classes. We're Merch Maverick, a factory direct supplier of branded totes, mat bags, and studio apparel for pilates studios. We work without agency markups, so the pricing usually beats what local printers quote for the same quality. I can put together a free digital mockup of a FS8 Oxford Circus branded tote within 48 hours. No cost and no obligation either way, it's yours to look at. Would it be alright if I sent that over? Faiaz
Merch Maverick
themerchmaverick.com"
Glow Sauna Studios | Mockingbird,admin@glowsaunastudios.com,sauna,Dallas,US,https://glowsaunastudios.com/,4.9,512,quick note for Glow Sauna Studios | Mockingbird,"Hi there, I came across Glow Sauna Studios | Mockingbird while researching top rated sauna studios in Dallas and noticed you're holding a 4.9 rating across 512 reviews. That kind of consistency usually means people leave your space wanting to take a piece of the experience home with them. We're Merch Maverick, a factory direct supplier for branded sauna hats, towels, and robes for studios like yours. No middlemen, no inflated agency pricing, just your logo on the exact ritual gear your members already associate with the experience. I'll put together a free digital mockup of a Glow Sauna Studios | Mockingbird branded wool felt sauna hat within 48 hours. If you don't love it, there's no cost and no obligation, it's yours to look at either way. Would it be okay if I sent that mockup over? Faiaz
Merch Maverick
themerchmaverick.com"
Glow Sauna Studios | Mockingbird,admin@glowsaunastudios.com,cold_plunge,Dallas,US,https://glowsaunastudios.com/,4.9,512,thought of Glow Sauna Studios | Mockingbird for something,"Hi there, I came across Glow Sauna Studios | Mockingbird while researching top rated cold plunge and sauna spaces in Dallas and noticed you're holding a 4.9 rating across 512 reviews. Numbers like that usually mean people leave talking about the experience, which is exactly the kind of thing branded gear tends to amplify. We're Merch Maverick, a factory direct supplier of branded robes, towels, and recovery hoodies for studios like yours, no agency markups, just your logo on gear members already want. I can send over a free digital mockup of a Glow Sauna Studios | Mockingbird branded robe within 48 hours. If it is not a fit, no cost and no obligation. Would it be okay if I sent that mockup your way? Faiaz
Merch Maverick
themerchmaverick.com"
Pinar Pilates,hola@pinarpilates.com,pilates,Madrid,ES,https://pinarpilates.com/,4.9,497,"quick idea, Pinar Pilates","Hi there, I came across Pinar Pilates while researching top rated reformer pilates studios in Madrid and noticed you're holding a 4.9 rating across 497 reviews. That's the kind of loyalty that usually means members are proud to be part of the studio, not just attending classes. We're Merch Maverick, a factory direct supplier of branded totes, mat bags, and studio apparel for pilates studios. We work without agency markups, so the pricing usually beats what local printers quote for the same quality. I can put together a free digital mockup of a Pinar Pilates branded tote within 48 hours. No cost and no obligation either way, it's yours to look at. Would it be alright if I sent that over? Faiaz
Merch Maverick
themerchmaverick.com"
ROK SPAS,hello@rokspas.com,sauna,Denver,US,https://www.rokspas.com/,4.9,491,quick question about ROK SPAS's retail shelf,"Hi there, I came across ROK SPAS while researching top rated sauna studios in Denver and noticed you're holding a 4.9 rating across 491 reviews. That kind of consistency usually means people leave your space wanting to take a piece of the experience home with them. We're Merch Maverick, a factory direct supplier for branded sauna hats, towels, and robes for studios like yours. No middlemen, no inflated agency pricing, just your logo on the exact ritual gear your members already associate with the experience. I'll put together a free digital mockup of a ROK SPAS branded wool felt sauna hat within 48 hours. If you don't love it, there's no cost and no obligation, it's yours to look at either way. Would it be okay if I sent that mockup over? Faiaz
Merch Maverick
themerchmaverick.com"
ROK SPAS,hello@rokspas.com,cold_plunge,Denver,US,https://www.rokspas.com/,4.9,491,quick idea for ROK SPAS's members,"Hi there, I came across ROK SPAS while researching top rated cold plunge and sauna spaces in Denver and noticed you're holding a 4.9 rating across 491 reviews. Numbers like that usually mean people leave talking about the experience, which is exactly the kind of thing branded gear tends to amplify. We're Merch Maverick, a factory direct supplier of branded robes, towels, and recovery hoodies for studios like yours, no agency markups, just your logo on gear members already want. I can send over a free digital mockup of a ROK SPAS branded robe within 48 hours. If it is not a fit, no cost and no obligation. Would it be okay if I sent that mockup your way? Faiaz
Merch Maverick
themerchmaverick.com"
BODYROK Pilates- Gulch,info@bodyrok.com,pilates,Nashville,US,http://www.bodyrok.com/gulch,4.9,486,quick note for BODYROK Pilates- Gulch,"Hi there, I came across BODYROK Pilates- Gulch while researching top rated reformer pilates studios in Nashville and noticed you're holding a 4.9 rating across 486 reviews. That's the kind of loyalty that usually means members are proud to be part of the studio, not just attending classes. We're Merch Maverick, a factory direct supplier of branded totes, mat bags, and studio apparel for pilates studios. We work without agency markups, so the pricing usually beats what local printers quote for the same quality. I can put together a free digital mockup of a BODYROK Pilates- Gulch branded tote within 48 hours. No cost and no obligation either way, it's yours to look at. Would it be alright if I sent that over? Faiaz
Merch Maverick
themerchmaverick.com"
Restore Hyper Wellness,frontdeskny003@restore.com,cold_plunge,New York,US,https://www.restore.com/locations/ny-new-york-chelsea-ny003?utm_source=gmb&utm_medium=Yext&y_source=1_MzE2Mjk4OTUtNzE1LWxvY2F0aW9uLndlYnNpdGU%3D,4.9,479,thought of Restore Hyper Wellness for something,"Hi there, I came across Restore Hyper Wellness while researching top rated cold plunge and sauna spaces in New York and noticed you're holding a 4.9 rating across 479 reviews. Numbers like that usually mean people leave talking about the experience, which is exactly the kind of thing branded gear tends to amplify. We're Merch Maverick, a factory direct supplier of branded robes, towels, and recovery hoodies for studios like yours, no agency markups, just your logo on gear members already want. I can send over a free digital mockup of a Restore Hyper Wellness branded robe within 48 hours. If it is not a fit, no cost and no obligation. Would it be okay if I sent that mockup your way? Faiaz
Merch Maverick
themerchmaverick.com"
The Tox Boston,hello@thetoxtechnique.com,cold_plunge,Boston,US,http://www.thetoxtechnique.com/,4.9,475,"quick idea, The Tox Boston","Hi there, I came across The Tox Boston while researching top rated cold plunge and sauna spaces in Boston and noticed you're holding a 4.9 rating across 475 reviews. Numbers like that usually mean people leave talking about the experience, which is exactly the kind of thing branded gear tends to amplify. We're Merch Maverick, a factory direct supplier of branded robes, towels, and recovery hoodies for studios like yours, no agency markups, just your logo on gear members already want. I can send over a free digital mockup of a The Tox Boston branded robe within 48 hours. If it is not a fit, no cost and no obligation. Would it be okay if I sent that mockup your way? Faiaz
Merch Maverick
themerchmaverick.com"
Restore Hyper Wellness,frontdeskca025@restore.com,cold_plunge,Los Angeles,US,http://www.restore.com/locations/ca-santa-monica-ca025?utm_source=gmb&utm_medium=Yext&y_source=1_Nzg4OTMyMzUtNzE1LWxvY2F0aW9uLndlYnNpdGU%3D,4.9,475,quick question about Restore Hyper Wellness's retail shelf,"Hi there, I came across Restore Hyper Wellness while researching top rated cold plunge and sauna spaces in Los Angeles and noticed you're holding a 4.9 rating across 475 reviews. Numbers like that usually mean people leave talking about the experience, which is exactly the kind of thing branded gear tends to amplify. We're Merch Maverick, a factory direct supplier of branded robes, towels, and recovery hoodies for studios like yours, no agency markups, just your logo on gear members already want. I can send over a free digital mockup of a Restore Hyper Wellness branded robe within 48 hours. If it is not a fit, no cost and no obligation. Would it be okay if I sent that mockup your way? Faiaz
Merch Maverick
themerchmaverick.com"
Restore Hyper Wellness,frontdeskaz001@restore.com,sauna,Phoenix,US,https://www.restore.com/locations/az-phoenix-north-scottsdale-az001?utm_source=gmb&utm_medium=Yext&y_source=1_MzE2Mjk4MTQtNzE1LWxvY2F0aW9uLndlYnNpdGU%3D,4.9,449,quick idea for Restore Hyper Wellness's members,"Hi there, I came across Restore Hyper Wellness while researching top rated sauna studios in Phoenix and noticed you're holding a 4.9 rating across 449 reviews. That kind of consistency usually means people leave your space wanting to take a piece of the experience home with them. We're Merch Maverick, a factory direct supplier for branded sauna hats, towels, and robes for studios like yours. No middlemen, no inflated agency pricing, just your logo on the exact ritual gear your members already associate with the experience. I'll put together a free digital mockup of a Restore Hyper Wellness branded wool felt sauna hat within 48 hours. If you don't love it, there's no cost and no obligation, it's yours to look at either way. Would it be okay if I sent that mockup over? Faiaz
Merch Maverick
themerchmaverick.com"
Restore Hyper Wellness,frontdeskaz001@restore.com,cold_plunge,Phoenix,US,https://www.restore.com/locations/az-phoenix-north-scottsdale-az001?utm_source=gmb&utm_medium=Yext&y_source=1_MzE2Mjk4MTQtNzE1LWxvY2F0aW9uLndlYnNpdGU%3D,4.9,449,quick note for Restore Hyper Wellness,"Hi there, I came across Restore Hyper Wellness while researching top rated cold plunge and sauna spaces in Phoenix and noticed you're holding a 4.9 rating across 449 reviews. Numbers like that usually mean people leave talking about the experience, which is exactly the kind of thing branded gear tends to amplify. We're Merch Maverick, a factory direct supplier of branded robes, towels, and recovery hoodies for studios like yours, no agency markups, just your logo on gear members already want. I can send over a free digital mockup of a Restore Hyper Wellness branded robe within 48 hours. If it is not a fit, no cost and no obligation. Would it be okay if I sent that mockup your way? Faiaz
Merch Maverick
themerchmaverick.com"
Grinder Weed Club,email@example.com,run_club,Barcelona,ES,https://www.clubgrinder.com/,4.9,443,thought of Grinder Weed Club for something,"Hi there, I came across Grinder Weed Club while researching top rated run clubs in Barcelona and noticed you're holding a 4.9 rating across 443 reviews. That kind of following usually means your crew is already repping your name everywhere they go. We're Merch Maverick, a factory direct supplier of branded team tees, caps, and run club apparel. No agency markups, just gear your crew will actually wear outside of race day. I can send over a free digital mockup of a Grinder Weed Club branded team tee within 48 hours. If it's not a fit, no cost and no obligation. Would it be okay if I sent that mockup your way? Faiaz
Merch Maverick
themerchmaverick.com"
SINGULAR Home of Pilates,info@singularpilates.com,pilates,Madrid,ES,https://www.singularpilates.com/,4.9,436,"quick idea, SINGULAR Home of Pilates","Hi there, I came across SINGULAR Home of Pilates while researching top rated reformer pilates studios in Madrid and noticed you're holding a 4.9 rating across 436 reviews. That's the kind of loyalty that usually means members are proud to be part of the studio, not just attending classes. We're Merch Maverick, a factory direct supplier of branded totes, mat bags, and studio apparel for pilates studios. We work without agency markups, so the pricing usually beats what local printers quote for the same quality. I can put together a free digital mockup of a SINGULAR Home of Pilates branded tote within 48 hours. No cost and no obligation either way, it's yours to look at. Would it be alright if I sent that over? Faiaz
Merch Maverick
themerchmaverick.com"
GZM - Gesundheitszentrum am Maximiliansplatz Physiotherapie & Training,info@gzm-physio.com,cold_plunge,Munich,DE,https://www.gzm-physio.com/,4.9,429,quick question about GZM - Gesundheitszentrum am Maximiliansplatz Physiotherapie & Training's retail shelf,"Hi there, I came across GZM - Gesundheitszentrum am Maximiliansplatz Physiotherapie & Training while researching top rated cold plunge and sauna spaces in Munich and noticed you're holding a 4.9 rating across 429 reviews. Numbers like that usually mean people leave talking about the experience, which is exactly the kind of thing branded gear tends to amplify. We're Merch Maverick, a factory direct supplier of branded robes, towels, and recovery hoodies for studios like yours, no agency markups, just your logo on gear members already want. I can send over a free digital mockup of a GZM - Gesundheitszentrum am Maximiliansplatz Physiotherapie & Training branded robe within 48 hours. If it is not a fit, no cost and no obligation. Would it be okay if I sent that mockup your way? Faiaz
Merch Maverick
themerchmaverick.com"
Denver Sports Recovery,info@denversportsrecovery.com,sauna,Denver,US,https://denversportsrecovery.com/,4.9,422,quick idea for Denver Sports Recovery's members,"Hi there, I came across Denver Sports Recovery while researching top rated sauna studios in Denver and noticed you're holding a 4.9 rating across 422 reviews. That kind of consistency usually means people leave your space wanting to take a piece of the experience home with them. We're Merch Maverick, a factory direct supplier for branded sauna hats, towels, and robes for studios like yours. No middlemen, no inflated agency pricing, just your logo on the exact ritual gear your members already associate with the experience. I'll put together a free digital mockup of a Denver Sports Recovery branded wool felt sauna hat within 48 hours. If you don't love it, there's no cost and no obligation, it's yours to look at either way. Would it be okay if I sent that mockup over? Faiaz
Merch Maverick
themerchmaverick.com"
Denver Sports Recovery,info@denversportsrecovery.com,cold_plunge,Denver,US,https://denversportsrecovery.com/,4.9,422,quick note for Denver Sports Recovery,"Hi there, I came across Denver Sports Recovery while researching top rated cold plunge and sauna spaces in Denver and noticed you're holding a 4.9 rating across 422 reviews. Numbers like that usually mean people leave talking about the experience, which is exactly the kind of thing branded gear tends to amplify. We're Merch Maverick, a factory direct supplier of branded robes, towels, and recovery hoodies for studios like yours, no agency markups, just your logo on gear members already want. I can send over a free digital mockup of a Denver Sports Recovery branded robe within 48 hours. If it is not a fit, no cost and no obligation. Would it be okay if I sent that mockup your way? Faiaz
Merch Maverick
themerchmaverick.com"
Lume Wellness,hello@lume-wellness.com,sauna,Chicago,US,https://lume-wellness.com/,4.9,417,thought of Lume Wellness for something,"Hi there, I came across Lume Wellness while researching top rated sauna studios in Chicago and noticed you're holding a 4.9 rating across 417 reviews. That kind of consistency usually means people leave your space wanting to take a piece of the experience home with them. We're Merch Maverick, a factory direct supplier for branded sauna hats, towels, and robes for studios like yours. No middlemen, no inflated agency pricing, just your logo on the exact ritual gear your members already associate with the experience. I'll put together a free digital mockup of a Lume Wellness branded wool felt sauna hat within 48 hours. If you don't love it, there's no cost and no obligation, it's yours to look at either way. Would it be okay if I sent that mockup over? Faiaz
Merch Maverick
themerchmaverick.com"
Lume Wellness,hello@lume-wellness.com,cold_plunge,Chicago,US,https://lume-wellness.com/,4.9,417,"quick idea, Lume Wellness","Hi there, I came across Lume Wellness while researching top rated cold plunge and sauna spaces in Chicago and noticed you're holding a 4.9 rating across 417 reviews. Numbers like that usually mean people leave talking about the experience, which is exactly the kind of thing branded gear tends to amplify. We're Merch Maverick, a factory direct supplier of branded robes, towels, and recovery hoodies for studios like yours, no agency markups, just your logo on gear members already want. I can send over a free digital mockup of a Lume Wellness branded robe within 48 hours. If it is not a fit, no cost and no obligation. Would it be okay if I sent that mockup your way? Faiaz
Merch Maverick
themerchmaverick.com"
Nūva Haus,info@freezefloatspa.com,sauna,Chicago,US,http://nuvahaus.com/,4.9,415,quick question about Nūva Haus's retail shelf,"Hi there, I came across Nūva Haus while researching top rated sauna studios in Chicago and noticed you're holding a 4.9 rating across 415 reviews. That kind of consistency usually means people leave your space wanting to take a piece of the experience home with them. We're Merch Maverick, a factory direct supplier for branded sauna hats, towels, and robes for studios like yours. No middlemen, no inflated agency pricing, just your logo on the exact ritual gear your members already associate with the experience. I'll put together a free digital mockup of a Nūva Haus branded wool felt sauna hat within 48 hours. If you don't love it, there's no cost and no obligation, it's yours to look at either way. Would it be okay if I sent that mockup over? Faiaz
Merch Maverick
themerchmaverick.com"
Kelo Spa,info@kelospa.com,sauna,Boston,US,https://kelospa.com/,4.9,415,quick idea for Kelo Spa's members,"Hi there, I came across Kelo Spa while researching top rated sauna studios in Boston and noticed you're holding a 4.9 rating across 415 reviews. That kind of consistency usually means people leave your space wanting to take a piece of the experience home with them. We're Merch Maverick, a factory direct supplier for branded sauna hats, towels, and robes for studios like yours. No middlemen, no inflated agency pricing, just your logo on the exact ritual gear your members already associate with the experience. I'll put together a free digital mockup of a Kelo Spa branded wool felt sauna hat within 48 hours. If you don't love it, there's no cost and no obligation, it's yours to look at either way. Would it be okay if I sent that mockup over? Faiaz
Merch Maverick
themerchmaverick.com"
Nūva Haus,info@freezefloatspa.com,cold_plunge,Chicago,US,http://nuvahaus.com/,4.9,415,quick note for Nūva Haus,"Hi there, I came across Nūva Haus while researching top rated cold plunge and sauna spaces in Chicago and noticed you're holding a 4.9 rating across 415 reviews. Numbers like that usually mean people leave talking about the experience, which is exactly the kind of thing branded gear tends to amplify. We're Merch Maverick, a factory direct supplier of branded robes, towels, and recovery hoodies for studios like yours, no agency markups, just your logo on gear members already want. I can send over a free digital mockup of a Nūva Haus branded robe within 48 hours. If it is not a fit, no cost and no obligation. Would it be okay if I sent that mockup your way? Faiaz
Merch Maverick
themerchmaverick.com"
Kelo Spa,info@kelospa.com,cold_plunge,Boston,US,https://kelospa.com/,4.9,415,thought of Kelo Spa for something,"Hi there, I came across Kelo Spa while researching top rated cold plunge and sauna spaces in Boston and noticed you're holding a 4.9 rating across 415 reviews. Numbers like that usually mean people leave talking about the experience, which is exactly the kind of thing branded gear tends to amplify. We're Merch Maverick, a factory direct supplier of branded robes, towels, and recovery hoodies for studios like yours, no agency markups, just your logo on gear members already want. I can send over a free digital mockup of a Kelo Spa branded robe within 48 hours. If it is not a fit, no cost and no obligation. Would it be okay if I sent that mockup your way? Faiaz
Merch Maverick
themerchmaverick.com"
Club Mondial,post@club-mondial.de,sauna,Cologne,DE,https://club-mondial.de/,4.9,412,"quick idea, Club Mondial","Hi there, I came across Club Mondial while researching top rated sauna studios in Cologne and noticed you're holding a 4.9 rating across 412 reviews. That kind of consistency usually means people leave your space wanting to take a piece of the experience home with them. We're Merch Maverick, a factory direct supplier for branded sauna hats, towels, and robes for studios like yours. No middlemen, no inflated agency pricing, just your logo on the exact ritual gear your members already associate with the experience. I'll put together a free digital mockup of a Club Mondial branded wool felt sauna hat within 48 hours. If you don't love it, there's no cost and no obligation, it's yours to look at either way. Would it be okay if I sent that mockup over? Faiaz
Merch Maverick
themerchmaverick.com"
Common Ground Pilates - West Adams Studio,studio@commongroundpilates.net,pilates,Los Angeles,US,https://www.commongroundpilates.net/,4.9,399,quick question about Common Ground Pilates - West Adams Studio's retail shelf,"Hi there, I came across Common Ground Pilates - West Adams Studio while researching top rated reformer pilates studios in Los Angeles and noticed you're holding a 4.9 rating across 399 reviews. That's the kind of loyalty that usually means members are proud to be part of the studio, not just attending classes. We're Merch Maverick, a factory direct supplier of branded totes, mat bags, and studio apparel for pilates studios. We work without agency markups, so the pricing usually beats what local printers quote for the same quality. I can put together a free digital mockup of a Common Ground Pilates - West Adams Studio branded tote within 48 hours. No cost and no obligation either way, it's yours to look at. Would it be alright if I sent that over? Faiaz
Merch Maverick
themerchmaverick.com"
Samya Highclass FKK Saunaclub,info@samya.de,sauna,Cologne,DE,https://www.samya.de/,4.9,398,quick idea for Samya Highclass FKK Saunaclub's members,"Hi there, I came across Samya Highclass FKK Saunaclub while researching top rated sauna studios in Cologne and noticed you're holding a 4.9 rating across 398 reviews. That kind of consistency usually means people leave your space wanting to take a piece of the experience home with them. We're Merch Maverick, a factory direct supplier for branded sauna hats, towels, and robes for studios like yours. No middlemen, no inflated agency pricing, just your logo on the exact ritual gear your members already associate with the experience. I'll put together a free digital mockup of a Samya Highclass FKK Saunaclub branded wool felt sauna hat within 48 hours. If you don't love it, there's no cost and no obligation, it's yours to look at either way. Would it be okay if I sent that mockup over? Faiaz
Merch Maverick
themerchmaverick.com"
Vitalis Fitness Sauna Wellness,info@vitalis-muenchen.de,sauna,Munich,DE,http://www.vitalis-muenchen.de/,4.9,395,quick note for Vitalis Fitness Sauna Wellness,"Hi there, I came across Vitalis Fitness Sauna Wellness while researching top rated sauna studios in Munich and noticed you're holding a 4.9 rating across 395 reviews. That kind of consistency usually means people leave your space wanting to take a piece of the experience home with them. We're Merch Maverick, a factory direct supplier for branded sauna hats, towels, and robes for studios like yours. No middlemen, no inflated agency pricing, just your logo on the exact ritual gear your members already associate with the experience. I'll put together a free digital mockup of a Vitalis Fitness Sauna Wellness branded wool felt sauna hat within 48 hours. If you don't love it, there's no cost and no obligation, it's yours to look at either way. Would it be okay if I sent that mockup over? Faiaz
Merch Maverick
themerchmaverick.com"
Vitalis Fitness Sauna Wellness,info@vitalis-muenchen.de,cold_plunge,Munich,DE,http://www.vitalis-muenchen.de/,4.9,395,thought of Vitalis Fitness Sauna Wellness for something,"Hi there, I came across Vitalis Fitness Sauna Wellness while researching top rated cold plunge and sauna spaces in Munich and noticed you're holding a 4.9 rating across 395 reviews. Numbers like that usually mean people leave talking about the experience, which is exactly the kind of thing branded gear tends to amplify. We're Merch Maverick, a factory direct supplier of branded robes, towels, and recovery hoodies for studios like yours, no agency markups, just your logo on gear members already want. I can send over a free digital mockup of a Vitalis Fitness Sauna Wellness branded robe within 48 hours. If it is not a fit, no cost and no obligation. Would it be okay if I sent that mockup your way? Faiaz
Merch Maverick
themerchmaverick.com"
Colosseum fitness - Frankfurt am Main,info@colosseum-gym.de,sauna,Frankfurt,DE,http://www.colosseum-gym.de/,4.9,393,"quick idea, Colosseum fitness - Frankfurt am Main","Hi there, I came across Colosseum fitness - Frankfurt am Main while researching top rated sauna studios in Frankfurt and noticed you're holding a 4.9 rating across 393 reviews. That kind of consistency usually means people leave your space wanting to take a piece of the experience home with them. We're Merch Maverick, a factory direct supplier for branded sauna hats, towels, and robes for studios like yours. No middlemen, no inflated agency pricing, just your logo on the exact ritual gear your members already associate with the experience. I'll put together a free digital mockup of a Colosseum fitness - Frankfurt am Main branded wool felt sauna hat within 48 hours. If you don't love it, there's no cost and no obligation, it's yours to look at either way. Would it be okay if I sent that mockup over? Faiaz
Merch Maverick
themerchmaverick.com"
Restore Hyper Wellness,frontdeskal001@restore.com,sauna,Birmingham,GB,https://www.restore.com/locations/al-birmingham-mt-brook-al001?utm_source=gmb&utm_medium=Yext&y_source=1_MzE2Mjk4MTUtNzE1LWxvY2F0aW9uLndlYnNpdGU%3D,4.9,388,quick question about Restore Hyper Wellness's retail shelf,"Hi there, I came across Restore Hyper Wellness while researching top rated sauna studios in Birmingham and noticed you're holding a 4.9 rating across 388 reviews. That kind of consistency usually means people leave your space wanting to take a piece of the experience home with them. We're Merch Maverick, a factory direct supplier for branded sauna hats, towels, and robes for studios like yours. No middlemen, no inflated agency pricing, just your logo on the exact ritual gear your members already associate with the experience. I'll put together a free digital mockup of a Restore Hyper Wellness branded wool felt sauna hat within 48 hours. If you don't love it, there's no cost and no obligation, it's yours to look at either way. Would it be okay if I sent that mockup over? Faiaz
Merch Maverick
themerchmaverick.com"
Restore Hyper Wellness,frontdeskca078@restore.com,cold_plunge,Anaheim,US,http://www.restore.com/locations/ca-cerritos-ca078?utm_source=gmb&utm_medium=Yext&y_source=1_NTEyMzg4NDAtNzE1LWxvY2F0aW9uLndlYnNpdGU%3D,4.9,388,quick idea for Restore Hyper Wellness's members,"Hi there, I came across Restore Hyper Wellness while researching top rated cold plunge and sauna spaces in Anaheim and noticed you're holding a 4.9 rating across 388 reviews. Numbers like that usually mean people leave talking about the experience, which is exactly the kind of thing branded gear tends to amplify. We're Merch Maverick, a factory direct supplier of branded robes, towels, and recovery hoodies for studios like yours, no agency markups, just your logo on gear members already want. I can send over a free digital mockup of a Restore Hyper Wellness branded robe within 48 hours. If it is not a fit, no cost and no obligation. Would it be okay if I sent that mockup your way? Faiaz
Merch Maverick
themerchmaverick.com"
Restore Hyper Wellness,frontdeskal001@restore.com,cold_plunge,Birmingham,GB,https://www.restore.com/locations/al-birmingham-mt-brook-al001?utm_source=gmb&utm_medium=Yext&y_source=1_MzE2Mjk4MTUtNzE1LWxvY2F0aW9uLndlYnNpdGU%3D,4.9,388,quick note for Restore Hyper Wellness,"Hi there, I came across Restore Hyper Wellness while researching top rated cold plunge and sauna spaces in Birmingham and noticed you're holding a 4.9 rating across 388 reviews. Numbers like that usually mean people leave talking about the experience, which is exactly the kind of thing branded gear tends to amplify. We're Merch Maverick, a factory direct supplier of branded robes, towels, and recovery hoodies for studios like yours, no agency markups, just your logo on gear members already want. I can send over a free digital mockup of a Restore Hyper Wellness branded robe within 48 hours. If it is not a fit, no cost and no obligation. Would it be okay if I sent that mockup your way? Faiaz
Merch Maverick
themerchmaverick.com"
Huemn - Heights MKT,info@behuemn.com,sauna,Houston,US,https://www.behuemn.com/?utm_source=gmb&utm_location=vp,4.9,386,thought of Huemn - Heights MKT for something,"Hi there, I came across Huemn - Heights MKT while researching top rated sauna studios in Houston and noticed you're holding a 4.9 rating across 386 reviews. That kind of consistency usually means people leave your space wanting to take a piece of the experience home with them. We're Merch Maverick, a factory direct supplier for branded sauna hats, towels, and robes for studios like yours. No middlemen, no inflated agency pricing, just your logo on the exact ritual gear your members already associate with the experience. I'll put together a free digital mockup of a Huemn - Heights MKT branded wool felt sauna hat within 48 hours. If you don't love it, there's no cost and no obligation, it's yours to look at either way. Would it be okay if I sent that mockup over? Faiaz
Merch Maverick
themerchmaverick.com"
Huemn - Heights MKT,info@behuemn.com,cold_plunge,Houston,US,https://www.behuemn.com/?utm_source=gmb&utm_location=vp,4.9,386,"quick idea, Huemn - Heights MKT","Hi there, I came across Huemn - Heights MKT while researching top rated cold plunge and sauna spaces in Houston and noticed you're holding a 4.9 rating across 386 reviews. Numbers like that usually mean people leave talking about the experience, which is exactly the kind of thing branded gear tends to amplify. We're Merch Maverick, a factory direct supplier of branded robes, towels, and recovery hoodies for studios like yours, no agency markups, just your logo on gear members already want. I can send over a free digital mockup of a Huemn - Heights MKT branded robe within 48 hours. If it is not a fit, no cost and no obligation. Would it be okay if I sent that mockup your way? Faiaz
Merch Maverick
themerchmaverick.com"
SLEEPING BEAUTY SPA,info@sleepingbeautysalon.com,cold_plunge,Edinburgh,GB,https://www.sleepingbeautysalon.com/radisson-blu-hotel-edinburgh-salon,4.9,377,quick question about SLEEPING BEAUTY SPA's retail shelf,"Hi there, I came across SLEEPING BEAUTY SPA while researching top rated cold plunge and sauna spaces in Edinburgh and noticed you're holding a 4.9 rating across 377 reviews. Numbers like that usually mean people leave talking about the experience, which is exactly the kind of thing branded gear tends to amplify. We're Merch Maverick, a factory direct supplier of branded robes, towels, and recovery hoodies for studios like yours, no agency markups, just your logo on gear members already want. I can send over a free digital mockup of a SLEEPING BEAUTY SPA branded robe within 48 hours. If it is not a fit, no cost and no obligation. Would it be okay if I sent that mockup your way? Faiaz
Merch Maverick
themerchmaverick.com"
R3 Spa: Sauna + Cold Plunge,info@r3experience.com,sauna,Denver,US,https://www.r3experience.com/,4.9,376,quick idea for R3 Spa: Sauna + Cold Plunge's members,"Hi there, I came across R3 Spa: Sauna + Cold Plunge while researching top rated sauna studios in Denver and noticed you're holding a 4.9 rating across 376 reviews. That kind of consistency usually means people leave your space wanting to take a piece of the experience home with them. We're Merch Maverick, a factory direct supplier for branded sauna hats, towels, and robes for studios like yours. No middlemen, no inflated agency pricing, just your logo on the exact ritual gear your members already associate with the experience. I'll put together a free digital mockup of a R3 Spa: Sauna + Cold Plunge branded wool felt sauna hat within 48 hours. If you don't love it, there's no cost and no obligation, it's yours to look at either way. Would it be okay if I sent that mockup over? Faiaz
Merch Maverick
themerchmaverick.com"
R3 Spa: Sauna + Cold Plunge,info@r3experience.com,cold_plunge,Denver,US,https://www.r3experience.com/,4.9,376,quick note for R3 Spa: Sauna + Cold Plunge,"Hi there, I came across R3 Spa: Sauna + Cold Plunge while researching top rated cold plunge and sauna spaces in Denver and noticed you're holding a 4.9 rating across 376 reviews. Numbers like that usually mean people leave talking about the experience, which is exactly the kind of thing branded gear tends to amplify. We're Merch Maverick, a factory direct supplier of branded robes, towels, and recovery hoodies for studios like yours, no agency markups, just your logo on gear members already want. I can send over a free digital mockup of a R3 Spa: Sauna + Cold Plunge branded robe within 48 hours. If it is not a fit, no cost and no obligation. Would it be okay if I sent that mockup your way? Faiaz
Merch Maverick
themerchmaverick.com"
The Megaformer Studio,user@domain.com,pilates,Los Angeles,US,https://megaformerstudio.com/,4.9,366,thought of The Megaformer Studio for something,"Hi there, I came across The Megaformer Studio while researching top rated reformer pilates studios in Los Angeles and noticed you're holding a 4.9 rating across 366 reviews. That's the kind of loyalty that usually means members are proud to be part of the studio, not just attending classes. We're Merch Maverick, a factory direct supplier of branded totes, mat bags, and studio apparel for pilates studios. We work without agency markups, so the pricing usually beats what local printers quote for the same quality. I can put together a free digital mockup of a The Megaformer Studio branded tote within 48 hours. No cost and no obligation either way, it's yours to look at. Would it be alright if I sent that over? Faiaz
Merch Maverick
themerchmaverick.com"
ICEKALT - Kältekammer / Kältesauna / Kryosauna / Eissauna / Cryo,info@icekalt.com,cold_plunge,Frankfurt,DE,https://www.icekalt.com/,4.9,362,"quick idea, ICEKALT - Kältekammer / Kältesauna / Kryosauna / Eissauna / Cryo","Hi there, I came across ICEKALT - Kältekammer / Kältesauna / Kryosauna / Eissauna / Cryo while researching top rated cold plunge and sauna spaces in Frankfurt and noticed you're holding a 4.9 rating across 362 reviews. Numbers like that usually mean people leave talking about the experience, which is exactly the kind of thing branded gear tends to amplify. We're Merch Maverick, a factory direct supplier of branded robes, towels, and recovery hoodies for studios like yours, no agency markups, just your logo on gear members already want. I can send over a free digital mockup of a ICEKALT - Kältekammer / Kältesauna / Kryosauna / Eissauna / Cryo branded robe within 48 hours. If it is not a fit, no cost and no obligation. Would it be okay if I sent that mockup your way? Faiaz
Merch Maverick
themerchmaverick.com"
Pro. Clinics,info@proclinics.co.uk,cold_plunge,Bristol,GB,https://www.proclinics.co.uk/,4.9,360,quick question about Pro. Clinics's retail shelf,"Hi there, I came across Pro. Clinics while researching top rated cold plunge and sauna spaces in Bristol and noticed you're holding a 4.9 rating across 360 reviews. Numbers like that usually mean people leave talking about the experience, which is exactly the kind of thing branded gear tends to amplify. We're Merch Maverick, a factory direct supplier of branded robes, towels, and recovery hoodies for studios like yours, no agency markups, just your logo on gear members already want. I can send over a free digital mockup of a Pro. Clinics branded robe within 48 hours. If it is not a fit, no cost and no obligation. Would it be okay if I sent that mockup your way? Faiaz
Merch Maverick
themerchmaverick.com"
Restore Hyper Wellness,frontdeskny031@restore.com,cold_plunge,New York,US,http://www.restore.com/locations/ny-uws-76th-ny031?utm_source=gmb&utm_medium=Yext&y_source=1_NTc0NTE3ODEtNzE1LWxvY2F0aW9uLndlYnNpdGU%3D,4.9,350,quick idea for Restore Hyper Wellness's members,"Hi there, I came across Restore Hyper Wellness while researching top rated cold plunge and sauna spaces in New York and noticed you're holding a 4.9 rating across 350 reviews. Numbers like that usually mean people leave talking about the experience, which is exactly the kind of thing branded gear tends to amplify. We're Merch Maverick, a factory direct supplier of branded robes, towels, and recovery hoodies for studios like yours, no agency markups, just your logo on gear members already want. I can send over a free digital mockup of a Restore Hyper Wellness branded robe within 48 hours. If it is not a fit, no cost and no obligation. Would it be okay if I sent that mockup your way? Faiaz
Merch Maverick
themerchmaverick.com"
Studio 6 Fitness Dallas,info@studio6fitness.com,pilates,Dallas,US,https://studio6fitness.com/,4.9,348,quick note for Studio 6 Fitness Dallas,"Hi there, I came across Studio 6 Fitness Dallas while researching top rated reformer pilates studios in Dallas and noticed you're holding a 4.9 rating across 348 reviews. That's the kind of loyalty that usually means members are proud to be part of the studio, not just attending classes. We're Merch Maverick, a factory direct supplier of branded totes, mat bags, and studio apparel for pilates studios. We work without agency markups, so the pricing usually beats what local printers quote for the same quality. I can put together a free digital mockup of a Studio 6 Fitness Dallas branded tote within 48 hours. No cost and no obligation either way, it's yours to look at. Would it be alright if I sent that over? Faiaz
Merch Maverick
themerchmaverick.com"
Club Pilates,lakewood@clubpilates.com,pilates,Dallas,US,http://www.clubpilates.com/lakewood/?utm_source=google.com&utm_medium=referral&utm_campaign=yext,4.9,341,thought of Club Pilates for something,"Hi there, I came across Club Pilates while researching top rated reformer pilates studios in Dallas and noticed you're holding a 4.9 rating across 341 reviews. That's the kind of loyalty that usually means members are proud to be part of the studio, not just attending classes. We're Merch Maverick, a factory direct supplier of branded totes, mat bags, and studio apparel for pilates studios. We work without agency markups, so the pricing usually beats what local printers quote for the same quality. I can put together a free digital mockup of a Club Pilates branded tote within 48 hours. No cost and no obligation either way, it's yours to look at. Would it be alright if I sent that over? Faiaz
Merch Maverick
themerchmaverick.com"
Healing Waters Wellness Center & Spa,healingwatersbhm@gmail.com,sauna,Birmingham,GB,http://www.morethancolonics.com/,4.9,339,"quick idea, Healing Waters Wellness Center & Spa","Hi there, I came across Healing Waters Wellness Center & Spa while researching top rated sauna studios in Birmingham and noticed you're holding a 4.9 rating across 339 reviews. That kind of consistency usually means people leave your space wanting to take a piece of the experience home with them. We're Merch Maverick, a factory direct supplier for branded sauna hats, towels, and robes for studios like yours. No middlemen, no inflated agency pricing, just your logo on the exact ritual gear your members already associate with the experience. I'll put together a free digital mockup of a Healing Waters Wellness Center & Spa branded wool felt sauna hat within 48 hours. If you don't love it, there's no cost and no obligation, it's yours to look at either way. Would it be okay if I sent that mockup over? Faiaz
Merch Maverick
themerchmaverick.com"
Healing Waters Wellness Center & Spa,healingwatersbhm@gmail.com,cold_plunge,Birmingham,GB,http://www.morethancolonics.com/,4.9,339,quick question about Healing Waters Wellness Center & Spa's retail shelf,"Hi there, I came across Healing Waters Wellness Center & Spa while researching top rated cold plunge and sauna spaces in Birmingham and noticed you're holding a 4.9 rating across 339 reviews. Numbers like that usually mean people leave talking about the experience, which is exactly the kind of thing branded gear tends to amplify. We're Merch Maverick, a factory direct supplier of branded robes, towels, and recovery hoodies for studios like yours, no agency markups, just your logo on gear members already want. I can send over a free digital mockup of a Healing Waters Wellness Center & Spa branded robe within 48 hours. If it is not a fit, no cost and no obligation. Would it be okay if I sent that mockup your way? Faiaz
Merch Maverick
themerchmaverick.com"
Restore Hyper Wellness,frontdesktx010@restore.com,cold_plunge,Austin,US,https://www.restore.com/locations/tx-austin-mueller-tx010?utm_source=gmb&utm_medium=Yext&y_source=1_MzE2Mjk5MzItNzE1LWxvY2F0aW9uLndlYnNpdGU%3D,4.9,337,quick idea for Restore Hyper Wellness's members,"Hi there, I came across Restore Hyper Wellness while researching top rated cold plunge and sauna spaces in Austin and noticed you're holding a 4.9 rating across 337 reviews. Numbers like that usually mean people leave talking about the experience, which is exactly the kind of thing branded gear tends to amplify. We're Merch Maverick, a factory direct supplier of branded robes, towels, and recovery hoodies for studios like yours, no agency markups, just your logo on gear members already want. I can send over a free digital mockup of a Restore Hyper Wellness branded robe within 48 hours. If it is not a fit, no cost and no obligation. Would it be okay if I sent that mockup your way? Faiaz
Merch Maverick
themerchmaverick.com"
LACRYO - Institut de Cryothérapie,contact@lacryo.fr,cold_plunge,Paris,FR,http://lacryo.fr/,4.9,337,quick note for LACRYO - Institut de Cryothérapie,"Hi there, I came across LACRYO - Institut de Cryothérapie while researching top rated cold plunge and sauna spaces in Paris and noticed you're holding a 4.9 rating across 337 reviews. Numbers like that usually mean people leave talking about the experience, which is exactly the kind of thing branded gear tends to amplify. We're Merch Maverick, a factory direct supplier of branded robes, towels, and recovery hoodies for studios like yours, no agency markups, just your logo on gear members already want. I can send over a free digital mockup of a LACRYO - Institut de Cryothérapie branded robe within 48 hours. If it is not a fit, no cost and no obligation. Would it be okay if I sent that mockup your way? Faiaz
Merch Maverick
themerchmaverick.com"
Float Scotland,info@floatscotland.co.uk,cold_plunge,Edinburgh,GB,http://www.floatscotland.co.uk/?utm_source=google&utm_medium=wix_google_business_profile&utm_campaign=7281068141214877235,4.9,332,thought of Float Scotland for something,"Hi there, I came across Float Scotland while researching top rated cold plunge and sauna spaces in Edinburgh and noticed you're holding a 4.9 rating across 332 reviews. Numbers like that usually mean people leave talking about the experience, which is exactly the kind of thing branded gear tends to amplify. We're Merch Maverick, a factory direct supplier of branded robes, towels, and recovery hoodies for studios like yours, no agency markups, just your logo on gear members already want. I can send over a free digital mockup of a Float Scotland branded robe within 48 hours. If it is not a fit, no cost and no obligation. Would it be okay if I sent that mockup your way? Faiaz
Merch Maverick
themerchmaverick.com"
Restore Hyper Wellness,frontdeskca016@restore.com,cold_plunge,Los Angeles,US,http://www.restore.com/locations/ca-marina-del-rey-ca016?utm_source=gmb&utm_medium=Yext&y_source=1_ODAwNDQ3MTktNzE1LWxvY2F0aW9uLndlYnNpdGU%3D,4.9,328,"quick idea, Restore Hyper Wellness","Hi there, I came across Restore Hyper Wellness while researching top rated cold plunge and sauna spaces in Los Angeles and noticed you're holding a 4.9 rating across 328 reviews. Numbers like that usually mean people leave talking about the experience, which is exactly the kind of thing branded gear tends to amplify. We're Merch Maverick, a factory direct supplier of branded robes, towels, and recovery hoodies for studios like yours, no agency markups, just your logo on gear members already want. I can send over a free digital mockup of a Restore Hyper Wellness branded robe within 48 hours. If it is not a fit, no cost and no obligation. Would it be okay if I sent that mockup your way? Faiaz
Merch Maverick
themerchmaverick.com"
Restore Hyper Wellness,frontdesktx095@restore.com,cold_plunge,Dallas,US,https://www.restore.com/locations/tx-colleyville-tx095?utm_source=gmb&utm_medium=Yext&y_source=1_MzE2Mjk5NDYtNzE1LWxvY2F0aW9uLndlYnNpdGU%3D,4.9,315,quick question about Restore Hyper Wellness's retail shelf,"Hi there, I came across Restore Hyper Wellness while researching top rated cold plunge and sauna spaces in Dallas and noticed you're holding a 4.9 rating across 315 reviews. Numbers like that usually mean people leave talking about the experience, which is exactly the kind of thing branded gear tends to amplify. We're Merch Maverick, a factory direct supplier of branded robes, towels, and recovery hoodies for studios like yours, no agency markups, just your logo on gear members already want. I can send over a free digital mockup of a Restore Hyper Wellness branded robe within 48 hours. If it is not a fit, no cost and no obligation. Would it be okay if I sent that mockup your way? Faiaz
Merch Maverick
themerchmaverick.com"
Wellness Sauna & Cryotherapy,info@wellnesslasvegas.net,sauna,Las Vegas,US,https://wellnesslasvegas.net/,4.9,302,quick idea for Wellness Sauna & Cryotherapy's members,"Hi there, I came across Wellness Sauna & Cryotherapy while researching top rated sauna studios in Las Vegas and noticed you're holding a 4.9 rating across 302 reviews. That kind of consistency usually means people leave your space wanting to take a piece of the experience home with them. We're Merch Maverick, a factory direct supplier for branded sauna hats, towels, and robes for studios like yours. No middlemen, no inflated agency pricing, just your logo on the exact ritual gear your members already associate with the experience. I'll put together a free digital mockup of a Wellness Sauna & Cryotherapy branded wool felt sauna hat within 48 hours. If you don't love it, there's no cost and no obligation, it's yours to look at either way. Would it be okay if I sent that mockup over? Faiaz
Merch Maverick
themerchmaverick.com"
Wellness Sauna & Cryotherapy,info@wellnesslasvegas.net,cold_plunge,Las Vegas,US,https://wellnesslasvegas.net/,4.9,302,quick note for Wellness Sauna & Cryotherapy,"Hi there, I came across Wellness Sauna & Cryotherapy while researching top rated cold plunge and sauna spaces in Las Vegas and noticed you're holding a 4.9 rating across 302 reviews. Numbers like that usually mean people leave talking about the experience, which is exactly the kind of thing branded gear tends to amplify. We're Merch Maverick, a factory direct supplier of branded robes, towels, and recovery hoodies for studios like yours, no agency markups, just your logo on gear members already want. I can send over a free digital mockup of a Wellness Sauna & Cryotherapy branded robe within 48 hours. If it is not a fit, no cost and no obligation. Would it be okay if I sent that mockup your way? Faiaz
Merch Maverick
themerchmaverick.com"
Kontrast,admin@kontrast.co.uk,sauna,Manchester,GB,https://www.kontrast.co.uk/,4.9,298,thought of Kontrast for something,"Hi there, I came across Kontrast while researching top rated sauna studios in Manchester and noticed you're holding a 4.9 rating across 298 reviews. That kind of consistency usually means people leave your space wanting to take a piece of the experience home with them. We're Merch Maverick, a factory direct supplier for branded sauna hats, towels, and robes for studios like yours. No middlemen, no inflated agency pricing, just your logo on the exact ritual gear your members already associate with the experience. I'll put together a free digital mockup of a Kontrast branded wool felt sauna hat within 48 hours. If you don't love it, there's no cost and no obligation, it's yours to look at either way. Would it be okay if I sent that mockup over? Faiaz
Merch Maverick
themerchmaverick.com"
Kontrast,admin@kontrast.co.uk,cold_plunge,Manchester,GB,https://www.kontrast.co.uk/,4.9,298,"quick idea, Kontrast","Hi there, I came across Kontrast while researching top rated cold plunge and sauna spaces in Manchester and noticed you're holding a 4.9 rating across 298 reviews. Numbers like that usually mean people leave talking about the experience, which is exactly the kind of thing branded gear tends to amplify. We're Merch Maverick, a factory direct supplier of branded robes, towels, and recovery hoodies for studios like yours, no agency markups, just your logo on gear members already want. I can send over a free digital mockup of a Kontrast branded robe within 48 hours. If it is not a fit, no cost and no obligation. Would it be okay if I sent that mockup your way? Faiaz
Merch Maverick
themerchmaverick.com"
Flotexperience,info@flotexperience.es,cold_plunge,Madrid,ES,http://www.flotexperience.es/,4.9,297,quick question about Flotexperience's retail shelf,"Hi there, I came across Flotexperience while researching top rated cold plunge and sauna spaces in Madrid and noticed you're holding a 4.9 rating across 297 reviews. Numbers like that usually mean people leave talking about the experience, which is exactly the kind of thing branded gear tends to amplify. We're Merch Maverick, a factory direct supplier of branded robes, towels, and recovery hoodies for studios like yours, no agency markups, just your logo on gear members already want. I can send over a free digital mockup of a Flotexperience branded robe within 48 hours. If it is not a fit, no cost and no obligation. Would it be okay if I sent that mockup your way? Faiaz
Merch Maverick
themerchmaverick.com"
EvolvE Cryo + Facials,contact@evolveatx.com,sauna,Austin,US,https://evolveatx.com/,4.9,295,quick idea for EvolvE Cryo + Facials's members,"Hi there, I came across EvolvE Cryo + Facials while researching top rated sauna studios in Austin and noticed you're holding a 4.9 rating across 295 reviews. That kind of consistency usually means people leave your space wanting to take a piece of the experience home with them. We're Merch Maverick, a factory direct supplier for branded sauna hats, towels, and robes for studios like yours. No middlemen, no inflated agency pricing, just your logo on the exact ritual gear your members already associate with the experience. I'll put together a free digital mockup of a EvolvE Cryo + Facials branded wool felt sauna hat within 48 hours. If you don't love it, there's no cost and no obligation, it's yours to look at either way. Would it be okay if I sent that mockup over? Faiaz
Merch Maverick
themerchmaverick.com"
EvolvE Cryo + Facials,contact@evolveatx.com,cold_plunge,Austin,US,https://evolveatx.com/,4.9,295,quick note for EvolvE Cryo + Facials,"Hi there, I came across EvolvE Cryo + Facials while researching top rated cold plunge and sauna spaces in Austin and noticed you're holding a 4.9 rating across 295 reviews. Numbers like that usually mean people leave talking about the experience, which is exactly the kind of thing branded gear tends to amplify. We're Merch Maverick, a factory direct supplier of branded robes, towels, and recovery hoodies for studios like yours, no agency markups, just your logo on gear members already want. I can send over a free digital mockup of a EvolvE Cryo + Facials branded robe within 48 hours. If it is not a fit, no cost and no obligation. Would it be okay if I sent that mockup your way? Faiaz
Merch Maverick
themerchmaverick.com"
Restore Hyper Wellness,frontdesktn001@restore.com,cold_plunge,Nashville,US,https://www.restore.com/locations/tn-brentwood-tn001?utm_source=gmb&utm_medium=Yext&y_source=1_MzE2Mjk5MjAtNzE1LWxvY2F0aW9uLndlYnNpdGU%3D,4.9,292,thought of Restore Hyper Wellness for something,"Hi there, I came across Restore Hyper Wellness while researching top rated cold plunge and sauna spaces in Nashville and noticed you're holding a 4.9 rating across 292 reviews. Numbers like that usually mean people leave talking about the experience, which is exactly the kind of thing branded gear tends to amplify. We're Merch Maverick, a factory direct supplier of branded robes, towels, and recovery hoodies for studios like yours, no agency markups, just your logo on gear members already want. I can send over a free digital mockup of a Restore Hyper Wellness branded robe within 48 hours. If it is not a fit, no cost and no obligation. Would it be okay if I sent that mockup your way? Faiaz
Merch Maverick
themerchmaverick.com"
IMR Float,info@imrfloat.com,sauna,Las Vegas,US,https://imrfloat.com/,4.9,291,"quick idea, IMR Float","Hi there, I came across IMR Float while researching top rated sauna studios in Las Vegas and noticed you're holding a 4.9 rating across 291 reviews. That kind of consistency usually means people leave your space wanting to take a piece of the experience home with them. We're Merch Maverick, a factory direct supplier for branded sauna hats, towels, and robes for studios like yours. No middlemen, no inflated agency pricing, just your logo on the exact ritual gear your members already associate with the experience. I'll put together a free digital mockup of a IMR Float branded wool felt sauna hat within 48 hours. If you don't love it, there's no cost and no obligation, it's yours to look at either way. Would it be okay if I sent that mockup over? Faiaz
Merch Maverick
themerchmaverick.com"
Revival Pilates,info@revivalpilates.studio,pilates,Houston,US,http://revivalpilates.studio/,4.9,291,quick question about Revival Pilates's retail shelf,"Hi there, I came across Revival Pilates while researching top rated reformer pilates studios in Houston and noticed you're holding a 4.9 rating across 291 reviews. That's the kind of loyalty that usually means members are proud to be part of the studio, not just attending classes. We're Merch Maverick, a factory direct supplier of branded totes, mat bags, and studio apparel for pilates studios. We work without agency markups, so the pricing usually beats what local printers quote for the same quality. I can put together a free digital mockup of a Revival Pilates branded tote within 48 hours. No cost and no obligation either way, it's yours to look at. Would it be alright if I sent that over? Faiaz
Merch Maverick
themerchmaverick.com"
IMR Float,info@imrfloat.com,cold_plunge,Las Vegas,US,https://imrfloat.com/,4.9,291,quick idea for IMR Float's members,"Hi there, I came across IMR Float while researching top rated cold plunge and sauna spaces in Las Vegas and noticed you're holding a 4.9 rating across 291 reviews. Numbers like that usually mean people leave talking about the experience, which is exactly the kind of thing branded gear tends to amplify. We're Merch Maverick, a factory direct supplier of branded robes, towels, and recovery hoodies for studios like yours, no agency markups, just your logo on gear members already want. I can send over a free digital mockup of a IMR Float branded robe within 48 hours. If it is not a fit, no cost and no obligation. Would it be okay if I sent that mockup your way? Faiaz
Merch Maverick
themerchmaverick.com"
Cryo Body Works Supercharged Wellness Med Spa,specs.stores.fixnavig@ion.sposition,sauna,Austin,US,http://www.cryobodyworks.com/,4.9,290,quick note for Cryo Body Works Supercharged Wellness Med Spa,"Hi there, I came across Cryo Body Works Supercharged Wellness Med Spa while researching top rated sauna studios in Austin and noticed you're holding a 4.9 rating across 290 reviews. That kind of consistency usually means people leave your space wanting to take a piece of the experience home with them. We're Merch Maverick, a factory direct supplier for branded sauna hats, towels, and robes for studios like yours. No middlemen, no inflated agency pricing, just your logo on the exact ritual gear your members already associate with the experience. I'll put together a free digital mockup of a Cryo Body Works Supercharged Wellness Med Spa branded wool felt sauna hat within 48 hours. If you don't love it, there's no cost and no obligation, it's yours to look at either way. Would it be okay if I sent that mockup over? Faiaz
Merch Maverick
themerchmaverick.com"
Cryo Body Works Supercharged Wellness Med Spa,specs.stores.fixnavig@ion.sposition,cold_plunge,Austin,US,http://www.cryobodyworks.com/,4.9,290,thought of Cryo Body Works Supercharged Wellness Med Spa for something,"Hi there, I came across Cryo Body Works Supercharged Wellness Med Spa while researching top rated cold plunge and sauna spaces in Austin and noticed you're holding a 4.9 rating across 290 reviews. Numbers like that usually mean people leave talking about the experience, which is exactly the kind of thing branded gear tends to amplify. We're Merch Maverick, a factory direct supplier of branded robes, towels, and recovery hoodies for studios like yours, no agency markups, just your logo on gear members already want. I can send over a free digital mockup of a Cryo Body Works Supercharged Wellness Med Spa branded robe within 48 hours. If it is not a fit, no cost and no obligation. Would it be okay if I sent that mockup your way? Faiaz
Merch Maverick
themerchmaverick.com"
Club Pilates,midtowneast@clubpilates.com,pilates,New York,US,http://www.clubpilates.com/midtowneast/?utm_source=google.com&utm_medium=referral&utm_campaign=yext,4.9,288,"quick idea, Club Pilates","Hi there, I came across Club Pilates while researching top rated reformer pilates studios in New York and noticed you're holding a 4.9 rating across 288 reviews. That's the kind of loyalty that usually means members are proud to be part of the studio, not just attending classes. We're Merch Maverick, a factory direct supplier of branded totes, mat bags, and studio apparel for pilates studios. We work without agency markups, so the pricing usually beats what local printers quote for the same quality. I can put together a free digital mockup of a Club Pilates branded tote within 48 hours. No cost and no obligation either way, it's yours to look at. Would it be alright if I sent that over? Faiaz
Merch Maverick
themerchmaverick.com"
JETSET Pilates - Merrick Park,merrickpark@jetsetpilates.com,pilates,Miami,US,https://www.jetsetpilates.com/fl/merrick-park,4.9,287,quick question about JETSET Pilates - Merrick Park's retail shelf,"Hi there, I came across JETSET Pilates - Merrick Park while researching top rated reformer pilates studios in Miami and noticed you're holding a 4.9 rating across 287 reviews. That's the kind of loyalty that usually means members are proud to be part of the studio, not just attending classes. We're Merch Maverick, a factory direct supplier of branded totes, mat bags, and studio apparel for pilates studios. We work without agency markups, so the pricing usually beats what local printers quote for the same quality. I can put together a free digital mockup of a JETSET Pilates - Merrick Park branded tote within 48 hours. No cost and no obligation either way, it's yours to look at. Would it be alright if I sent that over? Faiaz
Merch Maverick
themerchmaverick.com"
Restore Hyper Wellness,frontdeskco050@restore.com,cold_plunge,Denver,US,http://www.restore.com/locations/co-erie-co050?utm_source=gmb&utm_medium=Yext&y_source=1_NTkyNzgyOTAtNzE1LWxvY2F0aW9uLndlYnNpdGU%3D,4.9,287,quick idea for Restore Hyper Wellness's members,"Hi there, I came across Restore Hyper Wellness while researching top rated cold plunge and sauna spaces in Denver and noticed you're holding a 4.9 rating across 287 reviews. Numbers like that usually mean people leave talking about the experience, which is exactly the kind of thing branded gear tends to amplify. We're Merch Maverick, a factory direct supplier of branded robes, towels, and recovery hoodies for studios like yours, no agency markups, just your logo on gear members already want. I can send over a free digital mockup of a Restore Hyper Wellness branded robe within 48 hours. If it is not a fit, no cost and no obligation. Would it be okay if I sent that mockup your way? Faiaz
Merch Maverick
themerchmaverick.com"
BODYROK MISSION Studio,info@bodyrok.com,pilates,San Francisco,US,http://bodyrok.com/mission,4.9,286,quick note for BODYROK MISSION Studio,"Hi there, I came across BODYROK MISSION Studio while researching top rated reformer pilates studios in San Francisco and noticed you're holding a 4.9 rating across 286 reviews. That's the kind of loyalty that usually means members are proud to be part of the studio, not just attending classes. We're Merch Maverick, a factory direct supplier of branded totes, mat bags, and studio apparel for pilates studios. We work without agency markups, so the pricing usually beats what local printers quote for the same quality. I can put together a free digital mockup of a BODYROK MISSION Studio branded tote within 48 hours. No cost and no obligation either way, it's yours to look at. Would it be alright if I sent that over? Faiaz
Merch Maverick
themerchmaverick.com"
Restore Hyper Wellness,frontdesktx014@restore.com,cold_plunge,Houston,US,https://www.restore.com/locations/tx-katy-tx014?utm_source=gmb&utm_medium=Yext&y_source=1_MzE2Mjk5MzUtNzE1LWxvY2F0aW9uLndlYnNpdGU%3D,4.9,285,thought of Restore Hyper Wellness for something,"Hi there, I came across Restore Hyper Wellness while researching top rated cold plunge and sauna spaces in Houston and noticed you're holding a 4.9 rating across 285 reviews. Numbers like that usually mean people leave talking about the experience, which is exactly the kind of thing branded gear tends to amplify. We're Merch Maverick, a factory direct supplier of branded robes, towels, and recovery hoodies for studios like yours, no agency markups, just your logo on gear members already want. I can send over a free digital mockup of a Restore Hyper Wellness branded robe within 48 hours. If it is not a fit, no cost and no obligation. Would it be okay if I sent that mockup your way? Faiaz
Merch Maverick
themerchmaverick.com"
Restore Hyper Wellness,frontdeskny030@restore.com,cold_plunge,New York,US,http://www.restore.com/locations/ny-ues-84th-st-ny030?utm_source=gmb&utm_medium=Yext&y_source=1_NTc0NTE3NTctNzE1LWxvY2F0aW9uLndlYnNpdGU%3D,4.9,283,"quick idea, Restore Hyper Wellness","Hi there, I came across Restore Hyper Wellness while researching top rated cold plunge and sauna spaces in New York and noticed you're holding a 4.9 rating across 283 reviews. Numbers like that usually mean people leave talking about the experience, which is exactly the kind of thing branded gear tends to amplify. We're Merch Maverick, a factory direct supplier of branded robes, towels, and recovery hoodies for studios like yours, no agency markups, just your logo on gear members already want. I can send over a free digital mockup of a Restore Hyper Wellness branded robe within 48 hours. If it is not a fit, no cost and no obligation. Would it be okay if I sent that mockup your way? Faiaz
Merch Maverick
themerchmaverick.com"
Restore Hyper Wellness,frontdesktx005@restore.com,cold_plunge,Dallas,US,https://www.restore.com/locations/tx-plano-tx005?utm_source=gmb&utm_medium=Yext&y_source=1_MzE2Mjk5MjctNzE1LWxvY2F0aW9uLndlYnNpdGU%3D,4.9,280,quick question about Restore Hyper Wellness's retail shelf,"Hi there, I came across Restore Hyper Wellness while researching top rated cold plunge and sauna spaces in Dallas and noticed you're holding a 4.9 rating across 280 reviews. Numbers like that usually mean people leave talking about the experience, which is exactly the kind of thing branded gear tends to amplify. We're Merch Maverick, a factory direct supplier of branded robes, towels, and recovery hoodies for studios like yours, no agency markups, just your logo on gear members already want. I can send over a free digital mockup of a Restore Hyper Wellness branded robe within 48 hours. If it is not a fit, no cost and no obligation. Would it be okay if I sent that mockup your way? Faiaz
Merch Maverick
themerchmaverick.com"
Salzgrotte München SALUD - Natursole Rauminhalation & Entspannung,info@salzgrotte-salud.de,sauna,Munich,DE,https://www.salzgrotte-salud.de/,4.9,277,quick idea for Salzgrotte München SALUD - Natursole Rauminhalation & Entspannung's members,"Hi there, I came across Salzgrotte München SALUD - Natursole Rauminhalation & Entspannung while researching top rated sauna studios in Munich and noticed you're holding a 4.9 rating across 277 reviews. That kind of consistency usually means people leave your space wanting to take a piece of the experience home with them. We're Merch Maverick, a factory direct supplier for branded sauna hats, towels, and robes for studios like yours. No middlemen, no inflated agency pricing, just your logo on the exact ritual gear your members already associate with the experience. I'll put together a free digital mockup of a Salzgrotte München SALUD - Natursole Rauminhalation & Entspannung branded wool felt sauna hat within 48 hours. If you don't love it, there's no cost and no obligation, it's yours to look at either way. Would it be okay if I sent that mockup over? Faiaz
Merch Maverick
themerchmaverick.com"
Salzgrotte München SALUD - Natursole Rauminhalation & Entspannung,info@salzgrotte-salud.de,cold_plunge,Munich,DE,https://www.salzgrotte-salud.de/,4.9,277,quick note for Salzgrotte München SALUD - Natursole Rauminhalation & Entspannung,"Hi there, I came across Salzgrotte München SALUD - Natursole Rauminhalation & Entspannung while researching top rated cold plunge and sauna spaces in Munich and noticed you're holding a 4.9 rating across 277 reviews. Numbers like that usually mean people leave talking about the experience, which is exactly the kind of thing branded gear tends to amplify. We're Merch Maverick, a factory direct supplier of branded robes, towels, and recovery hoodies for studios like yours, no agency markups, just your logo on gear members already want. I can send over a free digital mockup of a Salzgrotte München SALUD - Natursole Rauminhalation & Entspannung branded robe within 48 hours. If it is not a fit, no cost and no obligation. Would it be okay if I sent that mockup your way? Faiaz
Merch Maverick
themerchmaverick.com"
Glow Sauna Studios | Prestonwood,admin@glowsaunastudios.com,sauna,Dallas,US,https://glowsaunastudios.com/,4.9,273,thought of Glow Sauna Studios | Prestonwood for something,"Hi there, I came across Glow Sauna Studios | Prestonwood while researching top rated sauna studios in Dallas and noticed you're holding a 4.9 rating across 273 reviews. That kind of consistency usually means people leave your space wanting to take a piece of the experience home with them. We're Merch Maverick, a factory direct supplier for branded sauna hats, towels, and robes for studios like yours. No middlemen, no inflated agency pricing, just your logo on the exact ritual gear your members already associate with the experience. I'll put together a free digital mockup of a Glow Sauna Studios | Prestonwood branded wool felt sauna hat within 48 hours. If you don't love it, there's no cost and no obligation, it's yours to look at either way. Would it be okay if I sent that mockup over? Faiaz
Merch Maverick
themerchmaverick.com"
Glow Sauna Studios | Prestonwood,admin@glowsaunastudios.com,cold_plunge,Dallas,US,https://glowsaunastudios.com/,4.9,273,"quick idea, Glow Sauna Studios | Prestonwood","Hi there, I came across Glow Sauna Studios | Prestonwood while researching top rated cold plunge and sauna spaces in Dallas and noticed you're holding a 4.9 rating across 273 reviews. Numbers like that usually mean people leave talking about the experience, which is exactly the kind of thing branded gear tends to amplify. We're Merch Maverick, a factory direct supplier of branded robes, towels, and recovery hoodies for studios like yours, no agency markups, just your logo on gear members already want. I can send over a free digital mockup of a Glow Sauna Studios | Prestonwood branded robe within 48 hours. If it is not a fit, no cost and no obligation. Would it be okay if I sent that mockup your way? Faiaz
Merch Maverick
themerchmaverick.com"
Pilatesmith - Culver City,hello@pilatesmithstudio.com,pilates,Los Angeles,US,https://www.pilatesmithstudio.com/new-smiths?utm_source=culver-city-gbp&utm_medium=organic&utm_campaign=profile-link,4.9,270,quick question about Pilatesmith - Culver City's retail shelf,"Hi there, I came across Pilatesmith - Culver City while researching top rated reformer pilates studios in Los Angeles and noticed you're holding a 4.9 rating across 270 reviews. That's the kind of loyalty that usually means members are proud to be part of the studio, not just attending classes. We're Merch Maverick, a factory direct supplier of branded totes, mat bags, and studio apparel for pilates studios. We work without agency markups, so the pricing usually beats what local printers quote for the same quality. I can put together a free digital mockup of a Pilatesmith - Culver City branded tote within 48 hours. No cost and no obligation either way, it's yours to look at. Would it be alright if I sent that over? Faiaz
Merch Maverick
themerchmaverick.com"
Cryohealthcare,specs.stores.fixnavig@ion.sposition,cold_plunge,Los Angeles,US,http://www.cryohealthcare.com/,4.9,267,quick idea for Cryohealthcare's members,"Hi there, I came across Cryohealthcare while researching top rated cold plunge and sauna spaces in Los Angeles and noticed you're holding a 4.9 rating across 267 reviews. Numbers like that usually mean people leave talking about the experience, which is exactly the kind of thing branded gear tends to amplify. We're Merch Maverick, a factory direct supplier of branded robes, towels, and recovery hoodies for studios like yours, no agency markups, just your logo on gear members already want. I can send over a free digital mockup of a Cryohealthcare branded robe within 48 hours. If it is not a fit, no cost and no obligation. Would it be okay if I sent that mockup your way? Faiaz
Merch Maverick
themerchmaverick.com"
Recoverie - Wellness Club,info@recoverienyc.com,sauna,New York,US,https://www.recoverienyc.com/,4.9,263,quick note for Recoverie - Wellness Club,"Hi there, I came across Recoverie - Wellness Club while researching top rated sauna studios in New York and noticed you're holding a 4.9 rating across 263 reviews. That kind of consistency usually means people leave your space wanting to take a piece of the experience home with them. We're Merch Maverick, a factory direct supplier for branded sauna hats, towels, and robes for studios like yours. No middlemen, no inflated agency pricing, just your logo on the exact ritual gear your members already associate with the experience. I'll put together a free digital mockup of a Recoverie - Wellness Club branded wool felt sauna hat within 48 hours. If you don't love it, there's no cost and no obligation, it's yours to look at either way. Would it be okay if I sent that mockup over? Faiaz
Merch Maverick
themerchmaverick.com"
M.O. Pilates,clifton@mohiito.com,pilates,Bristol,GB,http://www.mohiito.com/,4.9,263,thought of M.O. Pilates for something,"Hi there, I came across M.O. Pilates while researching top rated reformer pilates studios in Bristol and noticed you're holding a 4.9 rating across 263 reviews. That's the kind of loyalty that usually means members are proud to be part of the studio, not just attending classes. We're Merch Maverick, a factory direct supplier of branded totes, mat bags, and studio apparel for pilates studios. We work without agency markups, so the pricing usually beats what local printers quote for the same quality. I can put together a free digital mockup of a M.O. Pilates branded tote within 48 hours. No cost and no obligation either way, it's yours to look at. Would it be alright if I sent that over? Faiaz
Merch Maverick
themerchmaverick.com"
Recoverie - Wellness Club,info@recoverienyc.com,cold_plunge,New York,US,https://www.recoverienyc.com/,4.9,263,"quick idea, Recoverie - Wellness Club","Hi there, I came across Recoverie - Wellness Club while researching top rated cold plunge and sauna spaces in New York and noticed you're holding a 4.9 rating across 263 reviews. Numbers like that usually mean people leave talking about the experience, which is exactly the kind of thing branded gear tends to amplify. We're Merch Maverick, a factory direct supplier of branded robes, towels, and recovery hoodies for studios like yours, no agency markups, just your logo on gear members already want. I can send over a free digital mockup of a Recoverie - Wellness Club branded robe within 48 hours. If it is not a fit, no cost and no obligation. Would it be okay if I sent that mockup your way? Faiaz
Merch Maverick
themerchmaverick.com"
Restore Hyper Wellness,frontdesktx025@restore.com,sauna,Dallas,US,https://www.restore.com/locations/tx-dallas-west-village-tx025?utm_source=gmb&utm_medium=Yext&y_source=1_MzY0MTg4OTctNzE1LWxvY2F0aW9uLndlYnNpdGU=,4.9,261,quick question about Restore Hyper Wellness's retail shelf,"Hi there, I came across Restore Hyper Wellness while researching top rated sauna studios in Dallas and noticed you're holding a 4.9 rating across 261 reviews. That kind of consistency usually means people leave your space wanting to take a piece of the experience home with them. We're Merch Maverick, a factory direct supplier for branded sauna hats, towels, and robes for studios like yours. No middlemen, no inflated agency pricing, just your logo on the exact ritual gear your members already associate with the experience. I'll put together a free digital mockup of a Restore Hyper Wellness branded wool felt sauna hat within 48 hours. If you don't love it, there's no cost and no obligation, it's yours to look at either way. Would it be okay if I sent that mockup over? Faiaz
Merch Maverick
themerchmaverick.com"
Cataleya - Massage Lounge,info@cataleyamassage.de,sauna,Cologne,DE,http://www.cataleyamassage.de/,4.9,261,quick idea for Cataleya - Massage Lounge's members,"Hi there, I came across Cataleya - Massage Lounge while researching top rated sauna studios in Cologne and noticed you're holding a 4.9 rating across 261 reviews. That kind of consistency usually means people leave your space wanting to take a piece of the experience home with them. We're Merch Maverick, a factory direct supplier for branded sauna hats, towels, and robes for studios like yours. No middlemen, no inflated agency pricing, just your logo on the exact ritual gear your members already associate with the experience. I'll put together a free digital mockup of a Cataleya - Massage Lounge branded wool felt sauna hat within 48 hours. If you don't love it, there's no cost and no obligation, it's yours to look at either way. Would it be okay if I sent that mockup over? Faiaz
Merch Maverick
themerchmaverick.com"
Restore Hyper Wellness,frontdesktx025@restore.com,cold_plunge,Dallas,US,https://www.restore.com/locations/tx-dallas-west-village-tx025?utm_source=gmb&utm_medium=Yext&y_source=1_MzY0MTg4OTctNzE1LWxvY2F0aW9uLndlYnNpdGU=,4.9,261,quick note for Restore Hyper Wellness,"Hi there, I came across Restore Hyper Wellness while researching top rated cold plunge and sauna spaces in Dallas and noticed you're holding a 4.9 rating across 261 reviews. Numbers like that usually mean people leave talking about the experience, which is exactly the kind of thing branded gear tends to amplify. We're Merch Maverick, a factory direct supplier of branded robes, towels, and recovery hoodies for studios like yours, no agency markups, just your logo on gear members already want. I can send over a free digital mockup of a Restore Hyper Wellness branded robe within 48 hours. If it is not a fit, no cost and no obligation. Would it be okay if I sent that mockup your way? Faiaz
Merch Maverick
themerchmaverick.com"
Restore Hyper Wellness,frontdeskma002@restore.com,cold_plunge,Boston,US,http://www.restore.com/locations/ma-dedham-ma002?utm_source=gmb&utm_medium=Yext&y_source=1_NDQ1NzE5NDUtNzE1LWxvY2F0aW9uLndlYnNpdGU%3D,4.9,256,thought of Restore Hyper Wellness for something,"Hi there, I came across Restore Hyper Wellness while researching top rated cold plunge and sauna spaces in Boston and noticed you're holding a 4.9 rating across 256 reviews. Numbers like that usually mean people leave talking about the experience, which is exactly the kind of thing branded gear tends to amplify. We're Merch Maverick, a factory direct supplier of branded robes, towels, and recovery hoodies for studios like yours, no agency markups, just your logo on gear members already want. I can send over a free digital mockup of a Restore Hyper Wellness branded robe within 48 hours. If it is not a fit, no cost and no obligation. Would it be okay if I sent that mockup your way? Faiaz
Merch Maverick
themerchmaverick.com"
Aqua Head Spa Belváros,buda@aquaheadspa.hu,cold_plunge,Budapest,HU,https://aquaheadspa.hu/budapest-belvaros-6-kerulet/,4.9,255,"quick idea, Aqua Head Spa Belváros","Hi there, I came across Aqua Head Spa Belváros while researching top rated cold plunge and sauna spaces in Budapest and noticed you're holding a 4.9 rating across 255 reviews. Numbers like that usually mean people leave talking about the experience, which is exactly the kind of thing branded gear tends to amplify. We're Merch Maverick, a factory direct supplier of branded robes, towels, and recovery hoodies for studios like yours, no agency markups, just your logo on gear members already want. I can send over a free digital mockup of a Aqua Head Spa Belváros branded robe within 48 hours. If it is not a fit, no cost and no obligation. Would it be okay if I sent that mockup your way? Faiaz
Merch Maverick
themerchmaverick.com"
Natural Pilates - West Hollywood,info@naturalpilates.com,pilates,Los Angeles,US,http://naturalpilates.com/,4.9,251,quick question about Natural Pilates - West Hollywood's retail shelf,"Hi there, I came across Natural Pilates - West Hollywood while researching top rated reformer pilates studios in Los Angeles and noticed you're holding a 4.9 rating across 251 reviews. That's the kind of loyalty that usually means members are proud to be part of the studio, not just attending classes. We're Merch Maverick, a factory direct supplier of branded totes, mat bags, and studio apparel for pilates studios. We work without agency markups, so the pricing usually beats what local printers quote for the same quality. I can put together a free digital mockup of a Natural Pilates - West Hollywood branded tote within 48 hours. No cost and no obligation either way, it's yours to look at. Would it be alright if I sent that over? Faiaz
Merch Maverick
themerchmaverick.com"
Generator Athlete Lab,info@generatorathletelab.com,sauna,Austin,US,https://www.generatorathletelab.com/?utm_source=LocalSearch&utm_medium=GoogleBusinessProfile&utm_id=Organic,4.9,250,quick idea for Generator Athlete Lab's members,"Hi there, I came across Generator Athlete Lab while researching top rated sauna studios in Austin and noticed you're holding a 4.9 rating across 250 reviews. That kind of consistency usually means people leave your space wanting to take a piece of the experience home with them. We're Merch Maverick, a factory direct supplier for branded sauna hats, towels, and robes for studios like yours. No middlemen, no inflated agency pricing, just your logo on the exact ritual gear your members already associate with the experience. I'll put together a free digital mockup of a Generator Athlete Lab branded wool felt sauna hat within 48 hours. If you don't love it, there's no cost and no obligation, it's yours to look at either way. Would it be okay if I sent that mockup over? Faiaz
Merch Maverick
themerchmaverick.com"
Citizen Pilates,hello@citizenpilates.com,pilates,Houston,US,https://www.citizenpilates.com/,4.9,250,quick note for Citizen Pilates,"Hi there, I came across Citizen Pilates while researching top rated reformer pilates studios in Houston and noticed you're holding a 4.9 rating across 250 reviews. That's the kind of loyalty that usually means members are proud to be part of the studio, not just attending classes. We're Merch Maverick, a factory direct supplier of branded totes, mat bags, and studio apparel for pilates studios. We work without agency markups, so the pricing usually beats what local printers quote for the same quality. I can put together a free digital mockup of a Citizen Pilates branded tote within 48 hours. No cost and no obligation either way, it's yours to look at. Would it be alright if I sent that over? Faiaz
Merch Maverick
themerchmaverick.com"
Generator Athlete Lab,info@generatorathletelab.com,cold_plunge,Austin,US,https://www.generatorathletelab.com/?utm_source=LocalSearch&utm_medium=GoogleBusinessProfile&utm_id=Organic,4.9,250,thought of Generator Athlete Lab for something,"Hi there, I came across Generator Athlete Lab while researching top rated cold plunge and sauna spaces in Austin and noticed you're holding a 4.9 rating across 250 reviews. Numbers like that usually mean people leave talking about the experience, which is exactly the kind of thing branded gear tends to amplify. We're Merch Maverick, a factory direct supplier of branded robes, towels, and recovery hoodies for studios like yours, no agency markups, just your logo on gear members already want. I can send over a free digital mockup of a Generator Athlete Lab branded robe within 48 hours. If it is not a fit, no cost and no obligation. Would it be okay if I sent that mockup your way? Faiaz
Merch Maverick
themerchmaverick.com"
Inferno Hot Pilates,info@infernopilates.com,pilates,Las Vegas,US,https://infernopilates.com/,4.9,249,"quick idea, Inferno Hot Pilates","Hi there, I came across Inferno Hot Pilates while researching top rated reformer pilates studios in Las Vegas and noticed you're holding a 4.9 rating across 249 reviews. That's the kind of loyalty that usually means members are proud to be part of the studio, not just attending classes. We're Merch Maverick, a factory direct supplier of branded totes, mat bags, and studio apparel for pilates studios. We work without agency markups, so the pricing usually beats what local printers quote for the same quality. I can put together a free digital mockup of a Inferno Hot Pilates branded tote within 48 hours. No cost and no obligation either way, it's yours to look at. Would it be alright if I sent that over? Faiaz
Merch Maverick
themerchmaverick.com"
Restore Hyper Wellness,frontdesktx006@restore.com,cold_plunge,Austin,US,https://www.restore.com/locations/tx-austin-gateway-tx006?utm_source=gmb&utm_medium=Yext&y_source=1_MzE2Mjk5MjgtNzE1LWxvY2F0aW9uLndlYnNpdGU%3D,4.9,247,quick question about Restore Hyper Wellness's retail shelf,"Hi there, I came across Restore Hyper Wellness while researching top rated cold plunge and sauna spaces in Austin and noticed you're holding a 4.9 rating across 247 reviews. Numbers like that usually mean people leave talking about the experience, which is exactly the kind of thing branded gear tends to amplify. We're Merch Maverick, a factory direct supplier of branded robes, towels, and recovery hoodies for studios like yours, no agency markups, just your logo on gear members already want. I can send over a free digital mockup of a Restore Hyper Wellness branded robe within 48 hours. If it is not a fit, no cost and no obligation. Would it be okay if I sent that mockup your way? Faiaz
Merch Maverick
themerchmaverick.com"
CRYOPOINT KÖLN ZENTRUM LONGEVITY SPA LOUNGE,deine@email.de,sauna,Cologne,DE,https://cryopoint.com/store/koeln-zentrum/,4.9,240,quick idea for CRYOPOINT KÖLN ZENTRUM LONGEVITY SPA LOUNGE's members,"Hi there, I came across CRYOPOINT KÖLN ZENTRUM LONGEVITY SPA LOUNGE while researching top rated sauna studios in Cologne and noticed you're holding a 4.9 rating across 240 reviews. That kind of consistency usually means people leave your space wanting to take a piece of the experience home with them. We're Merch Maverick, a factory direct supplier for branded sauna hats, towels, and robes for studios like yours. No middlemen, no inflated agency pricing, just your logo on the exact ritual gear your members already associate with the experience. I'll put together a free digital mockup of a CRYOPOINT KÖLN ZENTRUM LONGEVITY SPA LOUNGE branded wool felt sauna hat within 48 hours. If you don't love it, there's no cost and no obligation, it's yours to look at either way. Would it be okay if I sent that mockup over? Faiaz
Merch Maverick
themerchmaverick.com"
CRYOPOINT KÖLN ZENTRUM LONGEVITY SPA LOUNGE,deine@email.de,cold_plunge,Cologne,DE,https://cryopoint.com/store/koeln-zentrum/,4.9,240,quick note for CRYOPOINT KÖLN ZENTRUM LONGEVITY SPA LOUNGE,"Hi there, I came across CRYOPOINT KÖLN ZENTRUM LONGEVITY SPA LOUNGE while researching top rated cold plunge and sauna spaces in Cologne and noticed you're holding a 4.9 rating across 240 reviews. Numbers like that usually mean people leave talking about the experience, which is exactly the kind of thing branded gear tends to amplify. We're Merch Maverick, a factory direct supplier of branded robes, towels, and recovery hoodies for studios like yours, no agency markups, just your logo on gear members already want. I can send over a free digital mockup of a CRYOPOINT KÖLN ZENTRUM LONGEVITY SPA LOUNGE branded robe within 48 hours. If it is not a fit, no cost and no obligation. Would it be okay if I sent that mockup your way? Faiaz
Merch Maverick
themerchmaverick.com"
Altered States Wellness,hello@alteredstateswellness.com,sauna,Dallas,US,https://alteredstateswellness.com/,4.9,238,thought of Altered States Wellness for something,"Hi there, I came across Altered States Wellness while researching top rated sauna studios in Dallas and noticed you're holding a 4.9 rating across 238 reviews. That kind of consistency usually means people leave your space wanting to take a piece of the experience home with them. We're Merch Maverick, a factory direct supplier for branded sauna hats, towels, and robes for studios like yours. No middlemen, no inflated agency pricing, just your logo on the exact ritual gear your members already associate with the experience. I'll put together a free digital mockup of a Altered States Wellness branded wool felt sauna hat within 48 hours. If you don't love it, there's no cost and no obligation, it's yours to look at either way. Would it be okay if I sent that mockup over? Faiaz
Merch Maverick
themerchmaverick.com"
Restore Hyper Wellness,frontdeskma003@restore.com,cold_plunge,Boston,US,https://www.restore.com/locations/ma-newton-ma003?utm_source=gmb&utm_medium=Yext&y_source=1_MzE2Mjk4NzQtNzE1LWxvY2F0aW9uLndlYnNpdGU%3D,4.9,236,"quick idea, Restore Hyper Wellness","Hi there, I came across Restore Hyper Wellness while researching top rated cold plunge and sauna spaces in Boston and noticed you're holding a 4.9 rating across 236 reviews. Numbers like that usually mean people leave talking about the experience, which is exactly the kind of thing branded gear tends to amplify. We're Merch Maverick, a factory direct supplier of branded robes, towels, and recovery hoodies for studios like yours, no agency markups, just your logo on gear members already want. I can send over a free digital mockup of a Restore Hyper Wellness branded robe within 48 hours. If it is not a fit, no cost and no obligation. Would it be okay if I sent that mockup your way? Faiaz
Merch Maverick
themerchmaverick.com"
