name,email,niche,city,country,website,rating,review_count,email_confidence,subject,email_body
WellNest,team@wellnest.london,sauna,London,GB,http://www.wellnest.london/,4.9,233,found_on_site,quick question about WellNest's retail shelf,"Hi there,

I came across WellNest while researching top rated sauna studios in London and noticed you're holding a 4.9 rating across 233 reviews. That kind of consistency usually means people leave your space wanting to take a piece of the experience home with them.

We're Merch Maverick, a factory direct supplier for branded sauna gear including hats, towels, and robes for studios like yours. No middlemen, no inflated agency pricing, just your logo on the exact ritual gear your members already associate with the experience.

I can put together a free digital mockup of a WellNest branded wool felt sauna hat within 48 hours, no cost and no obligation either way.

Would it be okay if I sent that over?

Faiaz

Merch Maverick

themerchmaverick.com"
"LAGREE Plus ,  Adelaide",hello@lagreeplus.ca,pilates,Toronto,CA,https://www.lagreeplus.ca/,4.9,231,found_on_site,"quick idea for LAGREE Plus ,  Adelaide's members","Hi there,

I came across LAGREE Plus ,  Adelaide while researching top rated reformer pilates studios in Toronto and noticed you're holding a 4.9 rating across 231 reviews. That's the kind of loyalty that usually means members are proud to be part of the studio, not just attending classes.

We're Merch Maverick, a factory direct supplier of branded totes, mat bags, and studio apparel for pilates studios. We work without agency markups, so the pricing usually beats what local printers quote for the same quality.

I can put together a free digital mockup of a LAGREE Plus ,  Adelaide branded studio tote within 48 hours, no cost and no obligation either way.

Would that be useful to you?

Faiaz

Merch Maverick

themerchmaverick.com"
Tribe New Town,nt@tribe.yoga,pilates,Edinburgh,GB,https://tribe.yoga/tribe-new-town/,4.9,230,found_on_site,quick note for Tribe New Town,"Hi there,

I came across Tribe New Town while researching top rated reformer pilates studios in Edinburgh and noticed you're holding a 4.9 rating across 230 reviews. That kind of rating usually means your members already see the studio as part of their identity, which is exactly when branded gear starts to sell itself.

We're Merch Maverick, a factory direct supplier of branded totes, mat bags, and studio apparel for pilates studios. We work without agency markups, so the pricing usually beats what local printers quote for the same quality.

I can mail over a free fabric swatch pack for the mat bag line so you can feel the quality before deciding anything.

Want me to go ahead and put that together?

Faiaz

Merch Maverick

themerchmaverick.com"
iNNerControl | Transformatie Coach | Rust in je hoofd | Breathwork ademcoach | HSP Coach | NLP Meditatie Mindfulness,info@innercontrol.nl,cold_plunge,Rotterdam,NL,http://www.innercontrol.nl/,4.9,230,found_on_site,thought of iNNerControl | Transformatie Coach | Rust in je hoofd | Breathwork ademcoach | HSP Coach | NLP Meditatie Mindfulness for something,"Hi there,

I came across iNNerControl | Transformatie Coach | Rust in je hoofd | Breathwork ademcoach | HSP Coach | NLP Meditatie Mindfulness while researching top rated cold plunge and sauna spaces in Rotterdam and noticed you're holding a 4.9 rating across 230 reviews. Numbers like that usually mean people leave talking about the experience, which is exactly the kind of thing branded gear tends to amplify.

We're Merch Maverick, a factory direct supplier of branded robes, towels, and recovery hoodies for studios like yours, no agency markups, just your logo on gear members already want.

I can put together a free digital mockup of a iNNerControl | Transformatie Coach | Rust in je hoofd | Breathwork ademcoach | HSP Coach | NLP Meditatie Mindfulness branded branded robe within 48 hours, no cost and no obligation either way.

Should I send that your way?

Faiaz

Merch Maverick

themerchmaverick.com"
Club Pilates,yorbalinda@clubpilates.com,pilates,Anaheim,US,https://www.clubpilates.com/yorbalinda/?utm_source=google.com&utm_medium=referral&utm_campaign=yext,4.9,228,found_on_site,"quick idea, Club Pilates","Hi there,

I came across Club Pilates while researching top rated reformer pilates studios in Anaheim and noticed you're holding a 4.9 rating across 228 reviews. That's the kind of loyalty that usually means members are proud to be part of the studio, not just attending classes.

We're Merch Maverick, a factory direct supplier of branded totes, mat bags, and studio apparel for pilates studios. We work without agency markups, so the pricing usually beats what local printers quote for the same quality.

I can hop on a quick free call about which fabric and colorway would actually hold up best for a branded headband in your space, no strings attached.

Would it be okay if I sent that over?

Faiaz

Merch Maverick

themerchmaverick.com"
Pilates in the Grove- Coconut Grove,info@pilatesinthegrove.com,pilates,Miami,US,https://www.pilatesinthegrove.com/,4.9,228,found_on_site,small idea for Pilates in the Grove- Coconut Grove,"Hi there,

I came across Pilates in the Grove- Coconut Grove while researching top rated reformer pilates studios in Miami and noticed you're holding a 4.9 rating across 228 reviews. That kind of rating usually means your members already see the studio as part of their identity, which is exactly when branded gear starts to sell itself.

We're Merch Maverick, a factory direct supplier of branded totes, mat bags, and studio apparel for pilates studios. We work without agency markups, so the pricing usually beats what local printers quote for the same quality.

I can get your first grip socks sample out at cost, no minimum order, no commitment beyond that.

Would that be useful to you?

Faiaz

Merch Maverick

themerchmaverick.com"
Body Alive Denver,info@bodyalivefitness.com,pilates,Denver,US,https://bodyalivefitness.com/location/body-alive-denver/?utm_source=GoogleBusinessProfile&utm_medium=Website&utm_campaign=MapLabs,4.9,220,found_on_site,curious if this is useful for Body Alive Denver,"Hi there,

I came across Body Alive Denver while researching top rated reformer pilates studios in Denver and noticed you're holding a 4.9 rating across 220 reviews. That's the kind of loyalty that usually means members are proud to be part of the studio, not just attending classes.

We're Merch Maverick, a factory direct supplier of branded totes, mat bags, and studio apparel for pilates studios. We work without agency markups, so the pricing usually beats what local printers quote for the same quality.

I can put together a free digital mockup of a Body Alive Denver branded studio tote within 48 hours, no cost and no obligation either way.

Want me to go ahead and put that together?

Faiaz

Merch Maverick

themerchmaverick.com"
The Glasgow Float Centre Limited,info@thefloatcentre.co.uk,cold_plunge,Glasgow,GB,http://www.thefloatcentre.co.uk/,4.9,220,found_on_site,free something for The Glasgow Float Centre Limited,"Hi there,

I came across The Glasgow Float Centre Limited while researching top rated cold plunge and sauna spaces in Glasgow and noticed you're holding a 4.9 rating across 220 reviews. That kind of following usually means people already treat this as part of their routine, which is exactly when branded gear starts to matter.

We're Merch Maverick, a factory direct supplier of branded robes, towels, and recovery hoodies for studios like yours, no agency markups, just your logo on gear members already want.

I can mail over a free fabric swatch pack for the recovery hoodie line so you can feel the quality before deciding anything.

Should I send that your way?

Faiaz

Merch Maverick

themerchmaverick.com"
The Ocean Lab | Contrast Therapy,hello@oceanlabatx.com,sauna,Austin,US,http://oceanlabatx.com/,4.9,218,found_on_site,quick thought after finding The Ocean Lab | Contrast Therapy,"Hi there,

I came across The Ocean Lab | Contrast Therapy while researching top rated sauna studios in Austin and noticed you're holding a 4.9 rating across 218 reviews. Members who show up that consistently tend to want gear that says they are serious about the ritual, not just visiting once.

We're Merch Maverick, a factory direct supplier for branded sauna gear including hats, towels, and robes for studios like yours. No middlemen, no inflated agency pricing, just your logo on the exact ritual gear your members already associate with the experience.

I can mail over a free fabric swatch pack for the branded plunge robe line so you can feel the quality before deciding anything.

Would it be okay if I sent that over?

Faiaz

Merch Maverick

themerchmaverick.com"
Seattle Massage Sauna & Float,relax@seattlemassagepro.com,sauna,Seattle,US,https://www.seattlemassagepro.com/,4.9,218,found_on_site,a small idea for Seattle Massage Sauna & Float's team,"Hi there,

I came across Seattle Massage Sauna & Float while researching top rated sauna studios in Seattle and noticed you're holding a 4.9 rating across 218 reviews. That kind of consistency usually means people leave your space wanting to take a piece of the experience home with them.

We're Merch Maverick, a factory direct supplier for branded sauna gear including hats, towels, and robes for studios like yours. No middlemen, no inflated agency pricing, just your logo on the exact ritual gear your members already associate with the experience.

I can hop on a quick free call about which fabric and colorway would actually hold up best for a quick dry ritual towel in your space, no strings attached.

Would that be useful to you?

Faiaz

Merch Maverick

themerchmaverick.com"
Function Pilates,info@functionpilates.com,pilates,Phoenix,US,http://www.functionpilates.com/,4.9,218,found_on_site,quick question about Function Pilates's retail shelf,"Hi there,

I came across Function Pilates while researching top rated reformer pilates studios in Phoenix and noticed you're holding a 4.9 rating across 218 reviews. That kind of rating usually means your members already see the studio as part of their identity, which is exactly when branded gear starts to sell itself.

We're Merch Maverick, a factory direct supplier of branded totes, mat bags, and studio apparel for pilates studios. We work without agency markups, so the pricing usually beats what local printers quote for the same quality.

I can mail over a free fabric swatch pack for the mat bag line so you can feel the quality before deciding anything.

Want me to go ahead and put that together?

Faiaz

Merch Maverick

themerchmaverick.com"
PORTAL° Thermaculture,contact@portalthermaculture.com,sauna,Denver,US,https://www.portalthermaculture.com/?utm_source=google&utm_medium=organic&utm_campaign=gbp+denver+website,4.9,211,found_on_site,quick idea for PORTAL° Thermaculture's members,"Hi there,

I came across PORTAL° Thermaculture while researching top rated sauna studios in Denver and noticed you're holding a 4.9 rating across 211 reviews. Members who show up that consistently tend to want gear that says they are serious about the ritual, not just visiting once.

We're Merch Maverick, a factory direct supplier for branded sauna gear including hats, towels, and robes for studios like yours. No middlemen, no inflated agency pricing, just your logo on the exact ritual gear your members already associate with the experience.

I can get your first recovery beanie sample out at cost, no minimum order, no commitment beyond that.

Should I send that your way?

Faiaz

Merch Maverick

themerchmaverick.com"
My Golden Hour Hot Pilates Reformer ® - Studio & Spa,contact@mygoldenhour.fr,pilates,Paris,FR,https://www.mygoldenhour.fr/,4.9,211,found_on_site,quick note for My Golden Hour Hot Pilates Reformer ® - Studio & Spa,"Hi there,

I came across My Golden Hour Hot Pilates Reformer ® - Studio & Spa while researching top rated reformer pilates studios in Paris and noticed you're holding a 4.9 rating across 211 reviews. That's the kind of loyalty that usually means members are proud to be part of the studio, not just attending classes.

We're Merch Maverick, a factory direct supplier of branded totes, mat bags, and studio apparel for pilates studios. We work without agency markups, so the pricing usually beats what local printers quote for the same quality.

I can hop on a quick free call about which fabric and colorway would actually hold up best for a branded headband in your space, no strings attached.

Would it be okay if I sent that over?

Faiaz

Merch Maverick

themerchmaverick.com"
Club Pilates Bonanova,bonanova@clubpilates.es,pilates,Barcelona,ES,https://www.clubpilates.es/location/bonanova,4.9,209,found_on_site,thought of Club Pilates Bonanova for something,"Hi there,

I came across Club Pilates Bonanova while researching top rated reformer pilates studios in Barcelona and noticed you're holding a 4.9 rating across 209 reviews. That kind of rating usually means your members already see the studio as part of their identity, which is exactly when branded gear starts to sell itself.

We're Merch Maverick, a factory direct supplier of branded totes, mat bags, and studio apparel for pilates studios. We work without agency markups, so the pricing usually beats what local printers quote for the same quality.

I can get your first grip socks sample out at cost, no minimum order, no commitment beyond that.

Would that be useful to you?

Faiaz

Merch Maverick

themerchmaverick.com"
Club Pilates,anaheimhills@clubpilates.com,pilates,Anaheim,US,https://www.clubpilates.com/location/anaheimhills,4.9,208,found_on_site,"quick idea, Club Pilates","Hi there,

I came across Club Pilates while researching top rated reformer pilates studios in Anaheim and noticed you're holding a 4.9 rating across 208 reviews. That's the kind of loyalty that usually means members are proud to be part of the studio, not just attending classes.

We're Merch Maverick, a factory direct supplier of branded totes, mat bags, and studio apparel for pilates studios. We work without agency markups, so the pricing usually beats what local printers quote for the same quality.

I can put together a free digital mockup of a Club Pilates branded studio tote within 48 hours, no cost and no obligation either way.

Want me to go ahead and put that together?

Faiaz

Merch Maverick

themerchmaverick.com"
Define Studio Paris,contact@definestudio-paris.com,pilates,Paris,FR,https://definestudio.fr/,4.9,201,found_on_site,small idea for Define Studio Paris,"Hi there,

I came across Define Studio Paris while researching top rated reformer pilates studios in Paris and noticed you're holding a 4.9 rating across 201 reviews. That kind of rating usually means your members already see the studio as part of their identity, which is exactly when branded gear starts to sell itself.

We're Merch Maverick, a factory direct supplier of branded totes, mat bags, and studio apparel for pilates studios. We work without agency markups, so the pricing usually beats what local printers quote for the same quality.

I can mail over a free fabric swatch pack for the mat bag line so you can feel the quality before deciding anything.

Should I send that your way?

Faiaz

Merch Maverick

themerchmaverick.com"
Restore Hyper Wellness,frontdeskil023@restore.com,cold_plunge,Chicago,US,https://www.restore.com/locations/il-oakbrook-terrace-il023?utm_source=gmb&utm_medium=Yext&y_source=1_MzE2Mjk4NjUtNzE1LWxvY2F0aW9uLndlYnNpdGU%3D,4.9,201,found_on_site,curious if this is useful for Restore Hyper Wellness,"Hi there,

I came across Restore Hyper Wellness while researching top rated cold plunge and sauna spaces in Chicago and noticed you're holding a 4.9 rating across 201 reviews. Numbers like that usually mean people leave talking about the experience, which is exactly the kind of thing branded gear tends to amplify.

We're Merch Maverick, a factory direct supplier of branded robes, towels, and recovery hoodies for studios like yours, no agency markups, just your logo on gear members already want.

I can hop on a quick free call about which fabric and colorway would actually hold up best for a quick dry towel in your space, no strings attached.

Would it be okay if I sent that over?

Faiaz

Merch Maverick

themerchmaverick.com"
Stockholm Spa & Health Studio,info@stockholmspahalsostudio.se,sauna,Stockholm,SE,http://www.stockholmspahalsostudio.se/?utm_source=google&utm_medium=wix_google_business_profile&utm_campaign=2483566680228100263,4.9,199,found_on_site,free something for Stockholm Spa & Health Studio,"Hi there,

I came across Stockholm Spa & Health Studio while researching top rated sauna studios in Stockholm and noticed you're holding a 4.9 rating across 199 reviews. That kind of consistency usually means people leave your space wanting to take a piece of the experience home with them.

We're Merch Maverick, a factory direct supplier for branded sauna gear including hats, towels, and robes for studios like yours. No middlemen, no inflated agency pricing, just your logo on the exact ritual gear your members already associate with the experience.

I can put together a free digital mockup of a Stockholm Spa & Health Studio branded wool felt sauna hat within 48 hours, no cost and no obligation either way.

Would that be useful to you?

Faiaz

Merch Maverick

themerchmaverick.com"
Orchard Sauna,info@bristolsaunaproject.co.uk,sauna,Bristol,GB,https://orchardsauna.co.uk/,4.9,198,found_on_site,quick thought after finding Orchard Sauna,"Hi there,

I came across Orchard Sauna while researching top rated sauna studios in Bristol and noticed you're holding a 4.9 rating across 198 reviews. Members who show up that consistently tend to want gear that says they are serious about the ritual, not just visiting once.

We're Merch Maverick, a factory direct supplier for branded sauna gear including hats, towels, and robes for studios like yours. No middlemen, no inflated agency pricing, just your logo on the exact ritual gear your members already associate with the experience.

I can mail over a free fabric swatch pack for the branded plunge robe line so you can feel the quality before deciding anything.

Want me to go ahead and put that together?

Faiaz

Merch Maverick

themerchmaverick.com"
Sculpt Spa,info@sculptspalv.com,cold_plunge,Las Vegas,US,https://sculptspalv.com/?utm_source=google&utm_medium=organic&utm_campaign=GMB,4.9,197,found_on_site,a small idea for Sculpt Spa's team,"Hi there,

I came across Sculpt Spa while researching top rated cold plunge and sauna spaces in Las Vegas and noticed you're holding a 4.9 rating across 197 reviews. That kind of following usually means people already treat this as part of their routine, which is exactly when branded gear starts to matter.

We're Merch Maverick, a factory direct supplier of branded robes, towels, and recovery hoodies for studios like yours, no agency markups, just your logo on gear members already want.

I can get your first recovery beanie sample out at cost, no minimum order, no commitment beyond that.

Should I send that your way?

Faiaz

Merch Maverick

themerchmaverick.com"
Pause South Bay,southbay@pausestudio.com,sauna,Los Angeles,US,https://pausestudio.com/southbay,4.9,194,found_on_site,quick question about Pause South Bay's retail shelf,"Hi there,

I came across Pause South Bay while researching top rated sauna studios in Los Angeles and noticed you're holding a 4.9 rating across 194 reviews. That kind of consistency usually means people leave your space wanting to take a piece of the experience home with them.

We're Merch Maverick, a factory direct supplier for branded sauna gear including hats, towels, and robes for studios like yours. No middlemen, no inflated agency pricing, just your logo on the exact ritual gear your members already associate with the experience.

I can hop on a quick free call about which fabric and colorway would actually hold up best for a quick dry ritual towel in your space, no strings attached.

Would it be okay if I sent that over?

Faiaz

Merch Maverick

themerchmaverick.com"
Wellness Deluxe Bar 23,info@wellness-deluxe23.de,sauna,Berlin,DE,http://www.wellness-deluxe23.de/,4.9,192,found_on_site,quick idea for Wellness Deluxe Bar 23's members,"Hi there,

I came across Wellness Deluxe Bar 23 while researching top rated sauna studios in Berlin and noticed you're holding a 4.9 rating across 192 reviews. Members who show up that consistently tend to want gear that says they are serious about the ritual, not just visiting once.

We're Merch Maverick, a factory direct supplier for branded sauna gear including hats, towels, and robes for studios like yours. No middlemen, no inflated agency pricing, just your logo on the exact ritual gear your members already associate with the experience.

I can get your first recovery beanie sample out at cost, no minimum order, no commitment beyond that.

Would that be useful to you?

Faiaz

Merch Maverick

themerchmaverick.com"
KnotStressed Therapies,relax@knotstressed.com,cold_plunge,Edinburgh,GB,http://www.knotstressed.com/,4.9,192,found_on_site,quick note for KnotStressed Therapies,"Hi there,

I came across KnotStressed Therapies while researching top rated cold plunge and sauna spaces in Edinburgh and noticed you're holding a 4.9 rating across 192 reviews. Numbers like that usually mean people leave talking about the experience, which is exactly the kind of thing branded gear tends to amplify.

We're Merch Maverick, a factory direct supplier of branded robes, towels, and recovery hoodies for studios like yours, no agency markups, just your logo on gear members already want.

I can put together a free digital mockup of a KnotStressed Therapies branded branded robe within 48 hours, no cost and no obligation either way.

Want me to go ahead and put that together?

Faiaz

Merch Maverick

themerchmaverick.com"
Club Pilates,desertridge@clubpilates.com,pilates,Phoenix,US,https://www.clubpilates.com/desertridge/?utm_source=google.com&utm_medium=referral&utm_campaign=yext,4.9,191,found_on_site,thought of Club Pilates for something,"Hi there,

I came across Club Pilates while researching top rated reformer pilates studios in Phoenix and noticed you're holding a 4.9 rating across 191 reviews. That's the kind of loyalty that usually means members are proud to be part of the studio, not just attending classes.

We're Merch Maverick, a factory direct supplier of branded totes, mat bags, and studio apparel for pilates studios. We work without agency markups, so the pricing usually beats what local printers quote for the same quality.

I can hop on a quick free call about which fabric and colorway would actually hold up best for a branded headband in your space, no strings attached.

Should I send that your way?

Faiaz

Merch Maverick

themerchmaverick.com"
Purusha Yoga & Pilates Studio,info@purushayoga.org,pilates,San Francisco,US,http://www.purushayoga.org/,4.9,190,found_on_site,"quick idea, Purusha Yoga & Pilates Studio","Hi there,

I came across Purusha Yoga & Pilates Studio while researching top rated reformer pilates studios in San Francisco and noticed you're holding a 4.9 rating across 190 reviews. That kind of rating usually means your members already see the studio as part of their identity, which is exactly when branded gear starts to sell itself.

We're Merch Maverick, a factory direct supplier of branded totes, mat bags, and studio apparel for pilates studios. We work without agency markups, so the pricing usually beats what local printers quote for the same quality.

I can get your first grip socks sample out at cost, no minimum order, no commitment beyond that.

Would it be okay if I sent that over?

Faiaz

Merch Maverick

themerchmaverick.com"
Restore Hyper Wellness,frontdeskma014@restore.com,cold_plunge,Boston,US,http://www.restore.com/locations/ma-somerville-ma014?utm_source=gmb&utm_medium=Yext&y_source=1_OTg2OTkwODEtNzE1LWxvY2F0aW9uLndlYnNpdGU%3D,4.9,190,found_on_site,small idea for Restore Hyper Wellness,"Hi there,

I came across Restore Hyper Wellness while researching top rated cold plunge and sauna spaces in Boston and noticed you're holding a 4.9 rating across 190 reviews. That kind of following usually means people already treat this as part of their routine, which is exactly when branded gear starts to matter.

We're Merch Maverick, a factory direct supplier of branded robes, towels, and recovery hoodies for studios like yours, no agency markups, just your logo on gear members already want.

I can mail over a free fabric swatch pack for the recovery hoodie line so you can feel the quality before deciding anything.

Would that be useful to you?

Faiaz

Merch Maverick

themerchmaverick.com"
Connect Wellness,info@connectwellness.biz,sauna,Washington,US,http://connectwellness.biz/,4.9,187,found_on_site,curious if this is useful for Connect Wellness,"Hi there,

I came across Connect Wellness while researching top rated sauna studios in Washington and noticed you're holding a 4.9 rating across 187 reviews. That kind of consistency usually means people leave your space wanting to take a piece of the experience home with them.

We're Merch Maverick, a factory direct supplier for branded sauna gear including hats, towels, and robes for studios like yours. No middlemen, no inflated agency pricing, just your logo on the exact ritual gear your members already associate with the experience.

I can put together a free digital mockup of a Connect Wellness branded wool felt sauna hat within 48 hours, no cost and no obligation either way.

Want me to go ahead and put that together?

Faiaz

Merch Maverick

themerchmaverick.com"
RESET Mind & Body - Old Town Scottsdale,oldtownscottsdale@resetmindbody.com,sauna,Phoenix,US,https://resetmindbody.com/locations/old-town-scottsdale-az/,4.9,186,found_on_site,free something for RESET Mind & Body - Old Town Scottsdale,"Hi there,

I came across RESET Mind & Body - Old Town Scottsdale while researching top rated sauna studios in Phoenix and noticed you're holding a 4.9 rating across 186 reviews. Members who show up that consistently tend to want gear that says they are serious about the ritual, not just visiting once.

We're Merch Maverick, a factory direct supplier for branded sauna gear including hats, towels, and robes for studios like yours. No middlemen, no inflated agency pricing, just your logo on the exact ritual gear your members already associate with the experience.

I can mail over a free fabric swatch pack for the branded plunge robe line so you can feel the quality before deciding anything.

Should I send that your way?

Faiaz

Merch Maverick

themerchmaverick.com"
Buddha Bella Healing Center,hello@buddha-bella.com,cold_plunge,Phoenix,US,http://www.buddha-bella.com/,4.9,184,found_on_site,quick thought after finding Buddha Bella Healing Center,"Hi there,

I came across Buddha Bella Healing Center while researching top rated cold plunge and sauna spaces in Phoenix and noticed you're holding a 4.9 rating across 184 reviews. Numbers like that usually mean people leave talking about the experience, which is exactly the kind of thing branded gear tends to amplify.

We're Merch Maverick, a factory direct supplier of branded robes, towels, and recovery hoodies for studios like yours, no agency markups, just your logo on gear members already want.

I can hop on a quick free call about which fabric and colorway would actually hold up best for a quick dry towel in your space, no strings attached.

Would it be okay if I sent that over?

Faiaz

Merch Maverick

themerchmaverick.com"
103° Hot Pilates & Yoga,info@103yoga.com,pilates,Las Vegas,US,http://103yoga.com/,4.9,183,found_on_site,a small idea for 103° Hot Pilates & Yoga's team,"Hi there,

I came across 103° Hot Pilates & Yoga while researching top rated reformer pilates studios in Las Vegas and noticed you're holding a 4.9 rating across 183 reviews. That's the kind of loyalty that usually means members are proud to be part of the studio, not just attending classes.

We're Merch Maverick, a factory direct supplier of branded totes, mat bags, and studio apparel for pilates studios. We work without agency markups, so the pricing usually beats what local printers quote for the same quality.

I can put together a free digital mockup of a 103° Hot Pilates & Yoga branded studio tote within 48 hours, no cost and no obligation either way.

Would that be useful to you?

Faiaz

Merch Maverick

themerchmaverick.com"
Club Sudo,info@clubsudo.com,cold_plunge,Toronto,CA,https://www.clubsudo.com/,4.9,182,found_on_site,quick question about Club Sudo's retail shelf,"Hi there,

I came across Club Sudo while researching top rated cold plunge and sauna spaces in Toronto and noticed you're holding a 4.9 rating across 182 reviews. That kind of following usually means people already treat this as part of their routine, which is exactly when branded gear starts to matter.

We're Merch Maverick, a factory direct supplier of branded robes, towels, and recovery hoodies for studios like yours, no agency markups, just your logo on gear members already want.

I can get your first recovery beanie sample out at cost, no minimum order, no commitment beyond that.

Want me to go ahead and put that together?

Faiaz

Merch Maverick

themerchmaverick.com"
RESET Mind & Body - Uptown Phoenix,uptown@resetmindbody.com,sauna,Phoenix,US,https://resetmindbody.com/locations/uptown-phoenix-az/,4.9,180,found_on_site,quick idea for RESET Mind & Body - Uptown Phoenix's members,"Hi there,

I came across RESET Mind & Body - Uptown Phoenix while researching top rated sauna studios in Phoenix and noticed you're holding a 4.9 rating across 180 reviews. That kind of consistency usually means people leave your space wanting to take a piece of the experience home with them.

We're Merch Maverick, a factory direct supplier for branded sauna gear including hats, towels, and robes for studios like yours. No middlemen, no inflated agency pricing, just your logo on the exact ritual gear your members already associate with the experience.

I can hop on a quick free call about which fabric and colorway would actually hold up best for a quick dry ritual towel in your space, no strings attached.

Should I send that your way?

Faiaz

Merch Maverick

themerchmaverick.com"
Elite Pilates Madrid | Pilates Máquinas Madrid | Programas Individuales,info@elitepilates.net,pilates,Madrid,ES,https://elitepilates.net/,4.9,180,found_on_site,quick note for Elite Pilates Madrid | Pilates Máquinas Madrid | Programas Individuales,"Hi there,

I came across Elite Pilates Madrid | Pilates Máquinas Madrid | Programas Individuales while researching top rated reformer pilates studios in Madrid and noticed you're holding a 4.9 rating across 180 reviews. That kind of rating usually means your members already see the studio as part of their identity, which is exactly when branded gear starts to sell itself.

We're Merch Maverick, a factory direct supplier of branded totes, mat bags, and studio apparel for pilates studios. We work without agency markups, so the pricing usually beats what local printers quote for the same quality.

I can mail over a free fabric swatch pack for the mat bag line so you can feel the quality before deciding anything.

Would it be okay if I sent that over?

Faiaz

Merch Maverick

themerchmaverick.com"
Restore Hyper Wellness,frontdeskaz013@restore.com,sauna,Phoenix,US,https://www.restore.com/locations/az-phoenix-norterra-az013?utm_source=gmb&utm_medium=Yext&y_source=1_MzE2Mjk4MjAtNzE1LWxvY2F0aW9uLndlYnNpdGU%3D,4.9,176,found_on_site,thought of Restore Hyper Wellness for something,"Hi there,

I came across Restore Hyper Wellness while researching top rated sauna studios in Phoenix and noticed you're holding a 4.9 rating across 176 reviews. Members who show up that consistently tend to want gear that says they are serious about the ritual, not just visiting once.

We're Merch Maverick, a factory direct supplier for branded sauna gear including hats, towels, and robes for studios like yours. No middlemen, no inflated agency pricing, just your logo on the exact ritual gear your members already associate with the experience.

I can get your first recovery beanie sample out at cost, no minimum order, no commitment beyond that.

Would that be useful to you?

Faiaz

Merch Maverick

themerchmaverick.com"
Remedi London,info@remedilondon.com,cold_plunge,London,GB,http://www.remedilondon.com/,4.9,176,found_on_site,"quick idea, Remedi London","Hi there,

I came across Remedi London while researching top rated cold plunge and sauna spaces in London and noticed you're holding a 4.9 rating across 176 reviews. Numbers like that usually mean people leave talking about the experience, which is exactly the kind of thing branded gear tends to amplify.

We're Merch Maverick, a factory direct supplier of branded robes, towels, and recovery hoodies for studios like yours, no agency markups, just your logo on gear members already want.

I can put together a free digital mockup of a Remedi London branded branded robe within 48 hours, no cost and no obligation either way.

Want me to go ahead and put that together?

Faiaz

Merch Maverick

themerchmaverick.com"
The Springs,bookings@thesprings.us,sauna,Washington,US,https://www.thesprings.us/,4.9,175,found_on_site,small idea for The Springs,"Hi there,

I came across The Springs while researching top rated sauna studios in Washington and noticed you're holding a 4.9 rating across 175 reviews. That kind of consistency usually means people leave your space wanting to take a piece of the experience home with them.

We're Merch Maverick, a factory direct supplier for branded sauna gear including hats, towels, and robes for studios like yours. No middlemen, no inflated agency pricing, just your logo on the exact ritual gear your members already associate with the experience.

I can put together a free digital mockup of a The Springs branded wool felt sauna hat within 48 hours, no cost and no obligation either way.

Should I send that your way?

Faiaz

Merch Maverick

themerchmaverick.com"
Urban Heat Sauna,info@urbanheatwellness.com,sauna,London,GB,https://www.urbanheatwellness.com/,4.9,175,found_on_site,curious if this is useful for Urban Heat Sauna,"Hi there,

I came across Urban Heat Sauna while researching top rated sauna studios in London and noticed you're holding a 4.9 rating across 175 reviews. Members who show up that consistently tend to want gear that says they are serious about the ritual, not just visiting once.

We're Merch Maverick, a factory direct supplier for branded sauna gear including hats, towels, and robes for studios like yours. No middlemen, no inflated agency pricing, just your logo on the exact ritual gear your members already associate with the experience.

I can mail over a free fabric swatch pack for the branded plunge robe line so you can feel the quality before deciding anything.

Would it be okay if I sent that over?

Faiaz

Merch Maverick

themerchmaverick.com"
Club Pilates,northgulch@clubpilates.com,pilates,Nashville,US,https://www.clubpilates.com/northgulch/?utm_source=google.com&utm_medium=referral&utm_campaign=yext,4.9,174,found_on_site,free something for Club Pilates,"Hi there,

I came across Club Pilates while researching top rated reformer pilates studios in Nashville and noticed you're holding a 4.9 rating across 174 reviews. That's the kind of loyalty that usually means members are proud to be part of the studio, not just attending classes.

We're Merch Maverick, a factory direct supplier of branded totes, mat bags, and studio apparel for pilates studios. We work without agency markups, so the pricing usually beats what local printers quote for the same quality.

I can hop on a quick free call about which fabric and colorway would actually hold up best for a branded headband in your space, no strings attached.

Would that be useful to you?

Faiaz

Merch Maverick

themerchmaverick.com"
Space BAR Wellness West Seattle,info@spacebarwellness.com,sauna,Washington,US,http://www.spacebarwellness.com/,4.9,172,found_on_site,quick thought after finding Space BAR Wellness West Seattle,"Hi there,

I came across Space BAR Wellness West Seattle while researching top rated sauna studios in Washington and noticed you're holding a 4.9 rating across 172 reviews. That kind of consistency usually means people leave your space wanting to take a piece of the experience home with them.

We're Merch Maverick, a factory direct supplier for branded sauna gear including hats, towels, and robes for studios like yours. No middlemen, no inflated agency pricing, just your logo on the exact ritual gear your members already associate with the experience.

I can hop on a quick free call about which fabric and colorway would actually hold up best for a quick dry ritual towel in your space, no strings attached.

Want me to go ahead and put that together?

Faiaz

Merch Maverick

themerchmaverick.com"
Club Pilates Entença,entenza@clubpilates.es,pilates,Barcelona,ES,https://www.clubpilates.es/location/entenza,4.9,171,found_on_site,a small idea for Club Pilates Entença's team,"Hi there,

I came across Club Pilates Entença while researching top rated reformer pilates studios in Barcelona and noticed you're holding a 4.9 rating across 171 reviews. That kind of rating usually means your members already see the studio as part of their identity, which is exactly when branded gear starts to sell itself.

We're Merch Maverick, a factory direct supplier of branded totes, mat bags, and studio apparel for pilates studios. We work without agency markups, so the pricing usually beats what local printers quote for the same quality.

I can get your first grip socks sample out at cost, no minimum order, no commitment beyond that.

Should I send that your way?

Faiaz

Merch Maverick

themerchmaverick.com"
Holiday Salon & Bathhouse,info@holidaynashville.com,sauna,Nashville,US,http://holidaynashville.com/,4.9,170,found_on_site,quick question about Holiday Salon & Bathhouse's retail shelf,"Hi there,

I came across Holiday Salon & Bathhouse while researching top rated sauna studios in Nashville and noticed you're holding a 4.9 rating across 170 reviews. Members who show up that consistently tend to want gear that says they are serious about the ritual, not just visiting once.

We're Merch Maverick, a factory direct supplier for branded sauna gear including hats, towels, and robes for studios like yours. No middlemen, no inflated agency pricing, just your logo on the exact ritual gear your members already associate with the experience.

I can get your first recovery beanie sample out at cost, no minimum order, no commitment beyond that.

Would it be okay if I sent that over?

Faiaz

Merch Maverick

themerchmaverick.com"
Restore Hyper Wellness,frontdesktx046@restore.com,cold_plunge,Dallas,US,https://www.restore.com/locations/tx-murphy-tx046?utm_source=gmb&utm_medium=Yext&y_source=1_MzE2Mjk5NDAtNzE1LWxvY2F0aW9uLndlYnNpdGU%3D,4.9,170,found_on_site,quick idea for Restore Hyper Wellness's members,"Hi there,

I came across Restore Hyper Wellness while researching top rated cold plunge and sauna spaces in Dallas and noticed you're holding a 4.9 rating across 170 reviews. That kind of following usually means people already treat this as part of their routine, which is exactly when branded gear starts to matter.

We're Merch Maverick, a factory direct supplier of branded robes, towels, and recovery hoodies for studios like yours, no agency markups, just your logo on gear members already want.

I can mail over a free fabric swatch pack for the recovery hoodie line so you can feel the quality before deciding anything.

Would that be useful to you?

Faiaz

Merch Maverick

themerchmaverick.com"
Sthlm Sauna Vinterviken,hej@sthlmsauna.se,sauna,Stockholm,SE,http://www.sthlmsauna.se/,4.9,168,found_on_site,quick note for Sthlm Sauna Vinterviken,"Hi there,

I came across Sthlm Sauna Vinterviken while researching top rated sauna studios in Stockholm and noticed you're holding a 4.9 rating across 168 reviews. That kind of consistency usually means people leave your space wanting to take a piece of the experience home with them.

We're Merch Maverick, a factory direct supplier for branded sauna gear including hats, towels, and robes for studios like yours. No middlemen, no inflated agency pricing, just your logo on the exact ritual gear your members already associate with the experience.

I can put together a free digital mockup of a Sthlm Sauna Vinterviken branded wool felt sauna hat within 48 hours, no cost and no obligation either way.

Want me to go ahead and put that together?

Faiaz

Merch Maverick

themerchmaverick.com"
Flexbody Solution,info@flexbodysolution.com,cold_plunge,Rotterdam,NL,https://www.flexbodysolution.com/,4.9,165,found_on_site,thought of Flexbody Solution for something,"Hi there,

I came across Flexbody Solution while researching top rated cold plunge and sauna spaces in Rotterdam and noticed you're holding a 4.9 rating across 165 reviews. Numbers like that usually mean people leave talking about the experience, which is exactly the kind of thing branded gear tends to amplify.

We're Merch Maverick, a factory direct supplier of branded robes, towels, and recovery hoodies for studios like yours, no agency markups, just your logo on gear members already want.

I can hop on a quick free call about which fabric and colorway would actually hold up best for a quick dry towel in your space, no strings attached.

Should I send that your way?

Faiaz

Merch Maverick

themerchmaverick.com"
HERSPACE LONGEVITY & SPA PASING,hello@herspace.studio,cold_plunge,Munich,DE,http://herspace.studio/pasing,4.9,160,found_on_site,"quick idea, HERSPACE LONGEVITY & SPA PASING","Hi there,

I came across HERSPACE LONGEVITY & SPA PASING while researching top rated cold plunge and sauna spaces in Munich and noticed you're holding a 4.9 rating across 160 reviews. That kind of following usually means people already treat this as part of their routine, which is exactly when branded gear starts to matter.

We're Merch Maverick, a factory direct supplier of branded robes, towels, and recovery hoodies for studios like yours, no agency markups, just your logo on gear members already want.

I can get your first recovery beanie sample out at cost, no minimum order, no commitment beyond that.

Would it be okay if I sent that over?

Faiaz

Merch Maverick

themerchmaverick.com"
cityWell brooklyn,hello@citywellbrooklyn.com,sauna,New York,US,http://citywellbrooklyn.com/,4.9,159,found_on_site,small idea for cityWell brooklyn,"Hi there,

I came across cityWell brooklyn while researching top rated sauna studios in New York and noticed you're holding a 4.9 rating across 159 reviews. Members who show up that consistently tend to want gear that says they are serious about the ritual, not just visiting once.

We're Merch Maverick, a factory direct supplier for branded sauna gear including hats, towels, and robes for studios like yours. No middlemen, no inflated agency pricing, just your logo on the exact ritual gear your members already associate with the experience.

I can mail over a free fabric swatch pack for the branded plunge robe line so you can feel the quality before deciding anything.

Would that be useful to you?

Faiaz

Merch Maverick

themerchmaverick.com"
HEAVEN FOUR amsterdam,info@heaven4.nl,cold_plunge,Amsterdam,NL,https://www.heaven4.nl/,4.9,159,found_on_site,curious if this is useful for HEAVEN FOUR amsterdam,"Hi there,

I came across HEAVEN FOUR amsterdam while researching top rated cold plunge and sauna spaces in Amsterdam and noticed you're holding a 4.9 rating across 159 reviews. Numbers like that usually mean people leave talking about the experience, which is exactly the kind of thing branded gear tends to amplify.

We're Merch Maverick, a factory direct supplier of branded robes, towels, and recovery hoodies for studios like yours, no agency markups, just your logo on gear members already want.

I can put together a free digital mockup of a HEAVEN FOUR amsterdam branded branded robe within 48 hours, no cost and no obligation either way.

Want me to go ahead and put that together?

Faiaz

Merch Maverick

themerchmaverick.com"
O3 Termal Salud y Bienestar,info@o3termal.com,cold_plunge,Barcelona,ES,http://www.o3termal.com/,4.9,159,found_on_site,free something for O3 Termal Salud y Bienestar,"Hi there,

I came across O3 Termal Salud y Bienestar while researching top rated cold plunge and sauna spaces in Barcelona and noticed you're holding a 4.9 rating across 159 reviews. That kind of following usually means people already treat this as part of their routine, which is exactly when branded gear starts to matter.

We're Merch Maverick, a factory direct supplier of branded robes, towels, and recovery hoodies for studios like yours, no agency markups, just your logo on gear members already want.

I can mail over a free fabric swatch pack for the recovery hoodie line so you can feel the quality before deciding anything.

Should I send that your way?

Faiaz

Merch Maverick

themerchmaverick.com"
Fitness Soul Studio,info@fitnesssoul.co.uk,cold_plunge,Edinburgh,GB,https://fitnesssoul.co.uk/,4.9,158,found_on_site,quick thought after finding Fitness Soul Studio,"Hi there,

I came across Fitness Soul Studio while researching top rated cold plunge and sauna spaces in Edinburgh and noticed you're holding a 4.9 rating across 158 reviews. Numbers like that usually mean people leave talking about the experience, which is exactly the kind of thing branded gear tends to amplify.

We're Merch Maverick, a factory direct supplier of branded robes, towels, and recovery hoodies for studios like yours, no agency markups, just your logo on gear members already want.

I can hop on a quick free call about which fabric and colorway would actually hold up best for a quick dry towel in your space, no strings attached.

Would it be okay if I sent that over?

Faiaz

Merch Maverick

themerchmaverick.com"
Club Pilates Sant Gervasi,santgervasi@clubpilates.es,pilates,Barcelona,ES,https://www.clubpilates.es/location/santgervasi,4.9,155,found_on_site,a small idea for Club Pilates Sant Gervasi's team,"Hi there,

I came across Club Pilates Sant Gervasi while researching top rated reformer pilates studios in Barcelona and noticed you're holding a 4.9 rating across 155 reviews. That's the kind of loyalty that usually means members are proud to be part of the studio, not just attending classes.

We're Merch Maverick, a factory direct supplier of branded totes, mat bags, and studio apparel for pilates studios. We work without agency markups, so the pricing usually beats what local printers quote for the same quality.

I can put together a free digital mockup of a Club Pilates Sant Gervasi branded studio tote within 48 hours, no cost and no obligation either way.

Would that be useful to you?

Faiaz

Merch Maverick

themerchmaverick.com"
The Recovery Crew,info@therecoverycrew.com,sauna,Barcelona,ES,https://www.therecoverycrew.com/,4.9,151,found_on_site,quick question about The Recovery Crew's retail shelf,"Hi there,

I came across The Recovery Crew while researching top rated sauna studios in Barcelona and noticed you're holding a 4.9 rating across 151 reviews. That kind of consistency usually means people leave your space wanting to take a piece of the experience home with them.

We're Merch Maverick, a factory direct supplier for branded sauna gear including hats, towels, and robes for studios like yours. No middlemen, no inflated agency pricing, just your logo on the exact ritual gear your members already associate with the experience.

I can hop on a quick free call about which fabric and colorway would actually hold up best for a quick dry ritual towel in your space, no strings attached.

Want me to go ahead and put that together?

Faiaz

Merch Maverick

themerchmaverick.com"
The Good Sauna UK,info@thegoodsauna.co.uk,sauna,Manchester,GB,http://www.thegoodsauna.co.uk/,4.9,151,found_on_site,quick idea for The Good Sauna UK's members,"Hi there,

I came across The Good Sauna UK while researching top rated sauna studios in Manchester and noticed you're holding a 4.9 rating across 151 reviews. Members who show up that consistently tend to want gear that says they are serious about the ritual, not just visiting once.

We're Merch Maverick, a factory direct supplier for branded sauna gear including hats, towels, and robes for studios like yours. No middlemen, no inflated agency pricing, just your logo on the exact ritual gear your members already associate with the experience.

I can get your first recovery beanie sample out at cost, no minimum order, no commitment beyond that.

Should I send that your way?

Faiaz

Merch Maverick

themerchmaverick.com"
Health & Pilates,contacta@saludypilates.com,pilates,Madrid,ES,http://saludypilates.com/,4.9,151,found_on_site,quick note for Health & Pilates,"Hi there,

I came across Health & Pilates while researching top rated reformer pilates studios in Madrid and noticed you're holding a 4.9 rating across 151 reviews. That kind of rating usually means your members already see the studio as part of their identity, which is exactly when branded gear starts to sell itself.

We're Merch Maverick, a factory direct supplier of branded totes, mat bags, and studio apparel for pilates studios. We work without agency markups, so the pricing usually beats what local printers quote for the same quality.

I can mail over a free fabric swatch pack for the mat bag line so you can feel the quality before deciding anything.

Would it be okay if I sent that over?

Faiaz

Merch Maverick

themerchmaverick.com"
Restore Hyper Wellness,frontdesktx091@restore.com,cold_plunge,Austin,US,https://www.restore.com/locations/tx-west-lake-hills-tx091?utm_source=gmb&utm_medium=Yext&y_source=1_MzE2Mjk5NDUtNzE1LWxvY2F0aW9uLndlYnNpdGU%3D,4.9,150,found_on_site,thought of Restore Hyper Wellness for something,"Hi there,

I came across Restore Hyper Wellness while researching top rated cold plunge and sauna spaces in Austin and noticed you're holding a 4.9 rating across 150 reviews. That kind of following usually means people already treat this as part of their routine, which is exactly when branded gear starts to matter.

We're Merch Maverick, a factory direct supplier of branded robes, towels, and recovery hoodies for studios like yours, no agency markups, just your logo on gear members already want.

I can get your first recovery beanie sample out at cost, no minimum order, no commitment beyond that.

Would that be useful to you?

Faiaz

Merch Maverick

themerchmaverick.com"
Pilathon Pilates - Wynwood,info@pilathon.com,pilates,Miami,US,https://pilathon.com/?y_source=1_MTAxMDQ5ODU5OC03MTUtbG9jYXRpb24ud2Vic2l0ZQ==,4.9,149,found_on_site,"quick idea, Pilathon Pilates - Wynwood","Hi there,

I came across Pilathon Pilates - Wynwood while researching top rated reformer pilates studios in Miami and noticed you're holding a 4.9 rating across 149 reviews. That's the kind of loyalty that usually means members are proud to be part of the studio, not just attending classes.

We're Merch Maverick, a factory direct supplier of branded totes, mat bags, and studio apparel for pilates studios. We work without agency markups, so the pricing usually beats what local printers quote for the same quality.

I can hop on a quick free call about which fabric and colorway would actually hold up best for a branded headband in your space, no strings attached.

Want me to go ahead and put that together?

Faiaz

Merch Maverick

themerchmaverick.com"
Reset Mind & Body - Belmar,belmar@resetmindbody.com,sauna,Denver,US,https://resetmindbody.com/locations/belmar-lakewood-co/,4.9,148,found_on_site,small idea for Reset Mind & Body - Belmar,"Hi there,

I came across Reset Mind & Body - Belmar while researching top rated sauna studios in Denver and noticed you're holding a 4.9 rating across 148 reviews. That kind of consistency usually means people leave your space wanting to take a piece of the experience home with them.

We're Merch Maverick, a factory direct supplier for branded sauna gear including hats, towels, and robes for studios like yours. No middlemen, no inflated agency pricing, just your logo on the exact ritual gear your members already associate with the experience.

I can put together a free digital mockup of a Reset Mind & Body - Belmar branded wool felt sauna hat within 48 hours, no cost and no obligation either way.

Should I send that your way?

Faiaz

Merch Maverick

themerchmaverick.com"
Muse Movement,info@musemovement.ca,pilates,Toronto,CA,http://www.musemovement.ca/,4.9,148,found_on_site,curious if this is useful for Muse Movement,"Hi there,

I came across Muse Movement while researching top rated reformer pilates studios in Toronto and noticed you're holding a 4.9 rating across 148 reviews. That kind of rating usually means your members already see the studio as part of their identity, which is exactly when branded gear starts to sell itself.

We're Merch Maverick, a factory direct supplier of branded totes, mat bags, and studio apparel for pilates studios. We work without agency markups, so the pricing usually beats what local printers quote for the same quality.

I can get your first grip socks sample out at cost, no minimum order, no commitment beyond that.

Would it be okay if I sent that over?

Faiaz

Merch Maverick

themerchmaverick.com"
"Frost And Float Spa (Cryotherapy , Float Therapy, Infrared Sauna)",frostandfloatspa@gmail.com,cold_plunge,Boston,US,https://www.frostandfloatspa.com/,4.9,146,found_on_site,"free something for Frost And Float Spa (Cryotherapy , Float Therapy, Infrared Sauna)","Hi there,

I came across Frost And Float Spa (Cryotherapy , Float Therapy, Infrared Sauna) while researching top rated cold plunge and sauna spaces in Boston and noticed you're holding a 4.9 rating across 146 reviews. Numbers like that usually mean people leave talking about the experience, which is exactly the kind of thing branded gear tends to amplify.

We're Merch Maverick, a factory direct supplier of branded robes, towels, and recovery hoodies for studios like yours, no agency markups, just your logo on gear members already want.

I can put together a free digital mockup of a Frost And Float Spa (Cryotherapy , Float Therapy, Infrared Sauna) branded branded robe within 48 hours, no cost and no obligation either way.

Would that be useful to you?

Faiaz

Merch Maverick

themerchmaverick.com"
Contrology Studio Berlin,pep@contrologystudio.berlin,pilates,Berlin,DE,https://contrologystudio.berlin/,4.9,145,found_on_site,quick thought after finding Contrology Studio Berlin,"Hi there,

I came across Contrology Studio Berlin while researching top rated reformer pilates studios in Berlin and noticed you're holding a 4.9 rating across 145 reviews. That's the kind of loyalty that usually means members are proud to be part of the studio, not just attending classes.

We're Merch Maverick, a factory direct supplier of branded totes, mat bags, and studio apparel for pilates studios. We work without agency markups, so the pricing usually beats what local printers quote for the same quality.

I can put together a free digital mockup of a Contrology Studio Berlin branded studio tote within 48 hours, no cost and no obligation either way.

Want me to go ahead and put that together?

Faiaz

Merch Maverick

themerchmaverick.com"
Pause Las Vegas,lasvegas@pausestudio.com,sauna,Las Vegas,US,https://pausestudio.com/lasvegas,4.9,143,found_on_site,a small idea for Pause Las Vegas's team,"Hi there,

I came across Pause Las Vegas while researching top rated sauna studios in Las Vegas and noticed you're holding a 4.9 rating across 143 reviews. Members who show up that consistently tend to want gear that says they are serious about the ritual, not just visiting once.

We're Merch Maverick, a factory direct supplier for branded sauna gear including hats, towels, and robes for studios like yours. No middlemen, no inflated agency pricing, just your logo on the exact ritual gear your members already associate with the experience.

I can mail over a free fabric swatch pack for the branded plunge robe line so you can feel the quality before deciding anything.

Should I send that your way?

Faiaz

Merch Maverick

themerchmaverick.com"
Peak Wellness Studio,info@peakwellnessstudio.com,cold_plunge,San Francisco,US,https://peakwellnessstudio.com/?utm_source=google&utm_medium=organic&utm_campaign=gbp,4.9,140,found_on_site,quick question about Peak Wellness Studio's retail shelf,"Hi there,

I came across Peak Wellness Studio while researching top rated cold plunge and sauna spaces in San Francisco and noticed you're holding a 4.9 rating across 140 reviews. That kind of following usually means people already treat this as part of their routine, which is exactly when branded gear starts to matter.

We're Merch Maverick, a factory direct supplier of branded robes, towels, and recovery hoodies for studios like yours, no agency markups, just your logo on gear members already want.

I can mail over a free fabric swatch pack for the recovery hoodie line so you can feel the quality before deciding anything.

Would it be okay if I sent that over?

Faiaz

Merch Maverick

themerchmaverick.com"
Studio 70 Yoga & Reformer Pilates,info@studio70glasgow.com,pilates,Glasgow,GB,http://www.studio70glasgow.com/,4.9,139,found_on_site,quick idea for Studio 70 Yoga & Reformer Pilates's members,"Hi there,

I came across Studio 70 Yoga & Reformer Pilates while researching top rated reformer pilates studios in Glasgow and noticed you're holding a 4.9 rating across 139 reviews. That kind of rating usually means your members already see the studio as part of their identity, which is exactly when branded gear starts to sell itself.

We're Merch Maverick, a factory direct supplier of branded totes, mat bags, and studio apparel for pilates studios. We work without agency markups, so the pricing usually beats what local printers quote for the same quality.

I can mail over a free fabric swatch pack for the mat bag line so you can feel the quality before deciding anything.

Would that be useful to you?

Faiaz

Merch Maverick

themerchmaverick.com"
Pause Brentwood,brentwood@pausestudio.com,sauna,Los Angeles,US,https://pausestudio.com/brentwood,4.9,137,found_on_site,quick note for Pause Brentwood,"Hi there,

I came across Pause Brentwood while researching top rated sauna studios in Los Angeles and noticed you're holding a 4.9 rating across 137 reviews. That kind of consistency usually means people leave your space wanting to take a piece of the experience home with them.

We're Merch Maverick, a factory direct supplier for branded sauna gear including hats, towels, and robes for studios like yours. No middlemen, no inflated agency pricing, just your logo on the exact ritual gear your members already associate with the experience.

I can hop on a quick free call about which fabric and colorway would actually hold up best for a quick dry ritual towel in your space, no strings attached.

Want me to go ahead and put that together?

Faiaz

Merch Maverick

themerchmaverick.com"
Kume Float & Cryo Spa,info@kumefloat.com,cold_plunge,San Francisco,US,http://kumefloat.com/,4.9,136,found_on_site,thought of Kume Float & Cryo Spa for something,"Hi there,

I came across Kume Float & Cryo Spa while researching top rated cold plunge and sauna spaces in San Francisco and noticed you're holding a 4.9 rating across 136 reviews. Numbers like that usually mean people leave talking about the experience, which is exactly the kind of thing branded gear tends to amplify.

We're Merch Maverick, a factory direct supplier of branded robes, towels, and recovery hoodies for studios like yours, no agency markups, just your logo on gear members already want.

I can hop on a quick free call about which fabric and colorway would actually hold up best for a quick dry towel in your space, no strings attached.

Should I send that your way?

Faiaz

Merch Maverick

themerchmaverick.com"
The Floating Spa,info@thefloatingspa.com,sauna,Birmingham,GB,http://www.thefloatingspa.com/,4.9,135,found_on_site,"quick idea, The Floating Spa","Hi there,

I came across The Floating Spa while researching top rated sauna studios in Birmingham and noticed you're holding a 4.9 rating across 135 reviews. Members who show up that consistently tend to want gear that says they are serious about the ritual, not just visiting once.

We're Merch Maverick, a factory direct supplier for branded sauna gear including hats, towels, and robes for studios like yours. No middlemen, no inflated agency pricing, just your logo on the exact ritual gear your members already associate with the experience.

I can get your first recovery beanie sample out at cost, no minimum order, no commitment beyond that.

Would it be okay if I sent that over?

Faiaz

Merch Maverick

themerchmaverick.com"
Lincoln Park Pilates,info@lincolnparkpilates.com,pilates,Chicago,US,https://lincolnparkeastpilates.zoca.com/?utm_source=googlemaps&utm_medium=googlemaps&utm_campaign=googlemaps,4.9,133,found_on_site,small idea for Lincoln Park Pilates,"Hi there,

I came across Lincoln Park Pilates while researching top rated reformer pilates studios in Chicago and noticed you're holding a 4.9 rating across 133 reviews. That's the kind of loyalty that usually means members are proud to be part of the studio, not just attending classes.

We're Merch Maverick, a factory direct supplier of branded totes, mat bags, and studio apparel for pilates studios. We work without agency markups, so the pricing usually beats what local printers quote for the same quality.

I can hop on a quick free call about which fabric and colorway would actually hold up best for a branded headband in your space, no strings attached.

Would that be useful to you?

Faiaz

Merch Maverick

themerchmaverick.com"
Ago Pilates Studio,hola@agopilatesstudio.com,pilates,Barcelona,ES,https://www.agopilatesstudio.com/,4.9,133,found_on_site,curious if this is useful for Ago Pilates Studio,"Hi there,

I came across Ago Pilates Studio while researching top rated reformer pilates studios in Barcelona and noticed you're holding a 4.9 rating across 133 reviews. That kind of rating usually means your members already see the studio as part of their identity, which is exactly when branded gear starts to sell itself.

We're Merch Maverick, a factory direct supplier of branded totes, mat bags, and studio apparel for pilates studios. We work without agency markups, so the pricing usually beats what local printers quote for the same quality.

I can get your first grip socks sample out at cost, no minimum order, no commitment beyond that.

Want me to go ahead and put that together?

Faiaz

Merch Maverick

themerchmaverick.com"
Elie Seaside Sauna,heatwave@elieseasidesauna.com,sauna,Edinburgh,GB,http://www.elieseasidesauna.com/,4.9,131,found_on_site,free something for Elie Seaside Sauna,"Hi there,

I came across Elie Seaside Sauna while researching top rated sauna studios in Edinburgh and noticed you're holding a 4.9 rating across 131 reviews. That kind of consistency usually means people leave your space wanting to take a piece of the experience home with them.

We're Merch Maverick, a factory direct supplier for branded sauna gear including hats, towels, and robes for studios like yours. No middlemen, no inflated agency pricing, just your logo on the exact ritual gear your members already associate with the experience.

I can put together a free digital mockup of a Elie Seaside Sauna branded wool felt sauna hat within 48 hours, no cost and no obligation either way.

Should I send that your way?

Faiaz

Merch Maverick

themerchmaverick.com"
Icebox Cryotherapy Frisco,friscomanager@iceboxtherapy.com,cold_plunge,Dallas,US,https://iceboxtherapy.com/frisco-tx/,4.9,131,found_on_site,quick thought after finding Icebox Cryotherapy Frisco,"Hi there,

I came across Icebox Cryotherapy Frisco while researching top rated cold plunge and sauna spaces in Dallas and noticed you're holding a 4.9 rating across 131 reviews. That kind of following usually means people already treat this as part of their routine, which is exactly when branded gear starts to matter.

We're Merch Maverick, a factory direct supplier of branded robes, towels, and recovery hoodies for studios like yours, no agency markups, just your logo on gear members already want.

I can get your first recovery beanie sample out at cost, no minimum order, no commitment beyond that.

Would it be okay if I sent that over?

Faiaz

Merch Maverick

themerchmaverick.com"
Cryo1one Preston Royal,dallas@cryo1one.com,cold_plunge,Dallas,US,https://cryo1one.com/,4.9,131,found_on_site,a small idea for Cryo1one Preston Royal's team,"Hi there,

I came across Cryo1one Preston Royal while researching top rated cold plunge and sauna spaces in Dallas and noticed you're holding a 4.9 rating across 131 reviews. Numbers like that usually mean people leave talking about the experience, which is exactly the kind of thing branded gear tends to amplify.

We're Merch Maverick, a factory direct supplier of branded robes, towels, and recovery hoodies for studios like yours, no agency markups, just your logo on gear members already want.

I can put together a free digital mockup of a Cryo1one Preston Royal branded branded robe within 48 hours, no cost and no obligation either way.

Would that be useful to you?

Faiaz

Merch Maverick

themerchmaverick.com"
Glow Studio And Coffee,contact@myglowupstudio.fr,sauna,Paris,FR,https://www.myglowupstudio.fr/,4.9,130,found_on_site,quick question about Glow Studio And Coffee's retail shelf,"Hi there,

I came across Glow Studio And Coffee while researching top rated sauna studios in Paris and noticed you're holding a 4.9 rating across 130 reviews. Members who show up that consistently tend to want gear that says they are serious about the ritual, not just visiting once.

We're Merch Maverick, a factory direct supplier for branded sauna gear including hats, towels, and robes for studios like yours. No middlemen, no inflated agency pricing, just your logo on the exact ritual gear your members already associate with the experience.

I can mail over a free fabric swatch pack for the branded plunge robe line so you can feel the quality before deciding anything.

Want me to go ahead and put that together?

Faiaz

Merch Maverick

themerchmaverick.com"
Recovery Lounge & Spa,info@recoveryloungeandspa.com,cold_plunge,Denver,US,https://recoveryloungeandspa.com/,4.9,130,found_on_site,quick idea for Recovery Lounge & Spa's members,"Hi there,

I came across Recovery Lounge & Spa while researching top rated cold plunge and sauna spaces in Denver and noticed you're holding a 4.9 rating across 130 reviews. That kind of following usually means people already treat this as part of their routine, which is exactly when branded gear starts to matter.

We're Merch Maverick, a factory direct supplier of branded robes, towels, and recovery hoodies for studios like yours, no agency markups, just your logo on gear members already want.

I can mail over a free fabric swatch pack for the recovery hoodie line so you can feel the quality before deciding anything.

Should I send that your way?

Faiaz

Merch Maverick

themerchmaverick.com"
NAOSU SAUNA,info@naosusauna.com,sauna,Denver,US,https://naosusauna.com/,4.9,128,found_on_site,quick note for NAOSU SAUNA,"Hi there,

I came across NAOSU SAUNA while researching top rated sauna studios in Denver and noticed you're holding a 4.9 rating across 128 reviews. That kind of consistency usually means people leave your space wanting to take a piece of the experience home with them.

We're Merch Maverick, a factory direct supplier for branded sauna gear including hats, towels, and robes for studios like yours. No middlemen, no inflated agency pricing, just your logo on the exact ritual gear your members already associate with the experience.

I can hop on a quick free call about which fabric and colorway would actually hold up best for a quick dry ritual towel in your space, no strings attached.

Would it be okay if I sent that over?

Faiaz

Merch Maverick

themerchmaverick.com"
Inspire Seattle,info@inspireseattle.com,pilates,Seattle,US,http://inspireseattle.com/,4.9,128,found_on_site,thought of Inspire Seattle for something,"Hi there,

I came across Inspire Seattle while researching top rated reformer pilates studios in Seattle and noticed you're holding a 4.9 rating across 128 reviews. That's the kind of loyalty that usually means members are proud to be part of the studio, not just attending classes.

We're Merch Maverick, a factory direct supplier of branded totes, mat bags, and studio apparel for pilates studios. We work without agency markups, so the pricing usually beats what local printers quote for the same quality.

I can put together a free digital mockup of a Inspire Seattle branded studio tote within 48 hours, no cost and no obligation either way.

Would that be useful to you?

Faiaz

Merch Maverick

themerchmaverick.com"
Club Pilates,westla@clubpilates.com,pilates,Los Angeles,US,http://www.clubpilates.com/westla/?utm_source=google.com&utm_medium=referral&utm_campaign=yext,4.9,126,found_on_site,"quick idea, Club Pilates","Hi there,

I came across Club Pilates while researching top rated reformer pilates studios in Los Angeles and noticed you're holding a 4.9 rating across 126 reviews. That kind of rating usually means your members already see the studio as part of their identity, which is exactly when branded gear starts to sell itself.

We're Merch Maverick, a factory direct supplier of branded totes, mat bags, and studio apparel for pilates studios. We work without agency markups, so the pricing usually beats what local printers quote for the same quality.

I can mail over a free fabric swatch pack for the mat bag line so you can feel the quality before deciding anything.

Want me to go ahead and put that together?

Faiaz

Merch Maverick

themerchmaverick.com"
Pilates Experience,info@pilatesexperience.es,pilates,Madrid,ES,http://www.pilatesexperience.es/,4.9,125,found_on_site,small idea for Pilates Experience,"Hi there,

I came across Pilates Experience while researching top rated reformer pilates studios in Madrid and noticed you're holding a 4.9 rating across 125 reviews. That's the kind of loyalty that usually means members are proud to be part of the studio, not just attending classes.

We're Merch Maverick, a factory direct supplier of branded totes, mat bags, and studio apparel for pilates studios. We work without agency markups, so the pricing usually beats what local printers quote for the same quality.

I can hop on a quick free call about which fabric and colorway would actually hold up best for a branded headband in your space, no strings attached.

Should I send that your way?

Faiaz

Merch Maverick

themerchmaverick.com"
Fyre Sauna,info@fyresauna.com,sauna,Washington,US,https://www.fyresauna.com/,4.9,124,found_on_site,curious if this is useful for Fyre Sauna,"Hi there,

I came across Fyre Sauna while researching top rated sauna studios in Washington and noticed you're holding a 4.9 rating across 124 reviews. Members who show up that consistently tend to want gear that says they are serious about the ritual, not just visiting once.

We're Merch Maverick, a factory direct supplier for branded sauna gear including hats, towels, and robes for studios like yours. No middlemen, no inflated agency pricing, just your logo on the exact ritual gear your members already associate with the experience.

I can get your first recovery beanie sample out at cost, no minimum order, no commitment beyond that.

Would it be okay if I sent that over?

Faiaz

Merch Maverick

themerchmaverick.com"
Pure Sweat + Float Studio,georgetown@puresweatstudios.com,sauna,Washington,US,https://www.puresweatstudios.com/washington-dc,4.9,124,found_on_site,free something for Pure Sweat + Float Studio,"Hi there,

I came across Pure Sweat + Float Studio while researching top rated sauna studios in Washington and noticed you're holding a 4.9 rating across 124 reviews. That kind of consistency usually means people leave your space wanting to take a piece of the experience home with them.

We're Merch Maverick, a factory direct supplier for branded sauna gear including hats, towels, and robes for studios like yours. No middlemen, no inflated agency pricing, just your logo on the exact ritual gear your members already associate with the experience.

I can put together a free digital mockup of a Pure Sweat + Float Studio branded wool felt sauna hat within 48 hours, no cost and no obligation either way.

Would that be useful to you?

Faiaz

Merch Maverick

themerchmaverick.com"
Pilates Center of Chicago,info@pilatescenterofchicago.com,pilates,Chicago,US,http://www.pilatescenterofchicago.com/,4.9,124,found_on_site,quick thought after finding Pilates Center of Chicago,"Hi there,

I came across Pilates Center of Chicago while researching top rated reformer pilates studios in Chicago and noticed you're holding a 4.9 rating across 124 reviews. That kind of rating usually means your members already see the studio as part of their identity, which is exactly when branded gear starts to sell itself.

We're Merch Maverick, a factory direct supplier of branded totes, mat bags, and studio apparel for pilates studios. We work without agency markups, so the pricing usually beats what local printers quote for the same quality.

I can get your first grip socks sample out at cost, no minimum order, no commitment beyond that.

Want me to go ahead and put that together?

Faiaz

Merch Maverick

themerchmaverick.com"
Club Pilates,edmondsshoreline@clubpilates.com,pilates,Washington,US,http://www.clubpilates.com/edmondsshoreline/?utm_source=google.com&utm_medium=referral&utm_campaign=yext,4.9,123,found_on_site,a small idea for Club Pilates's team,"Hi there,

I came across Club Pilates while researching top rated reformer pilates studios in Washington and noticed you're holding a 4.9 rating across 123 reviews. That's the kind of loyalty that usually means members are proud to be part of the studio, not just attending classes.

We're Merch Maverick, a factory direct supplier of branded totes, mat bags, and studio apparel for pilates studios. We work without agency markups, so the pricing usually beats what local printers quote for the same quality.

I can put together a free digital mockup of a Club Pilates branded studio tote within 48 hours, no cost and no obligation either way.

Should I send that your way?

Faiaz

Merch Maverick

themerchmaverick.com"
House of Headspa Köln,info@new.com,sauna,Cologne,DE,https://www.house-of-headspa.de/,4.9,122,found_on_site,quick question about House of Headspa Köln's retail shelf,"Hi there,

I came across House of Headspa Köln while researching top rated sauna studios in Cologne and noticed you're holding a 4.9 rating across 122 reviews. Members who show up that consistently tend to want gear that says they are serious about the ritual, not just visiting once.

We're Merch Maverick, a factory direct supplier for branded sauna gear including hats, towels, and robes for studios like yours. No middlemen, no inflated agency pricing, just your logo on the exact ritual gear your members already associate with the experience.

I can mail over a free fabric swatch pack for the branded plunge robe line so you can feel the quality before deciding anything.

Would it be okay if I sent that over?

Faiaz

Merch Maverick

themerchmaverick.com"
Plank to Pike Pilates,info@planktopikepilates.com,pilates,Houston,US,http://www.planktopikepilates.com/,4.9,121,found_on_site,quick idea for Plank to Pike Pilates's members,"Hi there,

I came across Plank to Pike Pilates while researching top rated reformer pilates studios in Houston and noticed you're holding a 4.9 rating across 121 reviews. That kind of rating usually means your members already see the studio as part of their identity, which is exactly when branded gear starts to sell itself.

We're Merch Maverick, a factory direct supplier of branded totes, mat bags, and studio apparel for pilates studios. We work without agency markups, so the pricing usually beats what local printers quote for the same quality.

I can mail over a free fabric swatch pack for the mat bag line so you can feel the quality before deciding anything.

Would that be useful to you?

Faiaz

Merch Maverick

themerchmaverick.com"
The Hub Glasgow (Kinning Park),hello@therehabhub.co.uk,pilates,Glasgow,GB,https://therehabhub.co.uk/,4.9,118,found_on_site,quick note for The Hub Glasgow (Kinning Park),"Hi there,

I came across The Hub Glasgow (Kinning Park) while researching top rated reformer pilates studios in Glasgow and noticed you're holding a 4.9 rating across 118 reviews. That's the kind of loyalty that usually means members are proud to be part of the studio, not just attending classes.

We're Merch Maverick, a factory direct supplier of branded totes, mat bags, and studio apparel for pilates studios. We work without agency markups, so the pricing usually beats what local printers quote for the same quality.

I can hop on a quick free call about which fabric and colorway would actually hold up best for a branded headband in your space, no strings attached.

Want me to go ahead and put that together?

Faiaz

Merch Maverick

themerchmaverick.com"
Core Culture Pilates SoHo,hello@coreculturepilates.com,pilates,New York,US,https://www.coreculturepilates.com/,4.9,114,found_on_site,thought of Core Culture Pilates SoHo for something,"Hi there,

I came across Core Culture Pilates SoHo while researching top rated reformer pilates studios in New York and noticed you're holding a 4.9 rating across 114 reviews. That kind of rating usually means your members already see the studio as part of their identity, which is exactly when branded gear starts to sell itself.

We're Merch Maverick, a factory direct supplier of branded totes, mat bags, and studio apparel for pilates studios. We work without agency markups, so the pricing usually beats what local printers quote for the same quality.

I can get your first grip socks sample out at cost, no minimum order, no commitment beyond that.

Should I send that your way?

Faiaz

Merch Maverick

themerchmaverick.com"
Hess Pilates,afarin@hesspilates.com,pilates,Los Angeles,US,https://hesspilates.com/,4.9,114,found_on_site,"quick idea, Hess Pilates","Hi there,

I came across Hess Pilates while researching top rated reformer pilates studios in Los Angeles and noticed you're holding a 4.9 rating across 114 reviews. That's the kind of loyalty that usually means members are proud to be part of the studio, not just attending classes.

We're Merch Maverick, a factory direct supplier of branded totes, mat bags, and studio apparel for pilates studios. We work without agency markups, so the pricing usually beats what local printers quote for the same quality.

I can put together a free digital mockup of a Hess Pilates branded studio tote within 48 hours, no cost and no obligation either way.

Would it be okay if I sent that over?

Faiaz

Merch Maverick

themerchmaverick.com"
Capital Cryo,info@capitalcryo.com,cold_plunge,Washington,US,https://www.capitalcryo.com/,4.9,112,found_on_site,small idea for Capital Cryo,"Hi there,

I came across Capital Cryo while researching top rated cold plunge and sauna spaces in Washington and noticed you're holding a 4.9 rating across 112 reviews. Numbers like that usually mean people leave talking about the experience, which is exactly the kind of thing branded gear tends to amplify.

We're Merch Maverick, a factory direct supplier of branded robes, towels, and recovery hoodies for studios like yours, no agency markups, just your logo on gear members already want.

I can hop on a quick free call about which fabric and colorway would actually hold up best for a quick dry towel in your space, no strings attached.

Would that be useful to you?

Faiaz

Merch Maverick

themerchmaverick.com"
Men's Bodyland,hello@mensbodyland.com,cold_plunge,Rotterdam,NL,https://mensbodyland.com/,4.9,108,found_on_site,curious if this is useful for Men's Bodyland,"Hi there,

I came across Men's Bodyland while researching top rated cold plunge and sauna spaces in Rotterdam and noticed you're holding a 4.9 rating across 108 reviews. That kind of following usually means people already treat this as part of their routine, which is exactly when branded gear starts to matter.

We're Merch Maverick, a factory direct supplier of branded robes, towels, and recovery hoodies for studios like yours, no agency markups, just your logo on gear members already want.

I can get your first recovery beanie sample out at cost, no minimum order, no commitment beyond that.

Want me to go ahead and put that together?

Faiaz

Merch Maverick

themerchmaverick.com"
BODYBAR Pilates,wickerpark@bodybarpilates.com,pilates,Chicago,US,https://bodybarpilates.com/studios/wickerpark/,4.9,107,found_on_site,free something for BODYBAR Pilates,"Hi there,

I came across BODYBAR Pilates while researching top rated reformer pilates studios in Chicago and noticed you're holding a 4.9 rating across 107 reviews. That kind of rating usually means your members already see the studio as part of their identity, which is exactly when branded gear starts to sell itself.

We're Merch Maverick, a factory direct supplier of branded totes, mat bags, and studio apparel for pilates studios. We work without agency markups, so the pricing usually beats what local printers quote for the same quality.

I can mail over a free fabric swatch pack for the mat bag line so you can feel the quality before deciding anything.

Should I send that your way?

Faiaz

Merch Maverick

themerchmaverick.com"
Mou Pilates Aribau,info@misitio.com,pilates,Barcelona,ES,https://moupilates.wixsite.com/site,4.9,106,found_on_site,quick thought after finding Mou Pilates Aribau,"Hi there,

I came across Mou Pilates Aribau while researching top rated reformer pilates studios in Barcelona and noticed you're holding a 4.9 rating across 106 reviews. That's the kind of loyalty that usually means members are proud to be part of the studio, not just attending classes.

We're Merch Maverick, a factory direct supplier of branded totes, mat bags, and studio apparel for pilates studios. We work without agency markups, so the pricing usually beats what local printers quote for the same quality.

I can hop on a quick free call about which fabric and colorway would actually hold up best for a branded headband in your space, no strings attached.

Would it be okay if I sent that over?

Faiaz

Merch Maverick

themerchmaverick.com"
Pilatestudio Paris Reformer,contact@pilatestudioparis.fr,pilates,Paris,FR,https://linktr.ee/Pilatestudioparis,4.9,106,found_on_site,a small idea for Pilatestudio Paris Reformer's team,"Hi there,

I came across Pilatestudio Paris Reformer while researching top rated reformer pilates studios in Paris and noticed you're holding a 4.9 rating across 106 reviews. That kind of rating usually means your members already see the studio as part of their identity, which is exactly when branded gear starts to sell itself.

We're Merch Maverick, a factory direct supplier of branded totes, mat bags, and studio apparel for pilates studios. We work without agency markups, so the pricing usually beats what local printers quote for the same quality.

I can get your first grip socks sample out at cost, no minimum order, no commitment beyond that.

Would that be useful to you?

Faiaz

Merch Maverick

themerchmaverick.com"
Keana Pilates Madeleine,pilates@keana.fr,pilates,Paris,FR,http://www.keana.fr/?utm_source=gmb&utm_medium=gmb&utm_campaign=gmb,4.9,105,found_on_site,quick question about Keana Pilates Madeleine's retail shelf,"Hi there,

I came across Keana Pilates Madeleine while researching top rated reformer pilates studios in Paris and noticed you're holding a 4.9 rating across 105 reviews. That's the kind of loyalty that usually means members are proud to be part of the studio, not just attending classes.

We're Merch Maverick, a factory direct supplier of branded totes, mat bags, and studio apparel for pilates studios. We work without agency markups, so the pricing usually beats what local printers quote for the same quality.

I can put together a free digital mockup of a Keana Pilates Madeleine branded studio tote within 48 hours, no cost and no obligation either way.

Want me to go ahead and put that together?

Faiaz

Merch Maverick

themerchmaverick.com"
Perspire Sauna Studio,cherryhills@perspiresaunastudio.com,sauna,Denver,US,https://www.perspiresaunastudio.com/co/cherry-hills,4.9,104,found_on_site,quick idea for Perspire Sauna Studio's members,"Hi there,

I came across Perspire Sauna Studio while researching top rated sauna studios in Denver and noticed you're holding a 4.9 rating across 104 reviews. That kind of consistency usually means people leave your space wanting to take a piece of the experience home with them.

We're Merch Maverick, a factory direct supplier for branded sauna gear including hats, towels, and robes for studios like yours. No middlemen, no inflated agency pricing, just your logo on the exact ritual gear your members already associate with the experience.

I can hop on a quick free call about which fabric and colorway would actually hold up best for a quick dry ritual towel in your space, no strings attached.

Should I send that your way?

Faiaz

Merch Maverick

themerchmaverick.com"
Resistance Lagree,info@resistancechicago.com,pilates,Chicago,US,https://www.resistancechicago.com/,4.9,104,found_on_site,quick note for Resistance Lagree,"Hi there,

I came across Resistance Lagree while researching top rated reformer pilates studios in Chicago and noticed you're holding a 4.9 rating across 104 reviews. That kind of rating usually means your members already see the studio as part of their identity, which is exactly when branded gear starts to sell itself.

We're Merch Maverick, a factory direct supplier of branded totes, mat bags, and studio apparel for pilates studios. We work without agency markups, so the pricing usually beats what local printers quote for the same quality.

I can mail over a free fabric swatch pack for the mat bag line so you can feel the quality before deciding anything.

Would it be okay if I sent that over?

Faiaz

Merch Maverick

themerchmaverick.com"
Vita Pilates Studio,info@vitapilates.eu,pilates,Barcelona,ES,https://vitapilates.eu/,4.9,103,found_on_site,thought of Vita Pilates Studio for something,"Hi there,

I came across Vita Pilates Studio while researching top rated reformer pilates studios in Barcelona and noticed you're holding a 4.9 rating across 103 reviews. That's the kind of loyalty that usually means members are proud to be part of the studio, not just attending classes.

We're Merch Maverick, a factory direct supplier of branded totes, mat bags, and studio apparel for pilates studios. We work without agency markups, so the pricing usually beats what local printers quote for the same quality.

I can hop on a quick free call about which fabric and colorway would actually hold up best for a branded headband in your space, no strings attached.

Would that be useful to you?

Faiaz

Merch Maverick

themerchmaverick.com"
Augment Wellness - Tri-Cities,info@augmentwellness.com,cold_plunge,Washington,US,https://www.augmentwellness.com/,4.9,103,found_on_site,"quick idea, Augment Wellness - Tri-Cities","Hi there,

I came across Augment Wellness - Tri-Cities while researching top rated cold plunge and sauna spaces in Washington and noticed you're holding a 4.9 rating across 103 reviews. Numbers like that usually mean people leave talking about the experience, which is exactly the kind of thing branded gear tends to amplify.

We're Merch Maverick, a factory direct supplier of branded robes, towels, and recovery hoodies for studios like yours, no agency markups, just your logo on gear members already want.

I can put together a free digital mockup of a Augment Wellness - Tri-Cities branded branded robe within 48 hours, no cost and no obligation either way.

Want me to go ahead and put that together?

Faiaz

Merch Maverick

themerchmaverick.com"
Olimpia - The Wellness Circuit,hello@olimpiatwc.com,sauna,Madrid,ES,http://www.olimpiatwc.com/,4.9,102,found_on_site,small idea for Olimpia - The Wellness Circuit,"Hi there,

I came across Olimpia - The Wellness Circuit while researching top rated sauna studios in Madrid and noticed you're holding a 4.9 rating across 102 reviews. Members who show up that consistently tend to want gear that says they are serious about the ritual, not just visiting once.

We're Merch Maverick, a factory direct supplier for branded sauna gear including hats, towels, and robes for studios like yours. No middlemen, no inflated agency pricing, just your logo on the exact ritual gear your members already associate with the experience.

I can get your first recovery beanie sample out at cost, no minimum order, no commitment beyond that.

Should I send that your way?

Faiaz

Merch Maverick

themerchmaverick.com"
SoWa Health + Wellness,info@sowahealthandwellness.com,cold_plunge,Boston,US,https://sowahealthandwellness.com/,4.9,101,found_on_site,curious if this is useful for SoWa Health + Wellness,"Hi there,

I came across SoWa Health + Wellness while researching top rated cold plunge and sauna spaces in Boston and noticed you're holding a 4.9 rating across 101 reviews. That kind of following usually means people already treat this as part of their routine, which is exactly when branded gear starts to matter.

We're Merch Maverick, a factory direct supplier of branded robes, towels, and recovery hoodies for studios like yours, no agency markups, just your logo on gear members already want.

I can mail over a free fabric swatch pack for the recovery hoodie line so you can feel the quality before deciding anything.

Would it be okay if I sent that over?

Faiaz

Merch Maverick

themerchmaverick.com"
Beach Cities Cryo & Wellness,info@beachcitiescryo.com,cold_plunge,Los Angeles,US,https://beachcitiescryo.com/,4.9,100,found_on_site,free something for Beach Cities Cryo & Wellness,"Hi there,

I came across Beach Cities Cryo & Wellness while researching top rated cold plunge and sauna spaces in Los Angeles and noticed you're holding a 4.9 rating across 100 reviews. Numbers like that usually mean people leave talking about the experience, which is exactly the kind of thing branded gear tends to amplify.

We're Merch Maverick, a factory direct supplier of branded robes, towels, and recovery hoodies for studios like yours, no agency markups, just your logo on gear members already want.

I can hop on a quick free call about which fabric and colorway would actually hold up best for a quick dry towel in your space, no strings attached.

Would that be useful to you?

Faiaz

Merch Maverick

themerchmaverick.com"
Club Pilates,bellevueplace@clubpilates.com,pilates,Nashville,US,http://clubpilates.com/bellevueplace/?utm_source=google.com&utm_medium=referral&utm_campaign=yext,4.9,99,found_on_site,quick thought after finding Club Pilates,"Hi there,

I came across Club Pilates while researching top rated reformer pilates studios in Nashville and noticed you're holding a 4.9 rating across 99 reviews. That kind of rating usually means your members already see the studio as part of their identity, which is exactly when branded gear starts to sell itself.

We're Merch Maverick, a factory direct supplier of branded totes, mat bags, and studio apparel for pilates studios. We work without agency markups, so the pricing usually beats what local printers quote for the same quality.

I can get your first grip socks sample out at cost, no minimum order, no commitment beyond that.

Want me to go ahead and put that together?

Faiaz

Merch Maverick

themerchmaverick.com"
BANYÔ SPA Köln,spa@banyo.de,sauna,Cologne,DE,https://www.banyospa.de/,4.9,98,found_on_site,a small idea for BANYÔ SPA Köln's team,"Hi there,

I came across BANYÔ SPA Köln while researching top rated sauna studios in Cologne and noticed you're holding a 4.9 rating across 98 reviews. That kind of consistency usually means people leave your space wanting to take a piece of the experience home with them.

We're Merch Maverick, a factory direct supplier for branded sauna gear including hats, towels, and robes for studios like yours. No middlemen, no inflated agency pricing, just your logo on the exact ritual gear your members already associate with the experience.

I can put together a free digital mockup of a BANYÔ SPA Köln branded wool felt sauna hat within 48 hours, no cost and no obligation either way.

Should I send that your way?

Faiaz

Merch Maverick

themerchmaverick.com"
The Plunge and Sauna Method,rob@theplungeandsaunamethod.com,sauna,Miami,US,https://www.theplungeandsaunamethod.com/,4.9,97,found_on_site,quick question about The Plunge and Sauna Method's retail shelf,"Hi there,

I came across The Plunge and Sauna Method while researching top rated sauna studios in Miami and noticed you're holding a 4.9 rating across 97 reviews. Members who show up that consistently tend to want gear that says they are serious about the ritual, not just visiting once.

We're Merch Maverick, a factory direct supplier for branded sauna gear including hats, towels, and robes for studios like yours. No middlemen, no inflated agency pricing, just your logo on the exact ritual gear your members already associate with the experience.

I can mail over a free fabric swatch pack for the branded plunge robe line so you can feel the quality before deciding anything.

Would it be okay if I sent that over?

Faiaz

Merch Maverick

themerchmaverick.com"
"ARMSTARK Whirlpools, Swim Spas, Saunen & Infrarotkabinen",kundenservice@armstark.com,sauna,Munich,DE,https://www.armstark.com/?utm_source=google&utm_medium=muenchen&utm_campaign=uberall,4.9,97,found_on_site,"quick idea for ARMSTARK Whirlpools, Swim Spas, Saunen & Infrarotkabinen's members","Hi there,

I came across ARMSTARK Whirlpools, Swim Spas, Saunen & Infrarotkabinen while researching top rated sauna studios in Munich and noticed you're holding a 4.9 rating across 97 reviews. That kind of consistency usually means people leave your space wanting to take a piece of the experience home with them.

We're Merch Maverick, a factory direct supplier for branded sauna gear including hats, towels, and robes for studios like yours. No middlemen, no inflated agency pricing, just your logo on the exact ritual gear your members already associate with the experience.

I can hop on a quick free call about which fabric and colorway would actually hold up best for a quick dry ritual towel in your space, no strings attached.

Would that be useful to you?

Faiaz

Merch Maverick

themerchmaverick.com"
Cryohealth Southgate,info@cryo-health.co.uk,cold_plunge,London,GB,https://www.cryo-health.co.uk/?utm_source=google&utm_medium=local&utm_campaign=1&utm_content=primary,4.9,97,found_on_site,quick note for Cryohealth Southgate,"Hi there,

I came across Cryohealth Southgate while researching top rated cold plunge and sauna spaces in London and noticed you're holding a 4.9 rating across 97 reviews. That kind of following usually means people already treat this as part of their routine, which is exactly when branded gear starts to matter.

We're Merch Maverick, a factory direct supplier of branded robes, towels, and recovery hoodies for studios like yours, no agency markups, just your logo on gear members already want.

I can get your first recovery beanie sample out at cost, no minimum order, no commitment beyond that.

Want me to go ahead and put that together?

Faiaz

Merch Maverick

themerchmaverick.com"
Refine Pilates,hello@refinepilates.co.uk,pilates,London,GB,https://www.refinepilates.co.uk/,4.9,96,found_on_site,thought of Refine Pilates for something,"Hi there,

I came across Refine Pilates while researching top rated reformer pilates studios in London and noticed you're holding a 4.9 rating across 96 reviews. That's the kind of loyalty that usually means members are proud to be part of the studio, not just attending classes.

We're Merch Maverick, a factory direct supplier of branded totes, mat bags, and studio apparel for pilates studios. We work without agency markups, so the pricing usually beats what local printers quote for the same quality.

I can put together a free digital mockup of a Refine Pilates branded studio tote within 48 hours, no cost and no obligation either way.

Should I send that your way?

Faiaz

Merch Maverick

themerchmaverick.com"
Perspire Sauna Studio Flatiron,flatiron@perspiresaunastudio.com,sauna,New York,US,https://www.perspiresaunastudio.com/ny/flatiron/,4.9,94,found_on_site,"quick idea, Perspire Sauna Studio Flatiron","Hi there,

I came across Perspire Sauna Studio Flatiron while researching top rated sauna studios in New York and noticed you're holding a 4.9 rating across 94 reviews. Members who show up that consistently tend to want gear that says they are serious about the ritual, not just visiting once.

We're Merch Maverick, a factory direct supplier for branded sauna gear including hats, towels, and robes for studios like yours. No middlemen, no inflated agency pricing, just your logo on the exact ritual gear your members already associate with the experience.

I can get your first recovery beanie sample out at cost, no minimum order, no commitment beyond that.

Would it be okay if I sent that over?

Faiaz

Merch Maverick

themerchmaverick.com"
Likeminded,reception@likemindedstudios.com,cold_plunge,Los Angeles,US,https://likemindedstudios.com/,4.9,94,found_on_site,small idea for Likeminded,"Hi there,

I came across Likeminded while researching top rated cold plunge and sauna spaces in Los Angeles and noticed you're holding a 4.9 rating across 94 reviews. Numbers like that usually mean people leave talking about the experience, which is exactly the kind of thing branded gear tends to amplify.

We're Merch Maverick, a factory direct supplier of branded robes, towels, and recovery hoodies for studios like yours, no agency markups, just your logo on gear members already want.

I can put together a free digital mockup of a Likeminded branded branded robe within 48 hours, no cost and no obligation either way.

Would that be useful to you?

Faiaz

Merch Maverick

themerchmaverick.com"
Wesley,hey@wesleywellnessclub.com,cold_plunge,Dallas,US,https://wesleywellnessclub.com/,4.9,93,found_on_site,curious if this is useful for Wesley,"Hi there,

I came across Wesley while researching top rated cold plunge and sauna spaces in Dallas and noticed you're holding a 4.9 rating across 93 reviews. That kind of following usually means people already treat this as part of their routine, which is exactly when branded gear starts to matter.

We're Merch Maverick, a factory direct supplier of branded robes, towels, and recovery hoodies for studios like yours, no agency markups, just your logo on gear members already want.

I can mail over a free fabric swatch pack for the recovery hoodie line so you can feel the quality before deciding anything.

Want me to go ahead and put that together?

Faiaz

Merch Maverick

themerchmaverick.com"
Blue Chip Conditioning The Pilates Studio,info@bluechipconditioning.com,pilates,Las Vegas,US,https://bluechipconditioning.com/,4.9,92,found_on_site,free something for Blue Chip Conditioning The Pilates Studio,"Hi there,

I came across Blue Chip Conditioning The Pilates Studio while researching top rated reformer pilates studios in Las Vegas and noticed you're holding a 4.9 rating across 92 reviews. That kind of rating usually means your members already see the studio as part of their identity, which is exactly when branded gear starts to sell itself.

We're Merch Maverick, a factory direct supplier of branded totes, mat bags, and studio apparel for pilates studios. We work without agency markups, so the pricing usually beats what local printers quote for the same quality.

I can mail over a free fabric swatch pack for the mat bag line so you can feel the quality before deciding anything.

Should I send that your way?

Faiaz

Merch Maverick

themerchmaverick.com"
YOGALOFT Frankfurt - SAXN,hola@yogaloft-frankfurt.de,pilates,Frankfurt,DE,https://yogaloft-frankfurt.de/,4.9,92,found_on_site,quick thought after finding YOGALOFT Frankfurt - SAXN,"Hi there,

I came across YOGALOFT Frankfurt - SAXN while researching top rated reformer pilates studios in Frankfurt and noticed you're holding a 4.9 rating across 92 reviews. That's the kind of loyalty that usually means members are proud to be part of the studio, not just attending classes.

We're Merch Maverick, a factory direct supplier of branded totes, mat bags, and studio apparel for pilates studios. We work without agency markups, so the pricing usually beats what local printers quote for the same quality.

I can hop on a quick free call about which fabric and colorway would actually hold up best for a branded headband in your space, no strings attached.

Would it be okay if I sent that over?

Faiaz

Merch Maverick

themerchmaverick.com"
Frame Pilates,hello@framepilatesnashville.com,pilates,Nashville,US,https://www.framepilatesnashville.com/,4.9,91,found_on_site,a small idea for Frame Pilates's team,"Hi there,

I came across Frame Pilates while researching top rated reformer pilates studios in Nashville and noticed you're holding a 4.9 rating across 91 reviews. That kind of rating usually means your members already see the studio as part of their identity, which is exactly when branded gear starts to sell itself.

We're Merch Maverick, a factory direct supplier of branded totes, mat bags, and studio apparel for pilates studios. We work without agency markups, so the pricing usually beats what local printers quote for the same quality.

I can get your first grip socks sample out at cost, no minimum order, no commitment beyond that.

Would that be useful to you?

Faiaz

Merch Maverick

themerchmaverick.com"
TG Cryo,sandra@tgcryo.com,sauna,Anaheim,US,https://www.tgcryo.com/,4.9,90,found_on_site,quick question about TG Cryo's retail shelf,"Hi there,

I came across TG Cryo while researching top rated sauna studios in Anaheim and noticed you're holding a 4.9 rating across 90 reviews. That kind of consistency usually means people leave your space wanting to take a piece of the experience home with them.

We're Merch Maverick, a factory direct supplier for branded sauna gear including hats, towels, and robes for studios like yours. No middlemen, no inflated agency pricing, just your logo on the exact ritual gear your members already associate with the experience.

I can put together a free digital mockup of a TG Cryo branded wool felt sauna hat within 48 hours, no cost and no obligation either way.

Want me to go ahead and put that together?

Faiaz

Merch Maverick

themerchmaverick.com"
Pure Body Studio,info@purebodystudio.com,pilates,Houston,US,http://www.purebodystudio.com/,4.9,90,found_on_site,quick idea for Pure Body Studio's members,"Hi there,

I came across Pure Body Studio while researching top rated reformer pilates studios in Houston and noticed you're holding a 4.9 rating across 90 reviews. That's the kind of loyalty that usually means members are proud to be part of the studio, not just attending classes.

We're Merch Maverick, a factory direct supplier of branded totes, mat bags, and studio apparel for pilates studios. We work without agency markups, so the pricing usually beats what local printers quote for the same quality.

I can put together a free digital mockup of a Pure Body Studio branded studio tote within 48 hours, no cost and no obligation either way.

Should I send that your way?

Faiaz

Merch Maverick

themerchmaverick.com"
Optimyze Scottsdale,scottsdale@optimyze.me,sauna,Phoenix,US,https://optimyze.me/scottsdale-cold-plunge/,4.9,89,found_on_site,quick note for Optimyze Scottsdale,"Hi there,

I came across Optimyze Scottsdale while researching top rated sauna studios in Phoenix and noticed you're holding a 4.9 rating across 89 reviews. Members who show up that consistently tend to want gear that says they are serious about the ritual, not just visiting once.

We're Merch Maverick, a factory direct supplier for branded sauna gear including hats, towels, and robes for studios like yours. No middlemen, no inflated agency pricing, just your logo on the exact ritual gear your members already associate with the experience.

I can mail over a free fabric swatch pack for the branded plunge robe line so you can feel the quality before deciding anything.

Would it be okay if I sent that over?

Faiaz

Merch Maverick

themerchmaverick.com"
Restore Pilates Chicago,hello@restorepilateschicago.com,pilates,Chicago,US,http://www.restorepilateschicago.com/?utm_source=google&utm_medium=wix_google_business_profile&utm_campaign=1119664285894380512,4.9,89,found_on_site,thought of Restore Pilates Chicago for something,"Hi there,

I came across Restore Pilates Chicago while researching top rated reformer pilates studios in Chicago and noticed you're holding a 4.9 rating across 89 reviews. That kind of rating usually means your members already see the studio as part of their identity, which is exactly when branded gear starts to sell itself.

We're Merch Maverick, a factory direct supplier of branded totes, mat bags, and studio apparel for pilates studios. We work without agency markups, so the pricing usually beats what local printers quote for the same quality.

I can mail over a free fabric swatch pack for the mat bag line so you can feel the quality before deciding anything.

Would that be useful to you?

Faiaz

Merch Maverick

themerchmaverick.com"
Büroadresse : Deine Traumnacht Frankfurt,info@privamore.de,sauna,Frankfurt,DE,http://www.deine-traumnacht.de/,4.9,88,found_on_site,"quick idea, Büroadresse : Deine Traumnacht Frankfurt","Hi there,

I came across Büroadresse : Deine Traumnacht Frankfurt while researching top rated sauna studios in Frankfurt and noticed you're holding a 4.9 rating across 88 reviews. That kind of consistency usually means people leave your space wanting to take a piece of the experience home with them.

We're Merch Maverick, a factory direct supplier for branded sauna gear including hats, towels, and robes for studios like yours. No middlemen, no inflated agency pricing, just your logo on the exact ritual gear your members already associate with the experience.

I can hop on a quick free call about which fabric and colorway would actually hold up best for a quick dry ritual towel in your space, no strings attached.

Want me to go ahead and put that together?

Faiaz

Merch Maverick

themerchmaverick.com"
REALZ Pilates Studio Berlin,info@realzpilates.berlin,pilates,Berlin,DE,https://realzpilates.berlin/,4.9,88,found_on_site,small idea for REALZ Pilates Studio Berlin,"Hi there,

I came across REALZ Pilates Studio Berlin while researching top rated reformer pilates studios in Berlin and noticed you're holding a 4.9 rating across 88 reviews. That's the kind of loyalty that usually means members are proud to be part of the studio, not just attending classes.

We're Merch Maverick, a factory direct supplier of branded totes, mat bags, and studio apparel for pilates studios. We work without agency markups, so the pricing usually beats what local printers quote for the same quality.

I can hop on a quick free call about which fabric and colorway would actually hold up best for a branded headband in your space, no strings attached.

Should I send that your way?

Faiaz

Merch Maverick

themerchmaverick.com"
VALJALAH,info@v.valjalah.net,sauna,Miami,US,https://valjalah.com/,4.9,87,found_on_site,curious if this is useful for VALJALAH,"Hi there,

I came across VALJALAH while researching top rated sauna studios in Miami and noticed you're holding a 4.9 rating across 87 reviews. Members who show up that consistently tend to want gear that says they are serious about the ritual, not just visiting once.

We're Merch Maverick, a factory direct supplier for branded sauna gear including hats, towels, and robes for studios like yours. No middlemen, no inflated agency pricing, just your logo on the exact ritual gear your members already associate with the experience.

I can get your first recovery beanie sample out at cost, no minimum order, no commitment beyond that.

Would it be okay if I sent that over?

Faiaz

Merch Maverick

themerchmaverick.com"
Pilatesville Streeterville,info@pilatesville.com,pilates,Chicago,US,https://www.pilatesville.com/,4.9,87,found_on_site,free something for Pilatesville Streeterville,"Hi there,

I came across Pilatesville Streeterville while researching top rated reformer pilates studios in Chicago and noticed you're holding a 4.9 rating across 87 reviews. That kind of rating usually means your members already see the studio as part of their identity, which is exactly when branded gear starts to sell itself.

We're Merch Maverick, a factory direct supplier of branded totes, mat bags, and studio apparel for pilates studios. We work without agency markups, so the pricing usually beats what local printers quote for the same quality.

I can get your first grip socks sample out at cost, no minimum order, no commitment beyond that.

Would that be useful to you?

Faiaz

Merch Maverick

themerchmaverick.com"
Ritual Moves Pilates (Austin),kati@ritualmoves.com,pilates,Austin,US,http://ritualmoves.com/,4.9,87,found_on_site,quick thought after finding Ritual Moves Pilates (Austin),"Hi there,

I came across Ritual Moves Pilates (Austin) while researching top rated reformer pilates studios in Austin and noticed you're holding a 4.9 rating across 87 reviews. That's the kind of loyalty that usually means members are proud to be part of the studio, not just attending classes.

We're Merch Maverick, a factory direct supplier of branded totes, mat bags, and studio apparel for pilates studios. We work without agency markups, so the pricing usually beats what local printers quote for the same quality.

I can put together a free digital mockup of a Ritual Moves Pilates (Austin) branded studio tote within 48 hours, no cost and no obligation either way.

Want me to go ahead and put that together?

Faiaz

Merch Maverick

themerchmaverick.com"
sol studio,admin@sol-studio.co,pilates,Berlin,DE,http://www.sol-studio.co/,4.9,87,found_on_site,a small idea for sol studio's team,"Hi there,

I came across sol studio while researching top rated reformer pilates studios in Berlin and noticed you're holding a 4.9 rating across 87 reviews. That kind of rating usually means your members already see the studio as part of their identity, which is exactly when branded gear starts to sell itself.

We're Merch Maverick, a factory direct supplier of branded totes, mat bags, and studio apparel for pilates studios. We work without agency markups, so the pricing usually beats what local printers quote for the same quality.

I can mail over a free fabric swatch pack for the mat bag line so you can feel the quality before deciding anything.

Should I send that your way?

Faiaz

Merch Maverick

themerchmaverick.com"
Sila Miami,info@silamiami.com,sauna,Miami,US,https://silamiami.com/?utm_source=google&utm_medium=organic&utm_campaign=gbp&utm_content=main_button,4.9,86,found_on_site,quick question about Sila Miami's retail shelf,"Hi there,

I came across Sila Miami while researching top rated sauna studios in Miami and noticed you're holding a 4.9 rating across 86 reviews. That kind of consistency usually means people leave your space wanting to take a piece of the experience home with them.

We're Merch Maverick, a factory direct supplier for branded sauna gear including hats, towels, and robes for studios like yours. No middlemen, no inflated agency pricing, just your logo on the exact ritual gear your members already associate with the experience.

I can put together a free digital mockup of a Sila Miami branded wool felt sauna hat within 48 hours, no cost and no obligation either way.

Would it be okay if I sent that over?

Faiaz

Merch Maverick

themerchmaverick.com"
FORM Lagree,hello@formlagree.com,pilates,Houston,US,http://www.formlagree.com/,4.9,86,found_on_site,quick idea for FORM Lagree's members,"Hi there,

I came across FORM Lagree while researching top rated reformer pilates studios in Houston and noticed you're holding a 4.9 rating across 86 reviews. That's the kind of loyalty that usually means members are proud to be part of the studio, not just attending classes.

We're Merch Maverick, a factory direct supplier of branded totes, mat bags, and studio apparel for pilates studios. We work without agency markups, so the pricing usually beats what local printers quote for the same quality.

I can hop on a quick free call about which fabric and colorway would actually hold up best for a branded headband in your space, no strings attached.

Would that be useful to you?

Faiaz

Merch Maverick

themerchmaverick.com"
Contrast Hot + Cold,info@contrasthotcold.com,sauna,Chicago,US,https://www.contrasthotcold.com/,4.9,85,found_on_site,quick note for Contrast Hot + Cold,"Hi there,

I came across Contrast Hot + Cold while researching top rated sauna studios in Chicago and noticed you're holding a 4.9 rating across 85 reviews. Members who show up that consistently tend to want gear that says they are serious about the ritual, not just visiting once.

We're Merch Maverick, a factory direct supplier for branded sauna gear including hats, towels, and robes for studios like yours. No middlemen, no inflated agency pricing, just your logo on the exact ritual gear your members already associate with the experience.

I can mail over a free fabric swatch pack for the branded plunge robe line so you can feel the quality before deciding anything.

Want me to go ahead and put that together?

Faiaz

Merch Maverick

themerchmaverick.com"
Boost Pilates RiNo,houston@booststudios.co,pilates,Denver,US,http://www.boostpilates.com/,4.9,84,found_on_site,thought of Boost Pilates RiNo for something,"Hi there,

I came across Boost Pilates RiNo while researching top rated reformer pilates studios in Denver and noticed you're holding a 4.9 rating across 84 reviews. That kind of rating usually means your members already see the studio as part of their identity, which is exactly when branded gear starts to sell itself.

We're Merch Maverick, a factory direct supplier of branded totes, mat bags, and studio apparel for pilates studios. We work without agency markups, so the pricing usually beats what local printers quote for the same quality.

I can get your first grip socks sample out at cost, no minimum order, no commitment beyond that.

Should I send that your way?

Faiaz

Merch Maverick

themerchmaverick.com"
KOLD BCN,hello@koldbcn.com,sauna,Barcelona,ES,http://koldbcn.com/,4.9,83,found_on_site,"quick idea, KOLD BCN","Hi there,

I came across KOLD BCN while researching top rated sauna studios in Barcelona and noticed you're holding a 4.9 rating across 83 reviews. That kind of consistency usually means people leave your space wanting to take a piece of the experience home with them.

We're Merch Maverick, a factory direct supplier for branded sauna gear including hats, towels, and robes for studios like yours. No middlemen, no inflated agency pricing, just your logo on the exact ritual gear your members already associate with the experience.

I can hop on a quick free call about which fabric and colorway would actually hold up best for a quick dry ritual towel in your space, no strings attached.

Would it be okay if I sent that over?

Faiaz

Merch Maverick

themerchmaverick.com"
Kairos Longevity Clinic | Clínica Antiaging Madrid,info@kairoslongevity.com,cold_plunge,Madrid,ES,https://kairoslongevity.com/,4.9,83,found_on_site,small idea for Kairos Longevity Clinic | Clínica Antiaging Madrid,"Hi there,

I came across Kairos Longevity Clinic | Clínica Antiaging Madrid while researching top rated cold plunge and sauna spaces in Madrid and noticed you're holding a 4.9 rating across 83 reviews. Numbers like that usually mean people leave talking about the experience, which is exactly the kind of thing branded gear tends to amplify.

We're Merch Maverick, a factory direct supplier of branded robes, towels, and recovery hoodies for studios like yours, no agency markups, just your logo on gear members already want.

I can hop on a quick free call about which fabric and colorway would actually hold up best for a quick dry towel in your space, no strings attached.

Would that be useful to you?

Faiaz

Merch Maverick

themerchmaverick.com"
Club Pilates,brea@clubpilates.com,pilates,Anaheim,US,https://www.clubpilates.com/brea/?utm_source=google.com&utm_medium=referral&utm_campaign=yext,4.9,82,found_on_site,curious if this is useful for Club Pilates,"Hi there,

I came across Club Pilates while researching top rated reformer pilates studios in Anaheim and noticed you're holding a 4.9 rating across 82 reviews. That's the kind of loyalty that usually means members are proud to be part of the studio, not just attending classes.

We're Merch Maverick, a factory direct supplier of branded totes, mat bags, and studio apparel for pilates studios. We work without agency markups, so the pricing usually beats what local printers quote for the same quality.

I can put together a free digital mockup of a Club Pilates branded studio tote within 48 hours, no cost and no obligation either way.

Want me to go ahead and put that together?

Faiaz

Merch Maverick

themerchmaverick.com"
"Frost Fit - Hyperbaric Oxygen Therapy, HBOT Chamber",frostfitlv@gmail.com,cold_plunge,Las Vegas,US,http://frostfitlv.com/,4.9,82,found_on_site,"free something for Frost Fit - Hyperbaric Oxygen Therapy, HBOT Chamber","Hi there,

I came across Frost Fit - Hyperbaric Oxygen Therapy, HBOT Chamber while researching top rated cold plunge and sauna spaces in Las Vegas and noticed you're holding a 4.9 rating across 82 reviews. That kind of following usually means people already treat this as part of their routine, which is exactly when branded gear starts to matter.

We're Merch Maverick, a factory direct supplier of branded robes, towels, and recovery hoodies for studios like yours, no agency markups, just your logo on gear members already want.

I can get your first recovery beanie sample out at cost, no minimum order, no commitment beyond that.

Should I send that your way?

Faiaz

Merch Maverick

themerchmaverick.com"
CryoBliss,contact@cryobliss.fr,cold_plunge,Paris,FR,https://www.cryobliss.fr/,4.9,82,found_on_site,quick thought after finding CryoBliss,"Hi there,

I came across CryoBliss while researching top rated cold plunge and sauna spaces in Paris and noticed you're holding a 4.9 rating across 82 reviews. Numbers like that usually mean people leave talking about the experience, which is exactly the kind of thing branded gear tends to amplify.

We're Merch Maverick, a factory direct supplier of branded robes, towels, and recovery hoodies for studios like yours, no agency markups, just your logo on gear members already want.

I can put together a free digital mockup of a CryoBliss branded branded robe within 48 hours, no cost and no obligation either way.

Would it be okay if I sent that over?

Faiaz

Merch Maverick

themerchmaverick.com"
Hima Icebaths,info@himaicebaths.nl,sauna,Amsterdam,NL,http://himaicebaths.nl/,4.9,80,found_on_site,a small idea for Hima Icebaths's team,"Hi there,

I came across Hima Icebaths while researching top rated sauna studios in Amsterdam and noticed you're holding a 4.9 rating across 80 reviews. Members who show up that consistently tend to want gear that says they are serious about the ritual, not just visiting once.

We're Merch Maverick, a factory direct supplier for branded sauna gear including hats, towels, and robes for studios like yours. No middlemen, no inflated agency pricing, just your logo on the exact ritual gear your members already associate with the experience.

I can get your first recovery beanie sample out at cost, no minimum order, no commitment beyond that.

Would that be useful to you?

Faiaz

Merch Maverick

themerchmaverick.com"
OURS Studios,hello@oursstudios.at,pilates,Vienna,AT,https://www.oursstudios.at/,4.9,79,found_on_site,quick question about OURS Studios's retail shelf,"Hi there,

I came across OURS Studios while researching top rated reformer pilates studios in Vienna and noticed you're holding a 4.9 rating across 79 reviews. That kind of rating usually means your members already see the studio as part of their identity, which is exactly when branded gear starts to sell itself.

We're Merch Maverick, a factory direct supplier of branded totes, mat bags, and studio apparel for pilates studios. We work without agency markups, so the pricing usually beats what local printers quote for the same quality.

I can mail over a free fabric swatch pack for the mat bag line so you can feel the quality before deciding anything.

Want me to go ahead and put that together?

Faiaz

Merch Maverick

themerchmaverick.com"
Purajana,hello@purajana.com,pilates,Frankfurt,DE,http://www.purajana.com/,4.9,78,found_on_site,quick idea for Purajana's members,"Hi there,

I came across Purajana while researching top rated reformer pilates studios in Frankfurt and noticed you're holding a 4.9 rating across 78 reviews. That's the kind of loyalty that usually means members are proud to be part of the studio, not just attending classes.

We're Merch Maverick, a factory direct supplier of branded totes, mat bags, and studio apparel for pilates studios. We work without agency markups, so the pricing usually beats what local printers quote for the same quality.

I can hop on a quick free call about which fabric and colorway would actually hold up best for a branded headband in your space, no strings attached.

Should I send that your way?

Faiaz

Merch Maverick

themerchmaverick.com"
Perspire Sauna Studio,summerlin@perspiresaunastudio.com,sauna,Las Vegas,US,https://www.perspiresaunastudio.com/nv/summerlin/,4.9,77,found_on_site,quick note for Perspire Sauna Studio,"Hi there,

I came across Perspire Sauna Studio while researching top rated sauna studios in Las Vegas and noticed you're holding a 4.9 rating across 77 reviews. That kind of consistency usually means people leave your space wanting to take a piece of the experience home with them.

We're Merch Maverick, a factory direct supplier for branded sauna gear including hats, towels, and robes for studios like yours. No middlemen, no inflated agency pricing, just your logo on the exact ritual gear your members already associate with the experience.

I can put together a free digital mockup of a Perspire Sauna Studio branded wool felt sauna hat within 48 hours, no cost and no obligation either way.

Would it be okay if I sent that over?

Faiaz

Merch Maverick

themerchmaverick.com"
Studio Santé,info@studiosantedallas.com,pilates,Dallas,US,https://studiosantedallas.com/,4.9,77,found_on_site,thought of Studio Santé for something,"Hi there,

I came across Studio Santé while researching top rated reformer pilates studios in Dallas and noticed you're holding a 4.9 rating across 77 reviews. That kind of rating usually means your members already see the studio as part of their identity, which is exactly when branded gear starts to sell itself.

We're Merch Maverick, a factory direct supplier of branded totes, mat bags, and studio apparel for pilates studios. We work without agency markups, so the pricing usually beats what local printers quote for the same quality.

I can get your first grip socks sample out at cost, no minimum order, no commitment beyond that.

Would that be useful to you?

Faiaz

Merch Maverick

themerchmaverick.com"
AM RADIO PILATES,info@amradiomode.com,pilates,Austin,US,https://www.amradiomode.com/,4.9,76,found_on_site,"quick idea, AM RADIO PILATES","Hi there,

I came across AM RADIO PILATES while researching top rated reformer pilates studios in Austin and noticed you're holding a 4.9 rating across 76 reviews. That's the kind of loyalty that usually means members are proud to be part of the studio, not just attending classes.

We're Merch Maverick, a factory direct supplier of branded totes, mat bags, and studio apparel for pilates studios. We work without agency markups, so the pricing usually beats what local printers quote for the same quality.

I can put together a free digital mockup of a AM RADIO PILATES branded studio tote within 48 hours, no cost and no obligation either way.

Want me to go ahead and put that together?

Faiaz

Merch Maverick

themerchmaverick.com"
CADiLab Pilates,info@cadilabpilates.com,pilates,Miami,US,http://www.cadilabpilates.com/,4.9,75,found_on_site,small idea for CADiLab Pilates,"Hi there,

I came across CADiLab Pilates while researching top rated reformer pilates studios in Miami and noticed you're holding a 4.9 rating across 75 reviews. That kind of rating usually means your members already see the studio as part of their identity, which is exactly when branded gear starts to sell itself.

We're Merch Maverick, a factory direct supplier of branded totes, mat bags, and studio apparel for pilates studios. We work without agency markups, so the pricing usually beats what local printers quote for the same quality.

I can mail over a free fabric swatch pack for the mat bag line so you can feel the quality before deciding anything.

Should I send that your way?

Faiaz

Merch Maverick

themerchmaverick.com"
The 1924 Pilates,info@the1924pilates.com,pilates,Vienna,AT,https://www.the1924pilates.com/,4.9,75,found_on_site,curious if this is useful for The 1924 Pilates,"Hi there,

I came across The 1924 Pilates while researching top rated reformer pilates studios in Vienna and noticed you're holding a 4.9 rating across 75 reviews. That's the kind of loyalty that usually means members are proud to be part of the studio, not just attending classes.

We're Merch Maverick, a factory direct supplier of branded totes, mat bags, and studio apparel for pilates studios. We work without agency markups, so the pricing usually beats what local printers quote for the same quality.

I can hop on a quick free call about which fabric and colorway would actually hold up best for a branded headband in your space, no strings attached.

Would it be okay if I sent that over?

Faiaz

Merch Maverick

themerchmaverick.com"
Naked.Revive Ltd,hello@nakedrevive.co.uk,sauna,Edinburgh,GB,https://www.nakedrevive.co.uk/,4.9,74,found_on_site,free something for Naked.Revive Ltd,"Hi there,

I came across Naked.Revive Ltd while researching top rated sauna studios in Edinburgh and noticed you're holding a 4.9 rating across 74 reviews. Members who show up that consistently tend to want gear that says they are serious about the ritual, not just visiting once.

We're Merch Maverick, a factory direct supplier for branded sauna gear including hats, towels, and robes for studios like yours. No middlemen, no inflated agency pricing, just your logo on the exact ritual gear your members already associate with the experience.

I can mail over a free fabric swatch pack for the branded plunge robe line so you can feel the quality before deciding anything.

Would that be useful to you?

Faiaz

Merch Maverick

themerchmaverick.com"
Range Reformer Pilates,hey@rangereformer.com,pilates,London,GB,http://rangereformer.com/,4.9,74,found_on_site,quick thought after finding Range Reformer Pilates,"Hi there,

I came across Range Reformer Pilates while researching top rated reformer pilates studios in London and noticed you're holding a 4.9 rating across 74 reviews. That kind of rating usually means your members already see the studio as part of their identity, which is exactly when branded gear starts to sell itself.

We're Merch Maverick, a factory direct supplier of branded totes, mat bags, and studio apparel for pilates studios. We work without agency markups, so the pricing usually beats what local printers quote for the same quality.

I can get your first grip socks sample out at cost, no minimum order, no commitment beyond that.

Want me to go ahead and put that together?

Faiaz

Merch Maverick

themerchmaverick.com"
Pilates & Fisio Studio,info@pilatesyfisiostudio.com,pilates,Madrid,ES,http://pilatesyfisiostudio.com/,4.9,74,found_on_site,a small idea for Pilates & Fisio Studio's team,"Hi there,

I came across Pilates & Fisio Studio while researching top rated reformer pilates studios in Madrid and noticed you're holding a 4.9 rating across 74 reviews. That's the kind of loyalty that usually means members are proud to be part of the studio, not just attending classes.

We're Merch Maverick, a factory direct supplier of branded totes, mat bags, and studio apparel for pilates studios. We work without agency markups, so the pricing usually beats what local printers quote for the same quality.

I can put together a free digital mockup of a Pilates & Fisio Studio branded studio tote within 48 hours, no cost and no obligation either way.

Should I send that your way?

Faiaz

Merch Maverick

themerchmaverick.com"
Formwandler Recover | Kältekammer Berlin / Kryotherapie,info@formwandler.de,cold_plunge,Berlin,DE,https://www.formwandler.de/recover/,4.9,71,found_on_site,quick question about Formwandler Recover | Kältekammer Berlin / Kryotherapie's retail shelf,"Hi there,

I came across Formwandler Recover | Kältekammer Berlin / Kryotherapie while researching top rated cold plunge and sauna spaces in Berlin and noticed you're holding a 4.9 rating across 71 reviews. That kind of following usually means people already treat this as part of their routine, which is exactly when branded gear starts to matter.

We're Merch Maverick, a factory direct supplier of branded robes, towels, and recovery hoodies for studios like yours, no agency markups, just your logo on gear members already want.

I can mail over a free fabric swatch pack for the recovery hoodie line so you can feel the quality before deciding anything.

Would it be okay if I sent that over?

Faiaz

Merch Maverick

themerchmaverick.com"
Maison Pilates,hello@maisonpilatesmadrid.com,pilates,Madrid,ES,http://www.maisonpilatesmadrid.com/,4.9,70,found_on_site,quick idea for Maison Pilates's members,"Hi there,

I came across Maison Pilates while researching top rated reformer pilates studios in Madrid and noticed you're holding a 4.9 rating across 70 reviews. That kind of rating usually means your members already see the studio as part of their identity, which is exactly when branded gear starts to sell itself.

We're Merch Maverick, a factory direct supplier of branded totes, mat bags, and studio apparel for pilates studios. We work without agency markups, so the pricing usually beats what local printers quote for the same quality.

I can mail over a free fabric swatch pack for the mat bag line so you can feel the quality before deciding anything.

Would that be useful to you?

Faiaz

Merch Maverick

themerchmaverick.com"
People’s Pilates- HILLTOP,contact@pplspilates.com,pilates,Washington,US,http://pplspilates.com/,4.9,69,found_on_site,quick note for People’s Pilates- HILLTOP,"Hi there,

I came across People’s Pilates- HILLTOP while researching top rated reformer pilates studios in Washington and noticed you're holding a 4.9 rating across 69 reviews. That's the kind of loyalty that usually means members are proud to be part of the studio, not just attending classes.

We're Merch Maverick, a factory direct supplier of branded totes, mat bags, and studio apparel for pilates studios. We work without agency markups, so the pricing usually beats what local printers quote for the same quality.

I can hop on a quick free call about which fabric and colorway would actually hold up best for a branded headband in your space, no strings attached.

Want me to go ahead and put that together?

Faiaz

Merch Maverick

themerchmaverick.com"
me time Wellness Atelièr,fa-loc@ion-.artistavatar,cold_plunge,Frankfurt,DE,https://beautinda.de/artist/4EH9Dz2cQmgY5sgT5CWwepc25iZ2,4.9,69,found_on_site,thought of me time Wellness Atelièr for something,"Hi there,

I came across me time Wellness Atelièr while researching top rated cold plunge and sauna spaces in Frankfurt and noticed you're holding a 4.9 rating across 69 reviews. Numbers like that usually mean people leave talking about the experience, which is exactly the kind of thing branded gear tends to amplify.

We're Merch Maverick, a factory direct supplier of branded robes, towels, and recovery hoodies for studios like yours, no agency markups, just your logo on gear members already want.

I can hop on a quick free call about which fabric and colorway would actually hold up best for a quick dry towel in your space, no strings attached.

Should I send that your way?

Faiaz

Merch Maverick

themerchmaverick.com"
Melt Well Sauna & Plunge Studio,info@meltsauna.com,sauna,Austin,US,https://www.melt-well.com/austin,4.9,68,found_on_site,"quick idea, Melt Well Sauna & Plunge Studio","Hi there,

I came across Melt Well Sauna & Plunge Studio while researching top rated sauna studios in Austin and noticed you're holding a 4.9 rating across 68 reviews. That kind of consistency usually means people leave your space wanting to take a piece of the experience home with them.

We're Merch Maverick, a factory direct supplier for branded sauna gear including hats, towels, and robes for studios like yours. No middlemen, no inflated agency pricing, just your logo on the exact ritual gear your members already associate with the experience.

I can hop on a quick free call about which fabric and colorway would actually hold up best for a quick dry ritual towel in your space, no strings attached.

Would it be okay if I sent that over?

Faiaz

Merch Maverick

themerchmaverick.com"
Balance Pilates,yael@yapilates.com,pilates,Washington,US,https://www.yapilates.com/,4.9,66,found_on_site,small idea for Balance Pilates,"Hi there,

I came across Balance Pilates while researching top rated reformer pilates studios in Washington and noticed you're holding a 4.9 rating across 66 reviews. That kind of rating usually means your members already see the studio as part of their identity, which is exactly when branded gear starts to sell itself.

We're Merch Maverick, a factory direct supplier of branded totes, mat bags, and studio apparel for pilates studios. We work without agency markups, so the pricing usually beats what local printers quote for the same quality.

I can get your first grip socks sample out at cost, no minimum order, no commitment beyond that.

Would that be useful to you?

Faiaz

Merch Maverick

themerchmaverick.com"
Coco Reformer Pilates,hello@cocoreformer.com,pilates,Toronto,CA,https://www.cocoreformer.com/,4.9,66,found_on_site,curious if this is useful for Coco Reformer Pilates,"Hi there,

I came across Coco Reformer Pilates while researching top rated reformer pilates studios in Toronto and noticed you're holding a 4.9 rating across 66 reviews. That's the kind of loyalty that usually means members are proud to be part of the studio, not just attending classes.

We're Merch Maverick, a factory direct supplier of branded totes, mat bags, and studio apparel for pilates studios. We work without agency markups, so the pricing usually beats what local printers quote for the same quality.

I can put together a free digital mockup of a Coco Reformer Pilates branded studio tote within 48 hours, no cost and no obligation either way.

Want me to go ahead and put that together?

Faiaz

Merch Maverick

themerchmaverick.com"
Bodhi Pilates,info@bodhipilates.com,pilates,Denver,US,http://www.bodhipilates.com/,4.9,65,found_on_site,free something for Bodhi Pilates,"Hi there,

I came across Bodhi Pilates while researching top rated reformer pilates studios in Denver and noticed you're holding a 4.9 rating across 65 reviews. That kind of rating usually means your members already see the studio as part of their identity, which is exactly when branded gear starts to sell itself.

We're Merch Maverick, a factory direct supplier of branded totes, mat bags, and studio apparel for pilates studios. We work without agency markups, so the pricing usually beats what local printers quote for the same quality.

I can mail over a free fabric swatch pack for the mat bag line so you can feel the quality before deciding anything.

Should I send that your way?

Faiaz

Merch Maverick

themerchmaverick.com"
Saunafloß MS Aufguss,hello@ms-aufguss.berlin,sauna,Berlin,DE,https://ms-aufguss.berlin/,4.9,63,found_on_site,quick thought after finding Saunafloß MS Aufguss,"Hi there,

I came across Saunafloß MS Aufguss while researching top rated sauna studios in Berlin and noticed you're holding a 4.9 rating across 63 reviews. Members who show up that consistently tend to want gear that says they are serious about the ritual, not just visiting once.

We're Merch Maverick, a factory direct supplier for branded sauna gear including hats, towels, and robes for studios like yours. No middlemen, no inflated agency pricing, just your logo on the exact ritual gear your members already associate with the experience.

I can get your first recovery beanie sample out at cost, no minimum order, no commitment beyond that.

Would it be okay if I sent that over?

Faiaz

Merch Maverick

themerchmaverick.com"
Forbidden Well,info@forbiddenwell.com,cold_plunge,New York,US,https://www.forbiddenwell.com/,4.9,62,found_on_site,a small idea for Forbidden Well's team,"Hi there,

I came across Forbidden Well while researching top rated cold plunge and sauna spaces in New York and noticed you're holding a 4.9 rating across 62 reviews. That kind of following usually means people already treat this as part of their routine, which is exactly when branded gear starts to matter.

We're Merch Maverick, a factory direct supplier of branded robes, towels, and recovery hoodies for studios like yours, no agency markups, just your logo on gear members already want.

I can get your first recovery beanie sample out at cost, no minimum order, no commitment beyond that.

Would that be useful to you?

Faiaz

Merch Maverick

themerchmaverick.com"
Reset Cove,info@resetcovedp.com,sauna,Anaheim,US,https://www.resetcovedp.com/,4.9,61,found_on_site,quick question about Reset Cove's retail shelf,"Hi there,

I came across Reset Cove while researching top rated sauna studios in Anaheim and noticed you're holding a 4.9 rating across 61 reviews. That kind of consistency usually means people leave your space wanting to take a piece of the experience home with them.

We're Merch Maverick, a factory direct supplier for branded sauna gear including hats, towels, and robes for studios like yours. No middlemen, no inflated agency pricing, just your logo on the exact ritual gear your members already associate with the experience.

I can put together a free digital mockup of a Reset Cove branded wool felt sauna hat within 48 hours, no cost and no obligation either way.

Want me to go ahead and put that together?

Faiaz

Merch Maverick

themerchmaverick.com"
The Core Lab | The Heights Pilates + VersaClimber,hello@thecorelabpilates.com,pilates,Houston,US,https://www.thecorelabpilates.com/,4.9,61,found_on_site,quick idea for The Core Lab | The Heights Pilates + VersaClimber's members,"Hi there,

I came across The Core Lab | The Heights Pilates + VersaClimber while researching top rated reformer pilates studios in Houston and noticed you're holding a 4.9 rating across 61 reviews. That's the kind of loyalty that usually means members are proud to be part of the studio, not just attending classes.

We're Merch Maverick, a factory direct supplier of branded totes, mat bags, and studio apparel for pilates studios. We work without agency markups, so the pricing usually beats what local printers quote for the same quality.

I can hop on a quick free call about which fabric and colorway would actually hold up best for a branded headband in your space, no strings attached.

Should I send that your way?

Faiaz

Merch Maverick

themerchmaverick.com"
Flows Reformer Pilates,info@flowsreformerpilates.nl,pilates,Amsterdam,NL,https://flowsreformerpilates.nl/,4.9,61,found_on_site,quick note for Flows Reformer Pilates,"Hi there,

I came across Flows Reformer Pilates while researching top rated reformer pilates studios in Amsterdam and noticed you're holding a 4.9 rating across 61 reviews. That kind of rating usually means your members already see the studio as part of their identity, which is exactly when branded gear starts to sell itself.

We're Merch Maverick, a factory direct supplier of branded totes, mat bags, and studio apparel for pilates studios. We work without agency markups, so the pricing usually beats what local printers quote for the same quality.

I can get your first grip socks sample out at cost, no minimum order, no commitment beyond that.

Would it be okay if I sent that over?

Faiaz

Merch Maverick

themerchmaverick.com"
RISE Pilates Bristol,risepilatesbristol@gmail.com,pilates,Bristol,GB,http://www.risepilatesbristol.com/,4.9,61,found_on_site,thought of RISE Pilates Bristol for something,"Hi there,

I came across RISE Pilates Bristol while researching top rated reformer pilates studios in Bristol and noticed you're holding a 4.9 rating across 61 reviews. That's the kind of loyalty that usually means members are proud to be part of the studio, not just attending classes.

We're Merch Maverick, a factory direct supplier of branded totes, mat bags, and studio apparel for pilates studios. We work without agency markups, so the pricing usually beats what local printers quote for the same quality.

I can put together a free digital mockup of a RISE Pilates Bristol branded studio tote within 48 hours, no cost and no obligation either way.

Would that be useful to you?

Faiaz

Merch Maverick

themerchmaverick.com"
Moki Sauna Allston,hello@mokisauna.com,sauna,Boston,US,https://www.mokisauna.com/,4.9,60,found_on_site,"quick idea, Moki Sauna Allston","Hi there,

I came across Moki Sauna Allston while researching top rated sauna studios in Boston and noticed you're holding a 4.9 rating across 60 reviews. Members who show up that consistently tend to want gear that says they are serious about the ritual, not just visiting once.

We're Merch Maverick, a factory direct supplier for branded sauna gear including hats, towels, and robes for studios like yours. No middlemen, no inflated agency pricing, just your logo on the exact ritual gear your members already associate with the experience.

I can mail over a free fabric swatch pack for the branded plunge robe line so you can feel the quality before deciding anything.

Want me to go ahead and put that together?

Faiaz

Merch Maverick

themerchmaverick.com"
STRONG Pilates Birmingham,birmingham@strongpilates.co.uk,pilates,Birmingham,GB,https://strongpilates.co.uk/location/birmingham/,4.9,60,found_on_site,small idea for STRONG Pilates Birmingham,"Hi there,

I came across STRONG Pilates Birmingham while researching top rated reformer pilates studios in Birmingham and noticed you're holding a 4.9 rating across 60 reviews. That kind of rating usually means your members already see the studio as part of their identity, which is exactly when branded gear starts to sell itself.

We're Merch Maverick, a factory direct supplier of branded totes, mat bags, and studio apparel for pilates studios. We work without agency markups, so the pricing usually beats what local printers quote for the same quality.

I can mail over a free fabric swatch pack for the mat bag line so you can feel the quality before deciding anything.

Should I send that your way?

Faiaz

Merch Maverick

themerchmaverick.com"
Club Pilates,navyyard@clubpilates.com,pilates,Washington,US,http://www.clubpilates.com/location/navyyard/?utm_source=google.com&utm_medium=referral&utm_campaign=yext,4.9,59,found_on_site,curious if this is useful for Club Pilates,"Hi there,

I came across Club Pilates while researching top rated reformer pilates studios in Washington and noticed you're holding a 4.9 rating across 59 reviews. That's the kind of loyalty that usually means members are proud to be part of the studio, not just attending classes.

We're Merch Maverick, a factory direct supplier of branded totes, mat bags, and studio apparel for pilates studios. We work without agency markups, so the pricing usually beats what local printers quote for the same quality.

I can hop on a quick free call about which fabric and colorway would actually hold up best for a branded headband in your space, no strings attached.

Would it be okay if I sent that over?

Faiaz

Merch Maverick

themerchmaverick.com"
Club Pilates,centralphoenix@clubpilates.com,pilates,Phoenix,US,https://www.clubpilates.com/centralphoenix/?utm_source=google.com&utm_medium=referral&utm_campaign=yext,4.9,59,found_on_site,free something for Club Pilates,"Hi there,

I came across Club Pilates while researching top rated reformer pilates studios in Phoenix and noticed you're holding a 4.9 rating across 59 reviews. That kind of rating usually means your members already see the studio as part of their identity, which is exactly when branded gear starts to sell itself.

We're Merch Maverick, a factory direct supplier of branded totes, mat bags, and studio apparel for pilates studios. We work without agency markups, so the pricing usually beats what local printers quote for the same quality.

I can get your first grip socks sample out at cost, no minimum order, no commitment beyond that.

Would that be useful to you?

Faiaz

Merch Maverick

themerchmaverick.com"
Survival club,info@survivalclub.nl,run_club,Amsterdam,NL,http://www.survivalclub.nl/,4.9,59,found_on_site,quick thought after finding Survival club,"Hi there,

I came across Survival club while researching top rated run clubs in Amsterdam and noticed you're holding a 4.9 rating across 59 reviews. That kind of following usually means your crew is already repping your name everywhere they go.

We're Merch Maverick, a factory direct supplier of branded team tees, caps, and run club apparel. No agency markups, just gear your crew will actually wear outside of race day.

I can put together a free digital mockup of a Survival club branded team tee within 48 hours, no cost and no obligation either way.

Want me to go ahead and put that together?

Faiaz

Merch Maverick

themerchmaverick.com"
Sivo Wellness,contact@sivowellness.com,sauna,Bristol,GB,https://www.sivowellness.com/,4.9,58,found_on_site,a small idea for Sivo Wellness's team,"Hi there,

I came across Sivo Wellness while researching top rated sauna studios in Bristol and noticed you're holding a 4.9 rating across 58 reviews. That kind of consistency usually means people leave your space wanting to take a piece of the experience home with them.

We're Merch Maverick, a factory direct supplier for branded sauna gear including hats, towels, and robes for studios like yours. No middlemen, no inflated agency pricing, just your logo on the exact ritual gear your members already associate with the experience.

I can hop on a quick free call about which fabric and colorway would actually hold up best for a quick dry ritual towel in your space, no strings attached.

Should I send that your way?

Faiaz

Merch Maverick

themerchmaverick.com"
Drip Lounge IV Bar,contact@driploungewa.com,cold_plunge,Seattle,US,https://driploungewa.com/,4.9,58,found_on_site,quick question about Drip Lounge IV Bar's retail shelf,"Hi there,

I came across Drip Lounge IV Bar while researching top rated cold plunge and sauna spaces in Seattle and noticed you're holding a 4.9 rating across 58 reviews. Numbers like that usually mean people leave talking about the experience, which is exactly the kind of thing branded gear tends to amplify.

We're Merch Maverick, a factory direct supplier of branded robes, towels, and recovery hoodies for studios like yours, no agency markups, just your logo on gear members already want.

I can put together a free digital mockup of a Drip Lounge IV Bar branded branded robe within 48 hours, no cost and no obligation either way.

Would it be okay if I sent that over?

Faiaz

Merch Maverick

themerchmaverick.com"
Sense Pilates,info@sensepilates.com,pilates,Houston,US,https://sensepilates.com/,4.9,57,found_on_site,quick idea for Sense Pilates's members,"Hi there,

I came across Sense Pilates while researching top rated reformer pilates studios in Houston and noticed you're holding a 4.9 rating across 57 reviews. That's the kind of loyalty that usually means members are proud to be part of the studio, not just attending classes.

We're Merch Maverick, a factory direct supplier of branded totes, mat bags, and studio apparel for pilates studios. We work without agency markups, so the pricing usually beats what local printers quote for the same quality.

I can put together a free digital mockup of a Sense Pilates branded studio tote within 48 hours, no cost and no obligation either way.

Would that be useful to you?

Faiaz

Merch Maverick

themerchmaverick.com"
Arctic Elevation,info@arcticelevation.com,cold_plunge,Washington,US,https://www.arcticelevation.com/,4.9,57,found_on_site,quick note for Arctic Elevation,"Hi there,

I came across Arctic Elevation while researching top rated cold plunge and sauna spaces in Washington and noticed you're holding a 4.9 rating across 57 reviews. That kind of following usually means people already treat this as part of their routine, which is exactly when branded gear starts to matter.

We're Merch Maverick, a factory direct supplier of branded robes, towels, and recovery hoodies for studios like yours, no agency markups, just your logo on gear members already want.

I can mail over a free fabric swatch pack for the recovery hoodie line so you can feel the quality before deciding anything.

Want me to go ahead and put that together?

Faiaz

Merch Maverick

themerchmaverick.com"
Awaken Wellness and Recovery,info@awakenwellnessandrecovery.com,cold_plunge,Los Angeles,US,https://awakenwellnessandrecovery.com/,4.9,57,found_on_site,thought of Awaken Wellness and Recovery for something,"Hi there,

I came across Awaken Wellness and Recovery while researching top rated cold plunge and sauna spaces in Los Angeles and noticed you're holding a 4.9 rating across 57 reviews. Numbers like that usually mean people leave talking about the experience, which is exactly the kind of thing branded gear tends to amplify.

We're Merch Maverick, a factory direct supplier of branded robes, towels, and recovery hoodies for studios like yours, no agency markups, just your logo on gear members already want.

I can hop on a quick free call about which fabric and colorway would actually hold up best for a quick dry towel in your space, no strings attached.

Should I send that your way?

Faiaz

Merch Maverick

themerchmaverick.com"
Shiver & Sweat,hello@shiverandsweat.com,cold_plunge,Washington,US,https://www.shiverandsweat.com/,4.9,56,found_on_site,"quick idea, Shiver & Sweat","Hi there,

I came across Shiver & Sweat while researching top rated cold plunge and sauna spaces in Washington and noticed you're holding a 4.9 rating across 56 reviews. That kind of following usually means people already treat this as part of their routine, which is exactly when branded gear starts to matter.

We're Merch Maverick, a factory direct supplier of branded robes, towels, and recovery hoodies for studios like yours, no agency markups, just your logo on gear members already want.

I can get your first recovery beanie sample out at cost, no minimum order, no commitment beyond that.

Would it be okay if I sent that over?

Faiaz

Merch Maverick

themerchmaverick.com"
Swell Studio Pilates,allyn@swellstudionashville.com,pilates,Nashville,US,http://www.swellstudionashville.com/,4.9,55,found_on_site,small idea for Swell Studio Pilates,"Hi there,

I came across Swell Studio Pilates while researching top rated reformer pilates studios in Nashville and noticed you're holding a 4.9 rating across 55 reviews. That kind of rating usually means your members already see the studio as part of their identity, which is exactly when branded gear starts to sell itself.

We're Merch Maverick, a factory direct supplier of branded totes, mat bags, and studio apparel for pilates studios. We work without agency markups, so the pricing usually beats what local printers quote for the same quality.

I can mail over a free fabric swatch pack for the mat bag line so you can feel the quality before deciding anything.

Would that be useful to you?

Faiaz

Merch Maverick

themerchmaverick.com"
SoHo Pilates,info@pilatesinsoho.com,pilates,New York,US,https://www.pilatesinsoho.com/,4.9,54,found_on_site,curious if this is useful for SoHo Pilates,"Hi there,

I came across SoHo Pilates while researching top rated reformer pilates studios in New York and noticed you're holding a 4.9 rating across 54 reviews. That's the kind of loyalty that usually means members are proud to be part of the studio, not just attending classes.

We're Merch Maverick, a factory direct supplier of branded totes, mat bags, and studio apparel for pilates studios. We work without agency markups, so the pricing usually beats what local printers quote for the same quality.

I can hop on a quick free call about which fabric and colorway would actually hold up best for a branded headband in your space, no strings attached.

Want me to go ahead and put that together?

Faiaz

Merch Maverick

themerchmaverick.com"
Archer Pilates & Wellness,archer.pilates.wellness@gmail.com,pilates,Los Angeles,US,http://archerpilates.com/,4.9,54,found_on_site,free something for Archer Pilates & Wellness,"Hi there,

I came across Archer Pilates & Wellness while researching top rated reformer pilates studios in Los Angeles and noticed you're holding a 4.9 rating across 54 reviews. That kind of rating usually means your members already see the studio as part of their identity, which is exactly when branded gear starts to sell itself.

We're Merch Maverick, a factory direct supplier of branded totes, mat bags, and studio apparel for pilates studios. We work without agency markups, so the pricing usually beats what local printers quote for the same quality.

I can get your first grip socks sample out at cost, no minimum order, no commitment beyond that.

Should I send that your way?

Faiaz

Merch Maverick

themerchmaverick.com"
blush,info@blush-studio.de,pilates,Munich,DE,http://blush-studio.de/,4.9,54,found_on_site,quick thought after finding blush,"Hi there,

I came across blush while researching top rated reformer pilates studios in Munich and noticed you're holding a 4.9 rating across 54 reviews. That's the kind of loyalty that usually means members are proud to be part of the studio, not just attending classes.

We're Merch Maverick, a factory direct supplier of branded totes, mat bags, and studio apparel for pilates studios. We work without agency markups, so the pricing usually beats what local printers quote for the same quality.

I can put together a free digital mockup of a blush branded studio tote within 48 hours, no cost and no obligation either way.

Would it be okay if I sent that over?

Faiaz

Merch Maverick

themerchmaverick.com"
Now Reformer,contact@nowreformer.com,pilates,Paris,FR,https://nowreformer.com/,4.9,54,found_on_site,a small idea for Now Reformer's team,"Hi there,

I came across Now Reformer while researching top rated reformer pilates studios in Paris and noticed you're holding a 4.9 rating across 54 reviews. That kind of rating usually means your members already see the studio as part of their identity, which is exactly when branded gear starts to sell itself.

We're Merch Maverick, a factory direct supplier of branded totes, mat bags, and studio apparel for pilates studios. We work without agency markups, so the pricing usually beats what local printers quote for the same quality.

I can mail over a free fabric swatch pack for the mat bag line so you can feel the quality before deciding anything.

Would that be useful to you?

Faiaz

Merch Maverick

themerchmaverick.com"
Pilates + Yoga,info@lasvegaspilatesyoga.com,pilates,Las Vegas,US,http://www.lasvegaspilatesyoga.com/,4.9,53,found_on_site,quick question about Pilates + Yoga's retail shelf,"Hi there,

I came across Pilates + Yoga while researching top rated reformer pilates studios in Las Vegas and noticed you're holding a 4.9 rating across 53 reviews. That's the kind of loyalty that usually means members are proud to be part of the studio, not just attending classes.

We're Merch Maverick, a factory direct supplier of branded totes, mat bags, and studio apparel for pilates studios. We work without agency markups, so the pricing usually beats what local printers quote for the same quality.

I can hop on a quick free call about which fabric and colorway would actually hold up best for a branded headband in your space, no strings attached.

Want me to go ahead and put that together?

Faiaz

Merch Maverick

themerchmaverick.com"
THE CLASSIC PILATES,info@theclassicpilates.com,pilates,Anaheim,US,https://theclassicpilates.com/,4.9,53,found_on_site,quick idea for THE CLASSIC PILATES's members,"Hi there,

I came across THE CLASSIC PILATES while researching top rated reformer pilates studios in Anaheim and noticed you're holding a 4.9 rating across 53 reviews. That kind of rating usually means your members already see the studio as part of their identity, which is exactly when branded gear starts to sell itself.

We're Merch Maverick, a factory direct supplier of branded totes, mat bags, and studio apparel for pilates studios. We work without agency markups, so the pricing usually beats what local printers quote for the same quality.

I can get your first grip socks sample out at cost, no minimum order, no commitment beyond that.

Should I send that your way?

Faiaz

Merch Maverick

themerchmaverick.com"
Solid Studio Chamberi,contacto@thesolidstudio.es,pilates,Madrid,ES,https://www.thesolidstudio.es/,4.9,52,found_on_site,quick note for Solid Studio Chamberi,"Hi there,

I came across Solid Studio Chamberi while researching top rated reformer pilates studios in Madrid and noticed you're holding a 4.9 rating across 52 reviews. That's the kind of loyalty that usually means members are proud to be part of the studio, not just attending classes.

We're Merch Maverick, a factory direct supplier of branded totes, mat bags, and studio apparel for pilates studios. We work without agency markups, so the pricing usually beats what local printers quote for the same quality.

I can put together a free digital mockup of a Solid Studio Chamberi branded studio tote within 48 hours, no cost and no obligation either way.

Would it be okay if I sent that over?

Faiaz

Merch Maverick

themerchmaverick.com"
City Sweats - Bellevue,bellevue@citysweats.com,sauna,Washington,US,https://citysweats.com/bellevue,4.9,51,found_on_site,thought of City Sweats - Bellevue for something,"Hi there,

I came across City Sweats - Bellevue while researching top rated sauna studios in Washington and noticed you're holding a 4.9 rating across 51 reviews. Members who show up that consistently tend to want gear that says they are serious about the ritual, not just visiting once.

We're Merch Maverick, a factory direct supplier for branded sauna gear including hats, towels, and robes for studios like yours. No middlemen, no inflated agency pricing, just your logo on the exact ritual gear your members already associate with the experience.

I can get your first recovery beanie sample out at cost, no minimum order, no commitment beyond that.

Would that be useful to you?

Faiaz

Merch Maverick

themerchmaverick.com"
Old Kent Road Sauna,info@oldkentroadsauna.com,sauna,London,GB,https://www.oldkentroadsauna.com/,4.9,51,found_on_site,"quick idea, Old Kent Road Sauna","Hi there,

I came across Old Kent Road Sauna while researching top rated sauna studios in London and noticed you're holding a 4.9 rating across 51 reviews. That kind of consistency usually means people leave your space wanting to take a piece of the experience home with them.

We're Merch Maverick, a factory direct supplier for branded sauna gear including hats, towels, and robes for studios like yours. No middlemen, no inflated agency pricing, just your logo on the exact ritual gear your members already associate with the experience.

I can put together a free digital mockup of a Old Kent Road Sauna branded wool felt sauna hat within 48 hours, no cost and no obligation either way.

Want me to go ahead and put that together?

Faiaz

Merch Maverick

themerchmaverick.com"
Tantobastun,info@tantobastuforening.se,sauna,Stockholm,SE,http://www.tantobastuforening.se/,4.9,51,found_on_site,small idea for Tantobastun,"Hi there,

I came across Tantobastun while researching top rated sauna studios in Stockholm and noticed you're holding a 4.9 rating across 51 reviews. Members who show up that consistently tend to want gear that says they are serious about the ritual, not just visiting once.

We're Merch Maverick, a factory direct supplier for branded sauna gear including hats, towels, and robes for studios like yours. No middlemen, no inflated agency pricing, just your logo on the exact ritual gear your members already associate with the experience.

I can mail over a free fabric swatch pack for the branded plunge robe line so you can feel the quality before deciding anything.

Should I send that your way?

Faiaz

Merch Maverick

themerchmaverick.com"
Whitefield Reformer Pilates,stacey@whitefieldreformerpilates.co.uk,pilates,Manchester,GB,https://www.whitefieldreformerpilates.co.uk/?utm_source=google&utm_medium=wix_google_business_profile&utm_campaign=2232149808729846327,4.9,51,found_on_site,curious if this is useful for Whitefield Reformer Pilates,"Hi there,

I came across Whitefield Reformer Pilates while researching top rated reformer pilates studios in Manchester and noticed you're holding a 4.9 rating across 51 reviews. That kind of rating usually means your members already see the studio as part of their identity, which is exactly when branded gear starts to sell itself.

We're Merch Maverick, a factory direct supplier of branded totes, mat bags, and studio apparel for pilates studios. We work without agency markups, so the pricing usually beats what local printers quote for the same quality.

I can mail over a free fabric swatch pack for the mat bag line so you can feel the quality before deciding anything.

Would it be okay if I sent that over?

Faiaz

Merch Maverick

themerchmaverick.com"
"Energy Studio Wien – Sound Healing, Reiki, Yoga & Meditation by Energy Medicine Academy",info@the-energystudio.com,cold_plunge,Vienna,AT,https://the-energystudio.com/,4.9,51,found_on_site,"free something for Energy Studio Wien – Sound Healing, Reiki, Yoga & Meditation by Energy Medicine Academy","Hi there,

I came across Energy Studio Wien – Sound Healing, Reiki, Yoga & Meditation by Energy Medicine Academy while researching top rated cold plunge and sauna spaces in Vienna and noticed you're holding a 4.9 rating across 51 reviews. Numbers like that usually mean people leave talking about the experience, which is exactly the kind of thing branded gear tends to amplify.

We're Merch Maverick, a factory direct supplier of branded robes, towels, and recovery hoodies for studios like yours, no agency markups, just your logo on gear members already want.

I can put together a free digital mockup of a Energy Studio Wien – Sound Healing, Reiki, Yoga & Meditation by Energy Medicine Academy branded branded robe within 48 hours, no cost and no obligation either way.

Would that be useful to you?

Faiaz

Merch Maverick

themerchmaverick.com"
Essence Spa Prinsengracht,info@essencespas.com,cold_plunge,Amsterdam,NL,https://www.essencespas.com/,4.9,50,found_on_site,quick thought after finding Essence Spa Prinsengracht,"Hi there,

I came across Essence Spa Prinsengracht while researching top rated cold plunge and sauna spaces in Amsterdam and noticed you're holding a 4.9 rating across 50 reviews. That kind of following usually means people already treat this as part of their routine, which is exactly when branded gear starts to matter.

We're Merch Maverick, a factory direct supplier of branded robes, towels, and recovery hoodies for studios like yours, no agency markups, just your logo on gear members already want.

I can mail over a free fabric swatch pack for the recovery hoodie line so you can feel the quality before deciding anything.

Want me to go ahead and put that together?

Faiaz

Merch Maverick

themerchmaverick.com"
Body Roll Studio Miami Beach,info@bodyrollstudio.com,sauna,Miami,US,https://www.bodyrollstudio.com/,4.9,49,found_on_site,a small idea for Body Roll Studio Miami Beach's team,"Hi there,

I came across Body Roll Studio Miami Beach while researching top rated sauna studios in Miami and noticed you're holding a 4.9 rating across 49 reviews. That kind of consistency usually means people leave your space wanting to take a piece of the experience home with them.

We're Merch Maverick, a factory direct supplier for branded sauna gear including hats, towels, and robes for studios like yours. No middlemen, no inflated agency pricing, just your logo on the exact ritual gear your members already associate with the experience.

I can hop on a quick free call about which fabric and colorway would actually hold up best for a quick dry ritual towel in your space, no strings attached.

Should I send that your way?

Faiaz

Merch Maverick

themerchmaverick.com"
Kraftraum Pilates,office@netgenerator.de,pilates,Berlin,DE,http://www.kraftraum-pilates.de/,4.9,49,found_on_site,quick question about Kraftraum Pilates's retail shelf,"Hi there,

I came across Kraftraum Pilates while researching top rated reformer pilates studios in Berlin and noticed you're holding a 4.9 rating across 49 reviews. That's the kind of loyalty that usually means members are proud to be part of the studio, not just attending classes.

We're Merch Maverick, a factory direct supplier of branded totes, mat bags, and studio apparel for pilates studios. We work without agency markups, so the pricing usually beats what local printers quote for the same quality.

I can hop on a quick free call about which fabric and colorway would actually hold up best for a branded headband in your space, no strings attached.

Would it be okay if I sent that over?

Faiaz

Merch Maverick

themerchmaverick.com"
H Bling Wellness,recover@h-bling.com,cold_plunge,Anaheim,US,https://www.h-bling.com/,4.9,49,found_on_site,quick idea for H Bling Wellness's members,"Hi there,

I came across H Bling Wellness while researching top rated cold plunge and sauna spaces in Anaheim and noticed you're holding a 4.9 rating across 49 reviews. Numbers like that usually mean people leave talking about the experience, which is exactly the kind of thing branded gear tends to amplify.

We're Merch Maverick, a factory direct supplier of branded robes, towels, and recovery hoodies for studios like yours, no agency markups, just your logo on gear members already want.

I can hop on a quick free call about which fabric and colorway would actually hold up best for a quick dry towel in your space, no strings attached.

Would that be useful to you?

Faiaz

Merch Maverick

themerchmaverick.com"
Bright Star Pilates Studio in San Francisco,info@brightstarpilates.com,pilates,San Francisco,US,http://www.brightstarpilates.com/,4.9,48,found_on_site,quick note for Bright Star Pilates Studio in San Francisco,"Hi there,

I came across Bright Star Pilates Studio in San Francisco while researching top rated reformer pilates studios in San Francisco and noticed you're holding a 4.9 rating across 48 reviews. That kind of rating usually means your members already see the studio as part of their identity, which is exactly when branded gear starts to sell itself.

We're Merch Maverick, a factory direct supplier of branded totes, mat bags, and studio apparel for pilates studios. We work without agency markups, so the pricing usually beats what local printers quote for the same quality.

I can get your first grip socks sample out at cost, no minimum order, no commitment beyond that.

Want me to go ahead and put that together?

Faiaz

Merch Maverick

themerchmaverick.com"
DTX Gravity Colonics,evolve@dtxnyc.com,cold_plunge,New York,US,http://www.dtxnyc.com/,4.9,47,found_on_site,thought of DTX Gravity Colonics for something,"Hi there,

I came across DTX Gravity Colonics while researching top rated cold plunge and sauna spaces in New York and noticed you're holding a 4.9 rating across 47 reviews. That kind of following usually means people already treat this as part of their routine, which is exactly when branded gear starts to matter.

We're Merch Maverick, a factory direct supplier of branded robes, towels, and recovery hoodies for studios like yours, no agency markups, just your logo on gear members already want.

I can get your first recovery beanie sample out at cost, no minimum order, no commitment beyond that.

Should I send that your way?

Faiaz

Merch Maverick

themerchmaverick.com"
JULY BABY Pilates - Pilates Studio - HealthBar - Concept Store,hello@julybabypilates.com,pilates,Frankfurt,DE,https://julybabypilates.com/,4.9,46,found_on_site,"quick idea, JULY BABY Pilates - Pilates Studio - HealthBar - Concept Store","Hi there,

I came across JULY BABY Pilates - Pilates Studio - HealthBar - Concept Store while researching top rated reformer pilates studios in Frankfurt and noticed you're holding a 4.9 rating across 46 reviews. That's the kind of loyalty that usually means members are proud to be part of the studio, not just attending classes.

We're Merch Maverick, a factory direct supplier of branded totes, mat bags, and studio apparel for pilates studios. We work without agency markups, so the pricing usually beats what local printers quote for the same quality.

I can put together a free digital mockup of a JULY BABY Pilates - Pilates Studio - HealthBar - Concept Store branded studio tote within 48 hours, no cost and no obligation either way.

Would it be okay if I sent that over?

Faiaz

Merch Maverick

themerchmaverick.com"
Chalet Clinic,info@lechaletclinic.com,cold_plunge,London,GB,https://www.lechalet-cryo.com/,4.9,46,found_on_site,small idea for Chalet Clinic,"Hi there,

I came across Chalet Clinic while researching top rated cold plunge and sauna spaces in London and noticed you're holding a 4.9 rating across 46 reviews. Numbers like that usually mean people leave talking about the experience, which is exactly the kind of thing branded gear tends to amplify.

We're Merch Maverick, a factory direct supplier of branded robes, towels, and recovery hoodies for studios like yours, no agency markups, just your logo on gear members already want.

I can put together a free digital mockup of a Chalet Clinic branded branded robe within 48 hours, no cost and no obligation either way.

Would that be useful to you?

Faiaz

Merch Maverick

themerchmaverick.com"
Sensate Spa and Studios,info@sensatespaandstudios.com,sauna,Bristol,GB,http://sensatespaandstudios.com/?utm_source=google&utm_medium=wix_google_business_profile&utm_campaign=16755764732258012754,4.9,45,found_on_site,curious if this is useful for Sensate Spa and Studios,"Hi there,

I came across Sensate Spa and Studios while researching top rated sauna studios in Bristol and noticed you're holding a 4.9 rating across 45 reviews. Members who show up that consistently tend to want gear that says they are serious about the ritual, not just visiting once.

We're Merch Maverick, a factory direct supplier for branded sauna gear including hats, towels, and robes for studios like yours. No middlemen, no inflated agency pricing, just your logo on the exact ritual gear your members already associate with the experience.

I can get your first recovery beanie sample out at cost, no minimum order, no commitment beyond that.

Want me to go ahead and put that together?

Faiaz

Merch Maverick

themerchmaverick.com"
Soak Urban Wellness,info@soakurbanwellness.nl,sauna,Amsterdam,NL,https://www.soakurbanwellness.nl/,4.9,44,found_on_site,free something for Soak Urban Wellness,"Hi there,

I came across Soak Urban Wellness while researching top rated sauna studios in Amsterdam and noticed you're holding a 4.9 rating across 44 reviews. That kind of consistency usually means people leave your space wanting to take a piece of the experience home with them.

We're Merch Maverick, a factory direct supplier for branded sauna gear including hats, towels, and robes for studios like yours. No middlemen, no inflated agency pricing, just your logo on the exact ritual gear your members already associate with the experience.

I can put together a free digital mockup of a Soak Urban Wellness branded wool felt sauna hat within 48 hours, no cost and no obligation either way.

Should I send that your way?

Faiaz

Merch Maverick

themerchmaverick.com"
Glow Reformer Pilates,pevokft@gmail.com,pilates,Budapest,HU,https://glow-reformer-pilates-studio.motibro.com/home,4.9,44,found_on_site,quick thought after finding Glow Reformer Pilates,"Hi there,

I came across Glow Reformer Pilates while researching top rated reformer pilates studios in Budapest and noticed you're holding a 4.9 rating across 44 reviews. That kind of rating usually means your members already see the studio as part of their identity, which is exactly when branded gear starts to sell itself.

We're Merch Maverick, a factory direct supplier of branded totes, mat bags, and studio apparel for pilates studios. We work without agency markups, so the pricing usually beats what local printers quote for the same quality.

I can mail over a free fabric swatch pack for the mat bag line so you can feel the quality before deciding anything.

Would it be okay if I sent that over?

Faiaz

Merch Maverick

themerchmaverick.com"
Ab&Flow Pilates Studio,hello@abandflow.com,pilates,Chicago,US,https://abandflow.com/chicago,4.9,43,found_on_site,a small idea for Ab&Flow Pilates Studio's team,"Hi there,

I came across Ab&Flow Pilates Studio while researching top rated reformer pilates studios in Chicago and noticed you're holding a 4.9 rating across 43 reviews. That's the kind of loyalty that usually means members are proud to be part of the studio, not just attending classes.

We're Merch Maverick, a factory direct supplier of branded totes, mat bags, and studio apparel for pilates studios. We work without agency markups, so the pricing usually beats what local printers quote for the same quality.

I can hop on a quick free call about which fabric and colorway would actually hold up best for a branded headband in your space, no strings attached.

Would that be useful to you?

Faiaz

Merch Maverick

themerchmaverick.com"
MVMT/MTHD,hello@themvmtmthd.com,pilates,Seattle,US,https://www.themvmtmthd.com/,4.9,42,found_on_site,quick question about MVMT/MTHD's retail shelf,"Hi there,

I came across MVMT/MTHD while researching top rated reformer pilates studios in Seattle and noticed you're holding a 4.9 rating across 42 reviews. That kind of rating usually means your members already see the studio as part of their identity, which is exactly when branded gear starts to sell itself.

We're Merch Maverick, a factory direct supplier of branded totes, mat bags, and studio apparel for pilates studios. We work without agency markups, so the pricing usually beats what local printers quote for the same quality.

I can get your first grip socks sample out at cost, no minimum order, no commitment beyond that.

Want me to go ahead and put that together?

Faiaz

Merch Maverick

themerchmaverick.com"
Cryo Mississauga,info@cryomississauga.ca,cold_plunge,Toronto,CA,http://www.cryomississauga.ca/,4.9,42,found_on_site,quick idea for Cryo Mississauga's members,"Hi there,

I came across Cryo Mississauga while researching top rated cold plunge and sauna spaces in Toronto and noticed you're holding a 4.9 rating across 42 reviews. That kind of following usually means people already treat this as part of their routine, which is exactly when branded gear starts to matter.

We're Merch Maverick, a factory direct supplier of branded robes, towels, and recovery hoodies for studios like yours, no agency markups, just your logo on gear members already want.

I can mail over a free fabric swatch pack for the recovery hoodie line so you can feel the quality before deciding anything.

Should I send that your way?

Faiaz

Merch Maverick

themerchmaverick.com"
Endurance Pilates and Yoga,info@endurancepilates.com,pilates,Boston,US,http://www.endurancepilatesandyoga.com/,4.9,41,found_on_site,quick note for Endurance Pilates and Yoga,"Hi there,

I came across Endurance Pilates and Yoga while researching top rated reformer pilates studios in Boston and noticed you're holding a 4.9 rating across 41 reviews. That's the kind of loyalty that usually means members are proud to be part of the studio, not just attending classes.

We're Merch Maverick, a factory direct supplier of branded totes, mat bags, and studio apparel for pilates studios. We work without agency markups, so the pricing usually beats what local printers quote for the same quality.

I can put together a free digital mockup of a Endurance Pilates and Yoga branded studio tote within 48 hours, no cost and no obligation either way.

Would it be okay if I sent that over?

Faiaz

Merch Maverick

themerchmaverick.com"
MOOV SANCTUARY,hello@moovseattle.com,pilates,Seattle,US,https://moovseattle.com/,4.9,41,found_on_site,thought of MOOV SANCTUARY for something,"Hi there,

I came across MOOV SANCTUARY while researching top rated reformer pilates studios in Seattle and noticed you're holding a 4.9 rating across 41 reviews. That kind of rating usually means your members already see the studio as part of their identity, which is exactly when branded gear starts to sell itself.

We're Merch Maverick, a factory direct supplier of branded totes, mat bags, and studio apparel for pilates studios. We work without agency markups, so the pricing usually beats what local printers quote for the same quality.

I can mail over a free fabric swatch pack for the mat bag line so you can feel the quality before deciding anything.

Would that be useful to you?

Faiaz

Merch Maverick

themerchmaverick.com"
Clifton Running Club,enquiries@cliftonrunningclub.com,run_club,Bristol,GB,https://www.cliftonrunningclub.com/,4.9,41,found_on_site,"quick idea, Clifton Running Club","Hi there,

I came across Clifton Running Club while researching top rated run clubs in Bristol and noticed you're holding a 4.9 rating across 41 reviews. Numbers like that usually mean your club already feels like a third place for people, not just a Tuesday run.

We're Merch Maverick, a factory direct supplier of branded team tees, caps, and run club apparel. No agency markups, just gear your crew will actually wear outside of race day.

I can mail over a free fabric swatch pack for the run club cap line so you can feel the quality before deciding anything.

Want me to go ahead and put that together?

Faiaz

Merch Maverick

themerchmaverick.com"
Beauty by Angel Rotterdam,info@beautybyangelrotterdam.nl,cold_plunge,Rotterdam,NL,http://www.beautybyangelrotterdam.nl/,4.9,41,found_on_site,small idea for Beauty by Angel Rotterdam,"Hi there,

I came across Beauty by Angel Rotterdam while researching top rated cold plunge and sauna spaces in Rotterdam and noticed you're holding a 4.9 rating across 41 reviews. Numbers like that usually mean people leave talking about the experience, which is exactly the kind of thing branded gear tends to amplify.

We're Merch Maverick, a factory direct supplier of branded robes, towels, and recovery hoodies for studios like yours, no agency markups, just your logo on gear members already want.

I can hop on a quick free call about which fabric and colorway would actually hold up best for a quick dry towel in your space, no strings attached.

Should I send that your way?

Faiaz

Merch Maverick

themerchmaverick.com"
Haus of B. Pilates,info@hausofbpilates.com,pilates,Austin,US,https://hausofbpilates.com/,4.9,40,found_on_site,curious if this is useful for Haus of B. Pilates,"Hi there,

I came across Haus of B. Pilates while researching top rated reformer pilates studios in Austin and noticed you're holding a 4.9 rating across 40 reviews. That's the kind of loyalty that usually means members are proud to be part of the studio, not just attending classes.

We're Merch Maverick, a factory direct supplier of branded totes, mat bags, and studio apparel for pilates studios. We work without agency markups, so the pricing usually beats what local printers quote for the same quality.

I can hop on a quick free call about which fabric and colorway would actually hold up best for a branded headband in your space, no strings attached.

Would it be okay if I sent that over?

Faiaz

Merch Maverick

themerchmaverick.com"
Flow Form Pilates,reformervibes@gmail.com,pilates,Budapest,HU,https://flowformpilates.hu/,4.9,40,found_on_site,free something for Flow Form Pilates,"Hi there,

I came across Flow Form Pilates while researching top rated reformer pilates studios in Budapest and noticed you're holding a 4.9 rating across 40 reviews. That kind of rating usually means your members already see the studio as part of their identity, which is exactly when branded gear starts to sell itself.

We're Merch Maverick, a factory direct supplier of branded totes, mat bags, and studio apparel for pilates studios. We work without agency markups, so the pricing usually beats what local printers quote for the same quality.

I can get your first grip socks sample out at cost, no minimum order, no commitment beyond that.

Would that be useful to you?

Faiaz

Merch Maverick

themerchmaverick.com"
Whole Body Cryo-Salt-Sauna-massage-body contouring,info@wholebodytherapies.com,cold_plunge,Houston,US,http://www.wholebodytherapies.com/,4.9,40,found_on_site,quick thought after finding Whole Body Cryo-Salt-Sauna-massage-body contouring,"Hi there,

I came across Whole Body Cryo-Salt-Sauna-massage-body contouring while researching top rated cold plunge and sauna spaces in Houston and noticed you're holding a 4.9 rating across 40 reviews. That kind of following usually means people already treat this as part of their routine, which is exactly when branded gear starts to matter.

We're Merch Maverick, a factory direct supplier of branded robes, towels, and recovery hoodies for studios like yours, no agency markups, just your logo on gear members already want.

I can get your first recovery beanie sample out at cost, no minimum order, no commitment beyond that.

Want me to go ahead and put that together?

Faiaz

Merch Maverick

themerchmaverick.com"
FICS by PRTL,enter@prtl.com,cold_plunge,New York,US,http://www.prtl.com/,4.9,40,found_on_site,a small idea for FICS by PRTL's team,"Hi there,

I came across FICS by PRTL while researching top rated cold plunge and sauna spaces in New York and noticed you're holding a 4.9 rating across 40 reviews. Numbers like that usually mean people leave talking about the experience, which is exactly the kind of thing branded gear tends to amplify.

We're Merch Maverick, a factory direct supplier of branded robes, towels, and recovery hoodies for studios like yours, no agency markups, just your logo on gear members already want.

I can put together a free digital mockup of a FICS by PRTL branded branded robe within 48 hours, no cost and no obligation either way.

Should I send that your way?

Faiaz

Merch Maverick

themerchmaverick.com"
Perspire Sauna Studio,thewoodlands@perspiresaunastudio.com,sauna,Houston,US,https://www.perspiresaunastudio.com/tx/the-woodlands/,4.9,38,found_on_site,quick question about Perspire Sauna Studio's retail shelf,"Hi there,

I came across Perspire Sauna Studio while researching top rated sauna studios in Houston and noticed you're holding a 4.9 rating across 38 reviews. Members who show up that consistently tend to want gear that says they are serious about the ritual, not just visiting once.

We're Merch Maverick, a factory direct supplier for branded sauna gear including hats, towels, and robes for studios like yours. No middlemen, no inflated agency pricing, just your logo on the exact ritual gear your members already associate with the experience.

I can mail over a free fabric swatch pack for the branded plunge robe line so you can feel the quality before deciding anything.

Would it be okay if I sent that over?

Faiaz

Merch Maverick

themerchmaverick.com"
713 Pilates,info@713pilates.com,pilates,Houston,US,http://713pilates.com/,4.9,38,found_on_site,quick idea for 713 Pilates's members,"Hi there,

I came across 713 Pilates while researching top rated reformer pilates studios in Houston and noticed you're holding a 4.9 rating across 38 reviews. That's the kind of loyalty that usually means members are proud to be part of the studio, not just attending classes.

We're Merch Maverick, a factory direct supplier of branded totes, mat bags, and studio apparel for pilates studios. We work without agency markups, so the pricing usually beats what local printers quote for the same quality.

I can put together a free digital mockup of a 713 Pilates branded studio tote within 48 hours, no cost and no obligation either way.

Would that be useful to you?

Faiaz

Merch Maverick

themerchmaverick.com"
Restart Reformer Pilates London,booking@restartpilateslondon.co.uk,pilates,London,GB,https://www.restartpilateslondon.co.uk/,4.9,37,found_on_site,quick note for Restart Reformer Pilates London,"Hi there,

I came across Restart Reformer Pilates London while researching top rated reformer pilates studios in London and noticed you're holding a 4.9 rating across 37 reviews. That kind of rating usually means your members already see the studio as part of their identity, which is exactly when branded gear starts to sell itself.

We're Merch Maverick, a factory direct supplier of branded totes, mat bags, and studio apparel for pilates studios. We work without agency markups, so the pricing usually beats what local printers quote for the same quality.

I can mail over a free fabric swatch pack for the mat bag line so you can feel the quality before deciding anything.

Want me to go ahead and put that together?

Faiaz

Merch Maverick

themerchmaverick.com"
Pilates Madrid | Pilates Maquinas Madrid | Pilates Zentro,info@pilateszentro.es,pilates,Madrid,ES,https://www.pilateszentro.es/,4.9,36,found_on_site,thought of Pilates Madrid | Pilates Maquinas Madrid | Pilates Zentro for something,"Hi there,

I came across Pilates Madrid | Pilates Maquinas Madrid | Pilates Zentro while researching top rated reformer pilates studios in Madrid and noticed you're holding a 4.9 rating across 36 reviews. That's the kind of loyalty that usually means members are proud to be part of the studio, not just attending classes.

We're Merch Maverick, a factory direct supplier of branded totes, mat bags, and studio apparel for pilates studios. We work without agency markups, so the pricing usually beats what local printers quote for the same quality.

I can hop on a quick free call about which fabric and colorway would actually hold up best for a branded headband in your space, no strings attached.

Should I send that your way?

Faiaz

Merch Maverick

themerchmaverick.com"
Reformer Loft,info@reformerloft.com,pilates,Munich,DE,https://www.reformerloft.com/,4.9,36,found_on_site,"quick idea, Reformer Loft","Hi there,

I came across Reformer Loft while researching top rated reformer pilates studios in Munich and noticed you're holding a 4.9 rating across 36 reviews. That kind of rating usually means your members already see the studio as part of their identity, which is exactly when branded gear starts to sell itself.

We're Merch Maverick, a factory direct supplier of branded totes, mat bags, and studio apparel for pilates studios. We work without agency markups, so the pricing usually beats what local printers quote for the same quality.

I can get your first grip socks sample out at cost, no minimum order, no commitment beyond that.

Would it be okay if I sent that over?

Faiaz

Merch Maverick

themerchmaverick.com"
Factory Cryo,info@factorycryo.com,cold_plunge,Manchester,GB,https://factorycryo.com/,4.9,36,found_on_site,small idea for Factory Cryo,"Hi there,

I came across Factory Cryo while researching top rated cold plunge and sauna spaces in Manchester and noticed you're holding a 4.9 rating across 36 reviews. That kind of following usually means people already treat this as part of their routine, which is exactly when branded gear starts to matter.

We're Merch Maverick, a factory direct supplier of branded robes, towels, and recovery hoodies for studios like yours, no agency markups, just your logo on gear members already want.

I can mail over a free fabric swatch pack for the recovery hoodie line so you can feel the quality before deciding anything.

Would that be useful to you?

Faiaz

Merch Maverick

themerchmaverick.com"
Private Sauna @ De Ceuvel,info@deceuvel.nl,sauna,Amsterdam,NL,https://deceuvel.nl/en/badhus-sauna/,4.9,35,found_on_site,curious if this is useful for Private Sauna @ De Ceuvel,"Hi there,

I came across Private Sauna @ De Ceuvel while researching top rated sauna studios in Amsterdam and noticed you're holding a 4.9 rating across 35 reviews. That kind of consistency usually means people leave your space wanting to take a piece of the experience home with them.

We're Merch Maverick, a factory direct supplier for branded sauna gear including hats, towels, and robes for studios like yours. No middlemen, no inflated agency pricing, just your logo on the exact ritual gear your members already associate with the experience.

I can hop on a quick free call about which fabric and colorway would actually hold up best for a quick dry ritual towel in your space, no strings attached.

Want me to go ahead and put that together?

Faiaz

Merch Maverick

themerchmaverick.com"
WundaBar Pilates - Nashville,hello@wundabar.com,pilates,Nashville,US,https://www.wundabar.com/nashville,4.9,35,found_on_site,free something for WundaBar Pilates - Nashville,"Hi there,

I came across WundaBar Pilates - Nashville while researching top rated reformer pilates studios in Nashville and noticed you're holding a 4.9 rating across 35 reviews. That's the kind of loyalty that usually means members are proud to be part of the studio, not just attending classes.

We're Merch Maverick, a factory direct supplier of branded totes, mat bags, and studio apparel for pilates studios. We work without agency markups, so the pricing usually beats what local printers quote for the same quality.

I can put together a free digital mockup of a WundaBar Pilates - Nashville branded studio tote within 48 hours, no cost and no obligation either way.

Should I send that your way?

Faiaz

Merch Maverick

themerchmaverick.com"
Core Havn MP,hello@corehavn.com,pilates,Washington,US,https://www.corehavn.com/,4.9,32,found_on_site,quick thought after finding Core Havn MP,"Hi there,

I came across Core Havn MP while researching top rated reformer pilates studios in Washington and noticed you're holding a 4.9 rating across 32 reviews. That kind of rating usually means your members already see the studio as part of their identity, which is exactly when branded gear starts to sell itself.

We're Merch Maverick, a factory direct supplier of branded totes, mat bags, and studio apparel for pilates studios. We work without agency markups, so the pricing usually beats what local printers quote for the same quality.

I can mail over a free fabric swatch pack for the mat bag line so you can feel the quality before deciding anything.

Would it be okay if I sent that over?

Faiaz

Merch Maverick

themerchmaverick.com"
Reform Social Club - Reformer Pilates Studio,hello@reformsocialclub.com,pilates,Las Vegas,US,https://reformsocialclub.com/,4.9,32,found_on_site,a small idea for Reform Social Club - Reformer Pilates Studio's team,"Hi there,

I came across Reform Social Club - Reformer Pilates Studio while researching top rated reformer pilates studios in Las Vegas and noticed you're holding a 4.9 rating across 32 reviews. That's the kind of loyalty that usually means members are proud to be part of the studio, not just attending classes.

We're Merch Maverick, a factory direct supplier of branded totes, mat bags, and studio apparel for pilates studios. We work without agency markups, so the pricing usually beats what local printers quote for the same quality.

I can hop on a quick free call about which fabric and colorway would actually hold up best for a branded headband in your space, no strings attached.

Would that be useful to you?

Faiaz

Merch Maverick

themerchmaverick.com"
People of Pilates,hello@peopleofpilates.de,pilates,Berlin,DE,https://www.peopleofpilates.de/,4.9,32,found_on_site,quick question about People of Pilates's retail shelf,"Hi there,

I came across People of Pilates while researching top rated reformer pilates studios in Berlin and noticed you're holding a 4.9 rating across 32 reviews. That kind of rating usually means your members already see the studio as part of their identity, which is exactly when branded gear starts to sell itself.

We're Merch Maverick, a factory direct supplier of branded totes, mat bags, and studio apparel for pilates studios. We work without agency markups, so the pricing usually beats what local printers quote for the same quality.

I can get your first grip socks sample out at cost, no minimum order, no commitment beyond that.

Want me to go ahead and put that together?

Faiaz

Merch Maverick

themerchmaverick.com"
THE PILATES PLACE BERLIN by Johanna Hwang,jh@thepilatesplaceberlin.com,pilates,Berlin,DE,http://www.thepilatesplaceberlin.com/,4.9,32,found_on_site,quick idea for THE PILATES PLACE BERLIN by Johanna Hwang's members,"Hi there,

I came across THE PILATES PLACE BERLIN by Johanna Hwang while researching top rated reformer pilates studios in Berlin and noticed you're holding a 4.9 rating across 32 reviews. That's the kind of loyalty that usually means members are proud to be part of the studio, not just attending classes.

We're Merch Maverick, a factory direct supplier of branded totes, mat bags, and studio apparel for pilates studios. We work without agency markups, so the pricing usually beats what local printers quote for the same quality.

I can put together a free digital mockup of a THE PILATES PLACE BERLIN by Johanna Hwang branded studio tote within 48 hours, no cost and no obligation either way.

Should I send that your way?

Faiaz

Merch Maverick

themerchmaverick.com"
MY Pilates Studio,info@my-pilates.cologne,pilates,Cologne,DE,https://my-pilates.cologne/,4.9,32,found_on_site,quick note for MY Pilates Studio,"Hi there,

I came across MY Pilates Studio while researching top rated reformer pilates studios in Cologne and noticed you're holding a 4.9 rating across 32 reviews. That kind of rating usually means your members already see the studio as part of their identity, which is exactly when branded gear starts to sell itself.

We're Merch Maverick, a factory direct supplier of branded totes, mat bags, and studio apparel for pilates studios. We work without agency markups, so the pricing usually beats what local printers quote for the same quality.

I can mail over a free fabric swatch pack for the mat bag line so you can feel the quality before deciding anything.

Would it be okay if I sent that over?

Faiaz

Merch Maverick

themerchmaverick.com"
NONO Limits Pilates,info@nonolimits.com,pilates,Phoenix,US,https://nonolimits.com/,4.9,31,found_on_site,thought of NONO Limits Pilates for something,"Hi there,

I came across NONO Limits Pilates while researching top rated reformer pilates studios in Phoenix and noticed you're holding a 4.9 rating across 31 reviews. That's the kind of loyalty that usually means members are proud to be part of the studio, not just attending classes.

We're Merch Maverick, a factory direct supplier of branded totes, mat bags, and studio apparel for pilates studios. We work without agency markups, so the pricing usually beats what local printers quote for the same quality.

I can hop on a quick free call about which fabric and colorway would actually hold up best for a branded headband in your space, no strings attached.

Would that be useful to you?

Faiaz

Merch Maverick

themerchmaverick.com"
Sanchez Street Studios,info@sanchezstreetstudios.com,pilates,San Francisco,US,http://www.sanchezstreetstudios.com/,4.9,31,found_on_site,"quick idea, Sanchez Street Studios","Hi there,

I came across Sanchez Street Studios while researching top rated reformer pilates studios in San Francisco and noticed you're holding a 4.9 rating across 31 reviews. That kind of rating usually means your members already see the studio as part of their identity, which is exactly when branded gear starts to sell itself.

We're Merch Maverick, a factory direct supplier of branded totes, mat bags, and studio apparel for pilates studios. We work without agency markups, so the pricing usually beats what local printers quote for the same quality.

I can get your first grip socks sample out at cost, no minimum order, no commitment beyond that.

Want me to go ahead and put that together?

Faiaz

Merch Maverick

themerchmaverick.com"
AYÄM Studio - a yoga studio in Stockholm,info@ayamstudio.com,pilates,Stockholm,SE,http://www.ayamstudio.com/,4.9,31,found_on_site,small idea for AYÄM Studio - a yoga studio in Stockholm,"Hi there,

I came across AYÄM Studio - a yoga studio in Stockholm while researching top rated reformer pilates studios in Stockholm and noticed you're holding a 4.9 rating across 31 reviews. That's the kind of loyalty that usually means members are proud to be part of the studio, not just attending classes.

We're Merch Maverick, a factory direct supplier of branded totes, mat bags, and studio apparel for pilates studios. We work without agency markups, so the pricing usually beats what local printers quote for the same quality.

I can put together a free digital mockup of a AYÄM Studio - a yoga studio in Stockholm branded studio tote within 48 hours, no cost and no obligation either way.

Should I send that your way?

Faiaz

Merch Maverick

themerchmaverick.com"
"CRYOFAST Paris 7 Centre expert en Cryothérapie, Cryolipolyse et Renforcement Musculaire.",paris-bosquet@cryofast.fr,cold_plunge,Paris,FR,https://cryofast.fr/centre-de-cryotherapie-paris-7/,4.9,31,found_on_site,"curious if this is useful for CRYOFAST Paris 7 Centre expert en Cryothérapie, Cryolipolyse et Renforcement Musculaire.","Hi there,

I came across CRYOFAST Paris 7 Centre expert en Cryothérapie, Cryolipolyse et Renforcement Musculaire. while researching top rated cold plunge and sauna spaces in Paris and noticed you're holding a 4.9 rating across 31 reviews. Numbers like that usually mean people leave talking about the experience, which is exactly the kind of thing branded gear tends to amplify.

We're Merch Maverick, a factory direct supplier of branded robes, towels, and recovery hoodies for studios like yours, no agency markups, just your logo on gear members already want.

I can hop on a quick free call about which fabric and colorway would actually hold up best for a quick dry towel in your space, no strings attached.

Would it be okay if I sent that over?

Faiaz

Merch Maverick

themerchmaverick.com"
Body & Soul Harmony - Salzgrotte Wien - SALZPALAST,office@bodyandsoul-harmony.at,cold_plunge,Vienna,AT,https://www.bodyandsoul-harmony.at/,4.9,31,found_on_site,free something for Body & Soul Harmony - Salzgrotte Wien - SALZPALAST,"Hi there,

I came across Body & Soul Harmony - Salzgrotte Wien - SALZPALAST while researching top rated cold plunge and sauna spaces in Vienna and noticed you're holding a 4.9 rating across 31 reviews. That kind of following usually means people already treat this as part of their routine, which is exactly when branded gear starts to matter.

We're Merch Maverick, a factory direct supplier of branded robes, towels, and recovery hoodies for studios like yours, no agency markups, just your logo on gear members already want.

I can get your first recovery beanie sample out at cost, no minimum order, no commitment beyond that.

Would that be useful to you?

Faiaz

Merch Maverick

themerchmaverick.com"
Elev8 Infrared Sauna Studio,elev8infrared@gmail.com,sauna,Los Angeles,US,https://www.elev8infrared.com/,4.9,30,found_on_site,quick thought after finding Elev8 Infrared Sauna Studio,"Hi there,

I came across Elev8 Infrared Sauna Studio while researching top rated sauna studios in Los Angeles and noticed you're holding a 4.9 rating across 30 reviews. Members who show up that consistently tend to want gear that says they are serious about the ritual, not just visiting once.

We're Merch Maverick, a factory direct supplier for branded sauna gear including hats, towels, and robes for studios like yours. No middlemen, no inflated agency pricing, just your logo on the exact ritual gear your members already associate with the experience.

I can get your first recovery beanie sample out at cost, no minimum order, no commitment beyond that.

Want me to go ahead and put that together?

Faiaz

Merch Maverick

themerchmaverick.com"
BeFine Sports & Spa am Gendarmenmarkt,info.tgb@titanic-hotels.de,sauna,Berlin,DE,https://www.titanic.com.tr/titanic-gendarmenmarkt-berlin/befine-spa,4.9,30,found_on_site,a small idea for BeFine Sports & Spa am Gendarmenmarkt's team,"Hi there,

I came across BeFine Sports & Spa am Gendarmenmarkt while researching top rated sauna studios in Berlin and noticed you're holding a 4.9 rating across 30 reviews. That kind of consistency usually means people leave your space wanting to take a piece of the experience home with them.

We're Merch Maverick, a factory direct supplier for branded sauna gear including hats, towels, and robes for studios like yours. No middlemen, no inflated agency pricing, just your logo on the exact ritual gear your members already associate with the experience.

I can put together a free digital mockup of a BeFine Sports & Spa am Gendarmenmarkt branded wool felt sauna hat within 48 hours, no cost and no obligation either way.

Should I send that your way?

Faiaz

Merch Maverick

themerchmaverick.com"
Ardagh Community Sauna,info@ardaghcommunitysauna.org,sauna,Bristol,GB,https://www.ardaghcommunitysauna.org/,4.9,30,found_on_site,quick question about Ardagh Community Sauna's retail shelf,"Hi there,

I came across Ardagh Community Sauna while researching top rated sauna studios in Bristol and noticed you're holding a 4.9 rating across 30 reviews. Members who show up that consistently tend to want gear that says they are serious about the ritual, not just visiting once.

We're Merch Maverick, a factory direct supplier for branded sauna gear including hats, towels, and robes for studios like yours. No middlemen, no inflated agency pricing, just your logo on the exact ritual gear your members already associate with the experience.

I can mail over a free fabric swatch pack for the branded plunge robe line so you can feel the quality before deciding anything.

Would it be okay if I sent that over?

Faiaz

Merch Maverick

themerchmaverick.com"
Bastuflotten ReLaxa i Stockholm,info@bastuflotten.com,sauna,Stockholm,SE,http://www.bastuflotten.com/,4.9,29,found_on_site,quick idea for Bastuflotten ReLaxa i Stockholm's members,"Hi there,

I came across Bastuflotten ReLaxa i Stockholm while researching top rated sauna studios in Stockholm and noticed you're holding a 4.9 rating across 29 reviews. That kind of consistency usually means people leave your space wanting to take a piece of the experience home with them.

We're Merch Maverick, a factory direct supplier for branded sauna gear including hats, towels, and robes for studios like yours. No middlemen, no inflated agency pricing, just your logo on the exact ritual gear your members already associate with the experience.

I can hop on a quick free call about which fabric and colorway would actually hold up best for a quick dry ritual towel in your space, no strings attached.

Would that be useful to you?

Faiaz

Merch Maverick

themerchmaverick.com"
Revive Pilates & Plates,info@revivepilatesandplates.com,pilates,Nashville,US,https://www.revivepilatesandplates.com/,4.9,29,found_on_site,quick note for Revive Pilates & Plates,"Hi there,

I came across Revive Pilates & Plates while researching top rated reformer pilates studios in Nashville and noticed you're holding a 4.9 rating across 29 reviews. That kind of rating usually means your members already see the studio as part of their identity, which is exactly when branded gear starts to sell itself.

We're Merch Maverick, a factory direct supplier of branded totes, mat bags, and studio apparel for pilates studios. We work without agency markups, so the pricing usually beats what local printers quote for the same quality.

I can mail over a free fabric swatch pack for the mat bag line so you can feel the quality before deciding anything.

Want me to go ahead and put that together?

Faiaz

Merch Maverick

themerchmaverick.com"
Embrace North,info@embracenorth.com,sauna,Denver,US,https://embracenorth.com/,4.9,28,found_on_site,thought of Embrace North for something,"Hi there,

I came across Embrace North while researching top rated sauna studios in Denver and noticed you're holding a 4.9 rating across 28 reviews. Members who show up that consistently tend to want gear that says they are serious about the ritual, not just visiting once.

We're Merch Maverick, a factory direct supplier for branded sauna gear including hats, towels, and robes for studios like yours. No middlemen, no inflated agency pricing, just your logo on the exact ritual gear your members already associate with the experience.

I can get your first recovery beanie sample out at cost, no minimum order, no commitment beyond that.

Should I send that your way?

Faiaz

Merch Maverick

themerchmaverick.com"
Goji Reformer Pilates | Clapham South,hello@gojilondon.co.uk,pilates,London,GB,https://www.gojilondon.co.uk/,4.9,27,found_on_site,"quick idea, Goji Reformer Pilates | Clapham South","Hi there,

I came across Goji Reformer Pilates | Clapham South while researching top rated reformer pilates studios in London and noticed you're holding a 4.9 rating across 27 reviews. That's the kind of loyalty that usually means members are proud to be part of the studio, not just attending classes.

We're Merch Maverick, a factory direct supplier of branded totes, mat bags, and studio apparel for pilates studios. We work without agency markups, so the pricing usually beats what local printers quote for the same quality.

I can hop on a quick free call about which fabric and colorway would actually hold up best for a branded headband in your space, no strings attached.

Would it be okay if I sent that over?

Faiaz

Merch Maverick

themerchmaverick.com"
Inward,info@goinward.ca,sauna,Toronto,CA,http://goinward.ca/,4.9,26,found_on_site,small idea for Inward,"Hi there,

I came across Inward while researching top rated sauna studios in Toronto and noticed you're holding a 4.9 rating across 26 reviews. That kind of consistency usually means people leave your space wanting to take a piece of the experience home with them.

We're Merch Maverick, a factory direct supplier for branded sauna gear including hats, towels, and robes for studios like yours. No middlemen, no inflated agency pricing, just your logo on the exact ritual gear your members already associate with the experience.

I can put together a free digital mockup of a Inward branded wool felt sauna hat within 48 hours, no cost and no obligation either way.

Would that be useful to you?

Faiaz

Merch Maverick

themerchmaverick.com"
Zenetixx,contact@zenetixx.com,pilates,Cologne,DE,https://zenetixx.com/,4.9,26,found_on_site,curious if this is useful for Zenetixx,"Hi there,

I came across Zenetixx while researching top rated reformer pilates studios in Cologne and noticed you're holding a 4.9 rating across 26 reviews. That kind of rating usually means your members already see the studio as part of their identity, which is exactly when branded gear starts to sell itself.

We're Merch Maverick, a factory direct supplier of branded totes, mat bags, and studio apparel for pilates studios. We work without agency markups, so the pricing usually beats what local printers quote for the same quality.

I can get your first grip socks sample out at cost, no minimum order, no commitment beyond that.

Want me to go ahead and put that together?

Faiaz

Merch Maverick

themerchmaverick.com"
Kokoro Wellness Center,info@kokorowestlake.com,cold_plunge,Austin,US,https://kokorowestlake.com/,4.9,25,found_on_site,free something for Kokoro Wellness Center,"Hi there,

I came across Kokoro Wellness Center while researching top rated cold plunge and sauna spaces in Austin and noticed you're holding a 4.9 rating across 25 reviews. Numbers like that usually mean people leave talking about the experience, which is exactly the kind of thing branded gear tends to amplify.

We're Merch Maverick, a factory direct supplier of branded robes, towels, and recovery hoodies for studios like yours, no agency markups, just your logo on gear members already want.

I can put together a free digital mockup of a Kokoro Wellness Center branded branded robe within 48 hours, no cost and no obligation either way.

Should I send that your way?

Faiaz

Merch Maverick

themerchmaverick.com"
Doom Rehab and Recovery,support@doomrehab.com,sauna,Los Angeles,US,http://doomrehab.com/,4.9,24,found_on_site,quick thought after finding Doom Rehab and Recovery,"Hi there,

I came across Doom Rehab and Recovery while researching top rated sauna studios in Los Angeles and noticed you're holding a 4.9 rating across 24 reviews. Members who show up that consistently tend to want gear that says they are serious about the ritual, not just visiting once.

We're Merch Maverick, a factory direct supplier for branded sauna gear including hats, towels, and robes for studios like yours. No middlemen, no inflated agency pricing, just your logo on the exact ritual gear your members already associate with the experience.

I can mail over a free fabric swatch pack for the branded plunge robe line so you can feel the quality before deciding anything.

Would it be okay if I sent that over?

Faiaz

Merch Maverick

themerchmaverick.com"
Aura Pilates Studio X Matcha Club,info@aurapilates.hu,pilates,Budapest,HU,https://www.aurapilates.hu/,4.9,24,found_on_site,a small idea for Aura Pilates Studio X Matcha Club's team,"Hi there,

I came across Aura Pilates Studio X Matcha Club while researching top rated reformer pilates studios in Budapest and noticed you're holding a 4.9 rating across 24 reviews. That's the kind of loyalty that usually means members are proud to be part of the studio, not just attending classes.

We're Merch Maverick, a factory direct supplier of branded totes, mat bags, and studio apparel for pilates studios. We work without agency markups, so the pricing usually beats what local printers quote for the same quality.

I can put together a free digital mockup of a Aura Pilates Studio X Matcha Club branded studio tote within 48 hours, no cost and no obligation either way.

Would that be useful to you?

Faiaz

Merch Maverick

themerchmaverick.com"
the pilates studio,lucy@thepilatesstudio.de,pilates,Frankfurt,DE,https://www.thepilatesstudio.de/,4.9,24,found_on_site,quick question about the pilates studio's retail shelf,"Hi there,

I came across the pilates studio while researching top rated reformer pilates studios in Frankfurt and noticed you're holding a 4.9 rating across 24 reviews. That kind of rating usually means your members already see the studio as part of their identity, which is exactly when branded gear starts to sell itself.

We're Merch Maverick, a factory direct supplier of branded totes, mat bags, and studio apparel for pilates studios. We work without agency markups, so the pricing usually beats what local printers quote for the same quality.

I can mail over a free fabric swatch pack for the mat bag line so you can feel the quality before deciding anything.

Want me to go ahead and put that together?

Faiaz

Merch Maverick

themerchmaverick.com"
Body Evolutions Las Vegas,info@bodyevolutionslv.com,pilates,Las Vegas,US,http://www.bodyevolutionslv.com/,4.9,23,found_on_site,quick idea for Body Evolutions Las Vegas's members,"Hi there,

I came across Body Evolutions Las Vegas while researching top rated reformer pilates studios in Las Vegas and noticed you're holding a 4.9 rating across 23 reviews. That's the kind of loyalty that usually means members are proud to be part of the studio, not just attending classes.

We're Merch Maverick, a factory direct supplier of branded totes, mat bags, and studio apparel for pilates studios. We work without agency markups, so the pricing usually beats what local printers quote for the same quality.

I can hop on a quick free call about which fabric and colorway would actually hold up best for a branded headband in your space, no strings attached.

Should I send that your way?

Faiaz

Merch Maverick

themerchmaverick.com"
Aya Pilates,d@a-d-.ted,pilates,Seattle,US,https://ayapilates.co/,4.9,23,found_on_site,quick note for Aya Pilates,"Hi there,

I came across Aya Pilates while researching top rated reformer pilates studios in Seattle and noticed you're holding a 4.9 rating across 23 reviews. That kind of rating usually means your members already see the studio as part of their identity, which is exactly when branded gear starts to sell itself.

We're Merch Maverick, a factory direct supplier of branded totes, mat bags, and studio apparel for pilates studios. We work without agency markups, so the pricing usually beats what local printers quote for the same quality.

I can get your first grip socks sample out at cost, no minimum order, no commitment beyond that.

Would it be okay if I sent that over?

Faiaz

Merch Maverick

themerchmaverick.com"
Vitalité Ferrier Reformer Pilates,info@vitaliteferrier.com,pilates,Amsterdam,NL,https://www.vitaliteferrier.com/,4.9,23,found_on_site,thought of Vitalité Ferrier Reformer Pilates for something,"Hi there,

I came across Vitalité Ferrier Reformer Pilates while researching top rated reformer pilates studios in Amsterdam and noticed you're holding a 4.9 rating across 23 reviews. That's the kind of loyalty that usually means members are proud to be part of the studio, not just attending classes.

We're Merch Maverick, a factory direct supplier of branded totes, mat bags, and studio apparel for pilates studios. We work without agency markups, so the pricing usually beats what local printers quote for the same quality.

I can put together a free digital mockup of a Vitalité Ferrier Reformer Pilates branded studio tote within 48 hours, no cost and no obligation either way.

Would that be useful to you?

Faiaz

Merch Maverick

themerchmaverick.com"
Reformer Collective Piccadilly Circus,hello@reformercollective.co.uk,pilates,London,GB,https://www.reformercollective.co.uk/,4.9,22,found_on_site,"quick idea, Reformer Collective Piccadilly Circus","Hi there,

I came across Reformer Collective Piccadilly Circus while researching top rated reformer pilates studios in London and noticed you're holding a 4.9 rating across 22 reviews. That kind of rating usually means your members already see the studio as part of their identity, which is exactly when branded gear starts to sell itself.

We're Merch Maverick, a factory direct supplier of branded totes, mat bags, and studio apparel for pilates studios. We work without agency markups, so the pricing usually beats what local printers quote for the same quality.

I can mail over a free fabric swatch pack for the mat bag line so you can feel the quality before deciding anything.

Want me to go ahead and put that together?

Faiaz

Merch Maverick

themerchmaverick.com"
❄️KÄLTEKAMMER WIEN♥️- BIOHACKING,team@buzz.wien,cold_plunge,Vienna,AT,https://www.buzz.wien/k%C3%A4ltekammer-wien,4.9,22,found_on_site,small idea for ❄️KÄLTEKAMMER WIEN♥️- BIOHACKING,"Hi there,

I came across ❄️KÄLTEKAMMER WIEN♥️- BIOHACKING while researching top rated cold plunge and sauna spaces in Vienna and noticed you're holding a 4.9 rating across 22 reviews. That kind of following usually means people already treat this as part of their routine, which is exactly when branded gear starts to matter.

We're Merch Maverick, a factory direct supplier of branded robes, towels, and recovery hoodies for studios like yours, no agency markups, just your logo on gear members already want.

I can mail over a free fabric swatch pack for the recovery hoodie line so you can feel the quality before deciding anything.

Should I send that your way?

Faiaz

Merch Maverick

themerchmaverick.com"
Pilates on 10th,info@pilateson10th.com,pilates,Seattle,US,http://www.pilateson10th.com/,4.9,21,found_on_site,curious if this is useful for Pilates on 10th,"Hi there,

I came across Pilates on 10th while researching top rated reformer pilates studios in Seattle and noticed you're holding a 4.9 rating across 21 reviews. That's the kind of loyalty that usually means members are proud to be part of the studio, not just attending classes.

We're Merch Maverick, a factory direct supplier of branded totes, mat bags, and studio apparel for pilates studios. We work without agency markups, so the pricing usually beats what local printers quote for the same quality.

I can hop on a quick free call about which fabric and colorway would actually hold up best for a branded headband in your space, no strings attached.

Would it be okay if I sent that over?

Faiaz

Merch Maverick

themerchmaverick.com"
"JM TONIC PARIS 15 I Centre Miha Bodytec, Cryothérapie, Cryolipolyse et Power Plate",paris15@jmtonic.fr,cold_plunge,Paris,FR,http://www.jmtonic.fr/paris15/,4.9,19,found_on_site,"free something for JM TONIC PARIS 15 I Centre Miha Bodytec, Cryothérapie, Cryolipolyse et Power Plate","Hi there,

I came across JM TONIC PARIS 15 I Centre Miha Bodytec, Cryothérapie, Cryolipolyse et Power Plate while researching top rated cold plunge and sauna spaces in Paris and noticed you're holding a 4.9 rating across 19 reviews. Numbers like that usually mean people leave talking about the experience, which is exactly the kind of thing branded gear tends to amplify.

We're Merch Maverick, a factory direct supplier of branded robes, towels, and recovery hoodies for studios like yours, no agency markups, just your logo on gear members already want.

I can hop on a quick free call about which fabric and colorway would actually hold up best for a quick dry towel in your space, no strings attached.

Would that be useful to you?

Faiaz

Merch Maverick

themerchmaverick.com"
Pilates 1st,mymail@mailservice.com,pilates,Phoenix,US,https://www.pilates1st.com/,4.9,18,found_on_site,quick thought after finding Pilates 1st,"Hi there,

I came across Pilates 1st while researching top rated reformer pilates studios in Phoenix and noticed you're holding a 4.9 rating across 18 reviews. That kind of rating usually means your members already see the studio as part of their identity, which is exactly when branded gear starts to sell itself.

We're Merch Maverick, a factory direct supplier of branded totes, mat bags, and studio apparel for pilates studios. We work without agency markups, so the pricing usually beats what local printers quote for the same quality.

I can get your first grip socks sample out at cost, no minimum order, no commitment beyond that.

Want me to go ahead and put that together?

Faiaz

Merch Maverick

themerchmaverick.com"
Bodytonic Pilates,info@bodytonicpilates.com,pilates,Seattle,US,http://www.bodytonicpilates.com/,4.9,18,found_on_site,a small idea for Bodytonic Pilates's team,"Hi there,

I came across Bodytonic Pilates while researching top rated reformer pilates studios in Seattle and noticed you're holding a 4.9 rating across 18 reviews. That's the kind of loyalty that usually means members are proud to be part of the studio, not just attending classes.

We're Merch Maverick, a factory direct supplier of branded totes, mat bags, and studio apparel for pilates studios. We work without agency markups, so the pricing usually beats what local printers quote for the same quality.

I can put together a free digital mockup of a Bodytonic Pilates branded studio tote within 48 hours, no cost and no obligation either way.

Should I send that your way?

Faiaz

Merch Maverick

themerchmaverick.com"
Conscious Pilates Studio,info@conscious-pilates.com,pilates,Denver,US,http://www.conscious-pilates.com/,4.9,17,found_on_site,quick question about Conscious Pilates Studio's retail shelf,"Hi there,

I came across Conscious Pilates Studio while researching top rated reformer pilates studios in Denver and noticed you're holding a 4.9 rating across 17 reviews. That kind of rating usually means your members already see the studio as part of their identity, which is exactly when branded gear starts to sell itself.

We're Merch Maverick, a factory direct supplier of branded totes, mat bags, and studio apparel for pilates studios. We work without agency markups, so the pricing usually beats what local printers quote for the same quality.

I can mail over a free fabric swatch pack for the mat bag line so you can feel the quality before deciding anything.

Would it be okay if I sent that over?

Faiaz

Merch Maverick

themerchmaverick.com"
Trent Park Running Club,hello@trentparkrc.com,run_club,London,GB,http://www.trentparkrc.com/,4.9,16,found_on_site,quick idea for Trent Park Running Club's members,"Hi there,

I came across Trent Park Running Club while researching top rated run clubs in London and noticed you're holding a 4.9 rating across 16 reviews. That kind of following usually means your crew is already repping your name everywhere they go.

We're Merch Maverick, a factory direct supplier of branded team tees, caps, and run club apparel. No agency markups, just gear your crew will actually wear outside of race day.

I can hop on a quick free call about which fabric and colorway would actually hold up best for a neck buff in your space, no strings attached.

Would that be useful to you?

Faiaz

Merch Maverick

themerchmaverick.com"
The Cove Spa,info@the-cove-spa.co.uk,sauna,Manchester,GB,https://www.the-cove-spa.co.uk/,4.9,14,found_on_site,quick note for The Cove Spa,"Hi there,

I came across The Cove Spa while researching top rated sauna studios in Manchester and noticed you're holding a 4.9 rating across 14 reviews. That kind of consistency usually means people leave your space wanting to take a piece of the experience home with them.

We're Merch Maverick, a factory direct supplier for branded sauna gear including hats, towels, and robes for studios like yours. No middlemen, no inflated agency pricing, just your logo on the exact ritual gear your members already associate with the experience.

I can hop on a quick free call about which fabric and colorway would actually hold up best for a quick dry ritual towel in your space, no strings attached.

Want me to go ahead and put that together?

Faiaz

Merch Maverick

themerchmaverick.com"
Forte Pilates,fortepilatesla@gmail.com,pilates,Los Angeles,US,https://www.fortepilatesla.net/,4.9,14,found_on_site,thought of Forte Pilates for something,"Hi there,

I came across Forte Pilates while researching top rated reformer pilates studios in Los Angeles and noticed you're holding a 4.9 rating across 14 reviews. That's the kind of loyalty that usually means members are proud to be part of the studio, not just attending classes.

We're Merch Maverick, a factory direct supplier of branded totes, mat bags, and studio apparel for pilates studios. We work without agency markups, so the pricing usually beats what local printers quote for the same quality.

I can hop on a quick free call about which fabric and colorway would actually hold up best for a branded headband in your space, no strings attached.

Should I send that your way?

Faiaz

Merch Maverick

themerchmaverick.com"
Lake Grapevine Runners and Walkers,info@lgraw.com,run_club,Dallas,US,http://www.lgraw.com/,4.9,14,found_on_site,"quick idea, Lake Grapevine Runners and Walkers","Hi there,

I came across Lake Grapevine Runners and Walkers while researching top rated run clubs in Dallas and noticed you're holding a 4.9 rating across 14 reviews. Numbers like that usually mean your club already feels like a third place for people, not just a Tuesday run.

We're Merch Maverick, a factory direct supplier of branded team tees, caps, and run club apparel. No agency markups, just gear your crew will actually wear outside of race day.

I can get your first finisher hoodie sample out at cost, no minimum order, no commitment beyond that.

Would it be okay if I sent that over?

Faiaz

Merch Maverick

themerchmaverick.com"
medius spa & wellness im Westin Grand Hotel Frankfurt,info@mldhealth.de,sauna,Frankfurt,DE,https://www.healthspamore.com/,4.9,10,found_on_site,small idea for medius spa & wellness im Westin Grand Hotel Frankfurt,"Hi there,

I came across medius spa & wellness im Westin Grand Hotel Frankfurt while researching top rated sauna studios in Frankfurt and noticed you're holding a 4.9 rating across 10 reviews. Members who show up that consistently tend to want gear that says they are serious about the ritual, not just visiting once.

We're Merch Maverick, a factory direct supplier for branded sauna gear including hats, towels, and robes for studios like yours. No middlemen, no inflated agency pricing, just your logo on the exact ritual gear your members already associate with the experience.

I can get your first recovery beanie sample out at cost, no minimum order, no commitment beyond that.

Would that be useful to you?

Faiaz

Merch Maverick

themerchmaverick.com"
Thamesmead Running/Run Club,thamesmeadrunningclub@gmail.com,run_club,London,GB,https://www.thamesmeadrunningclub.co.uk/,4.9,10,found_on_site,curious if this is useful for Thamesmead Running/Run Club,"Hi there,

I came across Thamesmead Running/Run Club while researching top rated run clubs in London and noticed you're holding a 4.9 rating across 10 reviews. That kind of following usually means your crew is already repping your name everywhere they go.

We're Merch Maverick, a factory direct supplier of branded team tees, caps, and run club apparel. No agency markups, just gear your crew will actually wear outside of race day.

I can put together a free digital mockup of a Thamesmead Running/Run Club branded team tee within 48 hours, no cost and no obligation either way.

Want me to go ahead and put that together?

Faiaz

Merch Maverick

themerchmaverick.com"
Emersons Green Running Club,info@emersonsgreenrunningclub.co.uk,run_club,Bristol,GB,http://www.emersonsgreenrunningclub.co.uk/,4.9,8,found_on_site,free something for Emersons Green Running Club,"Hi there,

I came across Emersons Green Running Club while researching top rated run clubs in Bristol and noticed you're holding a 4.9 rating across 8 reviews. Numbers like that usually mean your club already feels like a third place for people, not just a Tuesday run.

We're Merch Maverick, a factory direct supplier of branded team tees, caps, and run club apparel. No agency markups, just gear your crew will actually wear outside of race day.

I can mail over a free fabric swatch pack for the run club cap line so you can feel the quality before deciding anything.

Should I send that your way?

Faiaz

Merch Maverick

themerchmaverick.com"
Boston Pilates,info@bostonpilatesstudio.com,pilates,Boston,US,http://www.bostonpilatesstudio.com/,4.9,7,found_on_site,quick thought after finding Boston Pilates,"Hi there,

I came across Boston Pilates while researching top rated reformer pilates studios in Boston and noticed you're holding a 4.9 rating across 7 reviews. That kind of rating usually means your members already see the studio as part of their identity, which is exactly when branded gear starts to sell itself.

We're Merch Maverick, a factory direct supplier of branded totes, mat bags, and studio apparel for pilates studios. We work without agency markups, so the pricing usually beats what local printers quote for the same quality.

I can get your first grip socks sample out at cost, no minimum order, no commitment beyond that.

Would it be okay if I sent that over?

Faiaz

Merch Maverick

themerchmaverick.com"
Le Patio Spa - Hammam & Massage,usuario@dominio.com,sauna,Barcelona,ES,http://www.lepatiospa.com/,4.8,1088,found_on_site,a small idea for Le Patio Spa - Hammam & Massage's team,"Hi there,

I came across Le Patio Spa - Hammam & Massage while researching top rated sauna studios in Barcelona and noticed you're holding a 4.8 rating across 1088 reviews. That kind of consistency usually means people leave your space wanting to take a piece of the experience home with them.

We're Merch Maverick, a factory direct supplier for branded sauna gear including hats, towels, and robes for studios like yours. No middlemen, no inflated agency pricing, just your logo on the exact ritual gear your members already associate with the experience.

I can put together a free digital mockup of a Le Patio Spa - Hammam & Massage branded wool felt sauna hat within 48 hours, no cost and no obligation either way.

Would that be useful to you?

Faiaz

Merch Maverick

themerchmaverick.com"
The Original Hamam,info@the-original-hamam.de,sauna,Cologne,DE,http://www.the-original-hamam.de/,4.8,966,found_on_site,quick question about The Original Hamam's retail shelf,"Hi there,

I came across The Original Hamam while researching top rated sauna studios in Cologne and noticed you're holding a 4.8 rating across 966 reviews. Members who show up that consistently tend to want gear that says they are serious about the ritual, not just visiting once.

We're Merch Maverick, a factory direct supplier for branded sauna gear including hats, towels, and robes for studios like yours. No middlemen, no inflated agency pricing, just your logo on the exact ritual gear your members already associate with the experience.

I can mail over a free fabric swatch pack for the branded plunge robe line so you can feel the quality before deciding anything.

Want me to go ahead and put that together?

Faiaz

Merch Maverick

themerchmaverick.com"
Float Valley,info@floatvalley.com,sauna,Toronto,CA,https://floatvalley.com/,4.8,901,found_on_site,quick idea for Float Valley's members,"Hi there,

I came across Float Valley while researching top rated sauna studios in Toronto and noticed you're holding a 4.8 rating across 901 reviews. That kind of consistency usually means people leave your space wanting to take a piece of the experience home with them.

We're Merch Maverick, a factory direct supplier for branded sauna gear including hats, towels, and robes for studios like yours. No middlemen, no inflated agency pricing, just your logo on the exact ritual gear your members already associate with the experience.

I can hop on a quick free call about which fabric and colorway would actually hold up best for a quick dry ritual towel in your space, no strings attached.

Should I send that your way?

Faiaz

Merch Maverick

themerchmaverick.com"
Banya No.1 - Hoxton,hoxton@gobanya.co.uk,sauna,London,GB,https://gobanya.co.uk/?utm_source=google&utm_medium=organic&utm_campaign=gmb,4.8,825,found_on_site,quick note for Banya No.1 - Hoxton,"Hi there,

I came across Banya No.1 - Hoxton while researching top rated sauna studios in London and noticed you're holding a 4.8 rating across 825 reviews. Members who show up that consistently tend to want gear that says they are serious about the ritual, not just visiting once.

We're Merch Maverick, a factory direct supplier for branded sauna gear including hats, towels, and robes for studios like yours. No middlemen, no inflated agency pricing, just your logo on the exact ritual gear your members already associate with the experience.

I can get your first recovery beanie sample out at cost, no minimum order, no commitment beyond that.

Would it be okay if I sent that over?

Faiaz

Merch Maverick

themerchmaverick.com"
L'Oāsis meïsō - Centre d'Introspection et de Flottaison Paris,events@meiso.fr,sauna,Paris,FR,https://www.meiso.fr/,4.8,738,found_on_site,thought of L'Oāsis meïsō - Centre d'Introspection et de Flottaison Paris for something,"Hi there,

I came across L'Oāsis meïsō - Centre d'Introspection et de Flottaison Paris while researching top rated sauna studios in Paris and noticed you're holding a 4.8 rating across 738 reviews. That kind of consistency usually means people leave your space wanting to take a piece of the experience home with them.

We're Merch Maverick, a factory direct supplier for branded sauna gear including hats, towels, and robes for studios like yours. No middlemen, no inflated agency pricing, just your logo on the exact ritual gear your members already associate with the experience.

I can put together a free digital mockup of a L'Oāsis meïsō - Centre d'Introspection et de Flottaison Paris branded wool felt sauna hat within 48 hours, no cost and no obligation either way.

Would that be useful to you?

Faiaz

Merch Maverick

themerchmaverick.com"
Community Sauna Baths - Hackney Wick,admin@community-sauna.co.uk,sauna,London,GB,http://www.community-sauna.co.uk/,4.8,711,found_on_site,"quick idea, Community Sauna Baths - Hackney Wick","Hi there,

I came across Community Sauna Baths - Hackney Wick while researching top rated sauna studios in London and noticed you're holding a 4.8 rating across 711 reviews. Members who show up that consistently tend to want gear that says they are serious about the ritual, not just visiting once.

We're Merch Maverick, a factory direct supplier for branded sauna gear including hats, towels, and robes for studios like yours. No middlemen, no inflated agency pricing, just your logo on the exact ritual gear your members already associate with the experience.

I can mail over a free fabric swatch pack for the branded plunge robe line so you can feel the quality before deciding anything.

Want me to go ahead and put that together?

Faiaz

Merch Maverick

themerchmaverick.com"
LAKANA Thai - Massage & Fish Spa Berlin Klimatisiert!!! Nähe Alexanderplatz am Volkspark Friedrichshain Prenzlauer Berg,info@lakana-thaimassage.de,cold_plunge,Berlin,DE,https://lakana-thaimassage.de/,4.8,710,found_on_site,small idea for LAKANA Thai - Massage & Fish Spa Berlin Klimatisiert!!! Nähe Alexanderplatz am Volkspark Friedrichshain Prenzlauer Berg,"Hi there,

I came across LAKANA Thai - Massage & Fish Spa Berlin Klimatisiert!!! Nähe Alexanderplatz am Volkspark Friedrichshain Prenzlauer Berg while researching top rated cold plunge and sauna spaces in Berlin and noticed you're holding a 4.8 rating across 710 reviews. That kind of following usually means people already treat this as part of their routine, which is exactly when branded gear starts to matter.

We're Merch Maverick, a factory direct supplier of branded robes, towels, and recovery hoodies for studios like yours, no agency markups, just your logo on gear members already want.

I can get your first recovery beanie sample out at cost, no minimum order, no commitment beyond that.

Should I send that your way?

Faiaz

Merch Maverick

themerchmaverick.com"
Well One GmbH,info@well-one.me,sauna,Vienna,AT,http://well-one.me/,4.8,694,found_on_site,curious if this is useful for Well One GmbH,"Hi there,

I came across Well One GmbH while researching top rated sauna studios in Vienna and noticed you're holding a 4.8 rating across 694 reviews. That kind of consistency usually means people leave your space wanting to take a piece of the experience home with them.

We're Merch Maverick, a factory direct supplier for branded sauna gear including hats, towels, and robes for studios like yours. No middlemen, no inflated agency pricing, just your logo on the exact ritual gear your members already associate with the experience.

I can hop on a quick free call about which fabric and colorway would actually hold up best for a quick dry ritual towel in your space, no strings attached.

Would it be okay if I sent that over?

Faiaz

Merch Maverick

themerchmaverick.com"
MATHILDEN HAMAM Premium Spa und Massage,info@hamam.de,sauna,Munich,DE,https://hamam.de/,4.8,644,found_on_site,free something for MATHILDEN HAMAM Premium Spa und Massage,"Hi there,

I came across MATHILDEN HAMAM Premium Spa und Massage while researching top rated sauna studios in Munich and noticed you're holding a 4.8 rating across 644 reviews. Members who show up that consistently tend to want gear that says they are serious about the ritual, not just visiting once.

We're Merch Maverick, a factory direct supplier for branded sauna gear including hats, towels, and robes for studios like yours. No middlemen, no inflated agency pricing, just your logo on the exact ritual gear your members already associate with the experience.

I can get your first recovery beanie sample out at cost, no minimum order, no commitment beyond that.

Would that be useful to you?

Faiaz

Merch Maverick

themerchmaverick.com"
Dunes del rif Hammam,dunasdelrif@gmail.com,sauna,Barcelona,ES,http://www.dunasdelrif.com/,4.8,562,found_on_site,quick thought after finding Dunes del rif Hammam,"Hi there,

I came across Dunes del rif Hammam while researching top rated sauna studios in Barcelona and noticed you're holding a 4.8 rating across 562 reviews. That kind of consistency usually means people leave your space wanting to take a piece of the experience home with them.

We're Merch Maverick, a factory direct supplier for branded sauna gear including hats, towels, and robes for studios like yours. No middlemen, no inflated agency pricing, just your logo on the exact ritual gear your members already associate with the experience.

I can put together a free digital mockup of a Dunes del rif Hammam branded wool felt sauna hat within 48 hours, no cost and no obligation either way.

Want me to go ahead and put that together?

Faiaz

Merch Maverick

themerchmaverick.com"
Ritual Beauty & Wellness,bookings@ritual.ca,sauna,Toronto,CA,http://www.ritual.ca/,4.8,534,found_on_site,a small idea for Ritual Beauty & Wellness's team,"Hi there,

I came across Ritual Beauty & Wellness while researching top rated sauna studios in Toronto and noticed you're holding a 4.8 rating across 534 reviews. Members who show up that consistently tend to want gear that says they are serious about the ritual, not just visiting once.

We're Merch Maverick, a factory direct supplier for branded sauna gear including hats, towels, and robes for studios like yours. No middlemen, no inflated agency pricing, just your logo on the exact ritual gear your members already associate with the experience.

I can mail over a free fabric swatch pack for the branded plunge robe line so you can feel the quality before deciding anything.

Should I send that your way?

Faiaz

Merch Maverick

themerchmaverick.com"
Balmes Medical,avantwell@avantwell.info,cold_plunge,Barcelona,ES,https://www.avantwell.info/,4.8,516,found_on_site,quick question about Balmes Medical's retail shelf,"Hi there,

I came across Balmes Medical while researching top rated cold plunge and sauna spaces in Barcelona and noticed you're holding a 4.8 rating across 516 reviews. Numbers like that usually mean people leave talking about the experience, which is exactly the kind of thing branded gear tends to amplify.

We're Merch Maverick, a factory direct supplier of branded robes, towels, and recovery hoodies for studios like yours, no agency markups, just your logo on gear members already want.

I can put together a free digital mockup of a Balmes Medical branded branded robe within 48 hours, no cost and no obligation either way.

Would it be okay if I sent that over?

Faiaz

Merch Maverick

themerchmaverick.com"
Restore Hyper Wellness,frontdesktx001@restore.com,cold_plunge,Austin,US,https://www.restore.com/locations/tx-austin-arbor-trails-tx001?utm_source=gmb&utm_medium=Yext&y_source=1_MzE2Mjk5MjMtNzE1LWxvY2F0aW9uLndlYnNpdGU%3D,4.8,499,found_on_site,quick idea for Restore Hyper Wellness's members,"Hi there,

I came across Restore Hyper Wellness while researching top rated cold plunge and sauna spaces in Austin and noticed you're holding a 4.8 rating across 499 reviews. That kind of following usually means people already treat this as part of their routine, which is exactly when branded gear starts to matter.

We're Merch Maverick, a factory direct supplier of branded robes, towels, and recovery hoodies for studios like yours, no agency markups, just your logo on gear members already want.

I can mail over a free fabric swatch pack for the recovery hoodie line so you can feel the quality before deciding anything.

Would that be useful to you?

Faiaz

Merch Maverick

themerchmaverick.com"
Inner Flow Studio,hello@innerflow.es,sauna,Barcelona,ES,https://innerflow.es/,4.8,463,found_on_site,quick note for Inner Flow Studio,"Hi there,

I came across Inner Flow Studio while researching top rated sauna studios in Barcelona and noticed you're holding a 4.8 rating across 463 reviews. That kind of consistency usually means people leave your space wanting to take a piece of the experience home with them.

We're Merch Maverick, a factory direct supplier for branded sauna gear including hats, towels, and robes for studios like yours. No middlemen, no inflated agency pricing, just your logo on the exact ritual gear your members already associate with the experience.

I can hop on a quick free call about which fabric and colorway would actually hold up best for a quick dry ritual towel in your space, no strings attached.

Want me to go ahead and put that together?

Faiaz

Merch Maverick

themerchmaverick.com"
Oasis Hammam,info@oasishammam.es,sauna,Madrid,ES,https://oasishammam.es/,4.8,457,found_on_site,thought of Oasis Hammam for something,"Hi there,

I came across Oasis Hammam while researching top rated sauna studios in Madrid and noticed you're holding a 4.8 rating across 457 reviews. Members who show up that consistently tend to want gear that says they are serious about the ritual, not just visiting once.

We're Merch Maverick, a factory direct supplier for branded sauna gear including hats, towels, and robes for studios like yours. No middlemen, no inflated agency pricing, just your logo on the exact ritual gear your members already associate with the experience.

I can get your first recovery beanie sample out at cost, no minimum order, no commitment beyond that.

Should I send that your way?

Faiaz

Merch Maverick

themerchmaverick.com"
"The Bath House ,  Banya London",info@banyalondon.co.uk,sauna,London,GB,https://banyalondon.co.uk/,4.8,449,found_on_site,"quick idea, The Bath House ,  Banya London","Hi there,

I came across The Bath House ,  Banya London while researching top rated sauna studios in London and noticed you're holding a 4.8 rating across 449 reviews. That kind of consistency usually means people leave your space wanting to take a piece of the experience home with them.

We're Merch Maverick, a factory direct supplier for branded sauna gear including hats, towels, and robes for studios like yours. No middlemen, no inflated agency pricing, just your logo on the exact ritual gear your members already associate with the experience.

I can put together a free digital mockup of a The Bath House ,  Banya London branded wool felt sauna hat within 48 hours, no cost and no obligation either way.

Would it be okay if I sent that over?

Faiaz

Merch Maverick

themerchmaverick.com"
Runners Roost Lakewood,john.smith@example.com,run_club,Denver,US,http://www.runnersroostlakewood.com/,4.8,446,found_on_site,small idea for Runners Roost Lakewood,"Hi there,

I came across Runners Roost Lakewood while researching top rated run clubs in Denver and noticed you're holding a 4.8 rating across 446 reviews. That kind of following usually means your crew is already repping your name everywhere they go.

We're Merch Maverick, a factory direct supplier of branded team tees, caps, and run club apparel. No agency markups, just gear your crew will actually wear outside of race day.

I can hop on a quick free call about which fabric and colorway would actually hold up best for a neck buff in your space, no strings attached.

Would that be useful to you?

Faiaz

Merch Maverick

themerchmaverick.com"
Badhus Sauna - Noord,hello@badhus-amsterdam.nl,sauna,Amsterdam,NL,https://www.badhus-amsterdam.nl/,4.8,391,found_on_site,curious if this is useful for Badhus Sauna - Noord,"Hi there,

I came across Badhus Sauna - Noord while researching top rated sauna studios in Amsterdam and noticed you're holding a 4.8 rating across 391 reviews. Members who show up that consistently tend to want gear that says they are serious about the ritual, not just visiting once.

We're Merch Maverick, a factory direct supplier for branded sauna gear including hats, towels, and robes for studios like yours. No middlemen, no inflated agency pricing, just your logo on the exact ritual gear your members already associate with the experience.

I can mail over a free fabric swatch pack for the branded plunge robe line so you can feel the quality before deciding anything.

Want me to go ahead and put that together?

Faiaz

Merch Maverick

themerchmaverick.com"
Easy Float,hello@easyfloat.com,sauna,Denver,US,https://easyfloat.com/,4.8,377,found_on_site,free something for Easy Float,"Hi there,

I came across Easy Float while researching top rated sauna studios in Denver and noticed you're holding a 4.8 rating across 377 reviews. That kind of consistency usually means people leave your space wanting to take a piece of the experience home with them.

We're Merch Maverick, a factory direct supplier for branded sauna gear including hats, towels, and robes for studios like yours. No middlemen, no inflated agency pricing, just your logo on the exact ritual gear your members already associate with the experience.

I can hop on a quick free call about which fabric and colorway would actually hold up best for a quick dry ritual towel in your space, no strings attached.

Should I send that your way?

Faiaz

Merch Maverick

themerchmaverick.com"
Restore Hyper Wellness,frontdeskwa001@restore.com,cold_plunge,Washington,US,https://www.restore.com/locations/wa-kirkland-wa001?utm_source=gmb&utm_medium=Yext&y_source=1_MzE2Mjk5NTgtNzE1LWxvY2F0aW9uLndlYnNpdGU%3D,4.8,373,found_on_site,quick thought after finding Restore Hyper Wellness,"Hi there,

I came across Restore Hyper Wellness while researching top rated cold plunge and sauna spaces in Washington and noticed you're holding a 4.8 rating across 373 reviews. Numbers like that usually mean people leave talking about the experience, which is exactly the kind of thing branded gear tends to amplify.

We're Merch Maverick, a factory direct supplier of branded robes, towels, and recovery hoodies for studios like yours, no agency markups, just your logo on gear members already want.

I can hop on a quick free call about which fabric and colorway would actually hold up best for a quick dry towel in your space, no strings attached.

Would it be okay if I sent that over?

Faiaz

Merch Maverick

themerchmaverick.com"
Club Pilates (South Lake Union),slu@clubpilates.com,pilates,Seattle,US,https://www.clubpilates.com/southlakeunion/?utm_source=google.com&utm_medium=referral&utm_campaign=yext,4.8,364,found_on_site,a small idea for Club Pilates (South Lake Union)'s team,"Hi there,

I came across Club Pilates (South Lake Union) while researching top rated reformer pilates studios in Seattle and noticed you're holding a 4.8 rating across 364 reviews. That's the kind of loyalty that usually means members are proud to be part of the studio, not just attending classes.

We're Merch Maverick, a factory direct supplier of branded totes, mat bags, and studio apparel for pilates studios. We work without agency markups, so the pricing usually beats what local printers quote for the same quality.

I can put together a free digital mockup of a Club Pilates (South Lake Union) branded studio tote within 48 hours, no cost and no obligation either way.

Would that be useful to you?

Faiaz

Merch Maverick

themerchmaverick.com"
Fan Club Health & Fitness,info@fanclubhealthandfitness.com,cold_plunge,Houston,US,https://www.fanclubhealthandfitness.com/,4.8,348,found_on_site,quick question about Fan Club Health & Fitness's retail shelf,"Hi there,

I came across Fan Club Health & Fitness while researching top rated cold plunge and sauna spaces in Houston and noticed you're holding a 4.8 rating across 348 reviews. That kind of following usually means people already treat this as part of their routine, which is exactly when branded gear starts to matter.

We're Merch Maverick, a factory direct supplier of branded robes, towels, and recovery hoodies for studios like yours, no agency markups, just your logo on gear members already want.

I can get your first recovery beanie sample out at cost, no minimum order, no commitment beyond that.

Want me to go ahead and put that together?

Faiaz

Merch Maverick

themerchmaverick.com"
Salt Room Madrid. Haloterapia en Cuevas de Sal,madrid@saltroomspain.com,cold_plunge,Madrid,ES,https://saltroomspain.com/contacto-salt-room-madrid/,4.8,339,found_on_site,quick idea for Salt Room Madrid. Haloterapia en Cuevas de Sal's members,"Hi there,

I came across Salt Room Madrid. Haloterapia en Cuevas de Sal while researching top rated cold plunge and sauna spaces in Madrid and noticed you're holding a 4.8 rating across 339 reviews. Numbers like that usually mean people leave talking about the experience, which is exactly the kind of thing branded gear tends to amplify.

We're Merch Maverick, a factory direct supplier of branded robes, towels, and recovery hoodies for studios like yours, no agency markups, just your logo on gear members already want.

I can put together a free digital mockup of a Salt Room Madrid. Haloterapia en Cuevas de Sal branded branded robe within 48 hours, no cost and no obligation either way.

Should I send that your way?

Faiaz

Merch Maverick

themerchmaverick.com"
White Bamboo Spa,spa@white-bamboo.de,sauna,Munich,DE,http://www.white-bamboo.de/,4.8,325,found_on_site,quick note for White Bamboo Spa,"Hi there,

I came across White Bamboo Spa while researching top rated sauna studios in Munich and noticed you're holding a 4.8 rating across 325 reviews. Members who show up that consistently tend to want gear that says they are serious about the ritual, not just visiting once.

We're Merch Maverick, a factory direct supplier for branded sauna gear including hats, towels, and robes for studios like yours. No middlemen, no inflated agency pricing, just your logo on the exact ritual gear your members already associate with the experience.

I can get your first recovery beanie sample out at cost, no minimum order, no commitment beyond that.

Would it be okay if I sent that over?

Faiaz

Merch Maverick

themerchmaverick.com"
Club Pilates,newcastle@clubpilates.com,pilates,Seattle,US,https://www.clubpilates.com/newcastle/?utm_source=google.com&utm_medium=referral&utm_campaign=yext,4.8,306,found_on_site,thought of Club Pilates for something,"Hi there,

I came across Club Pilates while researching top rated reformer pilates studios in Seattle and noticed you're holding a 4.8 rating across 306 reviews. That kind of rating usually means your members already see the studio as part of their identity, which is exactly when branded gear starts to sell itself.

We're Merch Maverick, a factory direct supplier of branded totes, mat bags, and studio apparel for pilates studios. We work without agency markups, so the pricing usually beats what local printers quote for the same quality.

I can mail over a free fabric swatch pack for the mat bag line so you can feel the quality before deciding anything.

Would that be useful to you?

Faiaz

Merch Maverick

themerchmaverick.com"
Restore Hyper Wellness,frontdeskmi003@restore.com,cold_plunge,Birmingham,GB,https://www.restore.com/locations/mi-birmingham-mi003?utm_source=gmb&utm_medium=Yext&y_source=1_MzE2Mjk4NzgtNzE1LWxvY2F0aW9uLndlYnNpdGU%3D,4.8,297,found_on_site,"quick idea, Restore Hyper Wellness","Hi there,

I came across Restore Hyper Wellness while researching top rated cold plunge and sauna spaces in Birmingham and noticed you're holding a 4.8 rating across 297 reviews. That kind of following usually means people already treat this as part of their routine, which is exactly when branded gear starts to matter.

We're Merch Maverick, a factory direct supplier of branded robes, towels, and recovery hoodies for studios like yours, no agency markups, just your logo on gear members already want.

I can mail over a free fabric swatch pack for the recovery hoodie line so you can feel the quality before deciding anything.

Want me to go ahead and put that together?

Faiaz

Merch Maverick

themerchmaverick.com"
Float Level,info@floatlevel.co.uk,sauna,Manchester,GB,https://www.floatlevel.co.uk/,4.8,296,found_on_site,small idea for Float Level,"Hi there,

I came across Float Level while researching top rated sauna studios in Manchester and noticed you're holding a 4.8 rating across 296 reviews. That kind of consistency usually means people leave your space wanting to take a piece of the experience home with them.

We're Merch Maverick, a factory direct supplier for branded sauna gear including hats, towels, and robes for studios like yours. No middlemen, no inflated agency pricing, just your logo on the exact ritual gear your members already associate with the experience.

I can put together a free digital mockup of a Float Level branded wool felt sauna hat within 48 hours, no cost and no obligation either way.

Should I send that your way?

Faiaz

Merch Maverick

themerchmaverick.com"
Artemis Sauna Club Berlin,organisation@fkk-artemis.de,sauna,Berlin,DE,https://www.fkk-artemis.de/,4.8,290,found_on_site,curious if this is useful for Artemis Sauna Club Berlin,"Hi there,

I came across Artemis Sauna Club Berlin while researching top rated sauna studios in Berlin and noticed you're holding a 4.8 rating across 290 reviews. Members who show up that consistently tend to want gear that says they are serious about the ritual, not just visiting once.

We're Merch Maverick, a factory direct supplier for branded sauna gear including hats, towels, and robes for studios like yours. No middlemen, no inflated agency pricing, just your logo on the exact ritual gear your members already associate with the experience.

I can mail over a free fabric swatch pack for the branded plunge robe line so you can feel the quality before deciding anything.

Would it be okay if I sent that over?

Faiaz

Merch Maverick

themerchmaverick.com"
Sliving Studios - Reformer Pilates Yonge & Eglinton,info@slivingstudios.com,pilates,Toronto,CA,https://slivingstudios.com/,4.8,287,found_on_site,free something for Sliving Studios - Reformer Pilates Yonge & Eglinton,"Hi there,

I came across Sliving Studios - Reformer Pilates Yonge & Eglinton while researching top rated reformer pilates studios in Toronto and noticed you're holding a 4.8 rating across 287 reviews. That's the kind of loyalty that usually means members are proud to be part of the studio, not just attending classes.

We're Merch Maverick, a factory direct supplier of branded totes, mat bags, and studio apparel for pilates studios. We work without agency markups, so the pricing usually beats what local printers quote for the same quality.

I can hop on a quick free call about which fabric and colorway would actually hold up best for a branded headband in your space, no strings attached.

Would that be useful to you?

Faiaz

Merch Maverick

themerchmaverick.com"
Wellness Haus,info@wellnesshaus.com,sauna,Toronto,CA,http://wellnesshaus.com/,4.8,271,found_on_site,quick thought after finding Wellness Haus,"Hi there,

I came across Wellness Haus while researching top rated sauna studios in Toronto and noticed you're holding a 4.8 rating across 271 reviews. That kind of consistency usually means people leave your space wanting to take a piece of the experience home with them.

We're Merch Maverick, a factory direct supplier for branded sauna gear including hats, towels, and robes for studios like yours. No middlemen, no inflated agency pricing, just your logo on the exact ritual gear your members already associate with the experience.

I can hop on a quick free call about which fabric and colorway would actually hold up best for a quick dry ritual towel in your space, no strings attached.

Want me to go ahead and put that together?

Faiaz

Merch Maverick

themerchmaverick.com"
Clover Spa and Hotel,info@cloverspa.co.uk,sauna,Birmingham,GB,https://www.cloverspa.co.uk/,4.8,265,found_on_site,a small idea for Clover Spa and Hotel's team,"Hi there,

I came across Clover Spa and Hotel while researching top rated sauna studios in Birmingham and noticed you're holding a 4.8 rating across 265 reviews. Members who show up that consistently tend to want gear that says they are serious about the ritual, not just visiting once.

We're Merch Maverick, a factory direct supplier for branded sauna gear including hats, towels, and robes for studios like yours. No middlemen, no inflated agency pricing, just your logo on the exact ritual gear your members already associate with the experience.

I can get your first recovery beanie sample out at cost, no minimum order, no commitment beyond that.

Should I send that your way?

Faiaz

Merch Maverick

themerchmaverick.com"
Estudio arete pilates,equipo@estudioarete.com,pilates,Madrid,ES,https://linktr.ee/estudio_arete,4.8,257,found_on_site,quick question about Estudio arete pilates's retail shelf,"Hi there,

I came across Estudio arete pilates while researching top rated reformer pilates studios in Madrid and noticed you're holding a 4.8 rating across 257 reviews. That kind of rating usually means your members already see the studio as part of their identity, which is exactly when branded gear starts to sell itself.

We're Merch Maverick, a factory direct supplier of branded totes, mat bags, and studio apparel for pilates studios. We work without agency markups, so the pricing usually beats what local printers quote for the same quality.

I can get your first grip socks sample out at cost, no minimum order, no commitment beyond that.

Would it be okay if I sent that over?

Faiaz

Merch Maverick

themerchmaverick.com"
Cloud 9 Float & Wellness,jp@cloud9boston.com,sauna,Boston,US,https://www.cloud9boston.com/,4.8,256,found_on_site,quick idea for Cloud 9 Float & Wellness's members,"Hi there,

I came across Cloud 9 Float & Wellness while researching top rated sauna studios in Boston and noticed you're holding a 4.8 rating across 256 reviews. That kind of consistency usually means people leave your space wanting to take a piece of the experience home with them.

We're Merch Maverick, a factory direct supplier for branded sauna gear including hats, towels, and robes for studios like yours. No middlemen, no inflated agency pricing, just your logo on the exact ritual gear your members already associate with the experience.

I can put together a free digital mockup of a Cloud 9 Float & Wellness branded wool felt sauna hat within 48 hours, no cost and no obligation either way.

Would that be useful to you?

Faiaz

Merch Maverick

themerchmaverick.com"
Ceremony,howdy@ceremonyspa.com,sauna,Austin,US,http://www.ceremonyspa.com/,4.8,249,found_on_site,quick note for Ceremony,"Hi there,

I came across Ceremony while researching top rated sauna studios in Austin and noticed you're holding a 4.8 rating across 249 reviews. Members who show up that consistently tend to want gear that says they are serious about the ritual, not just visiting once.

We're Merch Maverick, a factory direct supplier for branded sauna gear including hats, towels, and robes for studios like yours. No middlemen, no inflated agency pricing, just your logo on the exact ritual gear your members already associate with the experience.

I can mail over a free fabric swatch pack for the branded plunge robe line so you can feel the quality before deciding anything.

Want me to go ahead and put that together?

Faiaz

Merch Maverick

themerchmaverick.com"
The CryoBar,info@thecryobar.com,cold_plunge,Chicago,US,https://www.thecryobar.com/,4.8,247,found_on_site,thought of The CryoBar for something,"Hi there,

I came across The CryoBar while researching top rated cold plunge and sauna spaces in Chicago and noticed you're holding a 4.8 rating across 247 reviews. Numbers like that usually mean people leave talking about the experience, which is exactly the kind of thing branded gear tends to amplify.

We're Merch Maverick, a factory direct supplier of branded robes, towels, and recovery hoodies for studios like yours, no agency markups, just your logo on gear members already want.

I can hop on a quick free call about which fabric and colorway would actually hold up best for a quick dry towel in your space, no strings attached.

Should I send that your way?

Faiaz

Merch Maverick

themerchmaverick.com"
Restore Hyper Wellness,frontdeskca005@restore.com,cold_plunge,Anaheim,US,https://www.restore.com/locations/ca-tustin-ca005?utm_source=gmb&utm_medium=Yext&y_source=1_NDQzNTEwNzQtNzE1LWxvY2F0aW9uLndlYnNpdGU%3D,4.8,242,found_on_site,"quick idea, Restore Hyper Wellness","Hi there,

I came across Restore Hyper Wellness while researching top rated cold plunge and sauna spaces in Anaheim and noticed you're holding a 4.8 rating across 242 reviews. That kind of following usually means people already treat this as part of their routine, which is exactly when branded gear starts to matter.

We're Merch Maverick, a factory direct supplier of branded robes, towels, and recovery hoodies for studios like yours, no agency markups, just your logo on gear members already want.

I can get your first recovery beanie sample out at cost, no minimum order, no commitment beyond that.

Would it be okay if I sent that over?

Faiaz

Merch Maverick

themerchmaverick.com"
Club Pilates,prestonhollow@clubpilates.com,pilates,Dallas,US,http://www.clubpilates.com/prestonhollow/?utm_source=google.com&utm_medium=referral&utm_campaign=yext,4.8,238,found_on_site,small idea for Club Pilates,"Hi there,

I came across Club Pilates while researching top rated reformer pilates studios in Dallas and noticed you're holding a 4.8 rating across 238 reviews. That's the kind of loyalty that usually means members are proud to be part of the studio, not just attending classes.

We're Merch Maverick, a factory direct supplier of branded totes, mat bags, and studio apparel for pilates studios. We work without agency markups, so the pricing usually beats what local printers quote for the same quality.

I can put together a free digital mockup of a Club Pilates branded studio tote within 48 hours, no cost and no obligation either way.

Would that be useful to you?

Faiaz

Merch Maverick

themerchmaverick.com"
Club Pilates,weho@clubpilates.com,pilates,Los Angeles,US,https://www.clubpilates.com/weho/?utm_source=google.com&utm_medium=referral&utm_campaign=yext,4.8,235,found_on_site,curious if this is useful for Club Pilates,"Hi there,

I came across Club Pilates while researching top rated reformer pilates studios in Los Angeles and noticed you're holding a 4.8 rating across 235 reviews. That kind of rating usually means your members already see the studio as part of their identity, which is exactly when branded gear starts to sell itself.

We're Merch Maverick, a factory direct supplier of branded totes, mat bags, and studio apparel for pilates studios. We work without agency markups, so the pricing usually beats what local printers quote for the same quality.

I can mail over a free fabric swatch pack for the mat bag line so you can feel the quality before deciding anything.

Want me to go ahead and put that together?

Faiaz

Merch Maverick

themerchmaverick.com"
Strength Factory,info@strengthfactory.nl,cold_plunge,Rotterdam,NL,https://www.strengthfactory.nl/,4.8,233,found_on_site,free something for Strength Factory,"Hi there,

I came across Strength Factory while researching top rated cold plunge and sauna spaces in Rotterdam and noticed you're holding a 4.8 rating across 233 reviews. Numbers like that usually mean people leave talking about the experience, which is exactly the kind of thing branded gear tends to amplify.

We're Merch Maverick, a factory direct supplier of branded robes, towels, and recovery hoodies for studios like yours, no agency markups, just your logo on gear members already want.

I can put together a free digital mockup of a Strength Factory branded branded robe within 48 hours, no cost and no obligation either way.

Should I send that your way?

Faiaz

Merch Maverick

themerchmaverick.com"
NRG Haus | Social Wellness Club,connect@nrghaus.com,sauna,Toronto,CA,https://nrghaus.com/,4.8,222,found_on_site,quick thought after finding NRG Haus | Social Wellness Club,"Hi there,

I came across NRG Haus | Social Wellness Club while researching top rated sauna studios in Toronto and noticed you're holding a 4.8 rating across 222 reviews. That kind of consistency usually means people leave your space wanting to take a piece of the experience home with them.

We're Merch Maverick, a factory direct supplier for branded sauna gear including hats, towels, and robes for studios like yours. No middlemen, no inflated agency pricing, just your logo on the exact ritual gear your members already associate with the experience.

I can hop on a quick free call about which fabric and colorway would actually hold up best for a quick dry ritual towel in your space, no strings attached.

Would it be okay if I sent that over?

Faiaz

Merch Maverick

themerchmaverick.com"
Oasis Spa,info@oasisspauk.com,sauna,Birmingham,GB,http://www.oasisspauk.com/,4.8,214,found_on_site,a small idea for Oasis Spa's team,"Hi there,

I came across Oasis Spa while researching top rated sauna studios in Birmingham and noticed you're holding a 4.8 rating across 214 reviews. Members who show up that consistently tend to want gear that says they are serious about the ritual, not just visiting once.

We're Merch Maverick, a factory direct supplier for branded sauna gear including hats, towels, and robes for studios like yours. No middlemen, no inflated agency pricing, just your logo on the exact ritual gear your members already associate with the experience.

I can get your first recovery beanie sample out at cost, no minimum order, no commitment beyond that.

Would that be useful to you?

Faiaz

Merch Maverick

themerchmaverick.com"
The North London Sauna Village by Lowlu,support@lowlu.co,sauna,London,GB,https://lowlu.com/locations/kentish-town,4.8,211,found_on_site,quick question about The North London Sauna Village by Lowlu's retail shelf,"Hi there,

I came across The North London Sauna Village by Lowlu while researching top rated sauna studios in London and noticed you're holding a 4.8 rating across 211 reviews. That kind of consistency usually means people leave your space wanting to take a piece of the experience home with them.

We're Merch Maverick, a factory direct supplier for branded sauna gear including hats, towels, and robes for studios like yours. No middlemen, no inflated agency pricing, just your logo on the exact ritual gear your members already associate with the experience.

I can put together a free digital mockup of a The North London Sauna Village by Lowlu branded wool felt sauna hat within 48 hours, no cost and no obligation either way.

Want me to go ahead and put that together?

Faiaz

Merch Maverick

themerchmaverick.com"
Taiga Spa,reservations@taiga-spa.at,sauna,Vienna,AT,http://www.taiga-spa.at/,4.8,210,found_on_site,quick idea for Taiga Spa's members,"Hi there,

I came across Taiga Spa while researching top rated sauna studios in Vienna and noticed you're holding a 4.8 rating across 210 reviews. Members who show up that consistently tend to want gear that says they are serious about the ritual, not just visiting once.

We're Merch Maverick, a factory direct supplier for branded sauna gear including hats, towels, and robes for studios like yours. No middlemen, no inflated agency pricing, just your logo on the exact ritual gear your members already associate with the experience.

I can mail over a free fabric swatch pack for the branded plunge robe line so you can feel the quality before deciding anything.

Should I send that your way?

Faiaz

Merch Maverick

themerchmaverick.com"
Club Pilates,aliante@clubpilates.com,pilates,Las Vegas,US,http://www.clubpilates.com/aliante/?utm_source=google.com&utm_medium=referral&utm_campaign=yext,4.8,206,found_on_site,quick note for Club Pilates,"Hi there,

I came across Club Pilates while researching top rated reformer pilates studios in Las Vegas and noticed you're holding a 4.8 rating across 206 reviews. That's the kind of loyalty that usually means members are proud to be part of the studio, not just attending classes.

We're Merch Maverick, a factory direct supplier of branded totes, mat bags, and studio apparel for pilates studios. We work without agency markups, so the pricing usually beats what local printers quote for the same quality.

I can hop on a quick free call about which fabric and colorway would actually hold up best for a branded headband in your space, no strings attached.

Would it be okay if I sent that over?

Faiaz

Merch Maverick

themerchmaverick.com"
Earthbody - Massage San Francisco,spa@earthbody.net,cold_plunge,San Francisco,US,http://www.earthbody.net/,4.8,203,found_on_site,thought of Earthbody - Massage San Francisco for something,"Hi there,

I came across Earthbody - Massage San Francisco while researching top rated cold plunge and sauna spaces in San Francisco and noticed you're holding a 4.8 rating across 203 reviews. That kind of following usually means people already treat this as part of their routine, which is exactly when branded gear starts to matter.

We're Merch Maverick, a factory direct supplier of branded robes, towels, and recovery hoodies for studios like yours, no agency markups, just your logo on gear members already want.

I can mail over a free fabric swatch pack for the recovery hoodie line so you can feel the quality before deciding anything.

Would that be useful to you?

Faiaz

Merch Maverick

themerchmaverick.com"
Restore Hyper Wellness,frontdesknv010@restore.com,cold_plunge,Las Vegas,US,http://www.restore.com/locations/nv-las-vegas-summerlin-south-nv010?utm_source=gmb&utm_medium=Yext&y_source=1_NzMwNzY5NjAtNzE1LWxvY2F0aW9uLndlYnNpdGU%3D,4.8,200,found_on_site,"quick idea, Restore Hyper Wellness","Hi there,

I came across Restore Hyper Wellness while researching top rated cold plunge and sauna spaces in Las Vegas and noticed you're holding a 4.8 rating across 200 reviews. Numbers like that usually mean people leave talking about the experience, which is exactly the kind of thing branded gear tends to amplify.

We're Merch Maverick, a factory direct supplier of branded robes, towels, and recovery hoodies for studios like yours, no agency markups, just your logo on gear members already want.

I can hop on a quick free call about which fabric and colorway would actually hold up best for a quick dry towel in your space, no strings attached.

Want me to go ahead and put that together?

Faiaz

Merch Maverick

themerchmaverick.com"
Reformation Pilates,hello@reformation-pilates.com,pilates,Paris,FR,http://reformation-pilates.com/,4.8,197,found_on_site,small idea for Reformation Pilates,"Hi there,

I came across Reformation Pilates while researching top rated reformer pilates studios in Paris and noticed you're holding a 4.8 rating across 197 reviews. That kind of rating usually means your members already see the studio as part of their identity, which is exactly when branded gear starts to sell itself.

We're Merch Maverick, a factory direct supplier of branded totes, mat bags, and studio apparel for pilates studios. We work without agency markups, so the pricing usually beats what local printers quote for the same quality.

I can get your first grip socks sample out at cost, no minimum order, no commitment beyond that.

Should I send that your way?

Faiaz

Merch Maverick

themerchmaverick.com"
Pilates Studio,info@sensepilatesmadrid.es,pilates,Madrid,ES,https://www.sensepilatesmadrid.es/,4.8,195,found_on_site,curious if this is useful for Pilates Studio,"Hi there,

I came across Pilates Studio while researching top rated reformer pilates studios in Madrid and noticed you're holding a 4.8 rating across 195 reviews. That's the kind of loyalty that usually means members are proud to be part of the studio, not just attending classes.

We're Merch Maverick, a factory direct supplier of branded totes, mat bags, and studio apparel for pilates studios. We work without agency markups, so the pricing usually beats what local printers quote for the same quality.

I can put together a free digital mockup of a Pilates Studio branded studio tote within 48 hours, no cost and no obligation either way.

Would it be okay if I sent that over?

Faiaz

Merch Maverick

themerchmaverick.com"
Restore Hyper Wellness,frontdesktx024@restore.com,cold_plunge,Austin,US,https://www.restore.com/locations/tx-austin-south-lamar-tx024?utm_source=gmb&utm_medium=Yext&y_source=1_MzE2Mjk5MzktNzE1LWxvY2F0aW9uLndlYnNpdGU%3D,4.8,188,found_on_site,free something for Restore Hyper Wellness,"Hi there,

I came across Restore Hyper Wellness while researching top rated cold plunge and sauna spaces in Austin and noticed you're holding a 4.8 rating across 188 reviews. That kind of following usually means people already treat this as part of their routine, which is exactly when branded gear starts to matter.

We're Merch Maverick, a factory direct supplier of branded robes, towels, and recovery hoodies for studios like yours, no agency markups, just your logo on gear members already want.

I can get your first recovery beanie sample out at cost, no minimum order, no commitment beyond that.

Would that be useful to you?

Faiaz

Merch Maverick

themerchmaverick.com"
Yu Spa,waterloo@yuspa.co.uk,sauna,Edinburgh,GB,https://www.apexhotels.co.uk/destinations/edinburgh/spas/yu-spa/?utm_medium=organic&utm_source=google&utm_campaign=Spa%20-%20Yu%20Spa%20Edinburgh%20-%20Google%20-%20Organic%20-%20My%20Business&utm_content=Spa%20Page,4.8,187,found_on_site,quick thought after finding Yu Spa,"Hi there,

I came across Yu Spa while researching top rated sauna studios in Edinburgh and noticed you're holding a 4.8 rating across 187 reviews. That kind of consistency usually means people leave your space wanting to take a piece of the experience home with them.

We're Merch Maverick, a factory direct supplier for branded sauna gear including hats, towels, and robes for studios like yours. No middlemen, no inflated agency pricing, just your logo on the exact ritual gear your members already associate with the experience.

I can hop on a quick free call about which fabric and colorway would actually hold up best for a quick dry ritual towel in your space, no strings attached.

Want me to go ahead and put that together?

Faiaz

Merch Maverick

themerchmaverick.com"
Revitalise Urban Spa | Sauna & Ice Bath Hackney,info@revitaliseurbanspa.co.uk,sauna,London,GB,https://www.revitaliseurbanspa.co.uk/,4.8,182,found_on_site,a small idea for Revitalise Urban Spa | Sauna & Ice Bath Hackney's team,"Hi there,

I came across Revitalise Urban Spa | Sauna & Ice Bath Hackney while researching top rated sauna studios in London and noticed you're holding a 4.8 rating across 182 reviews. Members who show up that consistently tend to want gear that says they are serious about the ritual, not just visiting once.

We're Merch Maverick, a factory direct supplier for branded sauna gear including hats, towels, and robes for studios like yours. No middlemen, no inflated agency pricing, just your logo on the exact ritual gear your members already associate with the experience.

I can get your first recovery beanie sample out at cost, no minimum order, no commitment beyond that.

Should I send that your way?

Faiaz

Merch Maverick

themerchmaverick.com"
Club Pilates,villapark@clubpilates.com,pilates,Anaheim,US,https://www.clubpilates.com/villapark/?utm_source=google.com&utm_medium=referral&utm_campaign=yext,4.8,180,found_on_site,quick question about Club Pilates's retail shelf,"Hi there,

I came across Club Pilates while researching top rated reformer pilates studios in Anaheim and noticed you're holding a 4.8 rating across 180 reviews. That kind of rating usually means your members already see the studio as part of their identity, which is exactly when branded gear starts to sell itself.

We're Merch Maverick, a factory direct supplier of branded totes, mat bags, and studio apparel for pilates studios. We work without agency markups, so the pricing usually beats what local printers quote for the same quality.

I can mail over a free fabric swatch pack for the mat bag line so you can feel the quality before deciding anything.

Would it be okay if I sent that over?

Faiaz

Merch Maverick

themerchmaverick.com"
Nordic Salt & Steam,info@nordicsaltsteam.se,sauna,Stockholm,SE,https://www.nordicsaltsteam.se/,4.8,177,found_on_site,quick idea for Nordic Salt & Steam's members,"Hi there,

I came across Nordic Salt & Steam while researching top rated sauna studios in Stockholm and noticed you're holding a 4.8 rating across 177 reviews. That kind of consistency usually means people leave your space wanting to take a piece of the experience home with them.

We're Merch Maverick, a factory direct supplier for branded sauna gear including hats, towels, and robes for studios like yours. No middlemen, no inflated agency pricing, just your logo on the exact ritual gear your members already associate with the experience.

I can put together a free digital mockup of a Nordic Salt & Steam branded wool felt sauna hat within 48 hours, no cost and no obligation either way.

Would that be useful to you?

Faiaz

Merch Maverick

themerchmaverick.com"
Club Pilates,soma@clubpilates.com,pilates,San Francisco,US,https://www.clubpilates.com/soma/?utm_source=google.com&utm_medium=referral&utm_campaign=yext,4.8,174,found_on_site,quick note for Club Pilates,"Hi there,

I came across Club Pilates while researching top rated reformer pilates studios in San Francisco and noticed you're holding a 4.8 rating across 174 reviews. That's the kind of loyalty that usually means members are proud to be part of the studio, not just attending classes.

We're Merch Maverick, a factory direct supplier of branded totes, mat bags, and studio apparel for pilates studios. We work without agency markups, so the pricing usually beats what local printers quote for the same quality.

I can hop on a quick free call about which fabric and colorway would actually hold up best for a branded headband in your space, no strings attached.

Want me to go ahead and put that together?

Faiaz

Merch Maverick

themerchmaverick.com"
PILAT3S De Pijp - Reformer Pilates Studio,depijp@pilat3s.com,pilates,Amsterdam,NL,https://pilat3s.com/studio/pilat3s-de-pijp,4.8,174,found_on_site,thought of PILAT3S De Pijp - Reformer Pilates Studio for something,"Hi there,

I came across PILAT3S De Pijp - Reformer Pilates Studio while researching top rated reformer pilates studios in Amsterdam and noticed you're holding a 4.8 rating across 174 reviews. That kind of rating usually means your members already see the studio as part of their identity, which is exactly when branded gear starts to sell itself.

We're Merch Maverick, a factory direct supplier of branded totes, mat bags, and studio apparel for pilates studios. We work without agency markups, so the pricing usually beats what local printers quote for the same quality.

I can get your first grip socks sample out at cost, no minimum order, no commitment beyond that.

Should I send that your way?

Faiaz

Merch Maverick

themerchmaverick.com"
Float Horizen,desk@floathorizen.com,cold_plunge,Nashville,US,http://www.floathorizen.com/,4.8,174,found_on_site,"quick idea, Float Horizen","Hi there,

I came across Float Horizen while researching top rated cold plunge and sauna spaces in Nashville and noticed you're holding a 4.8 rating across 174 reviews. Numbers like that usually mean people leave talking about the experience, which is exactly the kind of thing branded gear tends to amplify.

We're Merch Maverick, a factory direct supplier of branded robes, towels, and recovery hoodies for studios like yours, no agency markups, just your logo on gear members already want.

I can put together a free digital mockup of a Float Horizen branded branded robe within 48 hours, no cost and no obligation either way.

Would it be okay if I sent that over?

Faiaz

Merch Maverick

themerchmaverick.com"
Recharge Medical,rechargeadmin@ddphealth.com,cold_plunge,San Francisco,US,https://recharge.clinic/,4.8,169,found_on_site,small idea for Recharge Medical,"Hi there,

I came across Recharge Medical while researching top rated cold plunge and sauna spaces in San Francisco and noticed you're holding a 4.8 rating across 169 reviews. That kind of following usually means people already treat this as part of their routine, which is exactly when branded gear starts to matter.

We're Merch Maverick, a factory direct supplier of branded robes, towels, and recovery hoodies for studios like yours, no agency markups, just your logo on gear members already want.

I can mail over a free fabric swatch pack for the recovery hoodie line so you can feel the quality before deciding anything.

Would that be useful to you?

Faiaz

Merch Maverick

themerchmaverick.com"
Spa 1001,west@spa1001.nl,sauna,Amsterdam,NL,http://www.spa1001.nl/,4.8,168,found_on_site,curious if this is useful for Spa 1001,"Hi there,

I came across Spa 1001 while researching top rated sauna studios in Amsterdam and noticed you're holding a 4.8 rating across 168 reviews. Members who show up that consistently tend to want gear that says they are serious about the ritual, not just visiting once.

We're Merch Maverick, a factory direct supplier for branded sauna gear including hats, towels, and robes for studios like yours. No middlemen, no inflated agency pricing, just your logo on the exact ritual gear your members already associate with the experience.

I can mail over a free fabric swatch pack for the branded plunge robe line so you can feel the quality before deciding anything.

Want me to go ahead and put that together?

Faiaz

Merch Maverick

themerchmaverick.com"
Club Pilates,springvalley@clubpilates.com,pilates,Las Vegas,US,https://www.clubpilates.com/springvalley/?utm_source=google.com&utm_medium=referral&utm_campaign=yext,4.8,165,found_on_site,free something for Club Pilates,"Hi there,

I came across Club Pilates while researching top rated reformer pilates studios in Las Vegas and noticed you're holding a 4.8 rating across 165 reviews. That's the kind of loyalty that usually means members are proud to be part of the studio, not just attending classes.

We're Merch Maverick, a factory direct supplier of branded totes, mat bags, and studio apparel for pilates studios. We work without agency markups, so the pricing usually beats what local printers quote for the same quality.

I can put together a free digital mockup of a Club Pilates branded studio tote within 48 hours, no cost and no obligation either way.

Should I send that your way?

Faiaz

Merch Maverick

themerchmaverick.com"
Octane,hello@octane-wellness.com,sauna,Paris,FR,http://www.octane-wellness.com/,4.8,161,found_on_site,quick thought after finding Octane,"Hi there,

I came across Octane while researching top rated sauna studios in Paris and noticed you're holding a 4.8 rating across 161 reviews. That kind of consistency usually means people leave your space wanting to take a piece of the experience home with them.

We're Merch Maverick, a factory direct supplier for branded sauna gear including hats, towels, and robes for studios like yours. No middlemen, no inflated agency pricing, just your logo on the exact ritual gear your members already associate with the experience.

I can hop on a quick free call about which fabric and colorway would actually hold up best for a quick dry ritual towel in your space, no strings attached.

Would it be okay if I sent that over?

Faiaz

Merch Maverick

themerchmaverick.com"
trove,concierge@trovewellbeing.com,sauna,Toronto,CA,https://trovewellbeing.com/,4.8,160,found_on_site,a small idea for trove's team,"Hi there,

I came across trove while researching top rated sauna studios in Toronto and noticed you're holding a 4.8 rating across 160 reviews. Members who show up that consistently tend to want gear that says they are serious about the ritual, not just visiting once.

We're Merch Maverick, a factory direct supplier for branded sauna gear including hats, towels, and robes for studios like yours. No middlemen, no inflated agency pricing, just your logo on the exact ritual gear your members already associate with the experience.

I can get your first recovery beanie sample out at cost, no minimum order, no commitment beyond that.

Would that be useful to you?

Faiaz

Merch Maverick

themerchmaverick.com"
Ki Movement,hello@kimovementstudio.com,pilates,Toronto,CA,https://www.kimovementstudio.com/,4.8,158,found_on_site,quick question about Ki Movement's retail shelf,"Hi there,

I came across Ki Movement while researching top rated reformer pilates studios in Toronto and noticed you're holding a 4.8 rating across 158 reviews. That kind of rating usually means your members already see the studio as part of their identity, which is exactly when branded gear starts to sell itself.

We're Merch Maverick, a factory direct supplier of branded totes, mat bags, and studio apparel for pilates studios. We work without agency markups, so the pricing usually beats what local printers quote for the same quality.

I can mail over a free fabric swatch pack for the mat bag line so you can feel the quality before deciding anything.

Want me to go ahead and put that together?

Faiaz

Merch Maverick

themerchmaverick.com"
Kuya Wellness,hello@kuyawellness.com,sauna,Austin,US,https://www.kuyawellness.com/,4.8,157,found_on_site,quick idea for Kuya Wellness's members,"Hi there,

I came across Kuya Wellness while researching top rated sauna studios in Austin and noticed you're holding a 4.8 rating across 157 reviews. That kind of consistency usually means people leave your space wanting to take a piece of the experience home with them.

We're Merch Maverick, a factory direct supplier for branded sauna gear including hats, towels, and robes for studios like yours. No middlemen, no inflated agency pricing, just your logo on the exact ritual gear your members already associate with the experience.

I can put together a free digital mockup of a Kuya Wellness branded wool felt sauna hat within 48 hours, no cost and no obligation either way.

Should I send that your way?

Faiaz

Merch Maverick

themerchmaverick.com"
Lagree Fit 415,info@lagreefit415.com,pilates,San Francisco,US,https://www.lagreefit415.com/,4.8,157,found_on_site,quick note for Lagree Fit 415,"Hi there,

I came across Lagree Fit 415 while researching top rated reformer pilates studios in San Francisco and noticed you're holding a 4.8 rating across 157 reviews. That's the kind of loyalty that usually means members are proud to be part of the studio, not just attending classes.

We're Merch Maverick, a factory direct supplier of branded totes, mat bags, and studio apparel for pilates studios. We work without agency markups, so the pricing usually beats what local printers quote for the same quality.

I can hop on a quick free call about which fabric and colorway would actually hold up best for a branded headband in your space, no strings attached.

Would it be okay if I sent that over?

Faiaz

Merch Maverick

themerchmaverick.com"
LondonCryo Belgravia,info@londoncryo.com,cold_plunge,London,GB,http://www.londoncryo.com/?utm_source=Google&utm_medium=Link&utm_campaign=Google_My_Business&utm_id=GMBProfile&utm_term=Belgravia,4.8,156,found_on_site,thought of LondonCryo Belgravia for something,"Hi there,

I came across LondonCryo Belgravia while researching top rated cold plunge and sauna spaces in London and noticed you're holding a 4.8 rating across 156 reviews. Numbers like that usually mean people leave talking about the experience, which is exactly the kind of thing branded gear tends to amplify.

We're Merch Maverick, a factory direct supplier of branded robes, towels, and recovery hoodies for studios like yours, no agency markups, just your logo on gear members already want.

I can hop on a quick free call about which fabric and colorway would actually hold up best for a quick dry towel in your space, no strings attached.

Would that be useful to you?

Faiaz

Merch Maverick

themerchmaverick.com"
Perspire Sauna Studio,berkeley@perspiresaunastudio.com,sauna,San Francisco,US,https://www.perspiresaunastudio.com/ca/berkeley/,4.8,153,found_on_site,"quick idea, Perspire Sauna Studio","Hi there,

I came across Perspire Sauna Studio while researching top rated sauna studios in San Francisco and noticed you're holding a 4.8 rating across 153 reviews. Members who show up that consistently tend to want gear that says they are serious about the ritual, not just visiting once.

We're Merch Maverick, a factory direct supplier for branded sauna gear including hats, towels, and robes for studios like yours. No middlemen, no inflated agency pricing, just your logo on the exact ritual gear your members already associate with the experience.

I can mail over a free fabric swatch pack for the branded plunge robe line so you can feel the quality before deciding anything.

Want me to go ahead and put that together?

Faiaz

Merch Maverick

themerchmaverick.com"
Sweheat Sauna,info@sweheatsauna.co.uk,sauna,London,GB,http://www.sweheatsauna.co.uk/,4.8,151,found_on_site,small idea for Sweheat Sauna,"Hi there,

I came across Sweheat Sauna while researching top rated sauna studios in London and noticed you're holding a 4.8 rating across 151 reviews. That kind of consistency usually means people leave your space wanting to take a piece of the experience home with them.

We're Merch Maverick, a factory direct supplier for branded sauna gear including hats, towels, and robes for studios like yours. No middlemen, no inflated agency pricing, just your logo on the exact ritual gear your members already associate with the experience.

I can hop on a quick free call about which fabric and colorway would actually hold up best for a quick dry ritual towel in your space, no strings attached.

Should I send that your way?

Faiaz

Merch Maverick

themerchmaverick.com"
LiveColder Private Wellness,info@livecolder.com,cold_plunge,Phoenix,US,http://www.livecolder.com/,4.8,149,found_on_site,curious if this is useful for LiveColder Private Wellness,"Hi there,

I came across LiveColder Private Wellness while researching top rated cold plunge and sauna spaces in Phoenix and noticed you're holding a 4.8 rating across 149 reviews. That kind of following usually means people already treat this as part of their routine, which is exactly when branded gear starts to matter.

We're Merch Maverick, a factory direct supplier of branded robes, towels, and recovery hoodies for studios like yours, no agency markups, just your logo on gear members already want.

I can get your first recovery beanie sample out at cost, no minimum order, no commitment beyond that.

Would it be okay if I sent that over?

Faiaz

Merch Maverick

themerchmaverick.com"
Seventy Spa,info@seventyspa.com,cold_plunge,Barcelona,ES,https://seventyspa.com/,4.8,149,found_on_site,free something for Seventy Spa,"Hi there,

I came across Seventy Spa while researching top rated cold plunge and sauna spaces in Barcelona and noticed you're holding a 4.8 rating across 149 reviews. Numbers like that usually mean people leave talking about the experience, which is exactly the kind of thing branded gear tends to amplify.

We're Merch Maverick, a factory direct supplier of branded robes, towels, and recovery hoodies for studios like yours, no agency markups, just your logo on gear members already want.

I can put together a free digital mockup of a Seventy Spa branded branded robe within 48 hours, no cost and no obligation either way.

Would that be useful to you?

Faiaz

Merch Maverick

themerchmaverick.com"
SELFishly Aesthetics & Wellness,guest@selfishlywellness.com,cold_plunge,San Francisco,US,https://selfishlyaesthetics.com/?utm_source=google&utm_medium=organic&utm_campaign=gbp,4.8,148,found_on_site,quick thought after finding SELFishly Aesthetics & Wellness,"Hi there,

I came across SELFishly Aesthetics & Wellness while researching top rated cold plunge and sauna spaces in San Francisco and noticed you're holding a 4.8 rating across 148 reviews. That kind of following usually means people already treat this as part of their routine, which is exactly when branded gear starts to matter.

We're Merch Maverick, a factory direct supplier of branded robes, towels, and recovery hoodies for studios like yours, no agency markups, just your logo on gear members already want.

I can mail over a free fabric swatch pack for the recovery hoodie line so you can feel the quality before deciding anything.

Want me to go ahead and put that together?

Faiaz

Merch Maverick

themerchmaverick.com"
Perspire Sauna Studio Williamsburg,williamsburg@perspiresaunastudio.com,sauna,New York,US,https://www.perspiresaunastudio.com/locations/williamsburg/,4.8,147,found_on_site,a small idea for Perspire Sauna Studio Williamsburg's team,"Hi there,

I came across Perspire Sauna Studio Williamsburg while researching top rated sauna studios in New York and noticed you're holding a 4.8 rating across 147 reviews. Members who show up that consistently tend to want gear that says they are serious about the ritual, not just visiting once.

We're Merch Maverick, a factory direct supplier for branded sauna gear including hats, towels, and robes for studios like yours. No middlemen, no inflated agency pricing, just your logo on the exact ritual gear your members already associate with the experience.

I can get your first recovery beanie sample out at cost, no minimum order, no commitment beyond that.

Should I send that your way?

Faiaz

Merch Maverick

themerchmaverick.com"
Pause Green Hills,greenhills@pausestudio.com,sauna,Nashville,US,https://pausestudio.com/greenhills,4.8,145,found_on_site,quick question about Pause Green Hills's retail shelf,"Hi there,

I came across Pause Green Hills while researching top rated sauna studios in Nashville and noticed you're holding a 4.8 rating across 145 reviews. That kind of consistency usually means people leave your space wanting to take a piece of the experience home with them.

We're Merch Maverick, a factory direct supplier for branded sauna gear including hats, towels, and robes for studios like yours. No middlemen, no inflated agency pricing, just your logo on the exact ritual gear your members already associate with the experience.

I can put together a free digital mockup of a Pause Green Hills branded wool felt sauna hat within 48 hours, no cost and no obligation either way.

Would it be okay if I sent that over?

Faiaz

Merch Maverick

themerchmaverick.com"
Munich Health Sports Club,info@munichhealthclub.com,run_club,Munich,DE,https://munichhealthclub.com/,4.8,143,found_on_site,quick idea for Munich Health Sports Club's members,"Hi there,

I came across Munich Health Sports Club while researching top rated run clubs in Munich and noticed you're holding a 4.8 rating across 143 reviews. Numbers like that usually mean your club already feels like a third place for people, not just a Tuesday run.

We're Merch Maverick, a factory direct supplier of branded team tees, caps, and run club apparel. No agency markups, just gear your crew will actually wear outside of race day.

I can get your first finisher hoodie sample out at cost, no minimum order, no commitment beyond that.

Would that be useful to you?

Faiaz

Merch Maverick

themerchmaverick.com"
Apogii Clinic (Get A Drip),reception@apogiiclinic.co.uk,cold_plunge,London,GB,https://www.apogiiclinic.co.uk/?utm_source=GMB&utm_medium=GMB&utm_campaign=website,4.8,138,found_on_site,quick note for Apogii Clinic (Get A Drip),"Hi there,

I came across Apogii Clinic (Get A Drip) while researching top rated cold plunge and sauna spaces in London and noticed you're holding a 4.8 rating across 138 reviews. Numbers like that usually mean people leave talking about the experience, which is exactly the kind of thing branded gear tends to amplify.

We're Merch Maverick, a factory direct supplier of branded robes, towels, and recovery hoodies for studios like yours, no agency markups, just your logo on gear members already want.

I can hop on a quick free call about which fabric and colorway would actually hold up best for a quick dry towel in your space, no strings attached.

Want me to go ahead and put that together?

Faiaz

Merch Maverick

themerchmaverick.com"
PIROP Wellness München,wellnesspro@pirop.de,sauna,Munich,DE,http://www.pirop.de/,4.8,136,found_on_site,thought of PIROP Wellness München for something,"Hi there,

I came across PIROP Wellness München while researching top rated sauna studios in Munich and noticed you're holding a 4.8 rating across 136 reviews. Members who show up that consistently tend to want gear that says they are serious about the ritual, not just visiting once.

We're Merch Maverick, a factory direct supplier for branded sauna gear including hats, towels, and robes for studios like yours. No middlemen, no inflated agency pricing, just your logo on the exact ritual gear your members already associate with the experience.

I can mail over a free fabric swatch pack for the branded plunge robe line so you can feel the quality before deciding anything.

Should I send that your way?

Faiaz

Merch Maverick

themerchmaverick.com"
MNTSTUDIO MARINA San Francisco,marina@mntstudio.co,sauna,San Francisco,US,https://mntstudio.co/marina,4.8,134,found_on_site,"quick idea, MNTSTUDIO MARINA San Francisco","Hi there,

I came across MNTSTUDIO MARINA San Francisco while researching top rated sauna studios in San Francisco and noticed you're holding a 4.8 rating across 134 reviews. That kind of consistency usually means people leave your space wanting to take a piece of the experience home with them.

We're Merch Maverick, a factory direct supplier for branded sauna gear including hats, towels, and robes for studios like yours. No middlemen, no inflated agency pricing, just your logo on the exact ritual gear your members already associate with the experience.

I can hop on a quick free call about which fabric and colorway would actually hold up best for a quick dry ritual towel in your space, no strings attached.

Would it be okay if I sent that over?

Faiaz

Merch Maverick

themerchmaverick.com"
Innovative Health Gym & Wellness Center,membership@ih-seattle.com,cold_plunge,Seattle,US,https://ih-seattle.com/,4.8,131,found_on_site,small idea for Innovative Health Gym & Wellness Center,"Hi there,

I came across Innovative Health Gym & Wellness Center while researching top rated cold plunge and sauna spaces in Seattle and noticed you're holding a 4.8 rating across 131 reviews. That kind of following usually means people already treat this as part of their routine, which is exactly when branded gear starts to matter.

We're Merch Maverick, a factory direct supplier of branded robes, towels, and recovery hoodies for studios like yours, no agency markups, just your logo on gear members already want.

I can get your first recovery beanie sample out at cost, no minimum order, no commitment beyond that.

Would that be useful to you?

Faiaz

Merch Maverick

themerchmaverick.com"
Club Pilates,centennialhills@clubpilates.com,pilates,Las Vegas,US,https://www.clubpilates.com/centennialhills/?utm_source=google.com&utm_medium=referral&utm_campaign=yext,4.8,130,found_on_site,curious if this is useful for Club Pilates,"Hi there,

I came across Club Pilates while researching top rated reformer pilates studios in Las Vegas and noticed you're holding a 4.8 rating across 130 reviews. That kind of rating usually means your members already see the studio as part of their identity, which is exactly when branded gear starts to sell itself.

We're Merch Maverick, a factory direct supplier of branded totes, mat bags, and studio apparel for pilates studios. We work without agency markups, so the pricing usually beats what local printers quote for the same quality.

I can get your first grip socks sample out at cost, no minimum order, no commitment beyond that.

Want me to go ahead and put that together?

Faiaz

Merch Maverick

themerchmaverick.com"
AWAY Spa Budapest,awayspa.wbudapest@whotels.com,sauna,Budapest,HU,https://awayspa.wbudapest.com/,4.8,129,found_on_site,free something for AWAY Spa Budapest,"Hi there,

I came across AWAY Spa Budapest while researching top rated sauna studios in Budapest and noticed you're holding a 4.8 rating across 129 reviews. Members who show up that consistently tend to want gear that says they are serious about the ritual, not just visiting once.

We're Merch Maverick, a factory direct supplier for branded sauna gear including hats, towels, and robes for studios like yours. No middlemen, no inflated agency pricing, just your logo on the exact ritual gear your members already associate with the experience.

I can get your first recovery beanie sample out at cost, no minimum order, no commitment beyond that.

Should I send that your way?

Faiaz

Merch Maverick

themerchmaverick.com"
ATTIKA Fitness - English Speaking Personal Training Studio Barcelona,info@attikafitness.com,cold_plunge,Barcelona,ES,https://attikafitness.com/,4.8,117,found_on_site,quick thought after finding ATTIKA Fitness - English Speaking Personal Training Studio Barcelona,"Hi there,

I came across ATTIKA Fitness - English Speaking Personal Training Studio Barcelona while researching top rated cold plunge and sauna spaces in Barcelona and noticed you're holding a 4.8 rating across 117 reviews. Numbers like that usually mean people leave talking about the experience, which is exactly the kind of thing branded gear tends to amplify.

We're Merch Maverick, a factory direct supplier of branded robes, towels, and recovery hoodies for studios like yours, no agency markups, just your logo on gear members already want.

I can put together a free digital mockup of a ATTIKA Fitness - English Speaking Personal Training Studio Barcelona branded branded robe within 48 hours, no cost and no obligation either way.

Would it be okay if I sent that over?

Faiaz

Merch Maverick

themerchmaverick.com"
SANYDAR,sanydars@gmail.com,cold_plunge,Madrid,ES,http://sanydar.com/,4.8,115,found_on_site,a small idea for SANYDAR's team,"Hi there,

I came across SANYDAR while researching top rated cold plunge and sauna spaces in Madrid and noticed you're holding a 4.8 rating across 115 reviews. That kind of following usually means people already treat this as part of their routine, which is exactly when branded gear starts to matter.

We're Merch Maverick, a factory direct supplier of branded robes, towels, and recovery hoodies for studios like yours, no agency markups, just your logo on gear members already want.

I can mail over a free fabric swatch pack for the recovery hoodie line so you can feel the quality before deciding anything.

Would that be useful to you?

Faiaz

Merch Maverick

themerchmaverick.com"
Diamond Massage & Spa,info@diamondmassagespa.hu,sauna,Budapest,HU,https://www.diamondmassagespa.hu/,4.8,114,found_on_site,quick question about Diamond Massage & Spa's retail shelf,"Hi there,

I came across Diamond Massage & Spa while researching top rated sauna studios in Budapest and noticed you're holding a 4.8 rating across 114 reviews. That kind of consistency usually means people leave your space wanting to take a piece of the experience home with them.

We're Merch Maverick, a factory direct supplier for branded sauna gear including hats, towels, and robes for studios like yours. No middlemen, no inflated agency pricing, just your logo on the exact ritual gear your members already associate with the experience.

I can put together a free digital mockup of a Diamond Massage & Spa branded wool felt sauna hat within 48 hours, no cost and no obligation either way.

Want me to go ahead and put that together?

Faiaz

Merch Maverick

themerchmaverick.com"
Prime IV Hydration & Wellness - South Lake Union Seattle,southlakeunion@primeivhydration.com,cold_plunge,Seattle,US,https://primeivhydration.com/locations/washington/south-lake-union-seattle-98121/,4.8,114,found_on_site,quick idea for Prime IV Hydration & Wellness - South Lake Union Seattle's members,"Hi there,

I came across Prime IV Hydration & Wellness - South Lake Union Seattle while researching top rated cold plunge and sauna spaces in Seattle and noticed you're holding a 4.8 rating across 114 reviews. Numbers like that usually mean people leave talking about the experience, which is exactly the kind of thing branded gear tends to amplify.

We're Merch Maverick, a factory direct supplier of branded robes, towels, and recovery hoodies for studios like yours, no agency markups, just your logo on gear members already want.

I can hop on a quick free call about which fabric and colorway would actually hold up best for a quick dry towel in your space, no strings attached.

Should I send that your way?

Faiaz

Merch Maverick

themerchmaverick.com"
Spa Puur & Rein,info@spapuurenrein.nl,sauna,Amsterdam,NL,https://www.spapuurenrein.nl/,4.8,109,found_on_site,quick note for Spa Puur & Rein,"Hi there,

I came across Spa Puur & Rein while researching top rated sauna studios in Amsterdam and noticed you're holding a 4.8 rating across 109 reviews. Members who show up that consistently tend to want gear that says they are serious about the ritual, not just visiting once.

We're Merch Maverick, a factory direct supplier for branded sauna gear including hats, towels, and robes for studios like yours. No middlemen, no inflated agency pricing, just your logo on the exact ritual gear your members already associate with the experience.

I can mail over a free fabric swatch pack for the branded plunge robe line so you can feel the quality before deciding anything.

Would it be okay if I sent that over?

Faiaz

Merch Maverick

themerchmaverick.com"
Restore Hyper Wellness,frontdeskco033@restore.com,cold_plunge,Denver,US,http://www.restore.com/locations/co-denver-cherry-hills-co033?utm_source=gmb&utm_medium=Yext&y_source=1_NTc3NjYyNTgtNzE1LWxvY2F0aW9uLndlYnNpdGU=,4.8,107,found_on_site,thought of Restore Hyper Wellness for something,"Hi there,

I came across Restore Hyper Wellness while researching top rated cold plunge and sauna spaces in Denver and noticed you're holding a 4.8 rating across 107 reviews. That kind of following usually means people already treat this as part of their routine, which is exactly when branded gear starts to matter.

We're Merch Maverick, a factory direct supplier of branded robes, towels, and recovery hoodies for studios like yours, no agency markups, just your logo on gear members already want.

I can get your first recovery beanie sample out at cost, no minimum order, no commitment beyond that.

Would that be useful to you?

Faiaz

Merch Maverick

themerchmaverick.com"
Studio Verve Pilates,hello@studiovervepilates.com,pilates,Phoenix,US,http://www.studiovervepilates.com/,4.8,106,found_on_site,"quick idea, Studio Verve Pilates","Hi there,

I came across Studio Verve Pilates while researching top rated reformer pilates studios in Phoenix and noticed you're holding a 4.8 rating across 106 reviews. That's the kind of loyalty that usually means members are proud to be part of the studio, not just attending classes.

We're Merch Maverick, a factory direct supplier of branded totes, mat bags, and studio apparel for pilates studios. We work without agency markups, so the pricing usually beats what local printers quote for the same quality.

I can put together a free digital mockup of a Studio Verve Pilates branded studio tote within 48 hours, no cost and no obligation either way.

Want me to go ahead and put that together?

Faiaz

Merch Maverick

themerchmaverick.com"
Bathe,hello@batheaustin.com,sauna,Austin,US,https://www.batheaustin.com/,4.8,104,found_on_site,small idea for Bathe,"Hi there,

I came across Bathe while researching top rated sauna studios in Austin and noticed you're holding a 4.8 rating across 104 reviews. That kind of consistency usually means people leave your space wanting to take a piece of the experience home with them.

We're Merch Maverick, a factory direct supplier for branded sauna gear including hats, towels, and robes for studios like yours. No middlemen, no inflated agency pricing, just your logo on the exact ritual gear your members already associate with the experience.

I can hop on a quick free call about which fabric and colorway would actually hold up best for a quick dry ritual towel in your space, no strings attached.

Should I send that your way?

Faiaz

Merch Maverick

themerchmaverick.com"
ONO Spa,welcome@onospa.de,cold_plunge,Berlin,DE,https://onospa.de/de/,4.8,102,found_on_site,curious if this is useful for ONO Spa,"Hi there,

I came across ONO Spa while researching top rated cold plunge and sauna spaces in Berlin and noticed you're holding a 4.8 rating across 102 reviews. Numbers like that usually mean people leave talking about the experience, which is exactly the kind of thing branded gear tends to amplify.

We're Merch Maverick, a factory direct supplier of branded robes, towels, and recovery hoodies for studios like yours, no agency markups, just your logo on gear members already want.

I can put together a free digital mockup of a ONO Spa branded branded robe within 48 hours, no cost and no obligation either way.

Would it be okay if I sent that over?

Faiaz

Merch Maverick

themerchmaverick.com"
Club Pilates,southloop@clubpilates.com,pilates,Chicago,US,http://www.clubpilates.com/southloop/?utm_source=google.com&utm_medium=referral&utm_campaign=yext,4.8,100,found_on_site,free something for Club Pilates,"Hi there,

I came across Club Pilates while researching top rated reformer pilates studios in Chicago and noticed you're holding a 4.8 rating across 100 reviews. That kind of rating usually means your members already see the studio as part of their identity, which is exactly when branded gear starts to sell itself.

We're Merch Maverick, a factory direct supplier of branded totes, mat bags, and studio apparel for pilates studios. We work without agency markups, so the pricing usually beats what local printers quote for the same quality.

I can mail over a free fabric swatch pack for the mat bag line so you can feel the quality before deciding anything.

Would that be useful to you?

Faiaz

Merch Maverick

themerchmaverick.com"
HEAT by Sophia Lie,info@heatbysophialie.com,sauna,Stockholm,SE,http://www.heatbysophialie.com/,4.8,99,found_on_site,quick thought after finding HEAT by Sophia Lie,"Hi there,

I came across HEAT by Sophia Lie while researching top rated sauna studios in Stockholm and noticed you're holding a 4.8 rating across 99 reviews. Members who show up that consistently tend to want gear that says they are serious about the ritual, not just visiting once.

We're Merch Maverick, a factory direct supplier for branded sauna gear including hats, towels, and robes for studios like yours. No middlemen, no inflated agency pricing, just your logo on the exact ritual gear your members already associate with the experience.

I can get your first recovery beanie sample out at cost, no minimum order, no commitment beyond that.

Want me to go ahead and put that together?

Faiaz

Merch Maverick

themerchmaverick.com"
Ignite Fitness Barcelona,info@ignitefitness.es,sauna,Barcelona,ES,http://www.ignitefitness.es/,4.8,93,found_on_site,a small idea for Ignite Fitness Barcelona's team,"Hi there,

I came across Ignite Fitness Barcelona while researching top rated sauna studios in Barcelona and noticed you're holding a 4.8 rating across 93 reviews. That kind of consistency usually means people leave your space wanting to take a piece of the experience home with them.

We're Merch Maverick, a factory direct supplier for branded sauna gear including hats, towels, and robes for studios like yours. No middlemen, no inflated agency pricing, just your logo on the exact ritual gear your members already associate with the experience.

I can put together a free digital mockup of a Ignite Fitness Barcelona branded wool felt sauna hat within 48 hours, no cost and no obligation either way.

Should I send that your way?

Faiaz

Merch Maverick

themerchmaverick.com"
Bristol Wild Sauna,derby@wildsauna.uk,sauna,Bristol,GB,https://wildsauna.uk/,4.8,93,found_on_site,quick question about Bristol Wild Sauna's retail shelf,"Hi there,

I came across Bristol Wild Sauna while researching top rated sauna studios in Bristol and noticed you're holding a 4.8 rating across 93 reviews. Members who show up that consistently tend to want gear that says they are serious about the ritual, not just visiting once.

We're Merch Maverick, a factory direct supplier for branded sauna gear including hats, towels, and robes for studios like yours. No middlemen, no inflated agency pricing, just your logo on the exact ritual gear your members already associate with the experience.

I can mail over a free fabric swatch pack for the branded plunge robe line so you can feel the quality before deciding anything.

Would it be okay if I sent that over?

Faiaz

Merch Maverick

themerchmaverick.com"
KIVA Pilates,info@kivapilates.com,pilates,Dallas,US,http://kivapilates.com/,4.8,92,found_on_site,quick idea for KIVA Pilates's members,"Hi there,

I came across KIVA Pilates while researching top rated reformer pilates studios in Dallas and noticed you're holding a 4.8 rating across 92 reviews. That's the kind of loyalty that usually means members are proud to be part of the studio, not just attending classes.

We're Merch Maverick, a factory direct supplier of branded totes, mat bags, and studio apparel for pilates studios. We work without agency markups, so the pricing usually beats what local printers quote for the same quality.

I can hop on a quick free call about which fabric and colorway would actually hold up best for a branded headband in your space, no strings attached.

Would that be useful to you?

Faiaz

Merch Maverick

themerchmaverick.com"
pilates4life Barcelona,admin@pilates4life.es,pilates,Barcelona,ES,http://pilates4life.es/,4.8,92,found_on_site,quick note for pilates4life Barcelona,"Hi there,

I came across pilates4life Barcelona while researching top rated reformer pilates studios in Barcelona and noticed you're holding a 4.8 rating across 92 reviews. That kind of rating usually means your members already see the studio as part of their identity, which is exactly when branded gear starts to sell itself.

We're Merch Maverick, a factory direct supplier of branded totes, mat bags, and studio apparel for pilates studios. We work without agency markups, so the pricing usually beats what local printers quote for the same quality.

I can get your first grip socks sample out at cost, no minimum order, no commitment beyond that.

Want me to go ahead and put that together?

Faiaz

Merch Maverick

themerchmaverick.com"
Peak Saunas,support@peaksaunas.com,sauna,Chicago,US,https://www.peaksaunas.com/,4.8,90,found_on_site,thought of Peak Saunas for something,"Hi there,

I came across Peak Saunas while researching top rated sauna studios in Chicago and noticed you're holding a 4.8 rating across 90 reviews. That kind of consistency usually means people leave your space wanting to take a piece of the experience home with them.

We're Merch Maverick, a factory direct supplier for branded sauna gear including hats, towels, and robes for studios like yours. No middlemen, no inflated agency pricing, just your logo on the exact ritual gear your members already associate with the experience.

I can hop on a quick free call about which fabric and colorway would actually hold up best for a quick dry ritual towel in your space, no strings attached.

Should I send that your way?

Faiaz

Merch Maverick

themerchmaverick.com"
Studio AnnaMora,info@studioannamora.com,pilates,Amsterdam,NL,http://www.studioannamora.com/,4.8,90,found_on_site,"quick idea, Studio AnnaMora","Hi there,

I came across Studio AnnaMora while researching top rated reformer pilates studios in Amsterdam and noticed you're holding a 4.8 rating across 90 reviews. That's the kind of loyalty that usually means members are proud to be part of the studio, not just attending classes.

We're Merch Maverick, a factory direct supplier of branded totes, mat bags, and studio apparel for pilates studios. We work without agency markups, so the pricing usually beats what local printers quote for the same quality.

I can put together a free digital mockup of a Studio AnnaMora branded studio tote within 48 hours, no cost and no obligation either way.

Would it be okay if I sent that over?

Faiaz

Merch Maverick

themerchmaverick.com"
Storm Cycling Club,info@stormcyclingclub.com,run_club,Paris,FR,https://www.stormcyclingclub.com/,4.8,90,found_on_site,small idea for Storm Cycling Club,"Hi there,

I came across Storm Cycling Club while researching top rated run clubs in Paris and noticed you're holding a 4.8 rating across 90 reviews. That kind of following usually means your crew is already repping your name everywhere they go.

We're Merch Maverick, a factory direct supplier of branded team tees, caps, and run club apparel. No agency markups, just gear your crew will actually wear outside of race day.

I can put together a free digital mockup of a Storm Cycling Club branded team tee within 48 hours, no cost and no obligation either way.

Would that be useful to you?

Faiaz

Merch Maverick

themerchmaverick.com"
LUCA | Boutique wellness in Amsterdam,info@luca-amsterdam.nl,sauna,Amsterdam,NL,https://www.luca-amsterdam.nl/,4.8,88,found_on_site,curious if this is useful for LUCA | Boutique wellness in Amsterdam,"Hi there,

I came across LUCA | Boutique wellness in Amsterdam while researching top rated sauna studios in Amsterdam and noticed you're holding a 4.8 rating across 88 reviews. Members who show up that consistently tend to want gear that says they are serious about the ritual, not just visiting once.

We're Merch Maverick, a factory direct supplier for branded sauna gear including hats, towels, and robes for studios like yours. No middlemen, no inflated agency pricing, just your logo on the exact ritual gear your members already associate with the experience.

I can get your first recovery beanie sample out at cost, no minimum order, no commitment beyond that.

Want me to go ahead and put that together?

Faiaz

Merch Maverick

themerchmaverick.com"
Tagesschönheitsfarm Hamam & Spa,info@hamam-frankfurt.de,sauna,Frankfurt,DE,http://www.hamam-frankfurt.de/,4.8,87,found_on_site,free something for Tagesschönheitsfarm Hamam & Spa,"Hi there,

I came across Tagesschönheitsfarm Hamam & Spa while researching top rated sauna studios in Frankfurt and noticed you're holding a 4.8 rating across 87 reviews. That kind of consistency usually means people leave your space wanting to take a piece of the experience home with them.

We're Merch Maverick, a factory direct supplier for branded sauna gear including hats, towels, and robes for studios like yours. No middlemen, no inflated agency pricing, just your logo on the exact ritual gear your members already associate with the experience.

I can put together a free digital mockup of a Tagesschönheitsfarm Hamam & Spa branded wool felt sauna hat within 48 hours, no cost and no obligation either way.

Should I send that your way?

Faiaz

Merch Maverick

themerchmaverick.com"
Six Harmonies Studio & Café,info@sixharmonies.es,sauna,Madrid,ES,https://sixharmonies.es/es,4.8,87,found_on_site,quick thought after finding Six Harmonies Studio & Café,"Hi there,

I came across Six Harmonies Studio & Café while researching top rated sauna studios in Madrid and noticed you're holding a 4.8 rating across 87 reviews. Members who show up that consistently tend to want gear that says they are serious about the ritual, not just visiting once.

We're Merch Maverick, a factory direct supplier for branded sauna gear including hats, towels, and robes for studios like yours. No middlemen, no inflated agency pricing, just your logo on the exact ritual gear your members already associate with the experience.

I can mail over a free fabric swatch pack for the branded plunge robe line so you can feel the quality before deciding anything.

Would it be okay if I sent that over?

Faiaz

Merch Maverick

themerchmaverick.com"
Club Pilates,miraclemile@clubpilates.com,pilates,Los Angeles,US,https://www.clubpilates.com/miraclemile/?utm_source=google.com&utm_medium=referral&utm_campaign=yext,4.8,86,found_on_site,a small idea for Club Pilates's team,"Hi there,

I came across Club Pilates while researching top rated reformer pilates studios in Los Angeles and noticed you're holding a 4.8 rating across 86 reviews. That kind of rating usually means your members already see the studio as part of their identity, which is exactly when branded gear starts to sell itself.

We're Merch Maverick, a factory direct supplier of branded totes, mat bags, and studio apparel for pilates studios. We work without agency markups, so the pricing usually beats what local printers quote for the same quality.

I can mail over a free fabric swatch pack for the mat bag line so you can feel the quality before deciding anything.

Would that be useful to you?

Faiaz

Merch Maverick

themerchmaverick.com"
PORVAPOR Nordic Spa,info@porvapor.com,sauna,Barcelona,ES,http://porvapor.com/,4.8,84,found_on_site,quick question about PORVAPOR Nordic Spa's retail shelf,"Hi there,

I came across PORVAPOR Nordic Spa while researching top rated sauna studios in Barcelona and noticed you're holding a 4.8 rating across 84 reviews. That kind of consistency usually means people leave your space wanting to take a piece of the experience home with them.

We're Merch Maverick, a factory direct supplier for branded sauna gear including hats, towels, and robes for studios like yours. No middlemen, no inflated agency pricing, just your logo on the exact ritual gear your members already associate with the experience.

I can hop on a quick free call about which fabric and colorway would actually hold up best for a quick dry ritual towel in your space, no strings attached.

Want me to go ahead and put that together?

Faiaz

Merch Maverick

themerchmaverick.com"
Bristol Community Sauna,hello@bristolcommunitysauna.org,sauna,Bristol,GB,https://bristolcommunitysauna.org/,4.8,81,found_on_site,quick idea for Bristol Community Sauna's members,"Hi there,

I came across Bristol Community Sauna while researching top rated sauna studios in Bristol and noticed you're holding a 4.8 rating across 81 reviews. Members who show up that consistently tend to want gear that says they are serious about the ritual, not just visiting once.

We're Merch Maverick, a factory direct supplier for branded sauna gear including hats, towels, and robes for studios like yours. No middlemen, no inflated agency pricing, just your logo on the exact ritual gear your members already associate with the experience.

I can get your first recovery beanie sample out at cost, no minimum order, no commitment beyond that.

Should I send that your way?

Faiaz

Merch Maverick

themerchmaverick.com"
IVitality Bellevue,scheduling@ivitalitylife.com,cold_plunge,Washington,US,https://www.ivitalitylife.com/locations/ivitality-bellevue/,4.8,81,found_on_site,quick note for IVitality Bellevue,"Hi there,

I came across IVitality Bellevue while researching top rated cold plunge and sauna spaces in Washington and noticed you're holding a 4.8 rating across 81 reviews. That kind of following usually means people already treat this as part of their routine, which is exactly when branded gear starts to matter.

We're Merch Maverick, a factory direct supplier of branded robes, towels, and recovery hoodies for studios like yours, no agency markups, just your logo on gear members already want.

I can mail over a free fabric swatch pack for the recovery hoodie line so you can feel the quality before deciding anything.

Would it be okay if I sent that over?

Faiaz

Merch Maverick

themerchmaverick.com"
Bristol Sauna Yard,hello@bristolsaunayard.com,sauna,Bristol,GB,https://www.bristolsaunayard.com/,4.8,78,found_on_site,thought of Bristol Sauna Yard for something,"Hi there,

I came across Bristol Sauna Yard while researching top rated sauna studios in Bristol and noticed you're holding a 4.8 rating across 78 reviews. That kind of consistency usually means people leave your space wanting to take a piece of the experience home with them.

We're Merch Maverick, a factory direct supplier for branded sauna gear including hats, towels, and robes for studios like yours. No middlemen, no inflated agency pricing, just your logo on the exact ritual gear your members already associate with the experience.

I can put together a free digital mockup of a Bristol Sauna Yard branded wool felt sauna hat within 48 hours, no cost and no obligation either way.

Would that be useful to you?

Faiaz

Merch Maverick

themerchmaverick.com"
Pilates Reforming New York,info@pilatesrny.com,pilates,New York,US,https://www.pilatesreformingny.com/,4.8,76,found_on_site,"quick idea, Pilates Reforming New York","Hi there,

I came across Pilates Reforming New York while researching top rated reformer pilates studios in New York and noticed you're holding a 4.8 rating across 76 reviews. That's the kind of loyalty that usually means members are proud to be part of the studio, not just attending classes.

We're Merch Maverick, a factory direct supplier of branded totes, mat bags, and studio apparel for pilates studios. We work without agency markups, so the pricing usually beats what local printers quote for the same quality.

I can hop on a quick free call about which fabric and colorway would actually hold up best for a branded headband in your space, no strings attached.

Want me to go ahead and put that together?

Faiaz

Merch Maverick

themerchmaverick.com"
CORE MVMT,info@thecoremvmt.com,pilates,San Francisco,US,https://www.thecoremvmt.com/,4.8,72,found_on_site,small idea for CORE MVMT,"Hi there,

I came across CORE MVMT while researching top rated reformer pilates studios in San Francisco and noticed you're holding a 4.8 rating across 72 reviews. That kind of rating usually means your members already see the studio as part of their identity, which is exactly when branded gear starts to sell itself.

We're Merch Maverick, a factory direct supplier of branded totes, mat bags, and studio apparel for pilates studios. We work without agency markups, so the pricing usually beats what local printers quote for the same quality.

I can get your first grip socks sample out at cost, no minimum order, no commitment beyond that.

Should I send that your way?

Faiaz

Merch Maverick

themerchmaverick.com"
Club Pilates,diamondheights@clubpilates.com,pilates,San Francisco,US,http://www.clubpilates.com/DiamondHeights/?utm_source=google.com&utm_medium=referral&utm_campaign=yext,4.8,71,found_on_site,curious if this is useful for Club Pilates,"Hi there,

I came across Club Pilates while researching top rated reformer pilates studios in San Francisco and noticed you're holding a 4.8 rating across 71 reviews. That's the kind of loyalty that usually means members are proud to be part of the studio, not just attending classes.

We're Merch Maverick, a factory direct supplier of branded totes, mat bags, and studio apparel for pilates studios. We work without agency markups, so the pricing usually beats what local printers quote for the same quality.

I can put together a free digital mockup of a Club Pilates branded studio tote within 48 hours, no cost and no obligation either way.

Would it be okay if I sent that over?

Faiaz

Merch Maverick

themerchmaverick.com"
Pilatesbody Pilates Studio,info@pilatesbody.de,pilates,Munich,DE,https://www.pilatesbody.de/,4.8,67,found_on_site,free something for Pilatesbody Pilates Studio,"Hi there,

I came across Pilatesbody Pilates Studio while researching top rated reformer pilates studios in Munich and noticed you're holding a 4.8 rating across 67 reviews. That kind of rating usually means your members already see the studio as part of their identity, which is exactly when branded gear starts to sell itself.

We're Merch Maverick, a factory direct supplier of branded totes, mat bags, and studio apparel for pilates studios. We work without agency markups, so the pricing usually beats what local printers quote for the same quality.

I can mail over a free fabric swatch pack for the mat bag line so you can feel the quality before deciding anything.

Would that be useful to you?

Faiaz

Merch Maverick

themerchmaverick.com"
Perspire Sauna Studio,lakeview@perspiresaunastudio.com,sauna,Chicago,US,https://www.perspiresaunastudio.com/il/lakeview/,4.8,66,found_on_site,quick thought after finding Perspire Sauna Studio,"Hi there,

I came across Perspire Sauna Studio while researching top rated sauna studios in Chicago and noticed you're holding a 4.8 rating across 66 reviews. Members who show up that consistently tend to want gear that says they are serious about the ritual, not just visiting once.

We're Merch Maverick, a factory direct supplier for branded sauna gear including hats, towels, and robes for studios like yours. No middlemen, no inflated agency pricing, just your logo on the exact ritual gear your members already associate with the experience.

I can mail over a free fabric swatch pack for the branded plunge robe line so you can feel the quality before deciding anything.

Want me to go ahead and put that together?

Faiaz

Merch Maverick

themerchmaverick.com"
Restore Hyper Wellness,frontdeskil017@restore.com,cold_plunge,Chicago,US,http://www.restore.com/locations/il-chicago-lincoln-park-il017?utm_source=gmb&utm_medium=Yext&y_source=1_MTAwNDEwODMzNi03MTUtbG9jYXRpb24ud2Vic2l0ZQ%3D%3D,4.8,66,found_on_site,a small idea for Restore Hyper Wellness's team,"Hi there,

I came across Restore Hyper Wellness while researching top rated cold plunge and sauna spaces in Chicago and noticed you're holding a 4.8 rating across 66 reviews. Numbers like that usually mean people leave talking about the experience, which is exactly the kind of thing branded gear tends to amplify.

We're Merch Maverick, a factory direct supplier of branded robes, towels, and recovery hoodies for studios like yours, no agency markups, just your logo on gear members already want.

I can hop on a quick free call about which fabric and colorway would actually hold up best for a quick dry towel in your space, no strings attached.

Should I send that your way?

Faiaz

Merch Maverick

themerchmaverick.com"
Repeat Wellness Club,support@repeatonrepeat.com,cold_plunge,Barcelona,ES,https://www.repeatonrepeat.com/,4.8,64,found_on_site,quick question about Repeat Wellness Club's retail shelf,"Hi there,

I came across Repeat Wellness Club while researching top rated cold plunge and sauna spaces in Barcelona and noticed you're holding a 4.8 rating across 64 reviews. That kind of following usually means people already treat this as part of their routine, which is exactly when branded gear starts to matter.

We're Merch Maverick, a factory direct supplier of branded robes, towels, and recovery hoodies for studios like yours, no agency markups, just your logo on gear members already want.

I can get your first recovery beanie sample out at cost, no minimum order, no commitment beyond that.

Would it be okay if I sent that over?

Faiaz

Merch Maverick

themerchmaverick.com"
MyCryoHealth,info@mycryohealth.com,cold_plunge,Washington,US,https://mycryohealth.com/,4.8,62,found_on_site,quick idea for MyCryoHealth's members,"Hi there,

I came across MyCryoHealth while researching top rated cold plunge and sauna spaces in Washington and noticed you're holding a 4.8 rating across 62 reviews. Numbers like that usually mean people leave talking about the experience, which is exactly the kind of thing branded gear tends to amplify.

We're Merch Maverick, a factory direct supplier of branded robes, towels, and recovery hoodies for studios like yours, no agency markups, just your logo on gear members already want.

I can put together a free digital mockup of a MyCryoHealth branded branded robe within 48 hours, no cost and no obligation either way.

Would that be useful to you?

Faiaz

Merch Maverick

themerchmaverick.com"
Fjord,hello@thisisfjord.com,sauna,San Francisco,US,https://www.thisisfjord.com/,4.8,59,found_on_site,quick note for Fjord,"Hi there,

I came across Fjord while researching top rated sauna studios in San Francisco and noticed you're holding a 4.8 rating across 59 reviews. That kind of consistency usually means people leave your space wanting to take a piece of the experience home with them.

We're Merch Maverick, a factory direct supplier for branded sauna gear including hats, towels, and robes for studios like yours. No middlemen, no inflated agency pricing, just your logo on the exact ritual gear your members already associate with the experience.

I can hop on a quick free call about which fabric and colorway would actually hold up best for a quick dry ritual towel in your space, no strings attached.

Want me to go ahead and put that together?

Faiaz

Merch Maverick

themerchmaverick.com"
Uncommon Practice Pilates,info@uncommonpracticepilates.com,pilates,Denver,US,https://www.uncommonpracticepilates.com/,4.8,59,found_on_site,thought of Uncommon Practice Pilates for something,"Hi there,

I came across Uncommon Practice Pilates while researching top rated reformer pilates studios in Denver and noticed you're holding a 4.8 rating across 59 reviews. That's the kind of loyalty that usually means members are proud to be part of the studio, not just attending classes.

We're Merch Maverick, a factory direct supplier of branded totes, mat bags, and studio apparel for pilates studios. We work without agency markups, so the pricing usually beats what local printers quote for the same quality.

I can hop on a quick free call about which fabric and colorway would actually hold up best for a branded headband in your space, no strings attached.

Should I send that your way?

Faiaz

Merch Maverick

themerchmaverick.com"
PILATIX,hello@pilatix.de,pilates,Frankfurt,DE,https://www.pilatix.de/,4.8,58,found_on_site,"quick idea, PILATIX","Hi there,

I came across PILATIX while researching top rated reformer pilates studios in Frankfurt and noticed you're holding a 4.8 rating across 58 reviews. That kind of rating usually means your members already see the studio as part of their identity, which is exactly when branded gear starts to sell itself.

We're Merch Maverick, a factory direct supplier of branded totes, mat bags, and studio apparel for pilates studios. We work without agency markups, so the pricing usually beats what local printers quote for the same quality.

I can get your first grip socks sample out at cost, no minimum order, no commitment beyond that.

Would it be okay if I sent that over?

Faiaz

Merch Maverick

themerchmaverick.com"
Pilates by SĀRAI,info@pilatesbysarai.com,pilates,Rotterdam,NL,http://pilatesbysarai.com/,4.8,53,found_on_site,small idea for Pilates by SĀRAI,"Hi there,

I came across Pilates by SĀRAI while researching top rated reformer pilates studios in Rotterdam and noticed you're holding a 4.8 rating across 53 reviews. That's the kind of loyalty that usually means members are proud to be part of the studio, not just attending classes.

We're Merch Maverick, a factory direct supplier of branded totes, mat bags, and studio apparel for pilates studios. We work without agency markups, so the pricing usually beats what local printers quote for the same quality.

I can put together a free digital mockup of a Pilates by SĀRAI branded studio tote within 48 hours, no cost and no obligation either way.

Would that be useful to you?

Faiaz

Merch Maverick

themerchmaverick.com"
Sauna House Recovery Studio,info@mysaunahouse.com,sauna,Dallas,US,https://www.mysaunahouse.com/,4.8,51,found_on_site,curious if this is useful for Sauna House Recovery Studio,"Hi there,

I came across Sauna House Recovery Studio while researching top rated sauna studios in Dallas and noticed you're holding a 4.8 rating across 51 reviews. Members who show up that consistently tend to want gear that says they are serious about the ritual, not just visiting once.

We're Merch Maverick, a factory direct supplier for branded sauna gear including hats, towels, and robes for studios like yours. No middlemen, no inflated agency pricing, just your logo on the exact ritual gear your members already associate with the experience.

I can get your first recovery beanie sample out at cost, no minimum order, no commitment beyond that.

Want me to go ahead and put that together?

Faiaz

Merch Maverick

themerchmaverick.com"
Garden Sauna Denver,hello@gardensaunadenver.com,sauna,Denver,US,https://www.gardensaunadenver.com/,4.8,51,found_on_site,free something for Garden Sauna Denver,"Hi there,

I came across Garden Sauna Denver while researching top rated sauna studios in Denver and noticed you're holding a 4.8 rating across 51 reviews. That kind of consistency usually means people leave your space wanting to take a piece of the experience home with them.

We're Merch Maverick, a factory direct supplier for branded sauna gear including hats, towels, and robes for studios like yours. No middlemen, no inflated agency pricing, just your logo on the exact ritual gear your members already associate with the experience.

I can put together a free digital mockup of a Garden Sauna Denver branded wool felt sauna hat within 48 hours, no cost and no obligation either way.

Should I send that your way?

Faiaz

Merch Maverick

themerchmaverick.com"
Orange Blossom Pilates,info@orangeblossompilates.com,pilates,Phoenix,US,http://orangeblossompilates.com/,4.8,51,found_on_site,quick thought after finding Orange Blossom Pilates,"Hi there,

I came across Orange Blossom Pilates while researching top rated reformer pilates studios in Phoenix and noticed you're holding a 4.8 rating across 51 reviews. That kind of rating usually means your members already see the studio as part of their identity, which is exactly when branded gear starts to sell itself.

We're Merch Maverick, a factory direct supplier of branded totes, mat bags, and studio apparel for pilates studios. We work without agency markups, so the pricing usually beats what local printers quote for the same quality.

I can mail over a free fabric swatch pack for the mat bag line so you can feel the quality before deciding anything.

Would it be okay if I sent that over?

Faiaz

Merch Maverick

themerchmaverick.com"
Pilates Collective Denver,info@pilatescollectivedenver.com,pilates,Denver,US,https://www.pilatescollectivedenver.com/,4.8,51,found_on_site,a small idea for Pilates Collective Denver's team,"Hi there,

I came across Pilates Collective Denver while researching top rated reformer pilates studios in Denver and noticed you're holding a 4.8 rating across 51 reviews. That's the kind of loyalty that usually means members are proud to be part of the studio, not just attending classes.

We're Merch Maverick, a factory direct supplier of branded totes, mat bags, and studio apparel for pilates studios. We work without agency markups, so the pricing usually beats what local printers quote for the same quality.

I can hop on a quick free call about which fabric and colorway would actually hold up best for a branded headband in your space, no strings attached.

Would that be useful to you?

Faiaz

Merch Maverick

themerchmaverick.com"
MOVE Studios,info@movestudiosdenver.com,pilates,Denver,US,http://www.movestudiosdenver.com/,4.8,49,found_on_site,quick question about MOVE Studios's retail shelf,"Hi there,

I came across MOVE Studios while researching top rated reformer pilates studios in Denver and noticed you're holding a 4.8 rating across 49 reviews. That kind of rating usually means your members already see the studio as part of their identity, which is exactly when branded gear starts to sell itself.

We're Merch Maverick, a factory direct supplier of branded totes, mat bags, and studio apparel for pilates studios. We work without agency markups, so the pricing usually beats what local printers quote for the same quality.

I can get your first grip socks sample out at cost, no minimum order, no commitment beyond that.

Want me to go ahead and put that together?

Faiaz

Merch Maverick

themerchmaverick.com"
REVI Therapy & Wellness,jsmothers@revitherapy.com,cold_plunge,Phoenix,US,http://www.revitherapy.com/,4.8,46,found_on_site,quick idea for REVI Therapy & Wellness's members,"Hi there,

I came across REVI Therapy & Wellness while researching top rated cold plunge and sauna spaces in Phoenix and noticed you're holding a 4.8 rating across 46 reviews. That kind of following usually means people already treat this as part of their routine, which is exactly when branded gear starts to matter.

We're Merch Maverick, a factory direct supplier of branded robes, towels, and recovery hoodies for studios like yours, no agency markups, just your logo on gear members already want.

I can mail over a free fabric swatch pack for the recovery hoodie line so you can feel the quality before deciding anything.

Should I send that your way?

Faiaz

Merch Maverick

themerchmaverick.com"
Perspire Sauna Studio,culvercity@perspiresaunastudio.com,sauna,Los Angeles,US,https://www.perspiresaunastudio.com/ca/culver-city,4.8,45,found_on_site,quick note for Perspire Sauna Studio,"Hi there,

I came across Perspire Sauna Studio while researching top rated sauna studios in Los Angeles and noticed you're holding a 4.8 rating across 45 reviews. Members who show up that consistently tend to want gear that says they are serious about the ritual, not just visiting once.

We're Merch Maverick, a factory direct supplier for branded sauna gear including hats, towels, and robes for studios like yours. No middlemen, no inflated agency pricing, just your logo on the exact ritual gear your members already associate with the experience.

I can mail over a free fabric swatch pack for the branded plunge robe line so you can feel the quality before deciding anything.

Would it be okay if I sent that over?

Faiaz

Merch Maverick

themerchmaverick.com"
CRYOSIZER Club K1 Kältekammer Köln Lindenthal,dreiminutenerfolgimk1@cryosizer.com,cold_plunge,Cologne,DE,https://cryosizer.com/k1,4.8,45,found_on_site,thought of CRYOSIZER Club K1 Kältekammer Köln Lindenthal for something,"Hi there,

I came across CRYOSIZER Club K1 Kältekammer Köln Lindenthal while researching top rated cold plunge and sauna spaces in Cologne and noticed you're holding a 4.8 rating across 45 reviews. Numbers like that usually mean people leave talking about the experience, which is exactly the kind of thing branded gear tends to amplify.

We're Merch Maverick, a factory direct supplier of branded robes, towels, and recovery hoodies for studios like yours, no agency markups, just your logo on gear members already want.

I can hop on a quick free call about which fabric and colorway would actually hold up best for a quick dry towel in your space, no strings attached.

Would that be useful to you?

Faiaz

Merch Maverick

themerchmaverick.com"
Pilates Space,pilatesspace.bp@gmail.com,pilates,Budapest,HU,https://pilatesspace.hu/en/,4.8,43,found_on_site,"quick idea, Pilates Space","Hi there,

I came across Pilates Space while researching top rated reformer pilates studios in Budapest and noticed you're holding a 4.8 rating across 43 reviews. That's the kind of loyalty that usually means members are proud to be part of the studio, not just attending classes.

We're Merch Maverick, a factory direct supplier of branded totes, mat bags, and studio apparel for pilates studios. We work without agency markups, so the pricing usually beats what local printers quote for the same quality.

I can put together a free digital mockup of a Pilates Space branded studio tote within 48 hours, no cost and no obligation either way.

Want me to go ahead and put that together?

Faiaz

Merch Maverick

themerchmaverick.com"
BIÂN | A Luxury Private Club,bian@livebian.com,sauna,Chicago,US,http://www.livebian.com/,4.8,42,found_on_site,small idea for BIÂN | A Luxury Private Club,"Hi there,

I came across BIÂN | A Luxury Private Club while researching top rated sauna studios in Chicago and noticed you're holding a 4.8 rating across 42 reviews. That kind of consistency usually means people leave your space wanting to take a piece of the experience home with them.

We're Merch Maverick, a factory direct supplier for branded sauna gear including hats, towels, and robes for studios like yours. No middlemen, no inflated agency pricing, just your logo on the exact ritual gear your members already associate with the experience.

I can hop on a quick free call about which fabric and colorway would actually hold up best for a quick dry ritual towel in your space, no strings attached.

Should I send that your way?

Faiaz

Merch Maverick

themerchmaverick.com"
Time Out SPA,office@timeoutspa.at,sauna,Vienna,AT,http://www.timeoutspa.at/,4.8,42,found_on_site,curious if this is useful for Time Out SPA,"Hi there,

I came across Time Out SPA while researching top rated sauna studios in Vienna and noticed you're holding a 4.8 rating across 42 reviews. Members who show up that consistently tend to want gear that says they are serious about the ritual, not just visiting once.

We're Merch Maverick, a factory direct supplier for branded sauna gear including hats, towels, and robes for studios like yours. No middlemen, no inflated agency pricing, just your logo on the exact ritual gear your members already associate with the experience.

I can get your first recovery beanie sample out at cost, no minimum order, no commitment beyond that.

Would it be okay if I sent that over?

Faiaz

Merch Maverick

themerchmaverick.com"
NOI Studios Charlottenburg,contact@noistudios.de,pilates,Berlin,DE,http://www.noistudios.de/,4.8,42,found_on_site,free something for NOI Studios Charlottenburg,"Hi there,

I came across NOI Studios Charlottenburg while researching top rated reformer pilates studios in Berlin and noticed you're holding a 4.8 rating across 42 reviews. That kind of rating usually means your members already see the studio as part of their identity, which is exactly when branded gear starts to sell itself.

We're Merch Maverick, a factory direct supplier of branded totes, mat bags, and studio apparel for pilates studios. We work without agency markups, so the pricing usually beats what local printers quote for the same quality.

I can mail over a free fabric swatch pack for the mat bag line so you can feel the quality before deciding anything.

Would that be useful to you?

Faiaz

Merch Maverick

themerchmaverick.com"
Progress Running Club,xxx@xxx.xxx,run_club,London,GB,http://progressrunningclub.com/,4.8,41,found_on_site,quick thought after finding Progress Running Club,"Hi there,

I came across Progress Running Club while researching top rated run clubs in London and noticed you're holding a 4.8 rating across 41 reviews. Numbers like that usually mean your club already feels like a third place for people, not just a Tuesday run.

We're Merch Maverick, a factory direct supplier of branded team tees, caps, and run club apparel. No agency markups, just gear your crew will actually wear outside of race day.

I can mail over a free fabric swatch pack for the run club cap line so you can feel the quality before deciding anything.

Want me to go ahead and put that together?

Faiaz

Merch Maverick

themerchmaverick.com"
Ice Health Cryotherapy London,info@icehealth.co.uk,cold_plunge,London,GB,https://icehealth.co.uk/,4.8,41,found_on_site,a small idea for Ice Health Cryotherapy London's team,"Hi there,

I came across Ice Health Cryotherapy London while researching top rated cold plunge and sauna spaces in London and noticed you're holding a 4.8 rating across 41 reviews. That kind of following usually means people already treat this as part of their routine, which is exactly when branded gear starts to matter.

We're Merch Maverick, a factory direct supplier of branded robes, towels, and recovery hoodies for studios like yours, no agency markups, just your logo on gear members already want.

I can get your first recovery beanie sample out at cost, no minimum order, no commitment beyond that.

Should I send that your way?

Faiaz

Merch Maverick

themerchmaverick.com"
Tallie Lagree Fitness Studio,hello@meettallie.co.uk,pilates,Edinburgh,GB,https://www.meettallie.co.uk/,4.8,40,found_on_site,quick question about Tallie Lagree Fitness Studio's retail shelf,"Hi there,

I came across Tallie Lagree Fitness Studio while researching top rated reformer pilates studios in Edinburgh and noticed you're holding a 4.8 rating across 40 reviews. That's the kind of loyalty that usually means members are proud to be part of the studio, not just attending classes.

We're Merch Maverick, a factory direct supplier of branded totes, mat bags, and studio apparel for pilates studios. We work without agency markups, so the pricing usually beats what local printers quote for the same quality.

I can hop on a quick free call about which fabric and colorway would actually hold up best for a branded headband in your space, no strings attached.

Would it be okay if I sent that over?

Faiaz

Merch Maverick

themerchmaverick.com"
Hi Spa 2,office@hispawien.com,cold_plunge,Vienna,AT,http://www.hispawien.com/,4.8,40,found_on_site,quick idea for Hi Spa 2's members,"Hi there,

I came across Hi Spa 2 while researching top rated cold plunge and sauna spaces in Vienna and noticed you're holding a 4.8 rating across 40 reviews. Numbers like that usually mean people leave talking about the experience, which is exactly the kind of thing branded gear tends to amplify.

We're Merch Maverick, a factory direct supplier of branded robes, towels, and recovery hoodies for studios like yours, no agency markups, just your logo on gear members already want.

I can put together a free digital mockup of a Hi Spa 2 branded branded robe within 48 hours, no cost and no obligation either way.

Would that be useful to you?

Faiaz

Merch Maverick

themerchmaverick.com"
Holiséa Paris - Centre de bien-être pluridisciplinaire (Kaqun),contact@holisea-paris.com,cold_plunge,Paris,FR,https://holisea-paris.com/,4.8,39,found_on_site,quick note for Holiséa Paris - Centre de bien-être pluridisciplinaire (Kaqun),"Hi there,

I came across Holiséa Paris - Centre de bien-être pluridisciplinaire (Kaqun) while researching top rated cold plunge and sauna spaces in Paris and noticed you're holding a 4.8 rating across 39 reviews. That kind of following usually means people already treat this as part of their routine, which is exactly when branded gear starts to matter.

We're Merch Maverick, a factory direct supplier of branded robes, towels, and recovery hoodies for studios like yours, no agency markups, just your logo on gear members already want.

I can mail over a free fabric swatch pack for the recovery hoodie line so you can feel the quality before deciding anything.

Want me to go ahead and put that together?

Faiaz

Merch Maverick

themerchmaverick.com"
Perspire Sauna Studio,birmingham@perspiresaunastudio.com,sauna,Birmingham,GB,https://www.perspiresaunastudio.com/mi/birmingham,4.8,38,found_on_site,thought of Perspire Sauna Studio for something,"Hi there,

I came across Perspire Sauna Studio while researching top rated sauna studios in Birmingham and noticed you're holding a 4.8 rating across 38 reviews. That kind of consistency usually means people leave your space wanting to take a piece of the experience home with them.

We're Merch Maverick, a factory direct supplier for branded sauna gear including hats, towels, and robes for studios like yours. No middlemen, no inflated agency pricing, just your logo on the exact ritual gear your members already associate with the experience.

I can put together a free digital mockup of a Perspire Sauna Studio branded wool felt sauna hat within 48 hours, no cost and no obligation either way.

Should I send that your way?

Faiaz

Merch Maverick

themerchmaverick.com"
The Body In Balance Pilates Studio,info@pilatesberlin.de,pilates,Berlin,DE,http://www.pilatesberlin.de/,4.8,38,found_on_site,"quick idea, The Body In Balance Pilates Studio","Hi there,

I came across The Body In Balance Pilates Studio while researching top rated reformer pilates studios in Berlin and noticed you're holding a 4.8 rating across 38 reviews. That kind of rating usually means your members already see the studio as part of their identity, which is exactly when branded gear starts to sell itself.

We're Merch Maverick, a factory direct supplier of branded totes, mat bags, and studio apparel for pilates studios. We work without agency markups, so the pricing usually beats what local printers quote for the same quality.

I can get your first grip socks sample out at cost, no minimum order, no commitment beyond that.

Would it be okay if I sent that over?

Faiaz

Merch Maverick

themerchmaverick.com"
LEGACY,support@legacyfit.com,sauna,Miami,US,https://legacyfit.com/,4.8,34,found_on_site,small idea for LEGACY,"Hi there,

I came across LEGACY while researching top rated sauna studios in Miami and noticed you're holding a 4.8 rating across 34 reviews. Members who show up that consistently tend to want gear that says they are serious about the ritual, not just visiting once.

We're Merch Maverick, a factory direct supplier for branded sauna gear including hats, towels, and robes for studios like yours. No middlemen, no inflated agency pricing, just your logo on the exact ritual gear your members already associate with the experience.

I can mail over a free fabric swatch pack for the branded plunge robe line so you can feel the quality before deciding anything.

Would that be useful to you?

Faiaz

Merch Maverick

themerchmaverick.com"
The Frame | Reformer Pilates | Berlin,beispiel@email.com,pilates,Berlin,DE,https://www.theframe-studio.de/,4.8,33,found_on_site,curious if this is useful for The Frame | Reformer Pilates | Berlin,"Hi there,

I came across The Frame | Reformer Pilates | Berlin while researching top rated reformer pilates studios in Berlin and noticed you're holding a 4.8 rating across 33 reviews. That's the kind of loyalty that usually means members are proud to be part of the studio, not just attending classes.

We're Merch Maverick, a factory direct supplier of branded totes, mat bags, and studio apparel for pilates studios. We work without agency markups, so the pricing usually beats what local printers quote for the same quality.

I can put together a free digital mockup of a The Frame | Reformer Pilates | Berlin branded studio tote within 48 hours, no cost and no obligation either way.

Want me to go ahead and put that together?

Faiaz

Merch Maverick

themerchmaverick.com"
The Secret Spa,ngardenspa@thesuitehotel.de,sauna,Frankfurt,DE,https://www.thesecretspa.de/,4.8,32,found_on_site,free something for The Secret Spa,"Hi there,

I came across The Secret Spa while researching top rated sauna studios in Frankfurt and noticed you're holding a 4.8 rating across 32 reviews. That kind of consistency usually means people leave your space wanting to take a piece of the experience home with them.

We're Merch Maverick, a factory direct supplier for branded sauna gear including hats, towels, and robes for studios like yours. No middlemen, no inflated agency pricing, just your logo on the exact ritual gear your members already associate with the experience.

I can hop on a quick free call about which fabric and colorway would actually hold up best for a quick dry ritual towel in your space, no strings attached.

Should I send that your way?

Faiaz

Merch Maverick

themerchmaverick.com"
KLAFS Ausstellung Frankfurt,info@klafs.de,sauna,Frankfurt,DE,https://www.klafs.de/sauna-ausstellungen/detail/sauna-ausstellung-frankfurt,4.8,32,found_on_site,quick thought after finding KLAFS Ausstellung Frankfurt,"Hi there,

I came across KLAFS Ausstellung Frankfurt while researching top rated sauna studios in Frankfurt and noticed you're holding a 4.8 rating across 32 reviews. Members who show up that consistently tend to want gear that says they are serious about the ritual, not just visiting once.

We're Merch Maverick, a factory direct supplier for branded sauna gear including hats, towels, and robes for studios like yours. No middlemen, no inflated agency pricing, just your logo on the exact ritual gear your members already associate with the experience.

I can get your first recovery beanie sample out at cost, no minimum order, no commitment beyond that.

Would it be okay if I sent that over?

Faiaz

Merch Maverick

themerchmaverick.com"
novi studio,hello@novistudio.de,pilates,Frankfurt,DE,https://www.novistudio.de/,4.8,32,found_on_site,a small idea for novi studio's team,"Hi there,

I came across novi studio while researching top rated reformer pilates studios in Frankfurt and noticed you're holding a 4.8 rating across 32 reviews. That kind of rating usually means your members already see the studio as part of their identity, which is exactly when branded gear starts to sell itself.

We're Merch Maverick, a factory direct supplier of branded totes, mat bags, and studio apparel for pilates studios. We work without agency markups, so the pricing usually beats what local printers quote for the same quality.

I can mail over a free fabric swatch pack for the mat bag line so you can feel the quality before deciding anything.

Would that be useful to you?

Faiaz

Merch Maverick

themerchmaverick.com"
Pilates Bodymotion,info@pilates-bodymotion-koeln.de,pilates,Cologne,DE,https://www.pilates-bodymotion.de/,4.8,32,found_on_site,quick question about Pilates Bodymotion's retail shelf,"Hi there,

I came across Pilates Bodymotion while researching top rated reformer pilates studios in Cologne and noticed you're holding a 4.8 rating across 32 reviews. That's the kind of loyalty that usually means members are proud to be part of the studio, not just attending classes.

We're Merch Maverick, a factory direct supplier of branded totes, mat bags, and studio apparel for pilates studios. We work without agency markups, so the pricing usually beats what local printers quote for the same quality.

I can hop on a quick free call about which fabric and colorway would actually hold up best for a branded headband in your space, no strings attached.

Want me to go ahead and put that together?

Faiaz

Merch Maverick

themerchmaverick.com"
Asaya Spa Rosewood Munich,munich@rosewoodhotels.com,sauna,Munich,DE,https://www.rosewoodhotels.com/en/munich/wellness,4.8,30,found_on_site,quick idea for Asaya Spa Rosewood Munich's members,"Hi there,

I came across Asaya Spa Rosewood Munich while researching top rated sauna studios in Munich and noticed you're holding a 4.8 rating across 30 reviews. That kind of consistency usually means people leave your space wanting to take a piece of the experience home with them.

We're Merch Maverick, a factory direct supplier for branded sauna gear including hats, towels, and robes for studios like yours. No middlemen, no inflated agency pricing, just your logo on the exact ritual gear your members already associate with the experience.

I can put together a free digital mockup of a Asaya Spa Rosewood Munich branded wool felt sauna hat within 48 hours, no cost and no obligation either way.

Should I send that your way?

Faiaz

Merch Maverick

themerchmaverick.com"
Glacé Cryotherapy,glacelasvegas@gmail.com,cold_plunge,Las Vegas,US,http://vegascryotherapy.com/,4.8,30,found_on_site,quick note for Glacé Cryotherapy,"Hi there,

I came across Glacé Cryotherapy while researching top rated cold plunge and sauna spaces in Las Vegas and noticed you're holding a 4.8 rating across 30 reviews. Numbers like that usually mean people leave talking about the experience, which is exactly the kind of thing branded gear tends to amplify.

We're Merch Maverick, a factory direct supplier of branded robes, towels, and recovery hoodies for studios like yours, no agency markups, just your logo on gear members already want.

I can hop on a quick free call about which fabric and colorway would actually hold up best for a quick dry towel in your space, no strings attached.

Would it be okay if I sent that over?

Faiaz

Merch Maverick

themerchmaverick.com"
CryoEffect - Hinsdale | Cryotherapy Cold Spa,info@cryo-effect.com,cold_plunge,Chicago,US,https://www.cryoeffect.com/,4.8,26,found_on_site,thought of CryoEffect - Hinsdale | Cryotherapy Cold Spa for something,"Hi there,

I came across CryoEffect - Hinsdale | Cryotherapy Cold Spa while researching top rated cold plunge and sauna spaces in Chicago and noticed you're holding a 4.8 rating across 26 reviews. That kind of following usually means people already treat this as part of their routine, which is exactly when branded gear starts to matter.

We're Merch Maverick, a factory direct supplier of branded robes, towels, and recovery hoodies for studios like yours, no agency markups, just your logo on gear members already want.

I can get your first recovery beanie sample out at cost, no minimum order, no commitment beyond that.

Would that be useful to you?

Faiaz

Merch Maverick

themerchmaverick.com"
Folkbastu - Castor & Pollux,hej@folkbastu.se,sauna,Stockholm,SE,https://folkbastu.se/,4.8,25,found_on_site,"quick idea, Folkbastu - Castor & Pollux","Hi there,

I came across Folkbastu - Castor & Pollux while researching top rated sauna studios in Stockholm and noticed you're holding a 4.8 rating across 25 reviews. Members who show up that consistently tend to want gear that says they are serious about the ritual, not just visiting once.

We're Merch Maverick, a factory direct supplier for branded sauna gear including hats, towels, and robes for studios like yours. No middlemen, no inflated agency pricing, just your logo on the exact ritual gear your members already associate with the experience.

I can mail over a free fabric swatch pack for the branded plunge robe line so you can feel the quality before deciding anything.

Want me to go ahead and put that together?

Faiaz

Merch Maverick

themerchmaverick.com"
ImoveAmsterdam Boutique Reformer Pilates Studio,info@imoveamsterdam.com,pilates,Amsterdam,NL,https://www.imoveamsterdam.com/,4.8,25,found_on_site,small idea for ImoveAmsterdam Boutique Reformer Pilates Studio,"Hi there,

I came across ImoveAmsterdam Boutique Reformer Pilates Studio while researching top rated reformer pilates studios in Amsterdam and noticed you're holding a 4.8 rating across 25 reviews. That kind of rating usually means your members already see the studio as part of their identity, which is exactly when branded gear starts to sell itself.

We're Merch Maverick, a factory direct supplier of branded totes, mat bags, and studio apparel for pilates studios. We work without agency markups, so the pricing usually beats what local printers quote for the same quality.

I can get your first grip socks sample out at cost, no minimum order, no commitment beyond that.

Should I send that your way?

Faiaz

Merch Maverick

themerchmaverick.com"
Trail & Running club Utrechtse heuvelrug,info@trcu.nl,run_club,Amsterdam,NL,https://www.trcu.nl/,4.8,25,found_on_site,curious if this is useful for Trail & Running club Utrechtse heuvelrug,"Hi there,

I came across Trail & Running club Utrechtse heuvelrug while researching top rated run clubs in Amsterdam and noticed you're holding a 4.8 rating across 25 reviews. That kind of following usually means your crew is already repping your name everywhere they go.

We're Merch Maverick, a factory direct supplier of branded team tees, caps, and run club apparel. No agency markups, just gear your crew will actually wear outside of race day.

I can hop on a quick free call about which fabric and colorway would actually hold up best for a neck buff in your space, no strings attached.

Would it be okay if I sent that over?

Faiaz

Merch Maverick

themerchmaverick.com"
Las Vegas Pilates,info@lvpilates.com,pilates,Las Vegas,US,http://www.lvpilates.com/,4.8,24,found_on_site,free something for Las Vegas Pilates,"Hi there,

I came across Las Vegas Pilates while researching top rated reformer pilates studios in Las Vegas and noticed you're holding a 4.8 rating across 24 reviews. That's the kind of loyalty that usually means members are proud to be part of the studio, not just attending classes.

We're Merch Maverick, a factory direct supplier of branded totes, mat bags, and studio apparel for pilates studios. We work without agency markups, so the pricing usually beats what local printers quote for the same quality.

I can put together a free digital mockup of a Las Vegas Pilates branded studio tote within 48 hours, no cost and no obligation either way.

Would that be useful to you?

Faiaz

Merch Maverick

themerchmaverick.com"
Therma Haus° - Sauna Cold Plunge Socialize,hello@thermahaus.com,sauna,Denver,US,https://thermahausdenver.com/,4.8,21,found_on_site,quick thought after finding Therma Haus° - Sauna Cold Plunge Socialize,"Hi there,

I came across Therma Haus° - Sauna Cold Plunge Socialize while researching top rated sauna studios in Denver and noticed you're holding a 4.8 rating across 21 reviews. That kind of consistency usually means people leave your space wanting to take a piece of the experience home with them.

We're Merch Maverick, a factory direct supplier for branded sauna gear including hats, towels, and robes for studios like yours. No middlemen, no inflated agency pricing, just your logo on the exact ritual gear your members already associate with the experience.

I can hop on a quick free call about which fabric and colorway would actually hold up best for a quick dry ritual towel in your space, no strings attached.

Want me to go ahead and put that together?

Faiaz

Merch Maverick

themerchmaverick.com"
Wellness By Resolve,hello@wellnessbyresolve.co.uk,sauna,Birmingham,GB,https://www.wellnessbyresolve.co.uk/?utm_source=google&utm_medium=wix_google_business_profile&utm_campaign=7597823488798893448,4.8,19,found_on_site,a small idea for Wellness By Resolve's team,"Hi there,

I came across Wellness By Resolve while researching top rated sauna studios in Birmingham and noticed you're holding a 4.8 rating across 19 reviews. Members who show up that consistently tend to want gear that says they are serious about the ritual, not just visiting once.

We're Merch Maverick, a factory direct supplier for branded sauna gear including hats, towels, and robes for studios like yours. No middlemen, no inflated agency pricing, just your logo on the exact ritual gear your members already associate with the experience.

I can get your first recovery beanie sample out at cost, no minimum order, no commitment beyond that.

Should I send that your way?

Faiaz

Merch Maverick

themerchmaverick.com"
Perspire Sauna Studio,brentwood@perspiresaunastudio.com,sauna,Los Angeles,US,https://www.perspiresaunastudio.com/ca/brentwood,4.8,17,found_on_site,quick question about Perspire Sauna Studio's retail shelf,"Hi there,

I came across Perspire Sauna Studio while researching top rated sauna studios in Los Angeles and noticed you're holding a 4.8 rating across 17 reviews. That kind of consistency usually means people leave your space wanting to take a piece of the experience home with them.

We're Merch Maverick, a factory direct supplier for branded sauna gear including hats, towels, and robes for studios like yours. No middlemen, no inflated agency pricing, just your logo on the exact ritual gear your members already associate with the experience.

I can put together a free digital mockup of a Perspire Sauna Studio branded wool felt sauna hat within 48 hours, no cost and no obligation either way.

Would it be okay if I sent that over?

Faiaz

Merch Maverick

themerchmaverick.com"
Saunainsel Berlin,info@batuga.de,sauna,Berlin,DE,http://batuga.de/saunainsel,4.8,17,found_on_site,quick idea for Saunainsel Berlin's members,"Hi there,

I came across Saunainsel Berlin while researching top rated sauna studios in Berlin and noticed you're holding a 4.8 rating across 17 reviews. Members who show up that consistently tend to want gear that says they are serious about the ritual, not just visiting once.

We're Merch Maverick, a factory direct supplier for branded sauna gear including hats, towels, and robes for studios like yours. No middlemen, no inflated agency pricing, just your logo on the exact ritual gear your members already associate with the experience.

I can mail over a free fabric swatch pack for the branded plunge robe line so you can feel the quality before deciding anything.

Would that be useful to you?

Faiaz

Merch Maverick

themerchmaverick.com"
"Renu Lounge Day Spa - Infrared Saunas, Red Light Therapy, Cold Plunge, Recovery Lounge",info@renulounge.com,sauna,Manchester,GB,https://www.renulounge.com/,4.8,17,found_on_site,"quick note for Renu Lounge Day Spa - Infrared Saunas, Red Light Therapy, Cold Plunge, Recovery Lounge","Hi there,

I came across Renu Lounge Day Spa - Infrared Saunas, Red Light Therapy, Cold Plunge, Recovery Lounge while researching top rated sauna studios in Manchester and noticed you're holding a 4.8 rating across 17 reviews. That kind of consistency usually means people leave your space wanting to take a piece of the experience home with them.

We're Merch Maverick, a factory direct supplier for branded sauna gear including hats, towels, and robes for studios like yours. No middlemen, no inflated agency pricing, just your logo on the exact ritual gear your members already associate with the experience.

I can hop on a quick free call about which fabric and colorway would actually hold up best for a quick dry ritual towel in your space, no strings attached.

Want me to go ahead and put that together?

Faiaz

Merch Maverick

themerchmaverick.com"
Escape Sauna,unwind@escapesauna.co.uk,sauna,Edinburgh,GB,https://www.escapesauna.co.uk/,4.8,17,found_on_site,thought of Escape Sauna for something,"Hi there,

I came across Escape Sauna while researching top rated sauna studios in Edinburgh and noticed you're holding a 4.8 rating across 17 reviews. Members who show up that consistently tend to want gear that says they are serious about the ritual, not just visiting once.

We're Merch Maverick, a factory direct supplier for branded sauna gear including hats, towels, and robes for studios like yours. No middlemen, no inflated agency pricing, just your logo on the exact ritual gear your members already associate with the experience.

I can get your first recovery beanie sample out at cost, no minimum order, no commitment beyond that.

Should I send that your way?

Faiaz

Merch Maverick

themerchmaverick.com"
Pilates Denver,admin@pilatesdenverstudio.com,pilates,Denver,US,http://www.pilatesdenverstudio.com/,4.8,17,found_on_site,"quick idea, Pilates Denver","Hi there,

I came across Pilates Denver while researching top rated reformer pilates studios in Denver and noticed you're holding a 4.8 rating across 17 reviews. That kind of rating usually means your members already see the studio as part of their identity, which is exactly when branded gear starts to sell itself.

We're Merch Maverick, a factory direct supplier of branded totes, mat bags, and studio apparel for pilates studios. We work without agency markups, so the pricing usually beats what local printers quote for the same quality.

I can mail over a free fabric swatch pack for the mat bag line so you can feel the quality before deciding anything.

Would it be okay if I sent that over?

Faiaz

Merch Maverick

themerchmaverick.com"
Kältekammer Wien,info@majorbeauty.at,cold_plunge,Vienna,AT,https://majorsun.at/services/kaeltekammer/,4.8,15,found_on_site,small idea for Kältekammer Wien,"Hi there,

I came across Kältekammer Wien while researching top rated cold plunge and sauna spaces in Vienna and noticed you're holding a 4.8 rating across 15 reviews. Numbers like that usually mean people leave talking about the experience, which is exactly the kind of thing branded gear tends to amplify.

We're Merch Maverick, a factory direct supplier of branded robes, towels, and recovery hoodies for studios like yours, no agency markups, just your logo on gear members already want.

I can put together a free digital mockup of a Kältekammer Wien branded branded robe within 48 hours, no cost and no obligation either way.

Would that be useful to you?

Faiaz

Merch Maverick

themerchmaverick.com"
Peachi Pilates,hello@peachipilates.co.uk,pilates,Bristol,GB,https://peachipilates.co.uk/,4.8,13,found_on_site,curious if this is useful for Peachi Pilates,"Hi there,

I came across Peachi Pilates while researching top rated reformer pilates studios in Bristol and noticed you're holding a 4.8 rating across 13 reviews. That's the kind of loyalty that usually means members are proud to be part of the studio, not just attending classes.

We're Merch Maverick, a factory direct supplier of branded totes, mat bags, and studio apparel for pilates studios. We work without agency markups, so the pricing usually beats what local printers quote for the same quality.

I can hop on a quick free call about which fabric and colorway would actually hold up best for a branded headband in your space, no strings attached.

Want me to go ahead and put that together?

Faiaz

Merch Maverick

themerchmaverick.com"
Urban Spa by Pillows,amsterdam@pillowshotels.com,cold_plunge,Amsterdam,NL,https://www.pillowshotels.com/amsterdam-mauritskade/nl/urban-spa/,4.8,11,found_on_site,free something for Urban Spa by Pillows,"Hi there,

I came across Urban Spa by Pillows while researching top rated cold plunge and sauna spaces in Amsterdam and noticed you're holding a 4.8 rating across 11 reviews. That kind of following usually means people already treat this as part of their routine, which is exactly when branded gear starts to matter.

We're Merch Maverick, a factory direct supplier of branded robes, towels, and recovery hoodies for studios like yours, no agency markups, just your logo on gear members already want.

I can mail over a free fabric swatch pack for the recovery hoodie line so you can feel the quality before deciding anything.

Should I send that your way?

Faiaz

Merch Maverick

themerchmaverick.com"
The WELL house,info@thewellhouselv.com,sauna,Las Vegas,US,https://www.thewellhouselv.com/,4.8,9,found_on_site,quick thought after finding The WELL house,"Hi there,

I came across The WELL house while researching top rated sauna studios in Las Vegas and noticed you're holding a 4.8 rating across 9 reviews. That kind of consistency usually means people leave your space wanting to take a piece of the experience home with them.

We're Merch Maverick, a factory direct supplier for branded sauna gear including hats, towels, and robes for studios like yours. No middlemen, no inflated agency pricing, just your logo on the exact ritual gear your members already associate with the experience.

I can put together a free digital mockup of a The WELL house branded wool felt sauna hat within 48 hours, no cost and no obligation either way.

Would it be okay if I sent that over?

Faiaz

Merch Maverick

themerchmaverick.com"
Hammam Pacha,office@legit.com,sauna,Paris,FR,https://www.hammampacha.com/,4.7,6096,found_on_site,a small idea for Hammam Pacha's team,"Hi there,

I came across Hammam Pacha while researching top rated sauna studios in Paris and noticed you're holding a 4.7 rating across 6096 reviews. Members who show up that consistently tend to want gear that says they are serious about the ritual, not just visiting once.

We're Merch Maverick, a factory direct supplier for branded sauna gear including hats, towels, and robes for studios like yours. No middlemen, no inflated agency pricing, just your logo on the exact ritual gear your members already associate with the experience.

I can mail over a free fabric swatch pack for the branded plunge robe line so you can feel the quality before deciding anything.

Would that be useful to you?

Faiaz

Merch Maverick

themerchmaverick.com"
Fairlawns Hotel and Spa,reception@fairlawns.co.uk,sauna,Birmingham,GB,https://www.fairlawns.co.uk/,4.7,2045,found_on_site,quick question about Fairlawns Hotel and Spa's retail shelf,"Hi there,

I came across Fairlawns Hotel and Spa while researching top rated sauna studios in Birmingham and noticed you're holding a 4.7 rating across 2045 reviews. That kind of consistency usually means people leave your space wanting to take a piece of the experience home with them.

We're Merch Maverick, a factory direct supplier for branded sauna gear including hats, towels, and robes for studios like yours. No middlemen, no inflated agency pricing, just your logo on the exact ritual gear your members already associate with the experience.

I can hop on a quick free call about which fabric and colorway would actually hold up best for a quick dry ritual towel in your space, no strings attached.

Want me to go ahead and put that together?

Faiaz

Merch Maverick

themerchmaverick.com"
Windmill Hill City Farm,info@windmillhillcityfarm.org.uk,sauna,Bristol,GB,http://www.windmillhillcityfarm.org.uk/,4.7,1838,found_on_site,quick idea for Windmill Hill City Farm's members,"Hi there,

I came across Windmill Hill City Farm while researching top rated sauna studios in Bristol and noticed you're holding a 4.7 rating across 1838 reviews. Members who show up that consistently tend to want gear that says they are serious about the ritual, not just visiting once.

We're Merch Maverick, a factory direct supplier for branded sauna gear including hats, towels, and robes for studios like yours. No middlemen, no inflated agency pricing, just your logo on the exact ritual gear your members already associate with the experience.

I can get your first recovery beanie sample out at cost, no minimum order, no commitment beyond that.

Should I send that your way?

Faiaz

Merch Maverick

themerchmaverick.com"
Spa nova | Prive sauna |Prive spa Nederland,info@spanova.nl,sauna,Amsterdam,NL,http://www.spanova.nl/,4.7,1730,found_on_site,quick note for Spa nova | Prive sauna |Prive spa Nederland,"Hi there,

I came across Spa nova | Prive sauna |Prive spa Nederland while researching top rated sauna studios in Amsterdam and noticed you're holding a 4.7 rating across 1730 reviews. That kind of consistency usually means people leave your space wanting to take a piece of the experience home with them.

We're Merch Maverick, a factory direct supplier for branded sauna gear including hats, towels, and robes for studios like yours. No middlemen, no inflated agency pricing, just your logo on the exact ritual gear your members already associate with the experience.

I can put together a free digital mockup of a Spa nova | Prive sauna |Prive spa Nederland branded wool felt sauna hat within 48 hours, no cost and no obligation either way.

Would it be okay if I sent that over?

Faiaz

Merch Maverick

themerchmaverick.com"
Cosmic Comedy Club Berlin,allinoneberlin@gmail.com,run_club,Berlin,DE,https://comedyclubberlin.com/,4.7,1627,found_on_site,thought of Cosmic Comedy Club Berlin for something,"Hi there,

I came across Cosmic Comedy Club Berlin while researching top rated run clubs in Berlin and noticed you're holding a 4.7 rating across 1627 reviews. Numbers like that usually mean your club already feels like a third place for people, not just a Tuesday run.

We're Merch Maverick, a factory direct supplier of branded team tees, caps, and run club apparel. No agency markups, just gear your crew will actually wear outside of race day.

I can get your first finisher hoodie sample out at cost, no minimum order, no commitment beyond that.

Would that be useful to you?

Faiaz

Merch Maverick

themerchmaverick.com"
Garden Eden Sauna & Wellness,info@garden-eden.de,sauna,Frankfurt,DE,https://www.garden-eden.de/,4.7,1086,found_on_site,"quick idea, Garden Eden Sauna & Wellness","Hi there,

I came across Garden Eden Sauna & Wellness while researching top rated sauna studios in Frankfurt and noticed you're holding a 4.7 rating across 1086 reviews. Members who show up that consistently tend to want gear that says they are serious about the ritual, not just visiting once.

We're Merch Maverick, a factory direct supplier for branded sauna gear including hats, towels, and robes for studios like yours. No middlemen, no inflated agency pricing, just your logo on the exact ritual gear your members already associate with the experience.

I can mail over a free fabric swatch pack for the branded plunge robe line so you can feel the quality before deciding anything.

Want me to go ahead and put that together?

Faiaz

Merch Maverick

themerchmaverick.com"
Sulis Hammam & Spa,info@sulishammamspa.com,cold_plunge,Madrid,ES,https://www.sulishammamspa.com/,4.7,839,found_on_site,small idea for Sulis Hammam & Spa,"Hi there,

I came across Sulis Hammam & Spa while researching top rated cold plunge and sauna spaces in Madrid and noticed you're holding a 4.7 rating across 839 reviews. Numbers like that usually mean people leave talking about the experience, which is exactly the kind of thing branded gear tends to amplify.

We're Merch Maverick, a factory direct supplier of branded robes, towels, and recovery hoodies for studios like yours, no agency markups, just your logo on gear members already want.

I can hop on a quick free call about which fabric and colorway would actually hold up best for a quick dry towel in your space, no strings attached.

Should I send that your way?

Faiaz

Merch Maverick

themerchmaverick.com"
Massage House,info@massagehouse.hu,sauna,Budapest,HU,https://massagehouse.hu/en/?utm_source=google&utm_medium=organic&utm_campaign=gmb-web,4.7,677,found_on_site,curious if this is useful for Massage House,"Hi there,

I came across Massage House while researching top rated sauna studios in Budapest and noticed you're holding a 4.7 rating across 677 reviews. That kind of consistency usually means people leave your space wanting to take a piece of the experience home with them.

We're Merch Maverick, a factory direct supplier for branded sauna gear including hats, towels, and robes for studios like yours. No middlemen, no inflated agency pricing, just your logo on the exact ritual gear your members already associate with the experience.

I can hop on a quick free call about which fabric and colorway would actually hold up best for a quick dry ritual towel in your space, no strings attached.

Would it be okay if I sent that over?

Faiaz

Merch Maverick

themerchmaverick.com"
AyurVilla,info@ayurvilla.co.uk,sauna,Birmingham,GB,http://www.ayurvilla.co.uk/,4.7,644,found_on_site,free something for AyurVilla,"Hi there,

I came across AyurVilla while researching top rated sauna studios in Birmingham and noticed you're holding a 4.7 rating across 644 reviews. Members who show up that consistently tend to want gear that says they are serious about the ritual, not just visiting once.

We're Merch Maverick, a factory direct supplier for branded sauna gear including hats, towels, and robes for studios like yours. No middlemen, no inflated agency pricing, just your logo on the exact ritual gear your members already associate with the experience.

I can get your first recovery beanie sample out at cost, no minimum order, no commitment beyond that.

Would that be useful to you?

Faiaz

Merch Maverick

themerchmaverick.com"
The Organic,reservas@theorganicspamadrid.com,cold_plunge,Madrid,ES,https://www.theorganicspamadrid.com/,4.7,643,found_on_site,quick thought after finding The Organic,"Hi there,

I came across The Organic while researching top rated cold plunge and sauna spaces in Madrid and noticed you're holding a 4.7 rating across 643 reviews. That kind of following usually means people already treat this as part of their routine, which is exactly when branded gear starts to matter.

We're Merch Maverick, a factory direct supplier of branded robes, towels, and recovery hoodies for studios like yours, no agency markups, just your logo on gear members already want.

I can get your first recovery beanie sample out at cost, no minimum order, no commitment beyond that.

Want me to go ahead and put that together?

Faiaz

Merch Maverick

themerchmaverick.com"
Private Spa Madrid - Plaza Castilla,info@privadospamadrid.es,sauna,Madrid,ES,http://www.privadospamadrid.es/,4.7,569,found_on_site,a small idea for Private Spa Madrid - Plaza Castilla's team,"Hi there,

I came across Private Spa Madrid - Plaza Castilla while researching top rated sauna studios in Madrid and noticed you're holding a 4.7 rating across 569 reviews. That kind of consistency usually means people leave your space wanting to take a piece of the experience home with them.

We're Merch Maverick, a factory direct supplier for branded sauna gear including hats, towels, and robes for studios like yours. No middlemen, no inflated agency pricing, just your logo on the exact ritual gear your members already associate with the experience.

I can put together a free digital mockup of a Private Spa Madrid - Plaza Castilla branded wool felt sauna hat within 48 hours, no cost and no obligation either way.

Should I send that your way?

Faiaz

Merch Maverick

themerchmaverick.com"
CRYOBAR Cryolipolyse et Cryothérapie Paris,info@cryobar.fr,cold_plunge,Paris,FR,https://cryobar.fr/,4.7,547,found_on_site,quick question about CRYOBAR Cryolipolyse et Cryothérapie Paris's retail shelf,"Hi there,

I came across CRYOBAR Cryolipolyse et Cryothérapie Paris while researching top rated cold plunge and sauna spaces in Paris and noticed you're holding a 4.7 rating across 547 reviews. Numbers like that usually mean people leave talking about the experience, which is exactly the kind of thing branded gear tends to amplify.

We're Merch Maverick, a factory direct supplier of branded robes, towels, and recovery hoodies for studios like yours, no agency markups, just your logo on gear members already want.

I can put together a free digital mockup of a CRYOBAR Cryolipolyse et Cryothérapie Paris branded branded robe within 48 hours, no cost and no obligation either way.

Would it be okay if I sent that over?

Faiaz

Merch Maverick

themerchmaverick.com"
Amon spa,amonspaweb@gmail.com,cold_plunge,Barcelona,ES,https://amonspa.vip/,4.7,458,found_on_site,quick idea for Amon spa's members,"Hi there,

I came across Amon spa while researching top rated cold plunge and sauna spaces in Barcelona and noticed you're holding a 4.7 rating across 458 reviews. That kind of following usually means people already treat this as part of their routine, which is exactly when branded gear starts to matter.

We're Merch Maverick, a factory direct supplier of branded robes, towels, and recovery hoodies for studios like yours, no agency markups, just your logo on gear members already want.

I can mail over a free fabric swatch pack for the recovery hoodie line so you can feel the quality before deciding anything.

Would that be useful to you?

Faiaz

Merch Maverick

themerchmaverick.com"
Magnolia Day Spa,info@magnoliadayspa.hu,sauna,Budapest,HU,http://www.magnoliadayspa.hu/,4.7,415,found_on_site,quick note for Magnolia Day Spa,"Hi there,

I came across Magnolia Day Spa while researching top rated sauna studios in Budapest and noticed you're holding a 4.7 rating across 415 reviews. Members who show up that consistently tend to want gear that says they are serious about the ritual, not just visiting once.

We're Merch Maverick, a factory direct supplier for branded sauna gear including hats, towels, and robes for studios like yours. No middlemen, no inflated agency pricing, just your logo on the exact ritual gear your members already associate with the experience.

I can mail over a free fabric swatch pack for the branded plunge robe line so you can feel the quality before deciding anything.

Want me to go ahead and put that together?

Faiaz

Merch Maverick

themerchmaverick.com"
Sun & Skin,info@sunandskin.nl,cold_plunge,Rotterdam,NL,http://www.sunandskin.nl/,4.7,376,found_on_site,thought of Sun & Skin for something,"Hi there,

I came across Sun & Skin while researching top rated cold plunge and sauna spaces in Rotterdam and noticed you're holding a 4.7 rating across 376 reviews. Numbers like that usually mean people leave talking about the experience, which is exactly the kind of thing branded gear tends to amplify.

We're Merch Maverick, a factory direct supplier of branded robes, towels, and recovery hoodies for studios like yours, no agency markups, just your logo on gear members already want.

I can hop on a quick free call about which fabric and colorway would actually hold up best for a quick dry towel in your space, no strings attached.

Should I send that your way?

Faiaz

Merch Maverick

themerchmaverick.com"
Club Pilates,littletokyo@clubpilates.com,pilates,Los Angeles,US,https://www.clubpilates.com/littletokyo/?utm_source=google.com&utm_medium=referral&utm_campaign=yext,4.7,315,found_on_site,"quick idea, Club Pilates","Hi there,

I came across Club Pilates while researching top rated reformer pilates studios in Los Angeles and noticed you're holding a 4.7 rating across 315 reviews. That kind of rating usually means your members already see the studio as part of their identity, which is exactly when branded gear starts to sell itself.

We're Merch Maverick, a factory direct supplier of branded totes, mat bags, and studio apparel for pilates studios. We work without agency markups, so the pricing usually beats what local printers quote for the same quality.

I can get your first grip socks sample out at cost, no minimum order, no commitment beyond that.

Would it be okay if I sent that over?

Faiaz

Merch Maverick

themerchmaverick.com"
Runners Roost,denver@runnersroost.com,run_club,Denver,US,https://runnersroost.com/runners-roost-denver/,4.7,299,found_on_site,small idea for Runners Roost,"Hi there,

I came across Runners Roost while researching top rated run clubs in Denver and noticed you're holding a 4.7 rating across 299 reviews. That kind of following usually means your crew is already repping your name everywhere they go.

We're Merch Maverick, a factory direct supplier of branded team tees, caps, and run club apparel. No agency markups, just gear your crew will actually wear outside of race day.

I can put together a free digital mockup of a Runners Roost branded team tee within 48 hours, no cost and no obligation either way.

Would that be useful to you?

Faiaz

Merch Maverick

themerchmaverick.com"
dona 10 Centre de Pilates i Ioga Barcelona - Sagrada Família,info@dona10.com,pilates,Barcelona,ES,https://www.dona10.com/es/dona10-centro-sagrada-familia-barcelona/,4.7,279,found_on_site,curious if this is useful for dona 10 Centre de Pilates i Ioga Barcelona - Sagrada Família,"Hi there,

I came across dona 10 Centre de Pilates i Ioga Barcelona - Sagrada Família while researching top rated reformer pilates studios in Barcelona and noticed you're holding a 4.7 rating across 279 reviews. That's the kind of loyalty that usually means members are proud to be part of the studio, not just attending classes.

We're Merch Maverick, a factory direct supplier of branded totes, mat bags, and studio apparel for pilates studios. We work without agency markups, so the pricing usually beats what local printers quote for the same quality.

I can put together a free digital mockup of a dona 10 Centre de Pilates i Ioga Barcelona - Sagrada Família branded studio tote within 48 hours, no cost and no obligation either way.

Want me to go ahead and put that together?

Faiaz

Merch Maverick

themerchmaverick.com"
Münchener Salzgrotte,mail@muenchener-salzgrotte.de,cold_plunge,Munich,DE,http://münchener-salzgrotte.de/,4.7,264,found_on_site,free something for Münchener Salzgrotte,"Hi there,

I came across Münchener Salzgrotte while researching top rated cold plunge and sauna spaces in Munich and noticed you're holding a 4.7 rating across 264 reviews. That kind of following usually means people already treat this as part of their routine, which is exactly when branded gear starts to matter.

We're Merch Maverick, a factory direct supplier of branded robes, towels, and recovery hoodies for studios like yours, no agency markups, just your logo on gear members already want.

I can get your first recovery beanie sample out at cost, no minimum order, no commitment beyond that.

Should I send that your way?

Faiaz

Merch Maverick

themerchmaverick.com"
Flotarium,info@flotarium.com,cold_plunge,Barcelona,ES,http://www.flotarium.com/,4.7,258,found_on_site,quick thought after finding Flotarium,"Hi there,

I came across Flotarium while researching top rated cold plunge and sauna spaces in Barcelona and noticed you're holding a 4.7 rating across 258 reviews. Numbers like that usually mean people leave talking about the experience, which is exactly the kind of thing branded gear tends to amplify.

We're Merch Maverick, a factory direct supplier of branded robes, towels, and recovery hoodies for studios like yours, no agency markups, just your logo on gear members already want.

I can put together a free digital mockup of a Flotarium branded branded robe within 48 hours, no cost and no obligation either way.

Would it be okay if I sent that over?

Faiaz

Merch Maverick

themerchmaverick.com"
Hothouse Spa & Sauna,admin@hothousespa.com,sauna,Washington,US,http://www.hothousespa.com/,4.7,250,found_on_site,a small idea for Hothouse Spa & Sauna's team,"Hi there,

I came across Hothouse Spa & Sauna while researching top rated sauna studios in Washington and noticed you're holding a 4.7 rating across 250 reviews. That kind of consistency usually means people leave your space wanting to take a piece of the experience home with them.

We're Merch Maverick, a factory direct supplier for branded sauna gear including hats, towels, and robes for studios like yours. No middlemen, no inflated agency pricing, just your logo on the exact ritual gear your members already associate with the experience.

I can hop on a quick free call about which fabric and colorway would actually hold up best for a quick dry ritual towel in your space, no strings attached.

Would that be useful to you?

Faiaz

Merch Maverick

themerchmaverick.com"
Tonic Spa,hello@sweatandtonic.com,sauna,Toronto,CA,https://sweatandtonic.com/pages/spa,4.7,240,found_on_site,quick question about Tonic Spa's retail shelf,"Hi there,

I came across Tonic Spa while researching top rated sauna studios in Toronto and noticed you're holding a 4.7 rating across 240 reviews. Members who show up that consistently tend to want gear that says they are serious about the ritual, not just visiting once.

We're Merch Maverick, a factory direct supplier for branded sauna gear including hats, towels, and robes for studios like yours. No middlemen, no inflated agency pricing, just your logo on the exact ritual gear your members already associate with the experience.

I can get your first recovery beanie sample out at cost, no minimum order, no commitment beyond that.

Want me to go ahead and put that together?

Faiaz

Merch Maverick

themerchmaverick.com"
float Berlin Mitte Wellness,info@float-berlin.de,sauna,Berlin,DE,http://www.float-berlin.de/,4.7,236,found_on_site,quick idea for float Berlin Mitte Wellness's members,"Hi there,

I came across float Berlin Mitte Wellness while researching top rated sauna studios in Berlin and noticed you're holding a 4.7 rating across 236 reviews. That kind of consistency usually means people leave your space wanting to take a piece of the experience home with them.

We're Merch Maverick, a factory direct supplier for branded sauna gear including hats, towels, and robes for studios like yours. No middlemen, no inflated agency pricing, just your logo on the exact ritual gear your members already associate with the experience.

I can put together a free digital mockup of a float Berlin Mitte Wellness branded wool felt sauna hat within 48 hours, no cost and no obligation either way.

Should I send that your way?

Faiaz

Merch Maverick

themerchmaverick.com"
House of Healing Berlin Charlottenburg,info@houseofhealingberlin.com,cold_plunge,Berlin,DE,https://www.houseofhealingberlin.com/,4.7,234,found_on_site,quick note for House of Healing Berlin Charlottenburg,"Hi there,

I came across House of Healing Berlin Charlottenburg while researching top rated cold plunge and sauna spaces in Berlin and noticed you're holding a 4.7 rating across 234 reviews. That kind of following usually means people already treat this as part of their routine, which is exactly when branded gear starts to matter.

We're Merch Maverick, a factory direct supplier of branded robes, towels, and recovery hoodies for studios like yours, no agency markups, just your logo on gear members already want.

I can mail over a free fabric swatch pack for the recovery hoodie line so you can feel the quality before deciding anything.

Would it be okay if I sent that over?

Faiaz

Merch Maverick

themerchmaverick.com"
"SimplyBe - Pilates, Massage and Osteopathy in Barcelona",info@simplybepilates.com,pilates,Barcelona,ES,https://simplybepilates.com/,4.7,210,found_on_site,"thought of SimplyBe - Pilates, Massage and Osteopathy in Barcelona for something","Hi there,

I came across SimplyBe - Pilates, Massage and Osteopathy in Barcelona while researching top rated reformer pilates studios in Barcelona and noticed you're holding a 4.7 rating across 210 reviews. That kind of rating usually means your members already see the studio as part of their identity, which is exactly when branded gear starts to sell itself.

We're Merch Maverick, a factory direct supplier of branded totes, mat bags, and studio apparel for pilates studios. We work without agency markups, so the pricing usually beats what local printers quote for the same quality.

I can mail over a free fabric swatch pack for the mat bag line so you can feel the quality before deciding anything.

Would that be useful to you?

Faiaz

Merch Maverick

themerchmaverick.com"
Restore Hyper Wellness,frontdeskny010@restore.com,cold_plunge,New York,US,http://www.restore.com/locations/ny-brooklyn-park-slope-ny010?utm_source=gmb&utm_medium=Yext&y_source=1_NzM3MDg0NzktNzE1LWxvY2F0aW9uLndlYnNpdGU%3D,4.7,209,found_on_site,"quick idea, Restore Hyper Wellness","Hi there,

I came across Restore Hyper Wellness while researching top rated cold plunge and sauna spaces in New York and noticed you're holding a 4.7 rating across 209 reviews. Numbers like that usually mean people leave talking about the experience, which is exactly the kind of thing branded gear tends to amplify.

We're Merch Maverick, a factory direct supplier of branded robes, towels, and recovery hoodies for studios like yours, no agency markups, just your logo on gear members already want.

I can hop on a quick free call about which fabric and colorway would actually hold up best for a quick dry towel in your space, no strings attached.

Want me to go ahead and put that together?

Faiaz

Merch Maverick

themerchmaverick.com"
Rein wellness spa,info@reinwellnessspa.nl,cold_plunge,Amsterdam,NL,https://www.reinwellnessspa.nl/,4.7,208,found_on_site,small idea for Rein wellness spa,"Hi there,

I came across Rein wellness spa while researching top rated cold plunge and sauna spaces in Amsterdam and noticed you're holding a 4.7 rating across 208 reviews. That kind of following usually means people already treat this as part of their routine, which is exactly when branded gear starts to matter.

We're Merch Maverick, a factory direct supplier of branded robes, towels, and recovery hoodies for studios like yours, no agency markups, just your logo on gear members already want.

I can get your first recovery beanie sample out at cost, no minimum order, no commitment beyond that.

Should I send that your way?

Faiaz

Merch Maverick

themerchmaverick.com"
Pause Studio City,studiocity@pausestudio.com,sauna,Los Angeles,US,https://pausestudio.com/studiocity,4.7,206,found_on_site,curious if this is useful for Pause Studio City,"Hi there,

I came across Pause Studio City while researching top rated sauna studios in Los Angeles and noticed you're holding a 4.7 rating across 206 reviews. Members who show up that consistently tend to want gear that says they are serious about the ritual, not just visiting once.

We're Merch Maverick, a factory direct supplier for branded sauna gear including hats, towels, and robes for studios like yours. No middlemen, no inflated agency pricing, just your logo on the exact ritual gear your members already associate with the experience.

I can mail over a free fabric swatch pack for the branded plunge robe line so you can feel the quality before deciding anything.

Would it be okay if I sent that over?

Faiaz

Merch Maverick

themerchmaverick.com"
SIGNATURE ORGANIC SPA,yurbban@signaturespa.es,sauna,Barcelona,ES,https://signaturespa.es/,4.7,199,found_on_site,free something for SIGNATURE ORGANIC SPA,"Hi there,

I came across SIGNATURE ORGANIC SPA while researching top rated sauna studios in Barcelona and noticed you're holding a 4.7 rating across 199 reviews. That kind of consistency usually means people leave your space wanting to take a piece of the experience home with them.

We're Merch Maverick, a factory direct supplier for branded sauna gear including hats, towels, and robes for studios like yours. No middlemen, no inflated agency pricing, just your logo on the exact ritual gear your members already associate with the experience.

I can hop on a quick free call about which fabric and colorway would actually hold up best for a quick dry ritual towel in your space, no strings attached.

Would that be useful to you?

Faiaz

Merch Maverick

themerchmaverick.com"
Club Pilates,fullerton@clubpilates.com,pilates,Anaheim,US,https://www.clubpilates.com/fullerton/?utm_source=google.com&utm_medium=referral&utm_campaign=yext,4.7,195,found_on_site,quick thought after finding Club Pilates,"Hi there,

I came across Club Pilates while researching top rated reformer pilates studios in Anaheim and noticed you're holding a 4.7 rating across 195 reviews. That's the kind of loyalty that usually means members are proud to be part of the studio, not just attending classes.

We're Merch Maverick, a factory direct supplier of branded totes, mat bags, and studio apparel for pilates studios. We work without agency markups, so the pricing usually beats what local printers quote for the same quality.

I can hop on a quick free call about which fabric and colorway would actually hold up best for a branded headband in your space, no strings attached.

Want me to go ahead and put that together?

Faiaz

Merch Maverick

themerchmaverick.com"
Pause Venice,venice@pausestudio.com,sauna,Los Angeles,US,https://pausestudio.com/venice,4.7,169,found_on_site,a small idea for Pause Venice's team,"Hi there,

I came across Pause Venice while researching top rated sauna studios in Los Angeles and noticed you're holding a 4.7 rating across 169 reviews. Members who show up that consistently tend to want gear that says they are serious about the ritual, not just visiting once.

We're Merch Maverick, a factory direct supplier for branded sauna gear including hats, towels, and robes for studios like yours. No middlemen, no inflated agency pricing, just your logo on the exact ritual gear your members already associate with the experience.

I can get your first recovery beanie sample out at cost, no minimum order, no commitment beyond that.

Should I send that your way?

Faiaz

Merch Maverick

themerchmaverick.com"
the tree - Massage Lounge,info@thetreecologne.de,sauna,Cologne,DE,http://www.thetreecologne.de/,4.7,161,found_on_site,quick question about the tree - Massage Lounge's retail shelf,"Hi there,

I came across the tree - Massage Lounge while researching top rated sauna studios in Cologne and noticed you're holding a 4.7 rating across 161 reviews. That kind of consistency usually means people leave your space wanting to take a piece of the experience home with them.

We're Merch Maverick, a factory direct supplier for branded sauna gear including hats, towels, and robes for studios like yours. No middlemen, no inflated agency pricing, just your logo on the exact ritual gear your members already associate with the experience.

I can put together a free digital mockup of a the tree - Massage Lounge branded wool felt sauna hat within 48 hours, no cost and no obligation either way.

Would it be okay if I sent that over?

Faiaz

Merch Maverick

themerchmaverick.com"
The Bodhi Spa Norwood,newport@thebodhispa.com,sauna,Boston,US,https://thebodhispa.com/,4.7,147,found_on_site,quick idea for The Bodhi Spa Norwood's members,"Hi there,

I came across The Bodhi Spa Norwood while researching top rated sauna studios in Boston and noticed you're holding a 4.7 rating across 147 reviews. Members who show up that consistently tend to want gear that says they are serious about the ritual, not just visiting once.

We're Merch Maverick, a factory direct supplier for branded sauna gear including hats, towels, and robes for studios like yours. No middlemen, no inflated agency pricing, just your logo on the exact ritual gear your members already associate with the experience.

I can mail over a free fabric swatch pack for the branded plunge robe line so you can feel the quality before deciding anything.

Would that be useful to you?

Faiaz

Merch Maverick

themerchmaverick.com"
Helia Fitness Center,spa.helia@danubiushotels.com,cold_plunge,Budapest,HU,http://www.premierfitness.hu/hu/klubkereso/danubius_health_spa_resort_helia,4.7,146,found_on_site,quick note for Helia Fitness Center,"Hi there,

I came across Helia Fitness Center while researching top rated cold plunge and sauna spaces in Budapest and noticed you're holding a 4.7 rating across 146 reviews. Numbers like that usually mean people leave talking about the experience, which is exactly the kind of thing branded gear tends to amplify.

We're Merch Maverick, a factory direct supplier of branded robes, towels, and recovery hoodies for studios like yours, no agency markups, just your logo on gear members already want.

I can put together a free digital mockup of a Helia Fitness Center branded branded robe within 48 hours, no cost and no obligation either way.

Want me to go ahead and put that together?

Faiaz

Merch Maverick

themerchmaverick.com"
Perspire Sauna Studio - Austin SW,southwest@perspiresaunastudio.com,sauna,Austin,US,https://www.perspiresaunastudio.com/locations/austin-southwest,4.7,145,found_on_site,thought of Perspire Sauna Studio - Austin SW for something,"Hi there,

I came across Perspire Sauna Studio - Austin SW while researching top rated sauna studios in Austin and noticed you're holding a 4.7 rating across 145 reviews. That kind of consistency usually means people leave your space wanting to take a piece of the experience home with them.

We're Merch Maverick, a factory direct supplier for branded sauna gear including hats, towels, and robes for studios like yours. No middlemen, no inflated agency pricing, just your logo on the exact ritual gear your members already associate with the experience.

I can hop on a quick free call about which fabric and colorway would actually hold up best for a quick dry ritual towel in your space, no strings attached.

Should I send that your way?

Faiaz

Merch Maverick

themerchmaverick.com"
Fire and Ice Spa,bostoncryo@gmail.com,sauna,Boston,US,https://bostoncryospa.com/,4.7,124,found_on_site,"quick idea, Fire and Ice Spa","Hi there,

I came across Fire and Ice Spa while researching top rated sauna studios in Boston and noticed you're holding a 4.7 rating across 124 reviews. Members who show up that consistently tend to want gear that says they are serious about the ritual, not just visiting once.

We're Merch Maverick, a factory direct supplier for branded sauna gear including hats, towels, and robes for studios like yours. No middlemen, no inflated agency pricing, just your logo on the exact ritual gear your members already associate with the experience.

I can get your first recovery beanie sample out at cost, no minimum order, no commitment beyond that.

Would it be okay if I sent that over?

Faiaz

Merch Maverick

themerchmaverick.com"
Club Pilates Frankfurt Bornheim,bornheim@clubpilates.com.de,pilates,Frankfurt,DE,https://www.clubpilates.com.de/studios/frankfurt-bornheim?utm_source=gmb-listing&utm_medium=organic,4.7,124,found_on_site,small idea for Club Pilates Frankfurt Bornheim,"Hi there,

I came across Club Pilates Frankfurt Bornheim while researching top rated reformer pilates studios in Frankfurt and noticed you're holding a 4.7 rating across 124 reviews. That kind of rating usually means your members already see the studio as part of their identity, which is exactly when branded gear starts to sell itself.

We're Merch Maverick, a factory direct supplier of branded totes, mat bags, and studio apparel for pilates studios. We work without agency markups, so the pricing usually beats what local printers quote for the same quality.

I can get your first grip socks sample out at cost, no minimum order, no commitment beyond that.

Would that be useful to you?

Faiaz

Merch Maverick

themerchmaverick.com"
BODYBAR Pilates,dallas@bodybarpilates.com,pilates,Dallas,US,https://bodybarpilates.com/studios/dallas/,4.7,119,found_on_site,curious if this is useful for BODYBAR Pilates,"Hi there,

I came across BODYBAR Pilates while researching top rated reformer pilates studios in Dallas and noticed you're holding a 4.7 rating across 119 reviews. That's the kind of loyalty that usually means members are proud to be part of the studio, not just attending classes.

We're Merch Maverick, a factory direct supplier of branded totes, mat bags, and studio apparel for pilates studios. We work without agency markups, so the pricing usually beats what local printers quote for the same quality.

I can put together a free digital mockup of a BODYBAR Pilates branded studio tote within 48 hours, no cost and no obligation either way.

Want me to go ahead and put that together?

Faiaz

Merch Maverick

themerchmaverick.com"
Reboot Spa,info@rebootspa.com,sauna,San Francisco,US,http://www.rebootfloatspa.com/,4.7,118,found_on_site,free something for Reboot Spa,"Hi there,

I came across Reboot Spa while researching top rated sauna studios in San Francisco and noticed you're holding a 4.7 rating across 118 reviews. That kind of consistency usually means people leave your space wanting to take a piece of the experience home with them.

We're Merch Maverick, a factory direct supplier for branded sauna gear including hats, towels, and robes for studios like yours. No middlemen, no inflated agency pricing, just your logo on the exact ritual gear your members already associate with the experience.

I can put together a free digital mockup of a Reboot Spa branded wool felt sauna hat within 48 hours, no cost and no obligation either way.

Should I send that your way?

Faiaz

Merch Maverick

themerchmaverick.com"
Perspire Sauna Studio,newportbluffs@perspiresaunastudio.com,sauna,Anaheim,US,https://www.perspiresaunastudio.com/ca/newport-beach/,4.7,116,found_on_site,quick thought after finding Perspire Sauna Studio,"Hi there,

I came across Perspire Sauna Studio while researching top rated sauna studios in Anaheim and noticed you're holding a 4.7 rating across 116 reviews. Members who show up that consistently tend to want gear that says they are serious about the ritual, not just visiting once.

We're Merch Maverick, a factory direct supplier for branded sauna gear including hats, towels, and robes for studios like yours. No middlemen, no inflated agency pricing, just your logo on the exact ritual gear your members already associate with the experience.

I can mail over a free fabric swatch pack for the branded plunge robe line so you can feel the quality before deciding anything.

Would it be okay if I sent that over?

Faiaz

Merch Maverick

themerchmaverick.com"
Sudor Sauna Studio,info@sudorsauna.com,sauna,Houston,US,https://www.sudorsauna.com/,4.7,116,found_on_site,a small idea for Sudor Sauna Studio's team,"Hi there,

I came across Sudor Sauna Studio while researching top rated sauna studios in Houston and noticed you're holding a 4.7 rating across 116 reviews. That kind of consistency usually means people leave your space wanting to take a piece of the experience home with them.

We're Merch Maverick, a factory direct supplier for branded sauna gear including hats, towels, and robes for studios like yours. No middlemen, no inflated agency pricing, just your logo on the exact ritual gear your members already associate with the experience.

I can hop on a quick free call about which fabric and colorway would actually hold up best for a quick dry ritual towel in your space, no strings attached.

Would that be useful to you?

Faiaz

Merch Maverick

themerchmaverick.com"
CRYOSIZER Club M1 Kältekammer Schwabing München,dreiminutenerfolg@cryosizer.com,cold_plunge,Munich,DE,https://cryosizer.com/kaeltekammer-muenchen-schwabing/,4.7,115,found_on_site,quick question about CRYOSIZER Club M1 Kältekammer Schwabing München's retail shelf,"Hi there,

I came across CRYOSIZER Club M1 Kältekammer Schwabing München while researching top rated cold plunge and sauna spaces in Munich and noticed you're holding a 4.7 rating across 115 reviews. That kind of following usually means people already treat this as part of their routine, which is exactly when branded gear starts to matter.

We're Merch Maverick, a factory direct supplier of branded robes, towels, and recovery hoodies for studios like yours, no agency markups, just your logo on gear members already want.

I can mail over a free fabric swatch pack for the recovery hoodie line so you can feel the quality before deciding anything.

Want me to go ahead and put that together?

Faiaz

Merch Maverick

themerchmaverick.com"
Poses Studio - Monceau,contact@poses-studio.com,pilates,Paris,FR,https://www.poses-studio.com/monceau/,4.7,114,found_on_site,quick idea for Poses Studio - Monceau's members,"Hi there,

I came across Poses Studio - Monceau while researching top rated reformer pilates studios in Paris and noticed you're holding a 4.7 rating across 114 reviews. That kind of rating usually means your members already see the studio as part of their identity, which is exactly when branded gear starts to sell itself.

We're Merch Maverick, a factory direct supplier of branded totes, mat bags, and studio apparel for pilates studios. We work without agency markups, so the pricing usually beats what local printers quote for the same quality.

I can mail over a free fabric swatch pack for the mat bag line so you can feel the quality before deciding anything.

Should I send that your way?

Faiaz

Merch Maverick

themerchmaverick.com"
Alive and Well,austin@aliveandwell.health,cold_plunge,Dallas,US,https://aliveandwell.health/dallas,4.7,112,found_on_site,quick note for Alive and Well,"Hi there,

I came across Alive and Well while researching top rated cold plunge and sauna spaces in Dallas and noticed you're holding a 4.7 rating across 112 reviews. Numbers like that usually mean people leave talking about the experience, which is exactly the kind of thing branded gear tends to amplify.

We're Merch Maverick, a factory direct supplier of branded robes, towels, and recovery hoodies for studios like yours, no agency markups, just your logo on gear members already want.

I can hop on a quick free call about which fabric and colorway would actually hold up best for a quick dry towel in your space, no strings attached.

Would it be okay if I sent that over?

Faiaz

Merch Maverick

themerchmaverick.com"
Next Fatfreeze Clinics,info@nextfatfreeze.nl,cold_plunge,Rotterdam,NL,http://www.nextfatfreeze.nl/,4.7,111,found_on_site,thought of Next Fatfreeze Clinics for something,"Hi there,

I came across Next Fatfreeze Clinics while researching top rated cold plunge and sauna spaces in Rotterdam and noticed you're holding a 4.7 rating across 111 reviews. That kind of following usually means people already treat this as part of their routine, which is exactly when branded gear starts to matter.

We're Merch Maverick, a factory direct supplier of branded robes, towels, and recovery hoodies for studios like yours, no agency markups, just your logo on gear members already want.

I can get your first recovery beanie sample out at cost, no minimum order, no commitment beyond that.

Would that be useful to you?

Faiaz

Merch Maverick

themerchmaverick.com"
Perspire Sauna Studio,highlandsranch@perspiresaunastudio.com,sauna,Denver,US,https://www.perspiresaunastudio.com/co/highlands-ranch/,4.7,110,found_on_site,"quick idea, Perspire Sauna Studio","Hi there,

I came across Perspire Sauna Studio while researching top rated sauna studios in Denver and noticed you're holding a 4.7 rating across 110 reviews. Members who show up that consistently tend to want gear that says they are serious about the ritual, not just visiting once.

We're Merch Maverick, a factory direct supplier for branded sauna gear including hats, towels, and robes for studios like yours. No middlemen, no inflated agency pricing, just your logo on the exact ritual gear your members already associate with the experience.

I can get your first recovery beanie sample out at cost, no minimum order, no commitment beyond that.

Want me to go ahead and put that together?

Faiaz

Merch Maverick

themerchmaverick.com"
Renew Performance Center,info@renewperformancecenter.com,cold_plunge,Los Angeles,US,https://renewperformancecenter.com/,4.7,109,found_on_site,small idea for Renew Performance Center,"Hi there,

I came across Renew Performance Center while researching top rated cold plunge and sauna spaces in Los Angeles and noticed you're holding a 4.7 rating across 109 reviews. Numbers like that usually mean people leave talking about the experience, which is exactly the kind of thing branded gear tends to amplify.

We're Merch Maverick, a factory direct supplier of branded robes, towels, and recovery hoodies for studios like yours, no agency markups, just your logo on gear members already want.

I can put together a free digital mockup of a Renew Performance Center branded branded robe within 48 hours, no cost and no obligation either way.

Should I send that your way?

Faiaz

Merch Maverick

themerchmaverick.com"
Forza Pilates,hello@forza-pilates.com,pilates,Nashville,US,https://forza-pilates.com/,4.7,107,found_on_site,curious if this is useful for Forza Pilates,"Hi there,

I came across Forza Pilates while researching top rated reformer pilates studios in Nashville and noticed you're holding a 4.7 rating across 107 reviews. That's the kind of loyalty that usually means members are proud to be part of the studio, not just attending classes.

We're Merch Maverick, a factory direct supplier of branded totes, mat bags, and studio apparel for pilates studios. We work without agency markups, so the pricing usually beats what local printers quote for the same quality.

I can hop on a quick free call about which fabric and colorway would actually hold up best for a branded headband in your space, no strings attached.

Would it be okay if I sent that over?

Faiaz

Merch Maverick

themerchmaverick.com"
Method Pilates,info@methodpilates.com,pilates,Houston,US,https://www.methodpilates.com/,4.7,98,found_on_site,free something for Method Pilates,"Hi there,

I came across Method Pilates while researching top rated reformer pilates studios in Houston and noticed you're holding a 4.7 rating across 98 reviews. That kind of rating usually means your members already see the studio as part of their identity, which is exactly when branded gear starts to sell itself.

We're Merch Maverick, a factory direct supplier of branded totes, mat bags, and studio apparel for pilates studios. We work without agency markups, so the pricing usually beats what local printers quote for the same quality.

I can get your first grip socks sample out at cost, no minimum order, no commitment beyond that.

Would that be useful to you?

Faiaz

Merch Maverick

themerchmaverick.com"
Reformation Fitness - Shaw,achieve@reformationfitness.com,pilates,Washington,US,http://www.reformationfitness.com/,4.7,95,found_on_site,quick thought after finding Reformation Fitness - Shaw,"Hi there,

I came across Reformation Fitness - Shaw while researching top rated reformer pilates studios in Washington and noticed you're holding a 4.7 rating across 95 reviews. That's the kind of loyalty that usually means members are proud to be part of the studio, not just attending classes.

We're Merch Maverick, a factory direct supplier of branded totes, mat bags, and studio apparel for pilates studios. We work without agency markups, so the pricing usually beats what local printers quote for the same quality.

I can put together a free digital mockup of a Reformation Fitness - Shaw branded studio tote within 48 hours, no cost and no obligation either way.

Want me to go ahead and put that together?

Faiaz

Merch Maverick

themerchmaverick.com"
JETSET Pilates - Downtown Miami,downtownmiami@jetsetpilates.com,pilates,Miami,US,https://jetsetpilates.com/fl/downtown-miami/,4.7,95,found_on_site,a small idea for JETSET Pilates - Downtown Miami's team,"Hi there,

I came across JETSET Pilates - Downtown Miami while researching top rated reformer pilates studios in Miami and noticed you're holding a 4.7 rating across 95 reviews. That kind of rating usually means your members already see the studio as part of their identity, which is exactly when branded gear starts to sell itself.

We're Merch Maverick, a factory direct supplier of branded totes, mat bags, and studio apparel for pilates studios. We work without agency markups, so the pricing usually beats what local printers quote for the same quality.

I can mail over a free fabric swatch pack for the mat bag line so you can feel the quality before deciding anything.

Should I send that your way?

Faiaz

Merch Maverick

themerchmaverick.com"
Our Way Japanese Head Spa,roansophia@matagency.nl,sauna,Rotterdam,NL,https://ourwayjapaneseheadspa.nl/,4.7,89,found_on_site,quick question about Our Way Japanese Head Spa's retail shelf,"Hi there,

I came across Our Way Japanese Head Spa while researching top rated sauna studios in Rotterdam and noticed you're holding a 4.7 rating across 89 reviews. That kind of consistency usually means people leave your space wanting to take a piece of the experience home with them.

We're Merch Maverick, a factory direct supplier for branded sauna gear including hats, towels, and robes for studios like yours. No middlemen, no inflated agency pricing, just your logo on the exact ritual gear your members already associate with the experience.

I can put together a free digital mockup of a Our Way Japanese Head Spa branded wool felt sauna hat within 48 hours, no cost and no obligation either way.

Would it be okay if I sent that over?

Faiaz

Merch Maverick

themerchmaverick.com"
Perspire Sauna Studio,westloop@perspiresaunastudio.com,sauna,Chicago,US,https://www.perspiresaunastudio.com/il/west-loop/,4.7,85,found_on_site,quick idea for Perspire Sauna Studio's members,"Hi there,

I came across Perspire Sauna Studio while researching top rated sauna studios in Chicago and noticed you're holding a 4.7 rating across 85 reviews. Members who show up that consistently tend to want gear that says they are serious about the ritual, not just visiting once.

We're Merch Maverick, a factory direct supplier for branded sauna gear including hats, towels, and robes for studios like yours. No middlemen, no inflated agency pricing, just your logo on the exact ritual gear your members already associate with the experience.

I can mail over a free fabric swatch pack for the branded plunge robe line so you can feel the quality before deciding anything.

Would that be useful to you?

Faiaz

Merch Maverick

themerchmaverick.com"
YG Studios,hey@ygstudios.nl,sauna,Rotterdam,NL,https://ygstudios.nl/,4.7,82,found_on_site,quick note for YG Studios,"Hi there,

I came across YG Studios while researching top rated sauna studios in Rotterdam and noticed you're holding a 4.7 rating across 82 reviews. That kind of consistency usually means people leave your space wanting to take a piece of the experience home with them.

We're Merch Maverick, a factory direct supplier for branded sauna gear including hats, towels, and robes for studios like yours. No middlemen, no inflated agency pricing, just your logo on the exact ritual gear your members already associate with the experience.

I can hop on a quick free call about which fabric and colorway would actually hold up best for a quick dry ritual towel in your space, no strings attached.

Want me to go ahead and put that together?

Faiaz

Merch Maverick

themerchmaverick.com"
Perspire Sauna Studio,missionviejo@perspiresaunastudio.com,sauna,Anaheim,US,https://www.perspiresaunastudio.com/ca/mission-viejo/,4.7,81,found_on_site,thought of Perspire Sauna Studio for something,"Hi there,

I came across Perspire Sauna Studio while researching top rated sauna studios in Anaheim and noticed you're holding a 4.7 rating across 81 reviews. Members who show up that consistently tend to want gear that says they are serious about the ritual, not just visiting once.

We're Merch Maverick, a factory direct supplier for branded sauna gear including hats, towels, and robes for studios like yours. No middlemen, no inflated agency pricing, just your logo on the exact ritual gear your members already associate with the experience.

I can get your first recovery beanie sample out at cost, no minimum order, no commitment beyond that.

Should I send that your way?

Faiaz

Merch Maverick

themerchmaverick.com"
Restore Hyper Wellness,frontdesktx108@restore.com,cold_plunge,Austin,US,http://www.restore.com/locations/tx-austin-four-points-tx108?utm_source=gmb&utm_medium=Yext&y_source=1_ODA0NzYzNzItNzE1LWxvY2F0aW9uLndlYnNpdGU%3D,4.7,81,found_on_site,"quick idea, Restore Hyper Wellness","Hi there,

I came across Restore Hyper Wellness while researching top rated cold plunge and sauna spaces in Austin and noticed you're holding a 4.7 rating across 81 reviews. That kind of following usually means people already treat this as part of their routine, which is exactly when branded gear starts to matter.

We're Merch Maverick, a factory direct supplier of branded robes, towels, and recovery hoodies for studios like yours, no agency markups, just your logo on gear members already want.

I can mail over a free fabric swatch pack for the recovery hoodie line so you can feel the quality before deciding anything.

Would it be okay if I sent that over?

Faiaz

Merch Maverick

themerchmaverick.com"
Perspire Sauna Studio,huntingtonbeach@perspiresaunastudio.com,sauna,Anaheim,US,https://www.perspiresaunastudio.com/ca/huntington-beach/,4.7,79,found_on_site,small idea for Perspire Sauna Studio,"Hi there,

I came across Perspire Sauna Studio while researching top rated sauna studios in Anaheim and noticed you're holding a 4.7 rating across 79 reviews. That kind of consistency usually means people leave your space wanting to take a piece of the experience home with them.

We're Merch Maverick, a factory direct supplier for branded sauna gear including hats, towels, and robes for studios like yours. No middlemen, no inflated agency pricing, just your logo on the exact ritual gear your members already associate with the experience.

I can put together a free digital mockup of a Perspire Sauna Studio branded wool felt sauna hat within 48 hours, no cost and no obligation either way.

Would that be useful to you?

Faiaz

Merch Maverick

themerchmaverick.com"
Speir Pilates West Hollywood,memberships@speirpilates.com,pilates,Los Angeles,US,http://www.speirpilates.com/,4.7,77,found_on_site,curious if this is useful for Speir Pilates West Hollywood,"Hi there,

I came across Speir Pilates West Hollywood while researching top rated reformer pilates studios in Los Angeles and noticed you're holding a 4.7 rating across 77 reviews. That's the kind of loyalty that usually means members are proud to be part of the studio, not just attending classes.

We're Merch Maverick, a factory direct supplier of branded totes, mat bags, and studio apparel for pilates studios. We work without agency markups, so the pricing usually beats what local printers quote for the same quality.

I can hop on a quick free call about which fabric and colorway would actually hold up best for a branded headband in your space, no strings attached.

Want me to go ahead and put that together?

Faiaz

Merch Maverick

themerchmaverick.com"
Spa Black Door,contact@blackdoor.paris,sauna,Paris,FR,https://www.blackdoor.paris/triangle-or/bien-etre,4.7,76,found_on_site,free something for Spa Black Door,"Hi there,

I came across Spa Black Door while researching top rated sauna studios in Paris and noticed you're holding a 4.7 rating across 76 reviews. Members who show up that consistently tend to want gear that says they are serious about the ritual, not just visiting once.

We're Merch Maverick, a factory direct supplier for branded sauna gear including hats, towels, and robes for studios like yours. No middlemen, no inflated agency pricing, just your logo on the exact ritual gear your members already associate with the experience.

I can mail over a free fabric swatch pack for the branded plunge robe line so you can feel the quality before deciding anything.

Should I send that your way?

Faiaz

Merch Maverick

themerchmaverick.com"
Perspire Sauna Studio,crossroads@perspiresaunastudio.com,sauna,Anaheim,US,https://www.perspiresaunastudio.com/locations/irvine-crossroads,4.7,75,found_on_site,quick thought after finding Perspire Sauna Studio,"Hi there,

I came across Perspire Sauna Studio while researching top rated sauna studios in Anaheim and noticed you're holding a 4.7 rating across 75 reviews. That kind of consistency usually means people leave your space wanting to take a piece of the experience home with them.

We're Merch Maverick, a factory direct supplier for branded sauna gear including hats, towels, and robes for studios like yours. No middlemen, no inflated agency pricing, just your logo on the exact ritual gear your members already associate with the experience.

I can hop on a quick free call about which fabric and colorway would actually hold up best for a quick dry ritual towel in your space, no strings attached.

Would it be okay if I sent that over?

Faiaz

Merch Maverick

themerchmaverick.com"
Aiyasha Medical Spa KG,info@aiyashaspa.de,cold_plunge,Munich,DE,https://www.aiyasha-spa.de/,4.7,71,found_on_site,a small idea for Aiyasha Medical Spa KG's team,"Hi there,

I came across Aiyasha Medical Spa KG while researching top rated cold plunge and sauna spaces in Munich and noticed you're holding a 4.7 rating across 71 reviews. Numbers like that usually mean people leave talking about the experience, which is exactly the kind of thing branded gear tends to amplify.

We're Merch Maverick, a factory direct supplier of branded robes, towels, and recovery hoodies for studios like yours, no agency markups, just your logo on gear members already want.

I can hop on a quick free call about which fabric and colorway would actually hold up best for a quick dry towel in your space, no strings attached.

Would that be useful to you?

Faiaz

Merch Maverick

themerchmaverick.com"
Ultimate Wellness,info@ultimatewellnessedinburgh.co.uk,cold_plunge,Edinburgh,GB,https://www.ultimatewellnessedinburgh.co.uk/,4.7,68,found_on_site,quick question about Ultimate Wellness's retail shelf,"Hi there,

I came across Ultimate Wellness while researching top rated cold plunge and sauna spaces in Edinburgh and noticed you're holding a 4.7 rating across 68 reviews. That kind of following usually means people already treat this as part of their routine, which is exactly when branded gear starts to matter.

We're Merch Maverick, a factory direct supplier of branded robes, towels, and recovery hoodies for studios like yours, no agency markups, just your logo on gear members already want.

I can get your first recovery beanie sample out at cost, no minimum order, no commitment beyond that.

Want me to go ahead and put that together?

Faiaz

Merch Maverick

themerchmaverick.com"
Restore Hyper Wellness,frontdeskil011@restore.com,cold_plunge,Chicago,US,https://www.restore.com/locations/il-chicago-west-loop-il011?utm_source=gmb&utm_medium=Yext&y_source=1_NDEzNjc0ODAtNzE1LWxvY2F0aW9uLndlYnNpdGU%3D,4.7,67,found_on_site,quick idea for Restore Hyper Wellness's members,"Hi there,

I came across Restore Hyper Wellness while researching top rated cold plunge and sauna spaces in Chicago and noticed you're holding a 4.7 rating across 67 reviews. Numbers like that usually mean people leave talking about the experience, which is exactly the kind of thing branded gear tends to amplify.

We're Merch Maverick, a factory direct supplier of branded robes, towels, and recovery hoodies for studios like yours, no agency markups, just your logo on gear members already want.

I can put together a free digital mockup of a Restore Hyper Wellness branded branded robe within 48 hours, no cost and no obligation either way.

Should I send that your way?

Faiaz

Merch Maverick

themerchmaverick.com"
Kuuma Noord,info@kuuma.nl,sauna,Amsterdam,NL,https://kuuma.nl/boek-nu/sauna-amsterdam-noord/,4.7,66,found_on_site,quick note for Kuuma Noord,"Hi there,

I came across Kuuma Noord while researching top rated sauna studios in Amsterdam and noticed you're holding a 4.7 rating across 66 reviews. Members who show up that consistently tend to want gear that says they are serious about the ritual, not just visiting once.

We're Merch Maverick, a factory direct supplier for branded sauna gear including hats, towels, and robes for studios like yours. No middlemen, no inflated agency pricing, just your logo on the exact ritual gear your members already associate with the experience.

I can get your first recovery beanie sample out at cost, no minimum order, no commitment beyond that.

Would it be okay if I sent that over?

Faiaz

Merch Maverick

themerchmaverick.com"
Float Spa PRIME - Neuhausen. Schönstes Float Seit 20 Jahren.,info@floatspa.de,cold_plunge,Munich,DE,https://www.floatspa.de/,4.7,61,found_on_site,thought of Float Spa PRIME - Neuhausen. Schönstes Float Seit 20 Jahren. for something,"Hi there,

I came across Float Spa PRIME - Neuhausen. Schönstes Float Seit 20 Jahren. while researching top rated cold plunge and sauna spaces in Munich and noticed you're holding a 4.7 rating across 61 reviews. That kind of following usually means people already treat this as part of their routine, which is exactly when branded gear starts to matter.

We're Merch Maverick, a factory direct supplier of branded robes, towels, and recovery hoodies for studios like yours, no agency markups, just your logo on gear members already want.

I can mail over a free fabric swatch pack for the recovery hoodie line so you can feel the quality before deciding anything.

Would that be useful to you?

Faiaz

Merch Maverick

themerchmaverick.com"
City Wellness medical,office@citywellness.at,cold_plunge,Vienna,AT,http://www.citywellness.at/,4.7,61,found_on_site,"quick idea, City Wellness medical","Hi there,

I came across City Wellness medical while researching top rated cold plunge and sauna spaces in Vienna and noticed you're holding a 4.7 rating across 61 reviews. Numbers like that usually mean people leave talking about the experience, which is exactly the kind of thing branded gear tends to amplify.

We're Merch Maverick, a factory direct supplier of branded robes, towels, and recovery hoodies for studios like yours, no agency markups, just your logo on gear members already want.

I can hop on a quick free call about which fabric and colorway would actually hold up best for a quick dry towel in your space, no strings attached.

Want me to go ahead and put that together?

Faiaz

Merch Maverick

themerchmaverick.com"
RCVRI Toronto,toronto@rcvri.co,sauna,Toronto,CA,https://www.rcvri.co/en-ca/,4.7,60,found_on_site,small idea for RCVRI Toronto,"Hi there,

I came across RCVRI Toronto while researching top rated sauna studios in Toronto and noticed you're holding a 4.7 rating across 60 reviews. That kind of consistency usually means people leave your space wanting to take a piece of the experience home with them.

We're Merch Maverick, a factory direct supplier for branded sauna gear including hats, towels, and robes for studios like yours. No middlemen, no inflated agency pricing, just your logo on the exact ritual gear your members already associate with the experience.

I can put together a free digital mockup of a RCVRI Toronto branded wool felt sauna hat within 48 hours, no cost and no obligation either way.

Should I send that your way?

Faiaz

Merch Maverick

themerchmaverick.com"
GOAT Wellness,info@goatchicago.com,cold_plunge,Chicago,US,http://www.goatchicago.com/,4.7,54,found_on_site,curious if this is useful for GOAT Wellness,"Hi there,

I came across GOAT Wellness while researching top rated cold plunge and sauna spaces in Chicago and noticed you're holding a 4.7 rating across 54 reviews. That kind of following usually means people already treat this as part of their routine, which is exactly when branded gear starts to matter.

We're Merch Maverick, a factory direct supplier of branded robes, towels, and recovery hoodies for studios like yours, no agency markups, just your logo on gear members already want.

I can get your first recovery beanie sample out at cost, no minimum order, no commitment beyond that.

Would it be okay if I sent that over?

Faiaz

Merch Maverick

themerchmaverick.com"
LIV,hello@livnow.me,sauna,Los Angeles,US,http://livnow.me/,4.7,53,found_on_site,free something for LIV,"Hi there,

I came across LIV while researching top rated sauna studios in Los Angeles and noticed you're holding a 4.7 rating across 53 reviews. Members who show up that consistently tend to want gear that says they are serious about the ritual, not just visiting once.

We're Merch Maverick, a factory direct supplier for branded sauna gear including hats, towels, and robes for studios like yours. No middlemen, no inflated agency pricing, just your logo on the exact ritual gear your members already associate with the experience.

I can mail over a free fabric swatch pack for the branded plunge robe line so you can feel the quality before deciding anything.

Would that be useful to you?

Faiaz

Merch Maverick

themerchmaverick.com"
KORE PILATES,info@korepilates.com,pilates,Los Angeles,US,http://www.korepilates.com/,4.7,52,found_on_site,quick thought after finding KORE PILATES,"Hi there,

I came across KORE PILATES while researching top rated reformer pilates studios in Los Angeles and noticed you're holding a 4.7 rating across 52 reviews. That kind of rating usually means your members already see the studio as part of their identity, which is exactly when branded gear starts to sell itself.

We're Merch Maverick, a factory direct supplier of branded totes, mat bags, and studio apparel for pilates studios. We work without agency markups, so the pricing usually beats what local printers quote for the same quality.

I can get your first grip socks sample out at cost, no minimum order, no commitment beyond that.

Want me to go ahead and put that together?

Faiaz

Merch Maverick

themerchmaverick.com"
Vibe Pilates,office@vibepilates.at,pilates,Vienna,AT,https://vibepilates.at/,4.7,52,found_on_site,a small idea for Vibe Pilates's team,"Hi there,

I came across Vibe Pilates while researching top rated reformer pilates studios in Vienna and noticed you're holding a 4.7 rating across 52 reviews. That's the kind of loyalty that usually means members are proud to be part of the studio, not just attending classes.

We're Merch Maverick, a factory direct supplier of branded totes, mat bags, and studio apparel for pilates studios. We work without agency markups, so the pricing usually beats what local printers quote for the same quality.

I can put together a free digital mockup of a Vibe Pilates branded studio tote within 48 hours, no cost and no obligation either way.

Should I send that your way?

Faiaz

Merch Maverick

themerchmaverick.com"
Harbour Twenty,team@harbour20.com,sauna,Toronto,CA,https://www.harbour20.com/,4.7,51,found_on_site,quick question about Harbour Twenty's retail shelf,"Hi there,

I came across Harbour Twenty while researching top rated sauna studios in Toronto and noticed you're holding a 4.7 rating across 51 reviews. That kind of consistency usually means people leave your space wanting to take a piece of the experience home with them.

We're Merch Maverick, a factory direct supplier for branded sauna gear including hats, towels, and robes for studios like yours. No middlemen, no inflated agency pricing, just your logo on the exact ritual gear your members already associate with the experience.

I can hop on a quick free call about which fabric and colorway would actually hold up best for a quick dry ritual towel in your space, no strings attached.

Would it be okay if I sent that over?

Faiaz

Merch Maverick

themerchmaverick.com"
Krio Budapest-Hidegterápia,foglalas@kriobudapest.hu,cold_plunge,Budapest,HU,https://kriobudapest.hu/,4.7,51,found_on_site,quick idea for Krio Budapest-Hidegterápia's members,"Hi there,

I came across Krio Budapest-Hidegterápia while researching top rated cold plunge and sauna spaces in Budapest and noticed you're holding a 4.7 rating across 51 reviews. Numbers like that usually mean people leave talking about the experience, which is exactly the kind of thing branded gear tends to amplify.

We're Merch Maverick, a factory direct supplier of branded robes, towels, and recovery hoodies for studios like yours, no agency markups, just your logo on gear members already want.

I can put together a free digital mockup of a Krio Budapest-Hidegterápia branded branded robe within 48 hours, no cost and no obligation either way.

Would that be useful to you?

Faiaz

Merch Maverick

themerchmaverick.com"
University Club of Boston,info@uclub.org,run_club,Boston,US,http://www.uclub.org/,4.7,47,found_on_site,quick note for University Club of Boston,"Hi there,

I came across University Club of Boston while researching top rated run clubs in Boston and noticed you're holding a 4.7 rating across 47 reviews. Numbers like that usually mean your club already feels like a third place for people, not just a Tuesday run.

We're Merch Maverick, a factory direct supplier of branded team tees, caps, and run club apparel. No agency markups, just gear your crew will actually wear outside of race day.

I can mail over a free fabric swatch pack for the run club cap line so you can feel the quality before deciding anything.

Want me to go ahead and put that together?

Faiaz

Merch Maverick

themerchmaverick.com"
studio88 Pilates Studio - Stirchley,info@itsstudio88.com,pilates,Birmingham,GB,https://itsstudio88.com/,4.7,45,found_on_site,thought of studio88 Pilates Studio - Stirchley for something,"Hi there,

I came across studio88 Pilates Studio - Stirchley while researching top rated reformer pilates studios in Birmingham and noticed you're holding a 4.7 rating across 45 reviews. That kind of rating usually means your members already see the studio as part of their identity, which is exactly when branded gear starts to sell itself.

We're Merch Maverick, a factory direct supplier of branded totes, mat bags, and studio apparel for pilates studios. We work without agency markups, so the pricing usually beats what local printers quote for the same quality.

I can mail over a free fabric swatch pack for the mat bag line so you can feel the quality before deciding anything.

Should I send that your way?

Faiaz

Merch Maverick

themerchmaverick.com"
ASCARO Sauna - Hyra Bastu Stockholm,support@saunify.se,sauna,Stockholm,SE,https://saunify.se/hyra-bastu-stockholm/,4.7,44,found_on_site,"quick idea, ASCARO Sauna - Hyra Bastu Stockholm","Hi there,

I came across ASCARO Sauna - Hyra Bastu Stockholm while researching top rated sauna studios in Stockholm and noticed you're holding a 4.7 rating across 44 reviews. Members who show up that consistently tend to want gear that says they are serious about the ritual, not just visiting once.

We're Merch Maverick, a factory direct supplier for branded sauna gear including hats, towels, and robes for studios like yours. No middlemen, no inflated agency pricing, just your logo on the exact ritual gear your members already associate with the experience.

I can get your first recovery beanie sample out at cost, no minimum order, no commitment beyond that.

Would it be okay if I sent that over?

Faiaz

Merch Maverick

themerchmaverick.com"
"CryocareUSA Weight Loss , IV , Hydrafacial & Cryo Med Spa Irvine",d@a-.type,cold_plunge,Anaheim,US,https://www.cryocareusa.com/,4.7,39,found_on_site,"small idea for CryocareUSA Weight Loss , IV , Hydrafacial & Cryo Med Spa Irvine","Hi there,

I came across CryocareUSA Weight Loss , IV , Hydrafacial & Cryo Med Spa Irvine while researching top rated cold plunge and sauna spaces in Anaheim and noticed you're holding a 4.7 rating across 39 reviews. That kind of following usually means people already treat this as part of their routine, which is exactly when branded gear starts to matter.

We're Merch Maverick, a factory direct supplier of branded robes, towels, and recovery hoodies for studios like yours, no agency markups, just your logo on gear members already want.

I can mail over a free fabric swatch pack for the recovery hoodie line so you can feel the quality before deciding anything.

Would that be useful to you?

Faiaz

Merch Maverick

themerchmaverick.com"
Third Space Studios,hello@mythirdspacestudios.com,pilates,Houston,US,https://www.mythirdspacestudios.com/,4.7,38,found_on_site,curious if this is useful for Third Space Studios,"Hi there,

I came across Third Space Studios while researching top rated reformer pilates studios in Houston and noticed you're holding a 4.7 rating across 38 reviews. That's the kind of loyalty that usually means members are proud to be part of the studio, not just attending classes.

We're Merch Maverick, a factory direct supplier of branded totes, mat bags, and studio apparel for pilates studios. We work without agency markups, so the pricing usually beats what local printers quote for the same quality.

I can hop on a quick free call about which fabric and colorway would actually hold up best for a branded headband in your space, no strings attached.

Want me to go ahead and put that together?

Faiaz

Merch Maverick

themerchmaverick.com"
REFORMA Pilates Club,hello@reforma-club.com,pilates,Cologne,DE,https://www.reforma-club.com/,4.7,36,found_on_site,free something for REFORMA Pilates Club,"Hi there,

I came across REFORMA Pilates Club while researching top rated reformer pilates studios in Cologne and noticed you're holding a 4.7 rating across 36 reviews. That kind of rating usually means your members already see the studio as part of their identity, which is exactly when branded gear starts to sell itself.

We're Merch Maverick, a factory direct supplier of branded totes, mat bags, and studio apparel for pilates studios. We work without agency markups, so the pricing usually beats what local printers quote for the same quality.

I can get your first grip socks sample out at cost, no minimum order, no commitment beyond that.

Should I send that your way?

Faiaz

Merch Maverick

themerchmaverick.com"
Pilates Phoenix,info@pilatesphoenix.com,pilates,Phoenix,US,http://www.pilatesphoenix.com/,4.7,35,found_on_site,quick thought after finding Pilates Phoenix,"Hi there,

I came across Pilates Phoenix while researching top rated reformer pilates studios in Phoenix and noticed you're holding a 4.7 rating across 35 reviews. That's the kind of loyalty that usually means members are proud to be part of the studio, not just attending classes.

We're Merch Maverick, a factory direct supplier of branded totes, mat bags, and studio apparel for pilates studios. We work without agency markups, so the pricing usually beats what local printers quote for the same quality.

I can put together a free digital mockup of a Pilates Phoenix branded studio tote within 48 hours, no cost and no obligation either way.

Would it be okay if I sent that over?

Faiaz

Merch Maverick

themerchmaverick.com"
Royal Sutton Coldfield Athletics Club,royalsuttoncoldfieldac@gmail.com,run_club,Birmingham,GB,http://www.rscac.co.uk/,4.7,31,found_on_site,a small idea for Royal Sutton Coldfield Athletics Club's team,"Hi there,

I came across Royal Sutton Coldfield Athletics Club while researching top rated run clubs in Birmingham and noticed you're holding a 4.7 rating across 31 reviews. That kind of following usually means your crew is already repping your name everywhere they go.

We're Merch Maverick, a factory direct supplier of branded team tees, caps, and run club apparel. No agency markups, just gear your crew will actually wear outside of race day.

I can hop on a quick free call about which fabric and colorway would actually hold up best for a neck buff in your space, no strings attached.

Would that be useful to you?

Faiaz

Merch Maverick

themerchmaverick.com"
The Pilates Studio Las Vegas,info@thepilatesstudiolasvegas.com,pilates,Las Vegas,US,http://thepilatesstudiolasvegas.com/,4.7,29,found_on_site,quick question about The Pilates Studio Las Vegas's retail shelf,"Hi there,

I came across The Pilates Studio Las Vegas while researching top rated reformer pilates studios in Las Vegas and noticed you're holding a 4.7 rating across 29 reviews. That kind of rating usually means your members already see the studio as part of their identity, which is exactly when branded gear starts to sell itself.

We're Merch Maverick, a factory direct supplier of branded totes, mat bags, and studio apparel for pilates studios. We work without agency markups, so the pricing usually beats what local printers quote for the same quality.

I can mail over a free fabric swatch pack for the mat bag line so you can feel the quality before deciding anything.

Want me to go ahead and put that together?

Faiaz

Merch Maverick

themerchmaverick.com"
Therapy - Soirées RAP & AFRO,contact@therapy-paris.com,cold_plunge,Paris,FR,https://therapy-paris.com/,4.7,28,found_on_site,quick idea for Therapy - Soirées RAP & AFRO's members,"Hi there,

I came across Therapy - Soirées RAP & AFRO while researching top rated cold plunge and sauna spaces in Paris and noticed you're holding a 4.7 rating across 28 reviews. Numbers like that usually mean people leave talking about the experience, which is exactly the kind of thing branded gear tends to amplify.

We're Merch Maverick, a factory direct supplier of branded robes, towels, and recovery hoodies for studios like yours, no agency markups, just your logo on gear members already want.

I can hop on a quick free call about which fabric and colorway would actually hold up best for a quick dry towel in your space, no strings attached.

Should I send that your way?

Faiaz

Merch Maverick

themerchmaverick.com"
The Spa at The Madrid EDITION,spa.madrid@editionhotels.com,sauna,Madrid,ES,https://www.marriott.com/en-us/hotels/madeb-the-madrid-edition/experiences/?scid=feed67b0-9a2f-4de1-8df6-114544116108,4.7,27,found_on_site,quick note for The Spa at The Madrid EDITION,"Hi there,

I came across The Spa at The Madrid EDITION while researching top rated sauna studios in Madrid and noticed you're holding a 4.7 rating across 27 reviews. That kind of consistency usually means people leave your space wanting to take a piece of the experience home with them.

We're Merch Maverick, a factory direct supplier for branded sauna gear including hats, towels, and robes for studios like yours. No middlemen, no inflated agency pricing, just your logo on the exact ritual gear your members already associate with the experience.

I can put together a free digital mockup of a The Spa at The Madrid EDITION branded wool felt sauna hat within 48 hours, no cost and no obligation either way.

Would it be okay if I sent that over?

Faiaz

Merch Maverick

themerchmaverick.com"
PS: The Pilates Studio- Wash Park,info@psdenver.com,pilates,Denver,US,http://www.psdenver.com/,4.7,24,found_on_site,thought of PS: The Pilates Studio- Wash Park for something,"Hi there,

I came across PS: The Pilates Studio- Wash Park while researching top rated reformer pilates studios in Denver and noticed you're holding a 4.7 rating across 24 reviews. That's the kind of loyalty that usually means members are proud to be part of the studio, not just attending classes.

We're Merch Maverick, a factory direct supplier of branded totes, mat bags, and studio apparel for pilates studios. We work without agency markups, so the pricing usually beats what local printers quote for the same quality.

I can hop on a quick free call about which fabric and colorway would actually hold up best for a branded headband in your space, no strings attached.

Would that be useful to you?

Faiaz

Merch Maverick

themerchmaverick.com"
Infrastar Wellness,infrastarstudio@icloud.com,sauna,Glasgow,GB,https://infrastar.book.app/pass?fbclid=PAAabS286E5kcF87wpxugLiYHNJ3KlQDkC_zYHmHofzlmR1uWOro3EMMIxPnI_aem_th_AXSoEt0Mz_OTUMBodo6ud7V44CHxd__XDdMf5BAF0kxqg-c2EH5bs0MyJ1LdhDvCT_w,4.7,21,found_on_site,"quick idea, Infrastar Wellness","Hi there,

I came across Infrastar Wellness while researching top rated sauna studios in Glasgow and noticed you're holding a 4.7 rating across 21 reviews. Members who show up that consistently tend to want gear that says they are serious about the ritual, not just visiting once.

We're Merch Maverick, a factory direct supplier for branded sauna gear including hats, towels, and robes for studios like yours. No middlemen, no inflated agency pricing, just your logo on the exact ritual gear your members already associate with the experience.

I can mail over a free fabric swatch pack for the branded plunge robe line so you can feel the quality before deciding anything.

Want me to go ahead and put that together?

Faiaz

Merch Maverick

themerchmaverick.com"
Subzero plunge,hello@subzeroplunge.com,cold_plunge,Austin,US,https://subzeroplunge.com/,4.7,20,found_on_site,small idea for Subzero plunge,"Hi there,

I came across Subzero plunge while researching top rated cold plunge and sauna spaces in Austin and noticed you're holding a 4.7 rating across 20 reviews. That kind of following usually means people already treat this as part of their routine, which is exactly when branded gear starts to matter.

We're Merch Maverick, a factory direct supplier of branded robes, towels, and recovery hoodies for studios like yours, no agency markups, just your logo on gear members already want.

I can get your first recovery beanie sample out at cost, no minimum order, no commitment beyond that.

Should I send that your way?

Faiaz

Merch Maverick

themerchmaverick.com"
Sacher Boutique Spa,sacherspa@sacher.com,sauna,Vienna,AT,https://www.sacher.com/de/wien/boutique-spa/?utm_source=google&utm_medium=gmb&utm_campaign=local,4.7,19,found_on_site,curious if this is useful for Sacher Boutique Spa,"Hi there,

I came across Sacher Boutique Spa while researching top rated sauna studios in Vienna and noticed you're holding a 4.7 rating across 19 reviews. That kind of consistency usually means people leave your space wanting to take a piece of the experience home with them.

We're Merch Maverick, a factory direct supplier for branded sauna gear including hats, towels, and robes for studios like yours. No middlemen, no inflated agency pricing, just your logo on the exact ritual gear your members already associate with the experience.

I can hop on a quick free call about which fabric and colorway would actually hold up best for a quick dry ritual towel in your space, no strings attached.

Would it be okay if I sent that over?

Faiaz

Merch Maverick

themerchmaverick.com"
Tuli Lodge @ Lake Union Piers [summer seasonal residency],hei@tuli-lodge.com,sauna,Seattle,US,https://tuli-lodge.com/,4.7,17,found_on_site,free something for Tuli Lodge @ Lake Union Piers [summer seasonal residency],"Hi there,

I came across Tuli Lodge @ Lake Union Piers [summer seasonal residency] while researching top rated sauna studios in Seattle and noticed you're holding a 4.7 rating across 17 reviews. Members who show up that consistently tend to want gear that says they are serious about the ritual, not just visiting once.

We're Merch Maverick, a factory direct supplier for branded sauna gear including hats, towels, and robes for studios like yours. No middlemen, no inflated agency pricing, just your logo on the exact ritual gear your members already associate with the experience.

I can get your first recovery beanie sample out at cost, no minimum order, no commitment beyond that.

Would that be useful to you?

Faiaz

Merch Maverick

themerchmaverick.com"
"Montgomery County Road Runners Club, Inc.",webmaster@mcrrc.org,run_club,Washington,US,https://www.mcrrc.org/,4.7,16,found_on_site,"quick thought after finding Montgomery County Road Runners Club, Inc.","Hi there,

I came across Montgomery County Road Runners Club, Inc. while researching top rated run clubs in Washington and noticed you're holding a 4.7 rating across 16 reviews. Numbers like that usually mean your club already feels like a third place for people, not just a Tuesday run.

We're Merch Maverick, a factory direct supplier of branded team tees, caps, and run club apparel. No agency markups, just gear your crew will actually wear outside of race day.

I can get your first finisher hoodie sample out at cost, no minimum order, no commitment beyond that.

Want me to go ahead and put that together?

Faiaz

Merch Maverick

themerchmaverick.com"
"Enjoy Pilates Studio, Downtown",info@enjoypilatestoronto.com,pilates,Toronto,CA,https://www.enjoypilatestoronto.com/,4.7,15,found_on_site,"a small idea for Enjoy Pilates Studio, Downtown's team","Hi there,

I came across Enjoy Pilates Studio, Downtown while researching top rated reformer pilates studios in Toronto and noticed you're holding a 4.7 rating across 15 reviews. That kind of rating usually means your members already see the studio as part of their identity, which is exactly when branded gear starts to sell itself.

We're Merch Maverick, a factory direct supplier of branded totes, mat bags, and studio apparel for pilates studios. We work without agency markups, so the pricing usually beats what local printers quote for the same quality.

I can get your first grip socks sample out at cost, no minimum order, no commitment beyond that.

Should I send that your way?

Faiaz

Merch Maverick

themerchmaverick.com"
Aesthetic Pilates,info@aestheticpilates.nl,pilates,Rotterdam,NL,https://www.aestheticpilates.nl/,4.7,15,found_on_site,quick question about Aesthetic Pilates's retail shelf,"Hi there,

I came across Aesthetic Pilates while researching top rated reformer pilates studios in Rotterdam and noticed you're holding a 4.7 rating across 15 reviews. That's the kind of loyalty that usually means members are proud to be part of the studio, not just attending classes.

We're Merch Maverick, a factory direct supplier of branded totes, mat bags, and studio apparel for pilates studios. We work without agency markups, so the pricing usually beats what local printers quote for the same quality.

I can put together a free digital mockup of a Aesthetic Pilates branded studio tote within 48 hours, no cost and no obligation either way.

Would it be okay if I sent that over?

Faiaz

Merch Maverick

themerchmaverick.com"
The Longevity Collective,info@marintlc.com,cold_plunge,San Francisco,US,https://www.marintlc.com/,4.7,15,found_on_site,quick idea for The Longevity Collective's members,"Hi there,

I came across The Longevity Collective while researching top rated cold plunge and sauna spaces in San Francisco and noticed you're holding a 4.7 rating across 15 reviews. Numbers like that usually mean people leave talking about the experience, which is exactly the kind of thing branded gear tends to amplify.

We're Merch Maverick, a factory direct supplier of branded robes, towels, and recovery hoodies for studios like yours, no agency markups, just your logo on gear members already want.

I can put together a free digital mockup of a The Longevity Collective branded branded robe within 48 hours, no cost and no obligation either way.

Would that be useful to you?

Faiaz

Merch Maverick

themerchmaverick.com"
Rhoades to Wellness,hello@rhoadessf.com,sauna,San Francisco,US,https://www.rhoadessf.com/,4.7,14,found_on_site,quick note for Rhoades to Wellness,"Hi there,

I came across Rhoades to Wellness while researching top rated sauna studios in San Francisco and noticed you're holding a 4.7 rating across 14 reviews. That kind of consistency usually means people leave your space wanting to take a piece of the experience home with them.

We're Merch Maverick, a factory direct supplier for branded sauna gear including hats, towels, and robes for studios like yours. No middlemen, no inflated agency pricing, just your logo on the exact ritual gear your members already associate with the experience.

I can put together a free digital mockup of a Rhoades to Wellness branded wool felt sauna hat within 48 hours, no cost and no obligation either way.

Want me to go ahead and put that together?

Faiaz

Merch Maverick

themerchmaverick.com"
Redwood Outdoors Seattle Showroom,allen@redwoodoutdoors.com,sauna,Seattle,US,https://www.redwoodoutdoors.com/,4.7,12,found_on_site,thought of Redwood Outdoors Seattle Showroom for something,"Hi there,

I came across Redwood Outdoors Seattle Showroom while researching top rated sauna studios in Seattle and noticed you're holding a 4.7 rating across 12 reviews. Members who show up that consistently tend to want gear that says they are serious about the ritual, not just visiting once.

We're Merch Maverick, a factory direct supplier for branded sauna gear including hats, towels, and robes for studios like yours. No middlemen, no inflated agency pricing, just your logo on the exact ritual gear your members already associate with the experience.

I can mail over a free fabric swatch pack for the branded plunge robe line so you can feel the quality before deciding anything.

Should I send that your way?

Faiaz

Merch Maverick

themerchmaverick.com"
Doll House Pilates,hello@dollhousepilates.com,pilates,Anaheim,US,https://dollhousepilates.com/,4.7,12,found_on_site,"quick idea, Doll House Pilates","Hi there,

I came across Doll House Pilates while researching top rated reformer pilates studios in Anaheim and noticed you're holding a 4.7 rating across 12 reviews. That kind of rating usually means your members already see the studio as part of their identity, which is exactly when branded gear starts to sell itself.

We're Merch Maverick, a factory direct supplier of branded totes, mat bags, and studio apparel for pilates studios. We work without agency markups, so the pricing usually beats what local printers quote for the same quality.

I can mail over a free fabric swatch pack for the mat bag line so you can feel the quality before deciding anything.

Would it be okay if I sent that over?

Faiaz

Merch Maverick

themerchmaverick.com"
"VIE, A Wellness Sanctuary",info@viewellnessdallas.com,cold_plunge,Dallas,US,https://www.viewellnessdallas.com/,4.7,12,found_on_site,"small idea for VIE, A Wellness Sanctuary","Hi there,

I came across VIE, A Wellness Sanctuary while researching top rated cold plunge and sauna spaces in Dallas and noticed you're holding a 4.7 rating across 12 reviews. That kind of following usually means people already treat this as part of their routine, which is exactly when branded gear starts to matter.

We're Merch Maverick, a factory direct supplier of branded robes, towels, and recovery hoodies for studios like yours, no agency markups, just your logo on gear members already want.

I can mail over a free fabric swatch pack for the recovery hoodie line so you can feel the quality before deciding anything.

Would that be useful to you?

Faiaz

Merch Maverick

themerchmaverick.com"
Cryo & Body Reset,info@cryobodyreset.nl,cold_plunge,Rotterdam,NL,http://www.cryobodyreset.nl/,4.7,12,found_on_site,curious if this is useful for Cryo & Body Reset,"Hi there,

I came across Cryo & Body Reset while researching top rated cold plunge and sauna spaces in Rotterdam and noticed you're holding a 4.7 rating across 12 reviews. Numbers like that usually mean people leave talking about the experience, which is exactly the kind of thing branded gear tends to amplify.

We're Merch Maverick, a factory direct supplier of branded robes, towels, and recovery hoodies for studios like yours, no agency markups, just your logo on gear members already want.

I can hop on a quick free call about which fabric and colorway would actually hold up best for a quick dry towel in your space, no strings attached.

Want me to go ahead and put that together?

Faiaz

Merch Maverick

themerchmaverick.com"
Ensana Thermal Margaret Island,info@ensanahotels.com,cold_plunge,Budapest,HU,https://ensanahotels.com/en/hotels/thermal-margaret-island?utm_source=google&utm_medium=organic&utm_campaign=GMB,4.6,4935,found_on_site,free something for Ensana Thermal Margaret Island,"Hi there,

I came across Ensana Thermal Margaret Island while researching top rated cold plunge and sauna spaces in Budapest and noticed you're holding a 4.6 rating across 4935 reviews. That kind of following usually means people already treat this as part of their routine, which is exactly when branded gear starts to matter.

We're Merch Maverick, a factory direct supplier of branded robes, towels, and recovery hoodies for studios like yours, no agency markups, just your logo on gear members already want.

I can get your first recovery beanie sample out at cost, no minimum order, no commitment beyond that.

Should I send that your way?

Faiaz

Merch Maverick

themerchmaverick.com"
Aire Ancient Baths | Vallromanes,vallromanes@beaire.com,sauna,Barcelona,ES,https://relax.beaire.com/es/aire-ancient-baths-vallromanes,4.6,3091,found_on_site,quick thought after finding Aire Ancient Baths | Vallromanes,"Hi there,

I came across Aire Ancient Baths | Vallromanes while researching top rated sauna studios in Barcelona and noticed you're holding a 4.6 rating across 3091 reviews. That kind of consistency usually means people leave your space wanting to take a piece of the experience home with them.

We're Merch Maverick, a factory direct supplier for branded sauna gear including hats, towels, and robes for studios like yours. No middlemen, no inflated agency pricing, just your logo on the exact ritual gear your members already associate with the experience.

I can hop on a quick free call about which fabric and colorway would actually hold up best for a quick dry ritual towel in your space, no strings attached.

Would it be okay if I sent that over?

Faiaz

Merch Maverick

themerchmaverick.com"
Neptunbad Sports & Spa,info@neptunbad.de,sauna,Cologne,DE,http://www.neptunbad.de/,4.6,2860,found_on_site,a small idea for Neptunbad Sports & Spa's team,"Hi there,

I came across Neptunbad Sports & Spa while researching top rated sauna studios in Cologne and noticed you're holding a 4.6 rating across 2860 reviews. Members who show up that consistently tend to want gear that says they are serious about the ritual, not just visiting once.

We're Merch Maverick, a factory direct supplier for branded sauna gear including hats, towels, and robes for studios like yours. No middlemen, no inflated agency pricing, just your logo on the exact ritual gear your members already associate with the experience.

I can get your first recovery beanie sample out at cost, no minimum order, no commitment beyond that.

Would that be useful to you?

Faiaz

Merch Maverick

themerchmaverick.com"
AIRE Ancient Baths London,london@beaire.com,sauna,London,GB,https://beaire.com/en/aire-ancient-baths-london,4.6,2008,found_on_site,quick question about AIRE Ancient Baths London's retail shelf,"Hi there,

I came across AIRE Ancient Baths London while researching top rated sauna studios in London and noticed you're holding a 4.6 rating across 2008 reviews. That kind of consistency usually means people leave your space wanting to take a piece of the experience home with them.

We're Merch Maverick, a factory direct supplier for branded sauna gear including hats, towels, and robes for studios like yours. No middlemen, no inflated agency pricing, just your logo on the exact ritual gear your members already associate with the experience.

I can put together a free digital mockup of a AIRE Ancient Baths London branded wool felt sauna hat within 48 hours, no cost and no obligation either way.

Want me to go ahead and put that together?

Faiaz

Merch Maverick

themerchmaverick.com"
Spa Hammam Rituels d’Orient,info@rituelsdorient.com,sauna,Barcelona,ES,http://www.rituelsdorient.com/,4.6,1493,found_on_site,quick idea for Spa Hammam Rituels d’Orient's members,"Hi there,

I came across Spa Hammam Rituels d’Orient while researching top rated sauna studios in Barcelona and noticed you're holding a 4.6 rating across 1493 reviews. Members who show up that consistently tend to want gear that says they are serious about the ritual, not just visiting once.

We're Merch Maverick, a factory direct supplier for branded sauna gear including hats, towels, and robes for studios like yours. No middlemen, no inflated agency pricing, just your logo on the exact ritual gear your members already associate with the experience.

I can mail over a free fabric swatch pack for the branded plunge robe line so you can feel the quality before deciding anything.

Should I send that your way?

Faiaz

Merch Maverick

themerchmaverick.com"
privé sauna met zwembad Tropicana Spa zuid-holland,info@tropicanaspa.nl,sauna,Rotterdam,NL,http://www.tropicanaspa.nl/,4.6,1319,found_on_site,quick note for privé sauna met zwembad Tropicana Spa zuid-holland,"Hi there,

I came across privé sauna met zwembad Tropicana Spa zuid-holland while researching top rated sauna studios in Rotterdam and noticed you're holding a 4.6 rating across 1319 reviews. That kind of consistency usually means people leave your space wanting to take a piece of the experience home with them.

We're Merch Maverick, a factory direct supplier for branded sauna gear including hats, towels, and robes for studios like yours. No middlemen, no inflated agency pricing, just your logo on the exact ritual gear your members already associate with the experience.

I can hop on a quick free call about which fabric and colorway would actually hold up best for a quick dry ritual towel in your space, no strings attached.

Would it be okay if I sent that over?

Faiaz

Merch Maverick

themerchmaverick.com"
"Auszeit - Wellness mit Ambiente - Day Spa, Massage, Kosmetik",info@auszeit-muenchen.de,cold_plunge,Munich,DE,http://auszeit-muenchen.de/,4.6,914,found_on_site,"thought of Auszeit - Wellness mit Ambiente - Day Spa, Massage, Kosmetik for something","Hi there,

I came across Auszeit - Wellness mit Ambiente - Day Spa, Massage, Kosmetik while researching top rated cold plunge and sauna spaces in Munich and noticed you're holding a 4.6 rating across 914 reviews. Numbers like that usually mean people leave talking about the experience, which is exactly the kind of thing branded gear tends to amplify.

We're Merch Maverick, a factory direct supplier of branded robes, towels, and recovery hoodies for studios like yours, no agency markups, just your logo on gear members already want.

I can put together a free digital mockup of a Auszeit - Wellness mit Ambiente - Day Spa, Massage, Kosmetik branded branded robe within 48 hours, no cost and no obligation either way.

Would that be useful to you?

Faiaz

Merch Maverick

themerchmaverick.com"
Elements,balanstrasse@elements.com,sauna,Frankfurt,DE,http://www.elements.com/,4.6,767,found_on_site,"quick idea, Elements","Hi there,

I came across Elements while researching top rated sauna studios in Frankfurt and noticed you're holding a 4.6 rating across 767 reviews. Members who show up that consistently tend to want gear that says they are serious about the ritual, not just visiting once.

We're Merch Maverick, a factory direct supplier for branded sauna gear including hats, towels, and robes for studios like yours. No middlemen, no inflated agency pricing, just your logo on the exact ritual gear your members already associate with the experience.

I can get your first recovery beanie sample out at cost, no minimum order, no commitment beyond that.

Want me to go ahead and put that together?

Faiaz

Merch Maverick

themerchmaverick.com"
The Circle Gym and Spa,hello@thecirclegymandspa.co.uk,sauna,London,GB,http://www.thecirclegymandspa.co.uk/,4.6,614,found_on_site,small idea for The Circle Gym and Spa,"Hi there,

I came across The Circle Gym and Spa while researching top rated sauna studios in London and noticed you're holding a 4.6 rating across 614 reviews. That kind of consistency usually means people leave your space wanting to take a piece of the experience home with them.

We're Merch Maverick, a factory direct supplier for branded sauna gear including hats, towels, and robes for studios like yours. No middlemen, no inflated agency pricing, just your logo on the exact ritual gear your members already associate with the experience.

I can put together a free digital mockup of a The Circle Gym and Spa branded wool felt sauna hat within 48 hours, no cost and no obligation either way.

Should I send that your way?

Faiaz

Merch Maverick

themerchmaverick.com"
Tower Club Dallas,joey.pogostin@invitedclubs.com,run_club,Dallas,US,https://www.invitedclubs.com/clubs/tower-club-dallas,4.6,554,found_on_site,curious if this is useful for Tower Club Dallas,"Hi there,

I came across Tower Club Dallas while researching top rated run clubs in Dallas and noticed you're holding a 4.6 rating across 554 reviews. That kind of following usually means your crew is already repping your name everywhere they go.

We're Merch Maverick, a factory direct supplier of branded team tees, caps, and run club apparel. No agency markups, just gear your crew will actually wear outside of race day.

I can put together a free digital mockup of a Tower Club Dallas branded team tee within 48 hours, no cost and no obligation either way.

Would it be okay if I sent that over?

Faiaz

Merch Maverick

themerchmaverick.com"
Renessence,welcome@renessence.com,cold_plunge,Amsterdam,NL,https://renessence.com/en-NL/?utm_source=GMB-Renessence&utm_medium=GMB&utm_campaign=GMB-direct,4.6,487,found_on_site,free something for Renessence,"Hi there,

I came across Renessence while researching top rated cold plunge and sauna spaces in Amsterdam and noticed you're holding a 4.6 rating across 487 reviews. That kind of following usually means people already treat this as part of their routine, which is exactly when branded gear starts to matter.

We're Merch Maverick, a factory direct supplier of branded robes, towels, and recovery hoodies for studios like yours, no agency markups, just your logo on gear members already want.

I can mail over a free fabric swatch pack for the recovery hoodie line so you can feel the quality before deciding anything.

Would that be useful to you?

Faiaz

Merch Maverick

themerchmaverick.com"
Aisawan Spa Boutique E.u.,office@aisawanspa.at,sauna,Vienna,AT,https://www.aisawanspa.at/,4.6,464,found_on_site,quick thought after finding Aisawan Spa Boutique E.u.,"Hi there,

I came across Aisawan Spa Boutique E.u. while researching top rated sauna studios in Vienna and noticed you're holding a 4.6 rating across 464 reviews. Members who show up that consistently tend to want gear that says they are serious about the ritual, not just visiting once.

We're Merch Maverick, a factory direct supplier for branded sauna gear including hats, towels, and robes for studios like yours. No middlemen, no inflated agency pricing, just your logo on the exact ritual gear your members already associate with the experience.

I can mail over a free fabric swatch pack for the branded plunge robe line so you can feel the quality before deciding anything.

Want me to go ahead and put that together?

Faiaz

Merch Maverick

themerchmaverick.com"
wellext,info@wellext.de,sauna,Frankfurt,DE,https://www.wellext.de/,4.6,397,found_on_site,a small idea for wellext's team,"Hi there,

I came across wellext while researching top rated sauna studios in Frankfurt and noticed you're holding a 4.6 rating across 397 reviews. That kind of consistency usually means people leave your space wanting to take a piece of the experience home with them.

We're Merch Maverick, a factory direct supplier for branded sauna gear including hats, towels, and robes for studios like yours. No middlemen, no inflated agency pricing, just your logo on the exact ritual gear your members already associate with the experience.

I can hop on a quick free call about which fabric and colorway would actually hold up best for a quick dry ritual towel in your space, no strings attached.

Should I send that your way?

Faiaz

Merch Maverick

themerchmaverick.com"
5 Star Salt Caves Wellness Center,info@5starsaltcaves.com,cold_plunge,Denver,US,https://5starsaltcaves.com/,4.6,375,found_on_site,quick question about 5 Star Salt Caves Wellness Center's retail shelf,"Hi there,

I came across 5 Star Salt Caves Wellness Center while researching top rated cold plunge and sauna spaces in Denver and noticed you're holding a 4.6 rating across 375 reviews. Numbers like that usually mean people leave talking about the experience, which is exactly the kind of thing branded gear tends to amplify.

We're Merch Maverick, a factory direct supplier of branded robes, towels, and recovery hoodies for studios like yours, no agency markups, just your logo on gear members already want.

I can hop on a quick free call about which fabric and colorway would actually hold up best for a quick dry towel in your space, no strings attached.

Would it be okay if I sent that over?

Faiaz

Merch Maverick

themerchmaverick.com"
Club Pilates Eixample,eixample@clubpilates.es,pilates,Barcelona,ES,https://www.clubpilates.es/location/eixample,4.6,355,found_on_site,quick idea for Club Pilates Eixample's members,"Hi there,

I came across Club Pilates Eixample while researching top rated reformer pilates studios in Barcelona and noticed you're holding a 4.6 rating across 355 reviews. That's the kind of loyalty that usually means members are proud to be part of the studio, not just attending classes.

We're Merch Maverick, a factory direct supplier of branded totes, mat bags, and studio apparel for pilates studios. We work without agency markups, so the pricing usually beats what local printers quote for the same quality.

I can hop on a quick free call about which fabric and colorway would actually hold up best for a branded headband in your space, no strings attached.

Would that be useful to you?

Faiaz

Merch Maverick

themerchmaverick.com"
Float Boston,info@floatboston.com,cold_plunge,Boston,US,http://www.floatboston.com/,4.6,296,found_on_site,quick note for Float Boston,"Hi there,

I came across Float Boston while researching top rated cold plunge and sauna spaces in Boston and noticed you're holding a 4.6 rating across 296 reviews. That kind of following usually means people already treat this as part of their routine, which is exactly when branded gear starts to matter.

We're Merch Maverick, a factory direct supplier of branded robes, towels, and recovery hoodies for studios like yours, no agency markups, just your logo on gear members already want.

I can get your first recovery beanie sample out at cost, no minimum order, no commitment beyond that.

Want me to go ahead and put that together?

Faiaz

Merch Maverick

themerchmaverick.com"
Dallas 24 Hour Club,info@dallas24hourclub.org,run_club,Dallas,US,http://dallas24hourclub.org/,4.6,290,found_on_site,thought of Dallas 24 Hour Club for something,"Hi there,

I came across Dallas 24 Hour Club while researching top rated run clubs in Dallas and noticed you're holding a 4.6 rating across 290 reviews. Numbers like that usually mean your club already feels like a third place for people, not just a Tuesday run.

We're Merch Maverick, a factory direct supplier of branded team tees, caps, and run club apparel. No agency markups, just gear your crew will actually wear outside of race day.

I can mail over a free fabric swatch pack for the run club cap line so you can feel the quality before deciding anything.

Should I send that your way?

Faiaz

Merch Maverick

themerchmaverick.com"
Yi-Spa,relax@yi-spa.com,cold_plunge,Berlin,DE,http://www.yi-spa.com/,4.6,259,found_on_site,"quick idea, Yi-Spa","Hi there,

I came across Yi-Spa while researching top rated cold plunge and sauna spaces in Berlin and noticed you're holding a 4.6 rating across 259 reviews. Numbers like that usually mean people leave talking about the experience, which is exactly the kind of thing branded gear tends to amplify.

We're Merch Maverick, a factory direct supplier of branded robes, towels, and recovery hoodies for studios like yours, no agency markups, just your logo on gear members already want.

I can put together a free digital mockup of a Yi-Spa branded branded robe within 48 hours, no cost and no obligation either way.

Would it be okay if I sent that over?

Faiaz

Merch Maverick

themerchmaverick.com"
UHealth Fitness and Wellness Center,medwellness@med.miami.edu,cold_plunge,Miami,US,https://umiamihealth.org/locations/uhealth-fitness-and-wellness-center,4.6,255,found_on_site,small idea for UHealth Fitness and Wellness Center,"Hi there,

I came across UHealth Fitness and Wellness Center while researching top rated cold plunge and sauna spaces in Miami and noticed you're holding a 4.6 rating across 255 reviews. That kind of following usually means people already treat this as part of their routine, which is exactly when branded gear starts to matter.

We're Merch Maverick, a factory direct supplier of branded robes, towels, and recovery hoodies for studios like yours, no agency markups, just your logo on gear members already want.

I can mail over a free fabric swatch pack for the recovery hoodie line so you can feel the quality before deciding anything.

Would that be useful to you?

Faiaz

Merch Maverick

themerchmaverick.com"
Spa Papillon,info@spa-papillon.nl,sauna,Amsterdam,NL,https://spa-papillon.nl/,4.6,244,found_on_site,curious if this is useful for Spa Papillon,"Hi there,

I came across Spa Papillon while researching top rated sauna studios in Amsterdam and noticed you're holding a 4.6 rating across 244 reviews. Members who show up that consistently tend to want gear that says they are serious about the ritual, not just visiting once.

We're Merch Maverick, a factory direct supplier for branded sauna gear including hats, towels, and robes for studios like yours. No middlemen, no inflated agency pricing, just your logo on the exact ritual gear your members already associate with the experience.

I can get your first recovery beanie sample out at cost, no minimum order, no commitment beyond that.

Want me to go ahead and put that together?

Faiaz

Merch Maverick

themerchmaverick.com"
Dillon's Russian Steam Bath,rizroc@verizon.net,sauna,Boston,US,http://www.dillonsrussiansteambath.com/,4.6,223,found_on_site,free something for Dillon's Russian Steam Bath,"Hi there,

I came across Dillon's Russian Steam Bath while researching top rated sauna studios in Boston and noticed you're holding a 4.6 rating across 223 reviews. That kind of consistency usually means people leave your space wanting to take a piece of the experience home with them.

We're Merch Maverick, a factory direct supplier for branded sauna gear including hats, towels, and robes for studios like yours. No middlemen, no inflated agency pricing, just your logo on the exact ritual gear your members already associate with the experience.

I can put together a free digital mockup of a Dillon's Russian Steam Bath branded wool felt sauna hat within 48 hours, no cost and no obligation either way.

Should I send that your way?

Faiaz

Merch Maverick

themerchmaverick.com"
Sai Spa München,info@saispa.de,sauna,Munich,DE,https://www.saispa.de/,4.6,223,found_on_site,quick thought after finding Sai Spa München,"Hi there,

I came across Sai Spa München while researching top rated sauna studios in Munich and noticed you're holding a 4.6 rating across 223 reviews. Members who show up that consistently tend to want gear that says they are serious about the ritual, not just visiting once.

We're Merch Maverick, a factory direct supplier for branded sauna gear including hats, towels, and robes for studios like yours. No middlemen, no inflated agency pricing, just your logo on the exact ritual gear your members already associate with the experience.

I can mail over a free fabric swatch pack for the branded plunge robe line so you can feel the quality before deciding anything.

Would it be okay if I sent that over?

Faiaz

Merch Maverick

themerchmaverick.com"
Workout Harbourside,ashton@workoutbristol.co.uk,sauna,Bristol,GB,https://www.workoutbristol.co.uk/gyms/harbourside,4.6,218,found_on_site,a small idea for Workout Harbourside's team,"Hi there,

I came across Workout Harbourside while researching top rated sauna studios in Bristol and noticed you're holding a 4.6 rating across 218 reviews. That kind of consistency usually means people leave your space wanting to take a piece of the experience home with them.

We're Merch Maverick, a factory direct supplier for branded sauna gear including hats, towels, and robes for studios like yours. No middlemen, no inflated agency pricing, just your logo on the exact ritual gear your members already associate with the experience.

I can hop on a quick free call about which fabric and colorway would actually hold up best for a quick dry ritual towel in your space, no strings attached.

Would that be useful to you?

Faiaz

Merch Maverick

themerchmaverick.com"
Kempinski The Spa - Budapest,spa.corvinus@kempinski.com,cold_plunge,Budapest,HU,https://www.kempinski.com/en/hotel-corvinus-budapest/luxury-spa,4.6,213,found_on_site,quick question about Kempinski The Spa - Budapest's retail shelf,"Hi there,

I came across Kempinski The Spa - Budapest while researching top rated cold plunge and sauna spaces in Budapest and noticed you're holding a 4.6 rating across 213 reviews. Numbers like that usually mean people leave talking about the experience, which is exactly the kind of thing branded gear tends to amplify.

We're Merch Maverick, a factory direct supplier of branded robes, towels, and recovery hoodies for studios like yours, no agency markups, just your logo on gear members already want.

I can hop on a quick free call about which fabric and colorway would actually hold up best for a quick dry towel in your space, no strings attached.

Want me to go ahead and put that together?

Faiaz

Merch Maverick

themerchmaverick.com"
Arc Community - Sauna and Ice,hello@arc-community.com,cold_plunge,London,GB,https://www.arc-community.com/,4.6,206,found_on_site,quick idea for Arc Community - Sauna and Ice's members,"Hi there,

I came across Arc Community - Sauna and Ice while researching top rated cold plunge and sauna spaces in London and noticed you're holding a 4.6 rating across 206 reviews. That kind of following usually means people already treat this as part of their routine, which is exactly when branded gear starts to matter.

We're Merch Maverick, a factory direct supplier of branded robes, towels, and recovery hoodies for studios like yours, no agency markups, just your logo on gear members already want.

I can get your first recovery beanie sample out at cost, no minimum order, no commitment beyond that.

Should I send that your way?

Faiaz

Merch Maverick

themerchmaverick.com"
Restore Hyper Wellness,frontdeskwa002@restore.com,cold_plunge,Washington,US,https://www.restore.com/locations/wa-issaquah-wa002?utm_source=gmb&utm_medium=Yext&y_source=1_MzE2Mjk5NTktNzE1LWxvY2F0aW9uLndlYnNpdGU%3D,4.6,184,found_on_site,quick note for Restore Hyper Wellness,"Hi there,

I came across Restore Hyper Wellness while researching top rated cold plunge and sauna spaces in Washington and noticed you're holding a 4.6 rating across 184 reviews. Numbers like that usually mean people leave talking about the experience, which is exactly the kind of thing branded gear tends to amplify.

We're Merch Maverick, a factory direct supplier of branded robes, towels, and recovery hoodies for studios like yours, no agency markups, just your logo on gear members already want.

I can put together a free digital mockup of a Restore Hyper Wellness branded branded robe within 48 hours, no cost and no obligation either way.

Would it be okay if I sent that over?

Faiaz

Merch Maverick

themerchmaverick.com"
Pause West Hollywood,weho@pausestudio.com,sauna,Los Angeles,US,https://pausestudio.com/westhollywood,4.6,176,found_on_site,thought of Pause West Hollywood for something,"Hi there,

I came across Pause West Hollywood while researching top rated sauna studios in Los Angeles and noticed you're holding a 4.6 rating across 176 reviews. Members who show up that consistently tend to want gear that says they are serious about the ritual, not just visiting once.

We're Merch Maverick, a factory direct supplier for branded sauna gear including hats, towels, and robes for studios like yours. No middlemen, no inflated agency pricing, just your logo on the exact ritual gear your members already associate with the experience.

I can get your first recovery beanie sample out at cost, no minimum order, no commitment beyond that.

Would that be useful to you?

Faiaz

Merch Maverick

themerchmaverick.com"
Boutique & Glow Studio Aime,hello@aime.co,sauna,Paris,FR,http://www.aime.co/,4.6,172,found_on_site,"quick idea, Boutique & Glow Studio Aime","Hi there,

I came across Boutique & Glow Studio Aime while researching top rated sauna studios in Paris and noticed you're holding a 4.6 rating across 172 reviews. That kind of consistency usually means people leave your space wanting to take a piece of the experience home with them.

We're Merch Maverick, a factory direct supplier for branded sauna gear including hats, towels, and robes for studios like yours. No middlemen, no inflated agency pricing, just your logo on the exact ritual gear your members already associate with the experience.

I can put together a free digital mockup of a Boutique & Glow Studio Aime branded wool felt sauna hat within 48 hours, no cost and no obligation either way.

Want me to go ahead and put that together?

Faiaz

Merch Maverick

themerchmaverick.com"
Sir Victor Spa by Serena,hello@sirdevonshiresquare.com,sauna,Barcelona,ES,https://www.sirhotels.com/es/victor/spa/?utm_source=meta-channel&utm_medium=referral&utm_campaign=business-profile,4.6,160,found_on_site,small idea for Sir Victor Spa by Serena,"Hi there,

I came across Sir Victor Spa by Serena while researching top rated sauna studios in Barcelona and noticed you're holding a 4.6 rating across 160 reviews. Members who show up that consistently tend to want gear that says they are serious about the ritual, not just visiting once.

We're Merch Maverick, a factory direct supplier for branded sauna gear including hats, towels, and robes for studios like yours. No middlemen, no inflated agency pricing, just your logo on the exact ritual gear your members already associate with the experience.

I can mail over a free fabric swatch pack for the branded plunge robe line so you can feel the quality before deciding anything.

Should I send that your way?

Faiaz

Merch Maverick

themerchmaverick.com"
Studio 9 Pilates,info@studio9-pilates.nl,pilates,Amsterdam,NL,http://www.studio9-pilates.nl/,4.6,159,found_on_site,curious if this is useful for Studio 9 Pilates,"Hi there,

I came across Studio 9 Pilates while researching top rated reformer pilates studios in Amsterdam and noticed you're holding a 4.6 rating across 159 reviews. That kind of rating usually means your members already see the studio as part of their identity, which is exactly when branded gear starts to sell itself.

We're Merch Maverick, a factory direct supplier of branded totes, mat bags, and studio apparel for pilates studios. We work without agency markups, so the pricing usually beats what local printers quote for the same quality.

I can get your first grip socks sample out at cost, no minimum order, no commitment beyond that.

Would it be okay if I sent that over?

Faiaz

Merch Maverick

themerchmaverick.com"
The Dopamine Studio,info@thedopaminestudio.com,sauna,Berlin,DE,http://thedopaminestudio.com/,4.6,152,found_on_site,free something for The Dopamine Studio,"Hi there,

I came across The Dopamine Studio while researching top rated sauna studios in Berlin and noticed you're holding a 4.6 rating across 152 reviews. That kind of consistency usually means people leave your space wanting to take a piece of the experience home with them.

We're Merch Maverick, a factory direct supplier for branded sauna gear including hats, towels, and robes for studios like yours. No middlemen, no inflated agency pricing, just your logo on the exact ritual gear your members already associate with the experience.

I can hop on a quick free call about which fabric and colorway would actually hold up best for a quick dry ritual towel in your space, no strings attached.

Would that be useful to you?

Faiaz

Merch Maverick

themerchmaverick.com"
Sweatheory Hollywood,hello@sweatheory.com,sauna,Los Angeles,US,http://sweatheory.com/,4.6,151,found_on_site,quick thought after finding Sweatheory Hollywood,"Hi there,

I came across Sweatheory Hollywood while researching top rated sauna studios in Los Angeles and noticed you're holding a 4.6 rating across 151 reviews. Members who show up that consistently tend to want gear that says they are serious about the ritual, not just visiting once.

We're Merch Maverick, a factory direct supplier for branded sauna gear including hats, towels, and robes for studios like yours. No middlemen, no inflated agency pricing, just your logo on the exact ritual gear your members already associate with the experience.

I can get your first recovery beanie sample out at cost, no minimum order, no commitment beyond that.

Want me to go ahead and put that together?

Faiaz

Merch Maverick

themerchmaverick.com"
Sento Spa and Health Club,info@sento.nl,sauna,Amsterdam,NL,http://www.sento.nl/,4.6,130,found_on_site,a small idea for Sento Spa and Health Club's team,"Hi there,

I came across Sento Spa and Health Club while researching top rated sauna studios in Amsterdam and noticed you're holding a 4.6 rating across 130 reviews. That kind of consistency usually means people leave your space wanting to take a piece of the experience home with them.

We're Merch Maverick, a factory direct supplier for branded sauna gear including hats, towels, and robes for studios like yours. No middlemen, no inflated agency pricing, just your logo on the exact ritual gear your members already associate with the experience.

I can put together a free digital mockup of a Sento Spa and Health Club branded wool felt sauna hat within 48 hours, no cost and no obligation either way.

Should I send that your way?

Faiaz

Merch Maverick

themerchmaverick.com"
Sant Roch,vendome@sant-roch.com,sauna,Paris,FR,https://sant-roch.com/,4.6,129,found_on_site,quick question about Sant Roch's retail shelf,"Hi there,

I came across Sant Roch while researching top rated sauna studios in Paris and noticed you're holding a 4.6 rating across 129 reviews. Members who show up that consistently tend to want gear that says they are serious about the ritual, not just visiting once.

We're Merch Maverick, a factory direct supplier for branded sauna gear including hats, towels, and robes for studios like yours. No middlemen, no inflated agency pricing, just your logo on the exact ritual gear your members already associate with the experience.

I can mail over a free fabric swatch pack for the branded plunge robe line so you can feel the quality before deciding anything.

Would it be okay if I sent that over?

Faiaz

Merch Maverick

themerchmaverick.com"
City Sweats - Wallingford,wallingford@citysweats.com,sauna,Washington,US,https://citysweats.com/wallingford,4.6,109,found_on_site,quick idea for City Sweats - Wallingford's members,"Hi there,

I came across City Sweats - Wallingford while researching top rated sauna studios in Washington and noticed you're holding a 4.6 rating across 109 reviews. That kind of consistency usually means people leave your space wanting to take a piece of the experience home with them.

We're Merch Maverick, a factory direct supplier for branded sauna gear including hats, towels, and robes for studios like yours. No middlemen, no inflated agency pricing, just your logo on the exact ritual gear your members already associate with the experience.

I can hop on a quick free call about which fabric and colorway would actually hold up best for a quick dry ritual towel in your space, no strings attached.

Would that be useful to you?

Faiaz

Merch Maverick

themerchmaverick.com"
Runners Roost Central Park,centralpark@runnersroost.com,run_club,Denver,US,https://shop.runnersroost.com/content/centralpark,4.6,109,found_on_site,quick note for Runners Roost Central Park,"Hi there,

I came across Runners Roost Central Park while researching top rated run clubs in Denver and noticed you're holding a 4.6 rating across 109 reviews. That kind of following usually means your crew is already repping your name everywhere they go.

We're Merch Maverick, a factory direct supplier of branded team tees, caps, and run club apparel. No agency markups, just gear your crew will actually wear outside of race day.

I can hop on a quick free call about which fabric and colorway would actually hold up best for a neck buff in your space, no strings attached.

Want me to go ahead and put that together?

Faiaz

Merch Maverick

themerchmaverick.com"
The Spa & Gym at The Edwardian Manchester Hotel,info@thespaandgym.com,sauna,Manchester,GB,https://www.thespaandgym.com/?utm_source=Yext&utm_medium=Organic,4.6,102,found_on_site,thought of The Spa & Gym at The Edwardian Manchester Hotel for something,"Hi there,

I came across The Spa & Gym at The Edwardian Manchester Hotel while researching top rated sauna studios in Manchester and noticed you're holding a 4.6 rating across 102 reviews. Members who show up that consistently tend to want gear that says they are serious about the ritual, not just visiting once.

We're Merch Maverick, a factory direct supplier for branded sauna gear including hats, towels, and robes for studios like yours. No middlemen, no inflated agency pricing, just your logo on the exact ritual gear your members already associate with the experience.

I can get your first recovery beanie sample out at cost, no minimum order, no commitment beyond that.

Should I send that your way?

Faiaz

Merch Maverick

themerchmaverick.com"
Grand Hôtel Nordic Spa & Fitness,info@grandhotel.se,sauna,Stockholm,SE,http://www.grandhotel.se/,4.6,95,found_on_site,"quick idea, Grand Hôtel Nordic Spa & Fitness","Hi there,

I came across Grand Hôtel Nordic Spa & Fitness while researching top rated sauna studios in Stockholm and noticed you're holding a 4.6 rating across 95 reviews. That kind of consistency usually means people leave your space wanting to take a piece of the experience home with them.

We're Merch Maverick, a factory direct supplier for branded sauna gear including hats, towels, and robes for studios like yours. No middlemen, no inflated agency pricing, just your logo on the exact ritual gear your members already associate with the experience.

I can put together a free digital mockup of a Grand Hôtel Nordic Spa & Fitness branded wool felt sauna hat within 48 hours, no cost and no obligation either way.

Would it be okay if I sent that over?

Faiaz

Merch Maverick

themerchmaverick.com"
Spa Alaena Paris,contact@maison-alaena.com,cold_plunge,Paris,FR,https://www.spa-alaena-paris.com/,4.6,88,found_on_site,small idea for Spa Alaena Paris,"Hi there,

I came across Spa Alaena Paris while researching top rated cold plunge and sauna spaces in Paris and noticed you're holding a 4.6 rating across 88 reviews. That kind of following usually means people already treat this as part of their routine, which is exactly when branded gear starts to matter.

We're Merch Maverick, a factory direct supplier of branded robes, towels, and recovery hoodies for studios like yours, no agency markups, just your logo on gear members already want.

I can mail over a free fabric swatch pack for the recovery hoodie line so you can feel the quality before deciding anything.

Would that be useful to you?

Faiaz

Merch Maverick

themerchmaverick.com"
Perspire Sauna Studio,santamonica@perspiresaunastudio.com,sauna,Los Angeles,US,http://www.perspiresaunastudio.com/ca/santa-monica,4.6,86,found_on_site,curious if this is useful for Perspire Sauna Studio,"Hi there,

I came across Perspire Sauna Studio while researching top rated sauna studios in Los Angeles and noticed you're holding a 4.6 rating across 86 reviews. Members who show up that consistently tend to want gear that says they are serious about the ritual, not just visiting once.

We're Merch Maverick, a factory direct supplier for branded sauna gear including hats, towels, and robes for studios like yours. No middlemen, no inflated agency pricing, just your logo on the exact ritual gear your members already associate with the experience.

I can mail over a free fabric swatch pack for the branded plunge robe line so you can feel the quality before deciding anything.

Want me to go ahead and put that together?

Faiaz

Merch Maverick

themerchmaverick.com"
Reform Studios,streeterville@reformstudios.co,pilates,Chicago,US,https://reformstudiospilates.com/,4.6,86,found_on_site,free something for Reform Studios,"Hi there,

I came across Reform Studios while researching top rated reformer pilates studios in Chicago and noticed you're holding a 4.6 rating across 86 reviews. That's the kind of loyalty that usually means members are proud to be part of the studio, not just attending classes.

We're Merch Maverick, a factory direct supplier of branded totes, mat bags, and studio apparel for pilates studios. We work without agency markups, so the pricing usually beats what local printers quote for the same quality.

I can put together a free digital mockup of a Reform Studios branded studio tote within 48 hours, no cost and no obligation either way.

Should I send that your way?

Faiaz

Merch Maverick

themerchmaverick.com"
Alchemy Springs & Sauna Garden,info@alchemysprings.com,sauna,San Francisco,US,https://alchemysprings.com/,4.6,75,found_on_site,quick thought after finding Alchemy Springs & Sauna Garden,"Hi there,

I came across Alchemy Springs & Sauna Garden while researching top rated sauna studios in San Francisco and noticed you're holding a 4.6 rating across 75 reviews. That kind of consistency usually means people leave your space wanting to take a piece of the experience home with them.

We're Merch Maverick, a factory direct supplier for branded sauna gear including hats, towels, and robes for studios like yours. No middlemen, no inflated agency pricing, just your logo on the exact ritual gear your members already associate with the experience.

I can hop on a quick free call about which fabric and colorway would actually hold up best for a quick dry ritual towel in your space, no strings attached.

Would it be okay if I sent that over?

Faiaz

Merch Maverick

themerchmaverick.com"
S W E A T L A N D,hello@thesweatland.com,sauna,Austin,US,http://thesweatland.com/,4.6,69,found_on_site,a small idea for S W E A T L A N D's team,"Hi there,

I came across S W E A T L A N D while researching top rated sauna studios in Austin and noticed you're holding a 4.6 rating across 69 reviews. Members who show up that consistently tend to want gear that says they are serious about the ritual, not just visiting once.

We're Merch Maverick, a factory direct supplier for branded sauna gear including hats, towels, and robes for studios like yours. No middlemen, no inflated agency pricing, just your logo on the exact ritual gear your members already associate with the experience.

I can get your first recovery beanie sample out at cost, no minimum order, no commitment beyond that.

Would that be useful to you?

Faiaz

Merch Maverick

themerchmaverick.com"
Burbank Infrared Sauna,burbankinfraredsauna@yahoo.com,sauna,Los Angeles,US,http://burbankinfraredsauna.com/,4.6,63,found_on_site,quick question about Burbank Infrared Sauna's retail shelf,"Hi there,

I came across Burbank Infrared Sauna while researching top rated sauna studios in Los Angeles and noticed you're holding a 4.6 rating across 63 reviews. That kind of consistency usually means people leave your space wanting to take a piece of the experience home with them.

We're Merch Maverick, a factory direct supplier for branded sauna gear including hats, towels, and robes for studios like yours. No middlemen, no inflated agency pricing, just your logo on the exact ritual gear your members already associate with the experience.

I can put together a free digital mockup of a Burbank Infrared Sauna branded wool felt sauna hat within 48 hours, no cost and no obligation either way.

Want me to go ahead and put that together?

Faiaz

Merch Maverick

themerchmaverick.com"
Classic Pilates,info@classicpilatesstudio.com,pilates,Dallas,US,https://classicpilatesstudio.com/,4.6,53,found_on_site,quick idea for Classic Pilates's members,"Hi there,

I came across Classic Pilates while researching top rated reformer pilates studios in Dallas and noticed you're holding a 4.6 rating across 53 reviews. That kind of rating usually means your members already see the studio as part of their identity, which is exactly when branded gear starts to sell itself.

We're Merch Maverick, a factory direct supplier of branded totes, mat bags, and studio apparel for pilates studios. We work without agency markups, so the pricing usually beats what local printers quote for the same quality.

I can mail over a free fabric swatch pack for the mat bag line so you can feel the quality before deciding anything.

Should I send that your way?

Faiaz

Merch Maverick

themerchmaverick.com"
St Anne's House – Community And Creative Hub,hello@bricksbristol.org,sauna,Bristol,GB,http://www.stanneshouse.org/,4.6,49,found_on_site,quick note for St Anne's House – Community And Creative Hub,"Hi there,

I came across St Anne's House – Community And Creative Hub while researching top rated sauna studios in Bristol and noticed you're holding a 4.6 rating across 49 reviews. Members who show up that consistently tend to want gear that says they are serious about the ritual, not just visiting once.

We're Merch Maverick, a factory direct supplier for branded sauna gear including hats, towels, and robes for studios like yours. No middlemen, no inflated agency pricing, just your logo on the exact ritual gear your members already associate with the experience.

I can mail over a free fabric swatch pack for the branded plunge robe line so you can feel the quality before deciding anything.

Would it be okay if I sent that over?

Faiaz

Merch Maverick

themerchmaverick.com"
Hone Pilates Ltd,hello@honepilates.com,pilates,Edinburgh,GB,https://www.honepilates.com/,4.6,49,found_on_site,thought of Hone Pilates Ltd for something,"Hi there,

I came across Hone Pilates Ltd while researching top rated reformer pilates studios in Edinburgh and noticed you're holding a 4.6 rating across 49 reviews. That's the kind of loyalty that usually means members are proud to be part of the studio, not just attending classes.

We're Merch Maverick, a factory direct supplier of branded totes, mat bags, and studio apparel for pilates studios. We work without agency markups, so the pricing usually beats what local printers quote for the same quality.

I can hop on a quick free call about which fabric and colorway would actually hold up best for a branded headband in your space, no strings attached.

Would that be useful to you?

Faiaz

Merch Maverick

themerchmaverick.com"
Club Pilates,unionstreet@clubpilates.com,pilates,San Francisco,US,http://clubpilates.com/unionstreet/?utm_source=google.com&utm_medium=referral&utm_campaign=yext,4.6,42,found_on_site,"quick idea, Club Pilates","Hi there,

I came across Club Pilates while researching top rated reformer pilates studios in San Francisco and noticed you're holding a 4.6 rating across 42 reviews. That kind of rating usually means your members already see the studio as part of their identity, which is exactly when branded gear starts to sell itself.

We're Merch Maverick, a factory direct supplier of branded totes, mat bags, and studio apparel for pilates studios. We work without agency markups, so the pricing usually beats what local printers quote for the same quality.

I can get your first grip socks sample out at cost, no minimum order, no commitment beyond that.

Want me to go ahead and put that together?

Faiaz

Merch Maverick

themerchmaverick.com"
Restore Hyper Wellness,frontdesktn002@restore.com,cold_plunge,Nashville,US,https://www.restore.com/locations/tn-nashville-green-hills-tn002?utm_source=gmb&utm_medium=Yext&y_source=1_MzQ0NjgwNTQtNzE1LWxvY2F0aW9uLndlYnNpdGU%3D,4.6,40,found_on_site,small idea for Restore Hyper Wellness,"Hi there,

I came across Restore Hyper Wellness while researching top rated cold plunge and sauna spaces in Nashville and noticed you're holding a 4.6 rating across 40 reviews. Numbers like that usually mean people leave talking about the experience, which is exactly the kind of thing branded gear tends to amplify.

We're Merch Maverick, a factory direct supplier of branded robes, towels, and recovery hoodies for studios like yours, no agency markups, just your logo on gear members already want.

I can hop on a quick free call about which fabric and colorway would actually hold up best for a quick dry towel in your space, no strings attached.

Should I send that your way?

Faiaz

Merch Maverick

themerchmaverick.com"
City Sweats - West Seattle,westseattle@citysweats.com,sauna,Washington,US,https://citysweats.com/west-seattle,4.6,35,found_on_site,curious if this is useful for City Sweats - West Seattle,"Hi there,

I came across City Sweats - West Seattle while researching top rated sauna studios in Washington and noticed you're holding a 4.6 rating across 35 reviews. That kind of consistency usually means people leave your space wanting to take a piece of the experience home with them.

We're Merch Maverick, a factory direct supplier for branded sauna gear including hats, towels, and robes for studios like yours. No middlemen, no inflated agency pricing, just your logo on the exact ritual gear your members already associate with the experience.

I can hop on a quick free call about which fabric and colorway would actually hold up best for a quick dry ritual towel in your space, no strings attached.

Would it be okay if I sent that over?

Faiaz

Merch Maverick

themerchmaverick.com"
Mind & Body Pilates,info@seattlepilates.com,pilates,Seattle,US,http://www.seattlepilates.com/,4.6,22,found_on_site,free something for Mind & Body Pilates,"Hi there,

I came across Mind & Body Pilates while researching top rated reformer pilates studios in Seattle and noticed you're holding a 4.6 rating across 22 reviews. That's the kind of loyalty that usually means members are proud to be part of the studio, not just attending classes.

We're Merch Maverick, a factory direct supplier of branded totes, mat bags, and studio apparel for pilates studios. We work without agency markups, so the pricing usually beats what local printers quote for the same quality.

I can put together a free digital mockup of a Mind & Body Pilates branded studio tote within 48 hours, no cost and no obligation either way.

Would that be useful to you?

Faiaz

Merch Maverick

themerchmaverick.com"
Cold Hut - Altrincham,sales@iqfitness.co.uk,sauna,Manchester,GB,https://www.coldhutrecovery.com/pages/iq-fitness,4.6,11,found_on_site,quick thought after finding Cold Hut - Altrincham,"Hi there,

I came across Cold Hut - Altrincham while researching top rated sauna studios in Manchester and noticed you're holding a 4.6 rating across 11 reviews. Members who show up that consistently tend to want gear that says they are serious about the ritual, not just visiting once.

We're Merch Maverick, a factory direct supplier for branded sauna gear including hats, towels, and robes for studios like yours. No middlemen, no inflated agency pricing, just your logo on the exact ritual gear your members already associate with the experience.

I can get your first recovery beanie sample out at cost, no minimum order, no commitment beyond that.

Want me to go ahead and put that together?

Faiaz

Merch Maverick

themerchmaverick.com"
Portishead Running Club,micah@micahrich.com,run_club,Bristol,GB,https://portisheadrunningclub.com/,4.6,5,found_on_site,a small idea for Portishead Running Club's team,"Hi there,

I came across Portishead Running Club while researching top rated run clubs in Bristol and noticed you're holding a 4.6 rating across 5 reviews. Numbers like that usually mean your club already feels like a third place for people, not just a Tuesday run.

We're Merch Maverick, a factory direct supplier of branded team tees, caps, and run club apparel. No agency markups, just gear your crew will actually wear outside of race day.

I can get your first finisher hoodie sample out at cost, no minimum order, no commitment beyond that.

Should I send that your way?

Faiaz

Merch Maverick

themerchmaverick.com"
Aquaworld Resort Budapest,reservation@aquaworldresort.hu,sauna,Budapest,HU,http://aquaworldresort.hu/,4.5,21131,found_on_site,quick question about Aquaworld Resort Budapest's retail shelf,"Hi there,

I came across Aquaworld Resort Budapest while researching top rated sauna studios in Budapest and noticed you're holding a 4.5 rating across 21131 reviews. That kind of consistency usually means people leave your space wanting to take a piece of the experience home with them.

We're Merch Maverick, a factory direct supplier for branded sauna gear including hats, towels, and robes for studios like yours. No middlemen, no inflated agency pricing, just your logo on the exact ritual gear your members already associate with the experience.

I can put together a free digital mockup of a Aquaworld Resort Budapest branded wool felt sauna hat within 48 hours, no cost and no obligation either way.

Would it be okay if I sent that over?

Faiaz

Merch Maverick

themerchmaverick.com"
Vabali,info@vabali.de,sauna,Berlin,DE,https://www.vabali.de/berlin/,4.5,14509,found_on_site,quick idea for Vabali's members,"Hi there,

I came across Vabali while researching top rated sauna studios in Berlin and noticed you're holding a 4.5 rating across 14509 reviews. Members who show up that consistently tend to want gear that says they are serious about the ritual, not just visiting once.

We're Merch Maverick, a factory direct supplier for branded sauna gear including hats, towels, and robes for studios like yours. No middlemen, no inflated agency pricing, just your logo on the exact ritual gear your members already associate with the experience.

I can mail over a free fabric swatch pack for the branded plunge robe line so you can feel the quality before deciding anything.

Would that be useful to you?

Faiaz

Merch Maverick

themerchmaverick.com"
Irgalmasok Veli Bej Bath,velibejfurdo@irgalmas.hu,sauna,Budapest,HU,http://www.velibej.hu/,4.5,3359,found_on_site,quick note for Irgalmasok Veli Bej Bath,"Hi there,

I came across Irgalmasok Veli Bej Bath while researching top rated sauna studios in Budapest and noticed you're holding a 4.5 rating across 3359 reviews. That kind of consistency usually means people leave your space wanting to take a piece of the experience home with them.

We're Merch Maverick, a factory direct supplier for branded sauna gear including hats, towels, and robes for studios like yours. No middlemen, no inflated agency pricing, just your logo on the exact ritual gear your members already associate with the experience.

I can hop on a quick free call about which fabric and colorway would actually hold up best for a quick dry ritual towel in your space, no strings attached.

Want me to go ahead and put that together?

Faiaz

Merch Maverick

themerchmaverick.com"
AIRE Ancient Baths Chicago,chicago@beaire.com,sauna,Chicago,US,https://beaire.com/en/aire-ancient-baths-chicago,4.5,2855,found_on_site,thought of AIRE Ancient Baths Chicago for something,"Hi there,

I came across AIRE Ancient Baths Chicago while researching top rated sauna studios in Chicago and noticed you're holding a 4.5 rating across 2855 reviews. Members who show up that consistently tend to want gear that says they are serious about the ritual, not just visiting once.

We're Merch Maverick, a factory direct supplier for branded sauna gear including hats, towels, and robes for studios like yours. No middlemen, no inflated agency pricing, just your logo on the exact ritual gear your members already associate with the experience.

I can get your first recovery beanie sample out at cost, no minimum order, no commitment beyond that.

Should I send that your way?

Faiaz

Merch Maverick

themerchmaverick.com"
AIRE Ancient Baths New York · Tribeca,nytribeca@beaire.com,sauna,New York,US,https://beaire.com/en/aire-ancient-baths-newyork-tribeca,4.5,2212,found_on_site,"quick idea, AIRE Ancient Baths New York · Tribeca","Hi there,

I came across AIRE Ancient Baths New York · Tribeca while researching top rated sauna studios in New York and noticed you're holding a 4.5 rating across 2212 reviews. That kind of consistency usually means people leave your space wanting to take a piece of the experience home with them.

We're Merch Maverick, a factory direct supplier for branded sauna gear including hats, towels, and robes for studios like yours. No middlemen, no inflated agency pricing, just your logo on the exact ritual gear your members already associate with the experience.

I can put together a free digital mockup of a AIRE Ancient Baths New York · Tribeca branded wool felt sauna hat within 48 hours, no cost and no obligation either way.

Would it be okay if I sent that over?

Faiaz

Merch Maverick

themerchmaverick.com"
Mandala Day Spa Budapest,reservation@mandaladayspa.hu,sauna,Budapest,HU,http://www.mandaladayspa.hu/,4.5,1520,found_on_site,small idea for Mandala Day Spa Budapest,"Hi there,

I came across Mandala Day Spa Budapest while researching top rated sauna studios in Budapest and noticed you're holding a 4.5 rating across 1520 reviews. Members who show up that consistently tend to want gear that says they are serious about the ritual, not just visiting once.

We're Merch Maverick, a factory direct supplier for branded sauna gear including hats, towels, and robes for studios like yours. No middlemen, no inflated agency pricing, just your logo on the exact ritual gear your members already associate with the experience.

I can mail over a free fabric swatch pack for the branded plunge robe line so you can feel the quality before deciding anything.

Would that be useful to you?

Faiaz

Merch Maverick

themerchmaverick.com"
Thermen La Mer,info@thermenlamer.nl,sauna,Amsterdam,NL,http://www.thermenlamer.nl/,4.5,1111,found_on_site,curious if this is useful for Thermen La Mer,"Hi there,

I came across Thermen La Mer while researching top rated sauna studios in Amsterdam and noticed you're holding a 4.5 rating across 1111 reviews. That kind of consistency usually means people leave your space wanting to take a piece of the experience home with them.

We're Merch Maverick, a factory direct supplier for branded sauna gear including hats, towels, and robes for studios like yours. No middlemen, no inflated agency pricing, just your logo on the exact ritual gear your members already associate with the experience.

I can hop on a quick free call about which fabric and colorway would actually hold up best for a quick dry ritual towel in your space, no strings attached.

Want me to go ahead and put that together?

Faiaz

Merch Maverick

themerchmaverick.com"
Bovine Sex Club,bovinebooking@gmail.com,run_club,Toronto,CA,http://www.bovinesexclub.com/,4.5,1023,found_on_site,free something for Bovine Sex Club,"Hi there,

I came across Bovine Sex Club while researching top rated run clubs in Toronto and noticed you're holding a 4.5 rating across 1023 reviews. That kind of following usually means your crew is already repping your name everywhere they go.

We're Merch Maverick, a factory direct supplier of branded team tees, caps, and run club apparel. No agency markups, just gear your crew will actually wear outside of race day.

I can put together a free digital mockup of a Bovine Sex Club branded team tee within 48 hours, no cost and no obligation either way.

Should I send that your way?

Faiaz

Merch Maverick

themerchmaverick.com"
Sky Spa & Sauna,info@skyspasauna.com,sauna,Chicago,US,https://skyspasauna.com/,4.5,981,found_on_site,quick thought after finding Sky Spa & Sauna,"Hi there,

I came across Sky Spa & Sauna while researching top rated sauna studios in Chicago and noticed you're holding a 4.5 rating across 981 reviews. Members who show up that consistently tend to want gear that says they are serious about the ritual, not just visiting once.

We're Merch Maverick, a factory direct supplier for branded sauna gear including hats, towels, and robes for studios like yours. No middlemen, no inflated agency pricing, just your logo on the exact ritual gear your members already associate with the experience.

I can get your first recovery beanie sample out at cost, no minimum order, no commitment beyond that.

Would it be okay if I sent that over?

Faiaz

Merch Maverick

themerchmaverick.com"
Go Active,info@goactive.hu,cold_plunge,Budapest,HU,https://goactive.hu/,4.5,696,found_on_site,a small idea for Go Active's team,"Hi there,

I came across Go Active while researching top rated cold plunge and sauna spaces in Budapest and noticed you're holding a 4.5 rating across 696 reviews. That kind of following usually means people already treat this as part of their routine, which is exactly when branded gear starts to matter.

We're Merch Maverick, a factory direct supplier of branded robes, towels, and recovery hoodies for studios like yours, no agency markups, just your logo on gear members already want.

I can get your first recovery beanie sample out at cost, no minimum order, no commitment beyond that.

Would that be useful to you?

Faiaz

Merch Maverick

themerchmaverick.com"
Oxygen Wellness,salesnaphegy@oxygenwellness.hu,sauna,Budapest,HU,https://oxygenwellness.hu/,4.5,651,found_on_site,quick question about Oxygen Wellness's retail shelf,"Hi there,

I came across Oxygen Wellness while researching top rated sauna studios in Budapest and noticed you're holding a 4.5 rating across 651 reviews. That kind of consistency usually means people leave your space wanting to take a piece of the experience home with them.

We're Merch Maverick, a factory direct supplier for branded sauna gear including hats, towels, and robes for studios like yours. No middlemen, no inflated agency pricing, just your logo on the exact ritual gear your members already associate with the experience.

I can put together a free digital mockup of a Oxygen Wellness branded wool felt sauna hat within 48 hours, no cost and no obligation either way.

Want me to go ahead and put that together?

Faiaz

Merch Maverick

themerchmaverick.com"
DOJO Boutique Club,reservation@dojoclub.hu,run_club,Budapest,HU,http://www.dojoclub.hu/,4.5,428,found_on_site,quick idea for DOJO Boutique Club's members,"Hi there,

I came across DOJO Boutique Club while researching top rated run clubs in Budapest and noticed you're holding a 4.5 rating across 428 reviews. Numbers like that usually mean your club already feels like a third place for people, not just a Tuesday run.

We're Merch Maverick, a factory direct supplier of branded team tees, caps, and run club apparel. No agency markups, just gear your crew will actually wear outside of race day.

I can mail over a free fabric swatch pack for the run club cap line so you can feel the quality before deciding anything.

Should I send that your way?

Faiaz

Merch Maverick

themerchmaverick.com"
5 Elements Day Spa,info@5elements-massage-spa.hu,cold_plunge,Budapest,HU,https://5elements-massage-spa.hu/balinese/,4.5,375,found_on_site,quick note for 5 Elements Day Spa,"Hi there,

I came across 5 Elements Day Spa while researching top rated cold plunge and sauna spaces in Budapest and noticed you're holding a 4.5 rating across 375 reviews. Numbers like that usually mean people leave talking about the experience, which is exactly the kind of thing branded gear tends to amplify.

We're Merch Maverick, a factory direct supplier of branded robes, towels, and recovery hoodies for studios like yours, no agency markups, just your logo on gear members already want.

I can put together a free digital mockup of a 5 Elements Day Spa branded branded robe within 48 hours, no cost and no obligation either way.

Would it be okay if I sent that over?

Faiaz

Merch Maverick

themerchmaverick.com"
Serena Spa Barcelona | Grums Hotel,info@spa4hotels.es,sauna,Barcelona,ES,https://www.spaserena.com/,4.5,350,found_on_site,thought of Serena Spa Barcelona | Grums Hotel for something,"Hi there,

I came across Serena Spa Barcelona | Grums Hotel while researching top rated sauna studios in Barcelona and noticed you're holding a 4.5 rating across 350 reviews. Members who show up that consistently tend to want gear that says they are serious about the ritual, not just visiting once.

We're Merch Maverick, a factory direct supplier for branded sauna gear including hats, towels, and robes for studios like yours. No middlemen, no inflated agency pricing, just your logo on the exact ritual gear your members already associate with the experience.

I can mail over a free fabric swatch pack for the branded plunge robe line so you can feel the quality before deciding anything.

Would that be useful to you?

Faiaz

Merch Maverick

themerchmaverick.com"
PURE Spa & Wellness (Lothian Road),customerservices@purespauk.com,sauna,Edinburgh,GB,https://purespauk.com/pages/pure-spa-beauty-lothian-road-edinburgh,4.5,347,found_on_site,"quick idea, PURE Spa & Wellness (Lothian Road)","Hi there,

I came across PURE Spa & Wellness (Lothian Road) while researching top rated sauna studios in Edinburgh and noticed you're holding a 4.5 rating across 347 reviews. That kind of consistency usually means people leave your space wanting to take a piece of the experience home with them.

We're Merch Maverick, a factory direct supplier for branded sauna gear including hats, towels, and robes for studios like yours. No middlemen, no inflated agency pricing, just your logo on the exact ritual gear your members already associate with the experience.

I can hop on a quick free call about which fabric and colorway would actually hold up best for a quick dry ritual towel in your space, no strings attached.

Want me to go ahead and put that together?

Faiaz

Merch Maverick

themerchmaverick.com"
Koan Float,info@koanfloat.nl,cold_plunge,Amsterdam,NL,https://www.koanfloat.nl/,4.5,314,found_on_site,small idea for Koan Float,"Hi there,

I came across Koan Float while researching top rated cold plunge and sauna spaces in Amsterdam and noticed you're holding a 4.5 rating across 314 reviews. That kind of following usually means people already treat this as part of their routine, which is exactly when branded gear starts to matter.

We're Merch Maverick, a factory direct supplier of branded robes, towels, and recovery hoodies for studios like yours, no agency markups, just your logo on gear members already want.

I can mail over a free fabric swatch pack for the recovery hoodie line so you can feel the quality before deciding anything.

Should I send that your way?

Faiaz

Merch Maverick

themerchmaverick.com"
Therme Wien Fitness,datenschutz@thermewien.at,cold_plunge,Vienna,AT,https://www.thermewien.at/fitness/,4.5,243,found_on_site,curious if this is useful for Therme Wien Fitness,"Hi there,

I came across Therme Wien Fitness while researching top rated cold plunge and sauna spaces in Vienna and noticed you're holding a 4.5 rating across 243 reviews. Numbers like that usually mean people leave talking about the experience, which is exactly the kind of thing branded gear tends to amplify.

We're Merch Maverick, a factory direct supplier of branded robes, towels, and recovery hoodies for studios like yours, no agency markups, just your logo on gear members already want.

I can hop on a quick free call about which fabric and colorway would actually hold up best for a quick dry towel in your space, no strings attached.

Would it be okay if I sent that over?

Faiaz

Merch Maverick

themerchmaverick.com"
AIRE Ancient Baths Toronto,toronto@beaire.com,sauna,Toronto,CA,https://relax.beaire.com/en/aire-ancient-baths-toronto,4.5,215,found_on_site,free something for AIRE Ancient Baths Toronto,"Hi there,

I came across AIRE Ancient Baths Toronto while researching top rated sauna studios in Toronto and noticed you're holding a 4.5 rating across 215 reviews. Members who show up that consistently tend to want gear that says they are serious about the ritual, not just visiting once.

We're Merch Maverick, a factory direct supplier for branded sauna gear including hats, towels, and robes for studios like yours. No middlemen, no inflated agency pricing, just your logo on the exact ritual gear your members already associate with the experience.

I can get your first recovery beanie sample out at cost, no minimum order, no commitment beyond that.

Would that be useful to you?

Faiaz

Merch Maverick

themerchmaverick.com"
CHABA Thai Massage & Spa,mail@spachaba.de,cold_plunge,Cologne,DE,http://www.spachaba.de/,4.5,198,found_on_site,quick thought after finding CHABA Thai Massage & Spa,"Hi there,

I came across CHABA Thai Massage & Spa while researching top rated cold plunge and sauna spaces in Cologne and noticed you're holding a 4.5 rating across 198 reviews. That kind of following usually means people already treat this as part of their routine, which is exactly when branded gear starts to matter.

We're Merch Maverick, a factory direct supplier of branded robes, towels, and recovery hoodies for studios like yours, no agency markups, just your logo on gear members already want.

I can get your first recovery beanie sample out at cost, no minimum order, no commitment beyond that.

Want me to go ahead and put that together?

Faiaz

Merch Maverick

themerchmaverick.com"
Russian And Turkish Baths,contact@russianandturkishbaths.com,sauna,Miami,US,http://www.russianandturkishbaths.com/,4.5,179,found_on_site,a small idea for Russian And Turkish Baths's team,"Hi there,

I came across Russian And Turkish Baths while researching top rated sauna studios in Miami and noticed you're holding a 4.5 rating across 179 reviews. That kind of consistency usually means people leave your space wanting to take a piece of the experience home with them.

We're Merch Maverick, a factory direct supplier for branded sauna gear including hats, towels, and robes for studios like yours. No middlemen, no inflated agency pricing, just your logo on the exact ritual gear your members already associate with the experience.

I can put together a free digital mockup of a Russian And Turkish Baths branded wool felt sauna hat within 48 hours, no cost and no obligation either way.

Should I send that your way?

Faiaz

Merch Maverick

themerchmaverick.com"
Club Pilates,summerlin@clubpilates.com,pilates,Las Vegas,US,https://www.clubpilates.com/summerlin/?utm_source=google.com&utm_medium=referral&utm_campaign=yext,4.5,179,found_on_site,quick question about Club Pilates's retail shelf,"Hi there,

I came across Club Pilates while researching top rated reformer pilates studios in Las Vegas and noticed you're holding a 4.5 rating across 179 reviews. That kind of rating usually means your members already see the studio as part of their identity, which is exactly when branded gear starts to sell itself.

We're Merch Maverick, a factory direct supplier of branded totes, mat bags, and studio apparel for pilates studios. We work without agency markups, so the pricing usually beats what local printers quote for the same quality.

I can mail over a free fabric swatch pack for the mat bag line so you can feel the quality before deciding anything.

Would it be okay if I sent that over?

Faiaz

Merch Maverick

themerchmaverick.com"
Almonte Spa,info@almontespa.com,sauna,San Francisco,US,http://www.almontespa.com/,4.5,169,found_on_site,quick idea for Almonte Spa's members,"Hi there,

I came across Almonte Spa while researching top rated sauna studios in San Francisco and noticed you're holding a 4.5 rating across 169 reviews. Members who show up that consistently tend to want gear that says they are serious about the ritual, not just visiting once.

We're Merch Maverick, a factory direct supplier for branded sauna gear including hats, towels, and robes for studios like yours. No middlemen, no inflated agency pricing, just your logo on the exact ritual gear your members already associate with the experience.

I can mail over a free fabric swatch pack for the branded plunge robe line so you can feel the quality before deciding anything.

Would that be useful to you?

Faiaz

Merch Maverick

themerchmaverick.com"
Perspire Sauna Studio,triangle@perspiresaunastudio.com,sauna,Austin,US,https://www.perspiresaunastudio.com/locations/austin-triangle,4.5,163,found_on_site,quick note for Perspire Sauna Studio,"Hi there,

I came across Perspire Sauna Studio while researching top rated sauna studios in Austin and noticed you're holding a 4.5 rating across 163 reviews. That kind of consistency usually means people leave your space wanting to take a piece of the experience home with them.

We're Merch Maverick, a factory direct supplier for branded sauna gear including hats, towels, and robes for studios like yours. No middlemen, no inflated agency pricing, just your logo on the exact ritual gear your members already associate with the experience.

I can hop on a quick free call about which fabric and colorway would actually hold up best for a quick dry ritual towel in your space, no strings attached.

Want me to go ahead and put that together?

Faiaz

Merch Maverick

themerchmaverick.com"
Sauna & Plunge,info@saunaandplunge.life,sauna,London,GB,https://www.saunaandplunge.life/,4.5,155,found_on_site,thought of Sauna & Plunge for something,"Hi there,

I came across Sauna & Plunge while researching top rated sauna studios in London and noticed you're holding a 4.5 rating across 155 reviews. Members who show up that consistently tend to want gear that says they are serious about the ritual, not just visiting once.

We're Merch Maverick, a factory direct supplier for branded sauna gear including hats, towels, and robes for studios like yours. No middlemen, no inflated agency pricing, just your logo on the exact ritual gear your members already associate with the experience.

I can get your first recovery beanie sample out at cost, no minimum order, no commitment beyond that.

Should I send that your way?

Faiaz

Merch Maverick

themerchmaverick.com"
Red Rocks Spa,info@redrocksspa-denver.com,sauna,Denver,US,https://www.redrocksspa-denver.com/,4.5,148,found_on_site,"quick idea, Red Rocks Spa","Hi there,

I came across Red Rocks Spa while researching top rated sauna studios in Denver and noticed you're holding a 4.5 rating across 148 reviews. That kind of consistency usually means people leave your space wanting to take a piece of the experience home with them.

We're Merch Maverick, a factory direct supplier for branded sauna gear including hats, towels, and robes for studios like yours. No middlemen, no inflated agency pricing, just your logo on the exact ritual gear your members already associate with the experience.

I can put together a free digital mockup of a Red Rocks Spa branded wool felt sauna hat within 48 hours, no cost and no obligation either way.

Would it be okay if I sent that over?

Faiaz

Merch Maverick

themerchmaverick.com"
Lützow Sauna,info@luetzow-sauna.de,sauna,Berlin,DE,http://www.luetzow-sauna.de/,4.5,147,found_on_site,small idea for Lützow Sauna,"Hi there,

I came across Lützow Sauna while researching top rated sauna studios in Berlin and noticed you're holding a 4.5 rating across 147 reviews. Members who show up that consistently tend to want gear that says they are serious about the ritual, not just visiting once.

We're Merch Maverick, a factory direct supplier for branded sauna gear including hats, towels, and robes for studios like yours. No middlemen, no inflated agency pricing, just your logo on the exact ritual gear your members already associate with the experience.

I can mail over a free fabric swatch pack for the branded plunge robe line so you can feel the quality before deciding anything.

Would that be useful to you?

Faiaz

Merch Maverick

themerchmaverick.com"
Rotterdam Rugby Club,info@rotterdamserugbyclub.nl,run_club,Rotterdam,NL,https://www.rotterdamserugbyclub.nl/,4.5,132,found_on_site,curious if this is useful for Rotterdam Rugby Club,"Hi there,

I came across Rotterdam Rugby Club while researching top rated run clubs in Rotterdam and noticed you're holding a 4.5 rating across 132 reviews. That kind of following usually means your crew is already repping your name everywhere they go.

We're Merch Maverick, a factory direct supplier of branded team tees, caps, and run club apparel. No agency markups, just gear your crew will actually wear outside of race day.

I can hop on a quick free call about which fabric and colorway would actually hold up best for a neck buff in your space, no strings attached.

Want me to go ahead and put that together?

Faiaz

Merch Maverick

themerchmaverick.com"
43 The Spa,43thespa.hotelartsbarcelona@ritzcarlton.com,sauna,Barcelona,ES,https://www.ritzcarlton.com/en/hotels/bcnrz-hotel-arts-barcelona/experiences/?scid=feed67b0-9a2f-4de1-8df6-114544116108,4.5,114,found_on_site,free something for 43 The Spa,"Hi there,

I came across 43 The Spa while researching top rated sauna studios in Barcelona and noticed you're holding a 4.5 rating across 114 reviews. That kind of consistency usually means people leave your space wanting to take a piece of the experience home with them.

We're Merch Maverick, a factory direct supplier for branded sauna gear including hats, towels, and robes for studios like yours. No middlemen, no inflated agency pricing, just your logo on the exact ritual gear your members already associate with the experience.

I can hop on a quick free call about which fabric and colorway would actually hold up best for a quick dry ritual towel in your space, no strings attached.

Should I send that your way?

Faiaz

Merch Maverick

themerchmaverick.com"
FREEZLAB,info@freezlab.nl,cold_plunge,Amsterdam,NL,https://www.freezlab.nl/,4.5,110,found_on_site,quick thought after finding FREEZLAB,"Hi there,

I came across FREEZLAB while researching top rated cold plunge and sauna spaces in Amsterdam and noticed you're holding a 4.5 rating across 110 reviews. Numbers like that usually mean people leave talking about the experience, which is exactly the kind of thing branded gear tends to amplify.

We're Merch Maverick, a factory direct supplier of branded robes, towels, and recovery hoodies for studios like yours, no agency markups, just your logo on gear members already want.

I can put together a free digital mockup of a FREEZLAB branded branded robe within 48 hours, no cost and no obligation either way.

Would it be okay if I sent that over?

Faiaz

Merch Maverick

themerchmaverick.com"
Westwoods Health Club,fa-map-loc@ion-.brxe,sauna,Edinburgh,GB,http://www.westwoodshealthclub.com/,4.5,109,found_on_site,a small idea for Westwoods Health Club's team,"Hi there,

I came across Westwoods Health Club while researching top rated sauna studios in Edinburgh and noticed you're holding a 4.5 rating across 109 reviews. Members who show up that consistently tend to want gear that says they are serious about the ritual, not just visiting once.

We're Merch Maverick, a factory direct supplier for branded sauna gear including hats, towels, and robes for studios like yours. No middlemen, no inflated agency pricing, just your logo on the exact ritual gear your members already associate with the experience.

I can get your first recovery beanie sample out at cost, no minimum order, no commitment beyond that.

Would that be useful to you?

Faiaz

Merch Maverick

themerchmaverick.com"
Club Pilates,brickell@clubpilates.com,pilates,Miami,US,https://www.clubpilates.com/brickell/?utm_source=google.com&utm_medium=referral&utm_campaign=yext,4.5,94,found_on_site,quick question about Club Pilates's retail shelf,"Hi there,

I came across Club Pilates while researching top rated reformer pilates studios in Miami and noticed you're holding a 4.5 rating across 94 reviews. That's the kind of loyalty that usually means members are proud to be part of the studio, not just attending classes.

We're Merch Maverick, a factory direct supplier of branded totes, mat bags, and studio apparel for pilates studios. We work without agency markups, so the pricing usually beats what local printers quote for the same quality.

I can hop on a quick free call about which fabric and colorway would actually hold up best for a branded headband in your space, no strings attached.

Want me to go ahead and put that together?

Faiaz

Merch Maverick

themerchmaverick.com"
Celine Spa by Cinq Mondes,pont-neuf@maisonalbar.com,cold_plunge,Paris,FR,https://www.maison-albar-hotels-le-pont-neuf.com/fr/page/spa-cinq-mondes.2490.html,4.5,93,found_on_site,quick idea for Celine Spa by Cinq Mondes's members,"Hi there,

I came across Celine Spa by Cinq Mondes while researching top rated cold plunge and sauna spaces in Paris and noticed you're holding a 4.5 rating across 93 reviews. That kind of following usually means people already treat this as part of their routine, which is exactly when branded gear starts to matter.

We're Merch Maverick, a factory direct supplier of branded robes, towels, and recovery hoodies for studios like yours, no agency markups, just your logo on gear members already want.

I can mail over a free fabric swatch pack for the recovery hoodie line so you can feel the quality before deciding anything.

Should I send that your way?

Faiaz

Merch Maverick

themerchmaverick.com"
Washington State Wellness,jennifertaylormassage@gmail.com,sauna,Washington,US,https://washingtonstatewellnesscenter.schedulista.com/?fbclid=PAAab8JMAeplyBPVEi0AqHshmGw-A-hgmJZDyTVgSIMwpvZyVGcjSLb4wIC3c_aem_AWfJk2lBeORXxlV0CcBVpWLI5O2uQmcaI3xWiVJ4iKb-fn-rUKgFY3OaIn_elQbWxT0,4.5,75,found_on_site,quick note for Washington State Wellness,"Hi there,

I came across Washington State Wellness while researching top rated sauna studios in Washington and noticed you're holding a 4.5 rating across 75 reviews. That kind of consistency usually means people leave your space wanting to take a piece of the experience home with them.

We're Merch Maverick, a factory direct supplier for branded sauna gear including hats, towels, and robes for studios like yours. No middlemen, no inflated agency pricing, just your logo on the exact ritual gear your members already associate with the experience.

I can put together a free digital mockup of a Washington State Wellness branded wool felt sauna hat within 48 hours, no cost and no obligation either way.

Would it be okay if I sent that over?

Faiaz

Merch Maverick

themerchmaverick.com"
Nk Stockholm,info@alternativhalsan.nu,cold_plunge,Stockholm,SE,http://www.alternativhalsan.nu/,4.5,74,found_on_site,thought of Nk Stockholm for something,"Hi there,

I came across Nk Stockholm while researching top rated cold plunge and sauna spaces in Stockholm and noticed you're holding a 4.5 rating across 74 reviews. Numbers like that usually mean people leave talking about the experience, which is exactly the kind of thing branded gear tends to amplify.

We're Merch Maverick, a factory direct supplier of branded robes, towels, and recovery hoodies for studios like yours, no agency markups, just your logo on gear members already want.

I can hop on a quick free call about which fabric and colorway would actually hold up best for a quick dry towel in your space, no strings attached.

Would that be useful to you?

Faiaz

Merch Maverick

themerchmaverick.com"
INFINITY SPA,hello@neuland.agency,sauna,Munich,DE,https://www.infinity-munich.de/wellness-spa.html,4.5,70,found_on_site,"quick idea, INFINITY SPA","Hi there,

I came across INFINITY SPA while researching top rated sauna studios in Munich and noticed you're holding a 4.5 rating across 70 reviews. Members who show up that consistently tend to want gear that says they are serious about the ritual, not just visiting once.

We're Merch Maverick, a factory direct supplier for branded sauna gear including hats, towels, and robes for studios like yours. No middlemen, no inflated agency pricing, just your logo on the exact ritual gear your members already associate with the experience.

I can mail over a free fabric swatch pack for the branded plunge robe line so you can feel the quality before deciding anything.

Want me to go ahead and put that together?

Faiaz

Merch Maverick

themerchmaverick.com"
SPA COLOGNE,info@spa-cologne.de,sauna,Cologne,DE,https://spa-cologne.de/,4.5,64,found_on_site,small idea for SPA COLOGNE,"Hi there,

I came across SPA COLOGNE while researching top rated sauna studios in Cologne and noticed you're holding a 4.5 rating across 64 reviews. That kind of consistency usually means people leave your space wanting to take a piece of the experience home with them.

We're Merch Maverick, a factory direct supplier for branded sauna gear including hats, towels, and robes for studios like yours. No middlemen, no inflated agency pricing, just your logo on the exact ritual gear your members already associate with the experience.

I can hop on a quick free call about which fabric and colorway would actually hold up best for a quick dry ritual towel in your space, no strings attached.

Should I send that your way?

Faiaz

Merch Maverick

themerchmaverick.com"
Imprint Pilates - Toronto Pilates Studio,info@imprintpilates.com,pilates,Toronto,CA,http://imprintpilates.com/,4.5,64,found_on_site,curious if this is useful for Imprint Pilates - Toronto Pilates Studio,"Hi there,

I came across Imprint Pilates - Toronto Pilates Studio while researching top rated reformer pilates studios in Toronto and noticed you're holding a 4.5 rating across 64 reviews. That kind of rating usually means your members already see the studio as part of their identity, which is exactly when branded gear starts to sell itself.

We're Merch Maverick, a factory direct supplier of branded totes, mat bags, and studio apparel for pilates studios. We work without agency markups, so the pricing usually beats what local printers quote for the same quality.

I can get your first grip socks sample out at cost, no minimum order, no commitment beyond that.

Would it be okay if I sent that over?

Faiaz

Merch Maverick

themerchmaverick.com"
The Red Apple Marina / Harbour Wellness,bestuur@theredapplemarina.nl,cold_plunge,Rotterdam,NL,https://harbourwellness.nl/,4.5,62,found_on_site,free something for The Red Apple Marina / Harbour Wellness,"Hi there,

I came across The Red Apple Marina / Harbour Wellness while researching top rated cold plunge and sauna spaces in Rotterdam and noticed you're holding a 4.5 rating across 62 reviews. That kind of following usually means people already treat this as part of their routine, which is exactly when branded gear starts to matter.

We're Merch Maverick, a factory direct supplier of branded robes, towels, and recovery hoodies for studios like yours, no agency markups, just your logo on gear members already want.

I can get your first recovery beanie sample out at cost, no minimum order, no commitment beyond that.

Would that be useful to you?

Faiaz

Merch Maverick

themerchmaverick.com"
Blair Street Sauna,eben@eyebytes.com,sauna,Edinburgh,GB,http://www.blairstreetsauna.org/,4.5,61,found_on_site,quick thought after finding Blair Street Sauna,"Hi there,

I came across Blair Street Sauna while researching top rated sauna studios in Edinburgh and noticed you're holding a 4.5 rating across 61 reviews. Members who show up that consistently tend to want gear that says they are serious about the ritual, not just visiting once.

We're Merch Maverick, a factory direct supplier for branded sauna gear including hats, towels, and robes for studios like yours. No middlemen, no inflated agency pricing, just your logo on the exact ritual gear your members already associate with the experience.

I can get your first recovery beanie sample out at cost, no minimum order, no commitment beyond that.

Want me to go ahead and put that together?

Faiaz

Merch Maverick

themerchmaverick.com"
NK Padel & Social by ASCARO,customercare@ascaropadel.com,cold_plunge,Stockholm,SE,https://ascaropadel.com/,4.5,61,found_on_site,a small idea for NK Padel & Social by ASCARO's team,"Hi there,

I came across NK Padel & Social by ASCARO while researching top rated cold plunge and sauna spaces in Stockholm and noticed you're holding a 4.5 rating across 61 reviews. Numbers like that usually mean people leave talking about the experience, which is exactly the kind of thing branded gear tends to amplify.

We're Merch Maverick, a factory direct supplier of branded robes, towels, and recovery hoodies for studios like yours, no agency markups, just your logo on gear members already want.

I can put together a free digital mockup of a NK Padel & Social by ASCARO branded branded robe within 48 hours, no cost and no obligation either way.

Should I send that your way?

Faiaz

Merch Maverick

themerchmaverick.com"
Core Pilates Centennial Hills,info@mysundaypilates.com,pilates,Las Vegas,US,http://www.sundaypilates.com/,4.5,52,found_on_site,quick question about Core Pilates Centennial Hills's retail shelf,"Hi there,

I came across Core Pilates Centennial Hills while researching top rated reformer pilates studios in Las Vegas and noticed you're holding a 4.5 rating across 52 reviews. That's the kind of loyalty that usually means members are proud to be part of the studio, not just attending classes.

We're Merch Maverick, a factory direct supplier of branded totes, mat bags, and studio apparel for pilates studios. We work without agency markups, so the pricing usually beats what local printers quote for the same quality.

I can put together a free digital mockup of a Core Pilates Centennial Hills branded studio tote within 48 hours, no cost and no obligation either way.

Would it be okay if I sent that over?

Faiaz

Merch Maverick

themerchmaverick.com"
Pilates Infused,hello@pilatesinfused.com,pilates,Frankfurt,DE,http://www.pilatesinfused.com/,4.5,47,found_on_site,quick idea for Pilates Infused's members,"Hi there,

I came across Pilates Infused while researching top rated reformer pilates studios in Frankfurt and noticed you're holding a 4.5 rating across 47 reviews. That kind of rating usually means your members already see the studio as part of their identity, which is exactly when branded gear starts to sell itself.

We're Merch Maverick, a factory direct supplier of branded totes, mat bags, and studio apparel for pilates studios. We work without agency markups, so the pricing usually beats what local printers quote for the same quality.

I can mail over a free fabric swatch pack for the mat bag line so you can feel the quality before deciding anything.

Would that be useful to you?

Faiaz

Merch Maverick

themerchmaverick.com"
Amsterdam Pilates for Her,info@amsterdampilatesforher.com,pilates,Amsterdam,NL,https://www.amsterdampilatesforher.com/,4.5,40,found_on_site,quick note for Amsterdam Pilates for Her,"Hi there,

I came across Amsterdam Pilates for Her while researching top rated reformer pilates studios in Amsterdam and noticed you're holding a 4.5 rating across 40 reviews. That's the kind of loyalty that usually means members are proud to be part of the studio, not just attending classes.

We're Merch Maverick, a factory direct supplier of branded totes, mat bags, and studio apparel for pilates studios. We work without agency markups, so the pricing usually beats what local printers quote for the same quality.

I can hop on a quick free call about which fabric and colorway would actually hold up best for a branded headband in your space, no strings attached.

Want me to go ahead and put that together?

Faiaz

Merch Maverick

themerchmaverick.com"
District Cryo,info@districtcryo.com,cold_plunge,Washington,US,http://www.districtcryo.com/,4.5,40,found_on_site,thought of District Cryo for something,"Hi there,

I came across District Cryo while researching top rated cold plunge and sauna spaces in Washington and noticed you're holding a 4.5 rating across 40 reviews. That kind of following usually means people already treat this as part of their routine, which is exactly when branded gear starts to matter.

We're Merch Maverick, a factory direct supplier of branded robes, towels, and recovery hoodies for studios like yours, no agency markups, just your logo on gear members already want.

I can mail over a free fabric swatch pack for the recovery hoodie line so you can feel the quality before deciding anything.

Should I send that your way?

Faiaz

Merch Maverick

themerchmaverick.com"
York Region Runners Club,info@yrrc.ca,run_club,Toronto,CA,http://www.yrrc.ca/,4.5,30,found_on_site,"quick idea, York Region Runners Club","Hi there,

I came across York Region Runners Club while researching top rated run clubs in Toronto and noticed you're holding a 4.5 rating across 30 reviews. Numbers like that usually mean your club already feels like a third place for people, not just a Tuesday run.

We're Merch Maverick, a factory direct supplier of branded team tees, caps, and run club apparel. No agency markups, just gear your crew will actually wear outside of race day.

I can get your first finisher hoodie sample out at cost, no minimum order, no commitment beyond that.

Would it be okay if I sent that over?

Faiaz

Merch Maverick

themerchmaverick.com"
Sofitel SPA im Sofitel Frankfurt Opera,h8159@sofitel.com,sauna,Frankfurt,DE,https://www.sofitel-frankfurt.com/de/wellness/,4.5,28,found_on_site,small idea for Sofitel SPA im Sofitel Frankfurt Opera,"Hi there,

I came across Sofitel SPA im Sofitel Frankfurt Opera while researching top rated sauna studios in Frankfurt and noticed you're holding a 4.5 rating across 28 reviews. That kind of consistency usually means people leave your space wanting to take a piece of the experience home with them.

We're Merch Maverick, a factory direct supplier for branded sauna gear including hats, towels, and robes for studios like yours. No middlemen, no inflated agency pricing, just your logo on the exact ritual gear your members already associate with the experience.

I can put together a free digital mockup of a Sofitel SPA im Sofitel Frankfurt Opera branded wool felt sauna hat within 48 hours, no cost and no obligation either way.

Would that be useful to you?

Faiaz

Merch Maverick

themerchmaverick.com"
PilatesLand,contact@pilatesland.net,pilates,Las Vegas,US,https://pilatesland.net/,4.5,11,found_on_site,curious if this is useful for PilatesLand,"Hi there,

I came across PilatesLand while researching top rated reformer pilates studios in Las Vegas and noticed you're holding a 4.5 rating across 11 reviews. That kind of rating usually means your members already see the studio as part of their identity, which is exactly when branded gear starts to sell itself.

We're Merch Maverick, a factory direct supplier of branded totes, mat bags, and studio apparel for pilates studios. We work without agency markups, so the pricing usually beats what local printers quote for the same quality.

I can get your first grip socks sample out at cost, no minimum order, no commitment beyond that.

Want me to go ahead and put that together?

Faiaz

Merch Maverick

themerchmaverick.com"
Long Beach Run Club,longbeachrunclub@gmail.com,run_club,Anaheim,US,http://www.longbeachrunclub.com/,4.5,11,found_on_site,free something for Long Beach Run Club,"Hi there,

I came across Long Beach Run Club while researching top rated run clubs in Anaheim and noticed you're holding a 4.5 rating across 11 reviews. That kind of following usually means your crew is already repping your name everywhere they go.

We're Merch Maverick, a factory direct supplier of branded team tees, caps, and run club apparel. No agency markups, just gear your crew will actually wear outside of race day.

I can put together a free digital mockup of a Long Beach Run Club branded team tee within 48 hours, no cost and no obligation either way.

Should I send that your way?

Faiaz

Merch Maverick

themerchmaverick.com"
St James Quarter,hello@stjamesquarter.com,cold_plunge,Edinburgh,GB,https://stjamesquarter.com/,4.4,10081,found_on_site,quick thought after finding St James Quarter,"Hi there,

I came across St James Quarter while researching top rated cold plunge and sauna spaces in Edinburgh and noticed you're holding a 4.4 rating across 10081 reviews. Numbers like that usually mean people leave talking about the experience, which is exactly the kind of thing branded gear tends to amplify.

We're Merch Maverick, a factory direct supplier of branded robes, towels, and recovery hoodies for studios like yours, no agency markups, just your logo on gear members already want.

I can hop on a quick free call about which fabric and colorway would actually hold up best for a quick dry towel in your space, no strings attached.

Would it be okay if I sent that over?

Faiaz

Merch Maverick

themerchmaverick.com"
Holmes Place Fitness - Köln,guerzenich@myphysio-deutschland.de,sauna,Cologne,DE,https://www.holmesplace.de/clubs/koln-am-gurzenich,4.4,2734,found_on_site,a small idea for Holmes Place Fitness - Köln's team,"Hi there,

I came across Holmes Place Fitness - Köln while researching top rated sauna studios in Cologne and noticed you're holding a 4.4 rating across 2734 reviews. Members who show up that consistently tend to want gear that says they are serious about the ritual, not just visiting once.

We're Merch Maverick, a factory direct supplier for branded sauna gear including hats, towels, and robes for studios like yours. No middlemen, no inflated agency pricing, just your logo on the exact ritual gear your members already associate with the experience.

I can mail over a free fabric swatch pack for the branded plunge robe line so you can feel the quality before deciding anything.

Would that be useful to you?

Faiaz

Merch Maverick

themerchmaverick.com"
Bathhouse Flatiron,hello@abathhouse.com,sauna,New York,US,https://www.abathhouse.com/flatiron?utm_source=google&utm_medium=organic&utm_campaign=gbp-website-flatiron,4.4,2459,found_on_site,quick question about Bathhouse Flatiron's retail shelf,"Hi there,

I came across Bathhouse Flatiron while researching top rated sauna studios in New York and noticed you're holding a 4.4 rating across 2459 reviews. That kind of consistency usually means people leave your space wanting to take a piece of the experience home with them.

We're Merch Maverick, a factory direct supplier for branded sauna gear including hats, towels, and robes for studios like yours. No middlemen, no inflated agency pricing, just your logo on the exact ritual gear your members already associate with the experience.

I can hop on a quick free call about which fabric and colorway would actually hold up best for a quick dry ritual towel in your space, no strings attached.

Want me to go ahead and put that together?

Faiaz

Merch Maverick

themerchmaverick.com"
Gangnam Spa Healing Paradise,contact@gangnamspa.org,sauna,Houston,US,https://gangnamspa.org/,4.4,2051,found_on_site,quick idea for Gangnam Spa Healing Paradise's members,"Hi there,

I came across Gangnam Spa Healing Paradise while researching top rated sauna studios in Houston and noticed you're holding a 4.4 rating across 2051 reviews. Members who show up that consistently tend to want gear that says they are serious about the ritual, not just visiting once.

We're Merch Maverick, a factory direct supplier for branded sauna gear including hats, towels, and robes for studios like yours. No middlemen, no inflated agency pricing, just your logo on the exact ritual gear your members already associate with the experience.

I can get your first recovery beanie sample out at cost, no minimum order, no commitment beyond that.

Should I send that your way?

Faiaz

Merch Maverick

themerchmaverick.com"
CHICAGO BATH HOUSE,ex@abc.xyz,sauna,Chicago,US,https://www.bathhousechicago.com/index.html,4.4,994,found_on_site,quick note for CHICAGO BATH HOUSE,"Hi there,

I came across CHICAGO BATH HOUSE while researching top rated sauna studios in Chicago and noticed you're holding a 4.4 rating across 994 reviews. That kind of consistency usually means people leave your space wanting to take a piece of the experience home with them.

We're Merch Maverick, a factory direct supplier for branded sauna gear including hats, towels, and robes for studios like yours. No middlemen, no inflated agency pricing, just your logo on the exact ritual gear your members already associate with the experience.

I can put together a free digital mockup of a CHICAGO BATH HOUSE branded wool felt sauna hat within 48 hours, no cost and no obligation either way.

Would it be okay if I sent that over?

Faiaz

Merch Maverick

themerchmaverick.com"
Esenzias,reservas@esenzias.es,sauna,Madrid,ES,http://www.esenzias.es/,4.4,682,found_on_site,thought of Esenzias for something,"Hi there,

I came across Esenzias while researching top rated sauna studios in Madrid and noticed you're holding a 4.4 rating across 682 reviews. Members who show up that consistently tend to want gear that says they are serious about the ritual, not just visiting once.

We're Merch Maverick, a factory direct supplier for branded sauna gear including hats, towels, and robes for studios like yours. No middlemen, no inflated agency pricing, just your logo on the exact ritual gear your members already associate with the experience.

I can mail over a free fabric swatch pack for the branded plunge robe line so you can feel the quality before deciding anything.

Would that be useful to you?

Faiaz

Merch Maverick

themerchmaverick.com"
Bali Spirit Luxury Art Spa,info@balispirit.es,cold_plunge,Barcelona,ES,https://balispirit.es/,4.4,668,found_on_site,"quick idea, Bali Spirit Luxury Art Spa","Hi there,

I came across Bali Spirit Luxury Art Spa while researching top rated cold plunge and sauna spaces in Barcelona and noticed you're holding a 4.4 rating across 668 reviews. That kind of following usually means people already treat this as part of their routine, which is exactly when branded gear starts to matter.

We're Merch Maverick, a factory direct supplier of branded robes, towels, and recovery hoodies for studios like yours, no agency markups, just your logo on gear members already want.

I can get your first recovery beanie sample out at cost, no minimum order, no commitment beyond that.

Want me to go ahead and put that together?

Faiaz

Merch Maverick

themerchmaverick.com"
Sauna privada,info@saunaprivada.nl,sauna,Rotterdam,NL,http://www.saunaprivada.nl/,4.4,647,found_on_site,small idea for Sauna privada,"Hi there,

I came across Sauna privada while researching top rated sauna studios in Rotterdam and noticed you're holding a 4.4 rating across 647 reviews. That kind of consistency usually means people leave your space wanting to take a piece of the experience home with them.

We're Merch Maverick, a factory direct supplier for branded sauna gear including hats, towels, and robes for studios like yours. No middlemen, no inflated agency pricing, just your logo on the exact ritual gear your members already associate with the experience.

I can hop on a quick free call about which fabric and colorway would actually hold up best for a quick dry ritual towel in your space, no strings attached.

Should I send that your way?

Faiaz

Merch Maverick

themerchmaverick.com"
One Spa,one.spa@sheraton.com,sauna,Edinburgh,GB,http://www.onespa.com/?utm_source=Google&utm_medium=Maps,4.4,577,found_on_site,curious if this is useful for One Spa,"Hi there,

I came across One Spa while researching top rated sauna studios in Edinburgh and noticed you're holding a 4.4 rating across 577 reviews. Members who show up that consistently tend to want gear that says they are serious about the ritual, not just visiting once.

We're Merch Maverick, a factory direct supplier for branded sauna gear including hats, towels, and robes for studios like yours. No middlemen, no inflated agency pricing, just your logo on the exact ritual gear your members already associate with the experience.

I can get your first recovery beanie sample out at cost, no minimum order, no commitment beyond that.

Would it be okay if I sent that over?

Faiaz

Merch Maverick

themerchmaverick.com"
Basecamp Amsterdam,events@basecamp-ecoresorts.com,cold_plunge,Amsterdam,NL,https://www.basecamp-ecoresorts.com/,4.4,569,found_on_site,free something for Basecamp Amsterdam,"Hi there,

I came across Basecamp Amsterdam while researching top rated cold plunge and sauna spaces in Amsterdam and noticed you're holding a 4.4 rating across 569 reviews. Numbers like that usually mean people leave talking about the experience, which is exactly the kind of thing branded gear tends to amplify.

We're Merch Maverick, a factory direct supplier of branded robes, towels, and recovery hoodies for studios like yours, no agency markups, just your logo on gear members already want.

I can put together a free digital mockup of a Basecamp Amsterdam branded branded robe within 48 hours, no cost and no obligation either way.

Would that be useful to you?

Faiaz

Merch Maverick

themerchmaverick.com"
centrovital Spa & Sportclub,info@centrovital-berlin.de,sauna,Berlin,DE,https://www.centrovital-berlin.de/spa-und-sportclub/#gbp,4.4,412,found_on_site,quick thought after finding centrovital Spa & Sportclub,"Hi there,

I came across centrovital Spa & Sportclub while researching top rated sauna studios in Berlin and noticed you're holding a 4.4 rating across 412 reviews. That kind of consistency usually means people leave your space wanting to take a piece of the experience home with them.

We're Merch Maverick, a factory direct supplier for branded sauna gear including hats, towels, and robes for studios like yours. No middlemen, no inflated agency pricing, just your logo on the exact ritual gear your members already associate with the experience.

I can put together a free digital mockup of a centrovital Spa & Sportclub branded wool felt sauna hat within 48 hours, no cost and no obligation either way.

Want me to go ahead and put that together?

Faiaz

Merch Maverick

themerchmaverick.com"
Hellasgården Bastu,info@hellasgarden.se,sauna,Stockholm,SE,https://hellasgarden.se/aktiviteter/bastu/,4.4,389,found_on_site,a small idea for Hellasgården Bastu's team,"Hi there,

I came across Hellasgården Bastu while researching top rated sauna studios in Stockholm and noticed you're holding a 4.4 rating across 389 reviews. Members who show up that consistently tend to want gear that says they are serious about the ritual, not just visiting once.

We're Merch Maverick, a factory direct supplier for branded sauna gear including hats, towels, and robes for studios like yours. No middlemen, no inflated agency pricing, just your logo on the exact ritual gear your members already associate with the experience.

I can mail over a free fabric swatch pack for the branded plunge robe line so you can feel the quality before deciding anything.

Should I send that your way?

Faiaz

Merch Maverick

themerchmaverick.com"
ANTI,member@antispaces.com,cold_plunge,Berlin,DE,https://antispaces.com/,4.4,359,found_on_site,quick question about ANTI's retail shelf,"Hi there,

I came across ANTI while researching top rated cold plunge and sauna spaces in Berlin and noticed you're holding a 4.4 rating across 359 reviews. That kind of following usually means people already treat this as part of their routine, which is exactly when branded gear starts to matter.

We're Merch Maverick, a factory direct supplier of branded robes, towels, and recovery hoodies for studios like yours, no agency markups, just your logo on gear members already want.

I can mail over a free fabric swatch pack for the recovery hoodie line so you can feel the quality before deciding anything.

Would it be okay if I sent that over?

Faiaz

Merch Maverick

themerchmaverick.com"
Solea Brickell Spa,info@soleabrickellspa.com,sauna,Miami,US,https://soleabrickellspa.com/,4.4,357,found_on_site,quick idea for Solea Brickell Spa's members,"Hi there,

I came across Solea Brickell Spa while researching top rated sauna studios in Miami and noticed you're holding a 4.4 rating across 357 reviews. That kind of consistency usually means people leave your space wanting to take a piece of the experience home with them.

We're Merch Maverick, a factory direct supplier for branded sauna gear including hats, towels, and robes for studios like yours. No middlemen, no inflated agency pricing, just your logo on the exact ritual gear your members already associate with the experience.

I can hop on a quick free call about which fabric and colorway would actually hold up best for a quick dry ritual towel in your space, no strings attached.

Would that be useful to you?

Faiaz

Merch Maverick

themerchmaverick.com"
Banya Sauna,sauna@banyabyfgm.com,sauna,Washington,US,https://banyabyfgm.com/,4.4,340,found_on_site,quick note for Banya Sauna,"Hi there,

I came across Banya Sauna while researching top rated sauna studios in Washington and noticed you're holding a 4.4 rating across 340 reviews. Members who show up that consistently tend to want gear that says they are serious about the ritual, not just visiting once.

We're Merch Maverick, a factory direct supplier for branded sauna gear including hats, towels, and robes for studios like yours. No middlemen, no inflated agency pricing, just your logo on the exact ritual gear your members already associate with the experience.

I can get your first recovery beanie sample out at cost, no minimum order, no commitment beyond that.

Want me to go ahead and put that together?

Faiaz

Merch Maverick

themerchmaverick.com"
Onsen,info@onsensf.com,sauna,San Francisco,US,https://www.onsensf.com/,4.4,327,found_on_site,thought of Onsen for something,"Hi there,

I came across Onsen while researching top rated sauna studios in San Francisco and noticed you're holding a 4.4 rating across 327 reviews. That kind of consistency usually means people leave your space wanting to take a piece of the experience home with them.

We're Merch Maverick, a factory direct supplier for branded sauna gear including hats, towels, and robes for studios like yours. No middlemen, no inflated agency pricing, just your logo on the exact ritual gear your members already associate with the experience.

I can put together a free digital mockup of a Onsen branded wool felt sauna hat within 48 hours, no cost and no obligation either way.

Should I send that your way?

Faiaz

Merch Maverick

themerchmaverick.com"
Royal Spa,budapest@corinthia.com,sauna,Budapest,HU,https://www.corinthia.com/en/hotels/budapest/spa-leisure,4.4,243,found_on_site,"quick idea, Royal Spa","Hi there,

I came across Royal Spa while researching top rated sauna studios in Budapest and noticed you're holding a 4.4 rating across 243 reviews. Members who show up that consistently tend to want gear that says they are serious about the ritual, not just visiting once.

We're Merch Maverick, a factory direct supplier for branded sauna gear including hats, towels, and robes for studios like yours. No middlemen, no inflated agency pricing, just your logo on the exact ritual gear your members already associate with the experience.

I can mail over a free fabric swatch pack for the branded plunge robe line so you can feel the quality before deciding anything.

Would it be okay if I sent that over?

Faiaz

Merch Maverick

themerchmaverick.com"
Luenire Spa & Aesthetics,bookings@luenire.co.uk,sauna,Birmingham,GB,http://www.luenire.co.uk/,4.4,227,found_on_site,small idea for Luenire Spa & Aesthetics,"Hi there,

I came across Luenire Spa & Aesthetics while researching top rated sauna studios in Birmingham and noticed you're holding a 4.4 rating across 227 reviews. That kind of consistency usually means people leave your space wanting to take a piece of the experience home with them.

We're Merch Maverick, a factory direct supplier for branded sauna gear including hats, towels, and robes for studios like yours. No middlemen, no inflated agency pricing, just your logo on the exact ritual gear your members already associate with the experience.

I can hop on a quick free call about which fabric and colorway would actually hold up best for a quick dry ritual towel in your space, no strings attached.

Would that be useful to you?

Faiaz

Merch Maverick

themerchmaverick.com"
AWAY SPA by W Hotels,awayspa@wamsterdam.com,cold_plunge,Amsterdam,NL,http://awayspa.wamsterdam.com/,4.4,160,found_on_site,curious if this is useful for AWAY SPA by W Hotels,"Hi there,

I came across AWAY SPA by W Hotels while researching top rated cold plunge and sauna spaces in Amsterdam and noticed you're holding a 4.4 rating across 160 reviews. Numbers like that usually mean people leave talking about the experience, which is exactly the kind of thing branded gear tends to amplify.

We're Merch Maverick, a factory direct supplier of branded robes, towels, and recovery hoodies for studios like yours, no agency markups, just your logo on gear members already want.

I can hop on a quick free call about which fabric and colorway would actually hold up best for a quick dry towel in your space, no strings attached.

Want me to go ahead and put that together?

Faiaz

Merch Maverick

themerchmaverick.com"
Njuta Spa & Klinik,info@njutaspa.se,cold_plunge,Stockholm,SE,https://njutaspa.se/,4.4,112,found_on_site,free something for Njuta Spa & Klinik,"Hi there,

I came across Njuta Spa & Klinik while researching top rated cold plunge and sauna spaces in Stockholm and noticed you're holding a 4.4 rating across 112 reviews. That kind of following usually means people already treat this as part of their routine, which is exactly when branded gear starts to matter.

We're Merch Maverick, a factory direct supplier of branded robes, towels, and recovery hoodies for studios like yours, no agency markups, just your logo on gear members already want.

I can get your first recovery beanie sample out at cost, no minimum order, no commitment beyond that.

Should I send that your way?

Faiaz

Merch Maverick

themerchmaverick.com"
Waldorf Astoria Spa,berlin.reservations@waldorfastoria.com,sauna,Berlin,DE,https://waldorfastoriaberlin.de/en/waldorfastoria-spa/,4.4,111,found_on_site,quick thought after finding Waldorf Astoria Spa,"Hi there,

I came across Waldorf Astoria Spa while researching top rated sauna studios in Berlin and noticed you're holding a 4.4 rating across 111 reviews. Members who show up that consistently tend to want gear that says they are serious about the ritual, not just visiting once.

We're Merch Maverick, a factory direct supplier for branded sauna gear including hats, towels, and robes for studios like yours. No middlemen, no inflated agency pricing, just your logo on the exact ritual gear your members already associate with the experience.

I can get your first recovery beanie sample out at cost, no minimum order, no commitment beyond that.

Would it be okay if I sent that over?

Faiaz

Merch Maverick

themerchmaverick.com"
SO/ SPA at SO/ Vienna Hotel,so.vienna.spa@so-hotels.com,sauna,Vienna,AT,https://so-hotels.com/de/vienna/wellness/spa/,4.4,105,found_on_site,a small idea for SO/ SPA at SO/ Vienna Hotel's team,"Hi there,

I came across SO/ SPA at SO/ Vienna Hotel while researching top rated sauna studios in Vienna and noticed you're holding a 4.4 rating across 105 reviews. That kind of consistency usually means people leave your space wanting to take a piece of the experience home with them.

We're Merch Maverick, a factory direct supplier for branded sauna gear including hats, towels, and robes for studios like yours. No middlemen, no inflated agency pricing, just your logo on the exact ritual gear your members already associate with the experience.

I can put together a free digital mockup of a SO/ SPA at SO/ Vienna Hotel branded wool felt sauna hat within 48 hours, no cost and no obligation either way.

Would that be useful to you?

Faiaz

Merch Maverick

themerchmaverick.com"
Club Pilates,queenanne@clubpilates.com,pilates,Seattle,US,https://www.clubpilates.com/queenanne/?utm_source=google.com&utm_medium=referral&utm_campaign=yext,4.4,91,found_on_site,quick question about Club Pilates's retail shelf,"Hi there,

I came across Club Pilates while researching top rated reformer pilates studios in Seattle and noticed you're holding a 4.4 rating across 91 reviews. That's the kind of loyalty that usually means members are proud to be part of the studio, not just attending classes.

We're Merch Maverick, a factory direct supplier of branded totes, mat bags, and studio apparel for pilates studios. We work without agency markups, so the pricing usually beats what local printers quote for the same quality.

I can put together a free digital mockup of a Club Pilates branded studio tote within 48 hours, no cost and no obligation either way.

Want me to go ahead and put that together?

Faiaz

Merch Maverick

themerchmaverick.com"
Core Pilates NYC,info@corepilatesnyc.com,pilates,New York,US,https://corepilatesnyc.com/,4.4,66,found_on_site,quick idea for Core Pilates NYC's members,"Hi there,

I came across Core Pilates NYC while researching top rated reformer pilates studios in New York and noticed you're holding a 4.4 rating across 66 reviews. That kind of rating usually means your members already see the studio as part of their identity, which is exactly when branded gear starts to sell itself.

We're Merch Maverick, a factory direct supplier of branded totes, mat bags, and studio apparel for pilates studios. We work without agency markups, so the pricing usually beats what local printers quote for the same quality.

I can mail over a free fabric swatch pack for the mat bag line so you can feel the quality before deciding anything.

Should I send that your way?

Faiaz

Merch Maverick

themerchmaverick.com"
"Kollectiv | Sauna, Cryotherapy, Massage, CRYOSKIN, Energy Healing, Spa in New York",info@kollectivnyc.com,cold_plunge,New York,US,https://kollectivnyc.com/,4.4,51,found_on_site,"quick note for Kollectiv | Sauna, Cryotherapy, Massage, CRYOSKIN, Energy Healing, Spa in New York","Hi there,

I came across Kollectiv | Sauna, Cryotherapy, Massage, CRYOSKIN, Energy Healing, Spa in New York while researching top rated cold plunge and sauna spaces in New York and noticed you're holding a 4.4 rating across 51 reviews. Numbers like that usually mean people leave talking about the experience, which is exactly the kind of thing branded gear tends to amplify.

We're Merch Maverick, a factory direct supplier of branded robes, towels, and recovery hoodies for studios like yours, no agency markups, just your logo on gear members already want.

I can put together a free digital mockup of a Kollectiv | Sauna, Cryotherapy, Massage, CRYOSKIN, Energy Healing, Spa in New York branded branded robe within 48 hours, no cost and no obligation either way.

Would it be okay if I sent that over?

Faiaz

Merch Maverick

themerchmaverick.com"
Kempinski The Spa - Munich,spa.vierjahreszeiten@kempinski.com,sauna,Munich,DE,https://www.kempinski.com/en/hotel-vier-jahreszeiten/kempinski-the-spa?utm_medium=organic&utm_source=google&utm_campaign=KIMUC1&utm_content=gmb-Spa&source=S308962248,4.4,48,found_on_site,thought of Kempinski The Spa - Munich for something,"Hi there,

I came across Kempinski The Spa - Munich while researching top rated sauna studios in Munich and noticed you're holding a 4.4 rating across 48 reviews. Members who show up that consistently tend to want gear that says they are serious about the ritual, not just visiting once.

We're Merch Maverick, a factory direct supplier for branded sauna gear including hats, towels, and robes for studios like yours. No middlemen, no inflated agency pricing, just your logo on the exact ritual gear your members already associate with the experience.

I can mail over a free fabric swatch pack for the branded plunge robe line so you can feel the quality before deciding anything.

Would that be useful to you?

Faiaz

Merch Maverick

themerchmaverick.com"
Spa Minos | Barcelona,minoshvo@zthotels.com,sauna,Barcelona,ES,https://spaminos.com/barcelona/,4.4,41,found_on_site,"quick idea, Spa Minos | Barcelona","Hi there,

I came across Spa Minos | Barcelona while researching top rated sauna studios in Barcelona and noticed you're holding a 4.4 rating across 41 reviews. That kind of consistency usually means people leave your space wanting to take a piece of the experience home with them.

We're Merch Maverick, a factory direct supplier for branded sauna gear including hats, towels, and robes for studios like yours. No middlemen, no inflated agency pricing, just your logo on the exact ritual gear your members already associate with the experience.

I can hop on a quick free call about which fabric and colorway would actually hold up best for a quick dry ritual towel in your space, no strings attached.

Want me to go ahead and put that together?

Faiaz

Merch Maverick

themerchmaverick.com"
RochusFit,rochusfit@koelnbaeder.de,cold_plunge,Cologne,DE,https://koelnbaeder.de/baeder/rochusfit/,4.4,38,found_on_site,small idea for RochusFit,"Hi there,

I came across RochusFit while researching top rated cold plunge and sauna spaces in Cologne and noticed you're holding a 4.4 rating across 38 reviews. That kind of following usually means people already treat this as part of their routine, which is exactly when branded gear starts to matter.

We're Merch Maverick, a factory direct supplier of branded robes, towels, and recovery hoodies for studios like yours, no agency markups, just your logo on gear members already want.

I can mail over a free fabric swatch pack for the recovery hoodie line so you can feel the quality before deciding anything.

Should I send that your way?

Faiaz

Merch Maverick

themerchmaverick.com"
Skyline Plaza,info@skylineplaza.de,cold_plunge,Frankfurt,DE,https://www.skylineplaza.de/,4.3,24909,found_on_site,curious if this is useful for Skyline Plaza,"Hi there,

I came across Skyline Plaza while researching top rated cold plunge and sauna spaces in Frankfurt and noticed you're holding a 4.3 rating across 24909 reviews. Numbers like that usually mean people leave talking about the experience, which is exactly the kind of thing branded gear tends to amplify.

We're Merch Maverick, a factory direct supplier of branded robes, towels, and recovery hoodies for studios like yours, no agency markups, just your logo on gear members already want.

I can hop on a quick free call about which fabric and colorway would actually hold up best for a quick dry towel in your space, no strings attached.

Would it be okay if I sent that over?

Faiaz

Merch Maverick

themerchmaverick.com"
Therme Wien,info@thermewien.at,sauna,Vienna,AT,https://www.thermewien.at/,4.3,15470,found_on_site,free something for Therme Wien,"Hi there,

I came across Therme Wien while researching top rated sauna studios in Vienna and noticed you're holding a 4.3 rating across 15470 reviews. Members who show up that consistently tend to want gear that says they are serious about the ritual, not just visiting once.

We're Merch Maverick, a factory direct supplier for branded sauna gear including hats, towels, and robes for studios like yours. No middlemen, no inflated agency pricing, just your logo on the exact ritual gear your members already associate with the experience.

I can get your first recovery beanie sample out at cost, no minimum order, no commitment beyond that.

Would that be useful to you?

Faiaz

Merch Maverick

themerchmaverick.com"
Kristall Wohlfühltherme Ludwigsfelde,info@kristall-therme-ludwigsfelde.de,sauna,Berlin,DE,http://www.kristall-therme-ludwigsfelde.de/,4.3,9532,found_on_site,quick thought after finding Kristall Wohlfühltherme Ludwigsfelde,"Hi there,

I came across Kristall Wohlfühltherme Ludwigsfelde while researching top rated sauna studios in Berlin and noticed you're holding a 4.3 rating across 9532 reviews. That kind of consistency usually means people leave your space wanting to take a piece of the experience home with them.

We're Merch Maverick, a factory direct supplier for branded sauna gear including hats, towels, and robes for studios like yours. No middlemen, no inflated agency pricing, just your logo on the exact ritual gear your members already associate with the experience.

I can put together a free digital mockup of a Kristall Wohlfühltherme Ludwigsfelde branded wool felt sauna hat within 48 hours, no cost and no obligation either way.

Want me to go ahead and put that together?

Faiaz

Merch Maverick

themerchmaverick.com"
Claudius Therme,info@claudius-therme.de,sauna,Cologne,DE,https://www.claudius-therme.de/,4.3,7496,found_on_site,a small idea for Claudius Therme's team,"Hi there,

I came across Claudius Therme while researching top rated sauna studios in Cologne and noticed you're holding a 4.3 rating across 7496 reviews. Members who show up that consistently tend to want gear that says they are serious about the ritual, not just visiting once.

We're Merch Maverick, a factory direct supplier for branded sauna gear including hats, towels, and robes for studios like yours. No middlemen, no inflated agency pricing, just your logo on the exact ritual gear your members already associate with the experience.

I can mail over a free fabric swatch pack for the branded plunge robe line so you can feel the quality before deciding anything.

Should I send that your way?

Faiaz

Merch Maverick

themerchmaverick.com"
Yasuragi Spa Hotel,info@yasuragi.se,cold_plunge,Stockholm,SE,https://www.yasuragi.se/,4.3,5567,found_on_site,quick question about Yasuragi Spa Hotel's retail shelf,"Hi there,

I came across Yasuragi Spa Hotel while researching top rated cold plunge and sauna spaces in Stockholm and noticed you're holding a 4.3 rating across 5567 reviews. That kind of following usually means people already treat this as part of their routine, which is exactly when branded gear starts to matter.

We're Merch Maverick, a factory direct supplier of branded robes, towels, and recovery hoodies for studios like yours, no agency markups, just your logo on gear members already want.

I can get your first recovery beanie sample out at cost, no minimum order, no commitment beyond that.

Would it be okay if I sent that over?

Faiaz

Merch Maverick

themerchmaverick.com"
WorldSprings,dallas.info@worldsprings.com,sauna,Dallas,US,http://www.worldsprings.com/,4.3,2428,found_on_site,quick idea for WorldSprings's members,"Hi there,

I came across WorldSprings while researching top rated sauna studios in Dallas and noticed you're holding a 4.3 rating across 2428 reviews. That kind of consistency usually means people leave your space wanting to take a piece of the experience home with them.

We're Merch Maverick, a factory direct supplier for branded sauna gear including hats, towels, and robes for studios like yours. No middlemen, no inflated agency pricing, just your logo on the exact ritual gear your members already associate with the experience.

I can hop on a quick free call about which fabric and colorway would actually hold up best for a quick dry ritual towel in your space, no strings attached.

Would that be useful to you?

Faiaz

Merch Maverick

themerchmaverick.com"
Moor Hall Hotel & Spa,mail@moorhallhotel.co.uk,sauna,Birmingham,GB,http://www.moorhallhotel.co.uk/,4.3,2398,found_on_site,quick note for Moor Hall Hotel & Spa,"Hi there,

I came across Moor Hall Hotel & Spa while researching top rated sauna studios in Birmingham and noticed you're holding a 4.3 rating across 2398 reviews. Members who show up that consistently tend to want gear that says they are serious about the ritual, not just visiting once.

We're Merch Maverick, a factory direct supplier for branded sauna gear including hats, towels, and robes for studios like yours. No middlemen, no inflated agency pricing, just your logo on the exact ritual gear your members already associate with the experience.

I can get your first recovery beanie sample out at cost, no minimum order, no commitment beyond that.

Want me to go ahead and put that together?

Faiaz

Merch Maverick

themerchmaverick.com"
Mauritius Hotel & Therme,info@mauritius-ht.de,sauna,Cologne,DE,http://www.mauritius-ht.de/,4.3,2316,found_on_site,thought of Mauritius Hotel & Therme for something,"Hi there,

I came across Mauritius Hotel & Therme while researching top rated sauna studios in Cologne and noticed you're holding a 4.3 rating across 2316 reviews. That kind of consistency usually means people leave your space wanting to take a piece of the experience home with them.

We're Merch Maverick, a factory direct supplier for branded sauna gear including hats, towels, and robes for studios like yours. No middlemen, no inflated agency pricing, just your logo on the exact ritual gear your members already associate with the experience.

I can put together a free digital mockup of a Mauritius Hotel & Therme branded wool felt sauna hat within 48 hours, no cost and no obligation either way.

Should I send that your way?

Faiaz

Merch Maverick

themerchmaverick.com"
David Lloyd Meridian Berlin Spandau Arcaden,spandau@meridianspa.de,cold_plunge,Berlin,DE,https://www.meridianspa.de/de-de/clubs/berlin-spandau-arcaden/?utm_source=google&utm_medium=places&utm_campaign=LPM_berlin-spandau-arcaden&y_source=1_OTE1Mzk4NjUtNzE1LWxvY2F0aW9uLndlYnNpdGU%3D,4.3,2283,found_on_site,"quick idea, David Lloyd Meridian Berlin Spandau Arcaden","Hi there,

I came across David Lloyd Meridian Berlin Spandau Arcaden while researching top rated cold plunge and sauna spaces in Berlin and noticed you're holding a 4.3 rating across 2283 reviews. Numbers like that usually mean people leave talking about the experience, which is exactly the kind of thing branded gear tends to amplify.

We're Merch Maverick, a factory direct supplier of branded robes, towels, and recovery hoodies for studios like yours, no agency markups, just your logo on gear members already want.

I can put together a free digital mockup of a David Lloyd Meridian Berlin Spandau Arcaden branded branded robe within 48 hours, no cost and no obligation either way.

Would it be okay if I sent that over?

Faiaz

Merch Maverick

themerchmaverick.com"
Ellery Beach House,reservation@ellerybeachhouse.com,cold_plunge,Stockholm,SE,https://ellerybeachhouse.com/,4.3,1507,found_on_site,small idea for Ellery Beach House,"Hi there,

I came across Ellery Beach House while researching top rated cold plunge and sauna spaces in Stockholm and noticed you're holding a 4.3 rating across 1507 reviews. That kind of following usually means people already treat this as part of their routine, which is exactly when branded gear starts to matter.

We're Merch Maverick, a factory direct supplier of branded robes, towels, and recovery hoodies for studios like yours, no agency markups, just your logo on gear members already want.

I can mail over a free fabric swatch pack for the recovery hoodie line so you can feel the quality before deciding anything.

Would that be useful to you?

Faiaz

Merch Maverick

themerchmaverick.com"
Vital Hotel Frankfurt,name@mail.de,sauna,Frankfurt,DE,https://www.vital-hotel-frankfurt.de/,4.3,1499,found_on_site,curious if this is useful for Vital Hotel Frankfurt,"Hi there,

I came across Vital Hotel Frankfurt while researching top rated sauna studios in Frankfurt and noticed you're holding a 4.3 rating across 1499 reviews. Members who show up that consistently tend to want gear that says they are serious about the ritual, not just visiting once.

We're Merch Maverick, a factory direct supplier for branded sauna gear including hats, towels, and robes for studios like yours. No middlemen, no inflated agency pricing, just your logo on the exact ritual gear your members already associate with the experience.

I can mail over a free fabric swatch pack for the branded plunge robe line so you can feel the quality before deciding anything.

Want me to go ahead and put that together?

Faiaz

Merch Maverick

themerchmaverick.com"
BRC Day Spa & Sauna Resort,service@brc-spa.com,sauna,New York,US,http://brc-spa.com/,4.3,1373,found_on_site,free something for BRC Day Spa & Sauna Resort,"Hi there,

I came across BRC Day Spa & Sauna Resort while researching top rated sauna studios in New York and noticed you're holding a 4.3 rating across 1373 reviews. That kind of consistency usually means people leave your space wanting to take a piece of the experience home with them.

We're Merch Maverick, a factory direct supplier for branded sauna gear including hats, towels, and robes for studios like yours. No middlemen, no inflated agency pricing, just your logo on the exact ritual gear your members already associate with the experience.

I can hop on a quick free call about which fabric and colorway would actually hold up best for a quick dry ritual towel in your space, no strings attached.

Should I send that your way?

Faiaz

Merch Maverick

themerchmaverick.com"
Riedbad Bergen-Enkheim,info@frankfurter-baeder.de,cold_plunge,Frankfurt,DE,https://frankfurter-baeder.de/baeder/riedbad-bergen-enkheim/,4.3,1234,found_on_site,quick thought after finding Riedbad Bergen-Enkheim,"Hi there,

I came across Riedbad Bergen-Enkheim while researching top rated cold plunge and sauna spaces in Frankfurt and noticed you're holding a 4.3 rating across 1234 reviews. Numbers like that usually mean people leave talking about the experience, which is exactly the kind of thing branded gear tends to amplify.

We're Merch Maverick, a factory direct supplier of branded robes, towels, and recovery hoodies for studios like yours, no agency markups, just your logo on gear members already want.

I can hop on a quick free call about which fabric and colorway would actually hold up best for a quick dry towel in your space, no strings attached.

Would it be okay if I sent that over?

Faiaz

Merch Maverick

themerchmaverick.com"
KIEZ SAUNA - The sauna in Berlin-Friedrichshain,info@kiezsauna.de,sauna,Berlin,DE,http://www.kiezsauna.de/,4.3,546,found_on_site,a small idea for KIEZ SAUNA - The sauna in Berlin-Friedrichshain's team,"Hi there,

I came across KIEZ SAUNA - The sauna in Berlin-Friedrichshain while researching top rated sauna studios in Berlin and noticed you're holding a 4.3 rating across 546 reviews. Members who show up that consistently tend to want gear that says they are serious about the ritual, not just visiting once.

We're Merch Maverick, a factory direct supplier for branded sauna gear including hats, towels, and robes for studios like yours. No middlemen, no inflated agency pricing, just your logo on the exact ritual gear your members already associate with the experience.

I can get your first recovery beanie sample out at cost, no minimum order, no commitment beyond that.

Would that be useful to you?

Faiaz

Merch Maverick

themerchmaverick.com"
Naked Spa,hola@nkdspaclub.com,sauna,Madrid,ES,http://www.nakedspa.es/,4.3,316,found_on_site,quick question about Naked Spa's retail shelf,"Hi there,

I came across Naked Spa while researching top rated sauna studios in Madrid and noticed you're holding a 4.3 rating across 316 reviews. That kind of consistency usually means people leave your space wanting to take a piece of the experience home with them.

We're Merch Maverick, a factory direct supplier for branded sauna gear including hats, towels, and robes for studios like yours. No middlemen, no inflated agency pricing, just your logo on the exact ritual gear your members already associate with the experience.

I can put together a free digital mockup of a Naked Spa branded wool felt sauna hat within 48 hours, no cost and no obligation either way.

Want me to go ahead and put that together?

Faiaz

Merch Maverick

themerchmaverick.com"
Olivin Berlin Sauna Wellness Spa,info@olivin-berlin.com,sauna,Berlin,DE,http://www.olivin-berlin.com/,4.3,257,found_on_site,quick idea for Olivin Berlin Sauna Wellness Spa's members,"Hi there,

I came across Olivin Berlin Sauna Wellness Spa while researching top rated sauna studios in Berlin and noticed you're holding a 4.3 rating across 257 reviews. Members who show up that consistently tend to want gear that says they are serious about the ritual, not just visiting once.

We're Merch Maverick, a factory direct supplier for branded sauna gear including hats, towels, and robes for studios like yours. No middlemen, no inflated agency pricing, just your logo on the exact ritual gear your members already associate with the experience.

I can mail over a free fabric swatch pack for the branded plunge robe line so you can feel the quality before deciding anything.

Should I send that your way?

Faiaz

Merch Maverick

themerchmaverick.com"
Sauna 69,jk.tourguide@gmail.com,sauna,Budapest,HU,https://gaysaunabudapest.hu/,4.3,235,found_on_site,quick note for Sauna 69,"Hi there,

I came across Sauna 69 while researching top rated sauna studios in Budapest and noticed you're holding a 4.3 rating across 235 reviews. That kind of consistency usually means people leave your space wanting to take a piece of the experience home with them.

We're Merch Maverick, a factory direct supplier for branded sauna gear including hats, towels, and robes for studios like yours. No middlemen, no inflated agency pricing, just your logo on the exact ritual gear your members already associate with the experience.

I can hop on a quick free call about which fabric and colorway would actually hold up best for a quick dry ritual towel in your space, no strings attached.

Would it be okay if I sent that over?

Faiaz

Merch Maverick

themerchmaverick.com"
Spa at the Andaz,spa.munich@andaz.com,cold_plunge,Munich,DE,https://www.andazspa.de/?utm_source=googlebusinessprofile&utm_medium=organic&utm_campaign=website,4.3,175,found_on_site,thought of Spa at the Andaz for something,"Hi there,

I came across Spa at the Andaz while researching top rated cold plunge and sauna spaces in Munich and noticed you're holding a 4.3 rating across 175 reviews. That kind of following usually means people already treat this as part of their routine, which is exactly when branded gear starts to matter.

We're Merch Maverick, a factory direct supplier of branded robes, towels, and recovery hoodies for studios like yours, no agency markups, just your logo on gear members already want.

I can get your first recovery beanie sample out at cost, no minimum order, no commitment beyond that.

Would that be useful to you?

Faiaz

Merch Maverick

themerchmaverick.com"
Badhuis & Sauna Da Costa | Sauna Amsterdam,info@badhuisdacosta.eu,sauna,Amsterdam,NL,http://www.badhuisdacosta.eu/?utm_source=gmb&utm_medium=organic&utm_campaign=website_clicks,4.3,164,found_on_site,"quick idea, Badhuis & Sauna Da Costa | Sauna Amsterdam","Hi there,

I came across Badhuis & Sauna Da Costa | Sauna Amsterdam while researching top rated sauna studios in Amsterdam and noticed you're holding a 4.3 rating across 164 reviews. Members who show up that consistently tend to want gear that says they are serious about the ritual, not just visiting once.

We're Merch Maverick, a factory direct supplier for branded sauna gear including hats, towels, and robes for studios like yours. No middlemen, no inflated agency pricing, just your logo on the exact ritual gear your members already associate with the experience.

I can get your first recovery beanie sample out at cost, no minimum order, no commitment beyond that.

Want me to go ahead and put that together?

Faiaz

Merch Maverick

themerchmaverick.com"
"Titan Wellness | Titan Cold Plunge, Ice Baths, Tubs & Water Chillers",hello@titan-wellness.com,cold_plunge,Anaheim,US,https://titan-wellness.com/,4.3,136,found_on_site,"small idea for Titan Wellness | Titan Cold Plunge, Ice Baths, Tubs & Water Chillers","Hi there,

I came across Titan Wellness | Titan Cold Plunge, Ice Baths, Tubs & Water Chillers while researching top rated cold plunge and sauna spaces in Anaheim and noticed you're holding a 4.3 rating across 136 reviews. Numbers like that usually mean people leave talking about the experience, which is exactly the kind of thing branded gear tends to amplify.

We're Merch Maverick, a factory direct supplier of branded robes, towels, and recovery hoodies for studios like yours, no agency markups, just your logo on gear members already want.

I can put together a free digital mockup of a Titan Wellness | Titan Cold Plunge, Ice Baths, Tubs & Water Chillers branded branded robe within 48 hours, no cost and no obligation either way.

Should I send that your way?

Faiaz

Merch Maverick

themerchmaverick.com"
SANA,hello@sanasana.ca,sauna,Toronto,CA,http://www.sanasana.ca/,4.3,126,found_on_site,curious if this is useful for SANA,"Hi there,

I came across SANA while researching top rated sauna studios in Toronto and noticed you're holding a 4.3 rating across 126 reviews. That kind of consistency usually means people leave your space wanting to take a piece of the experience home with them.

We're Merch Maverick, a factory direct supplier for branded sauna gear including hats, towels, and robes for studios like yours. No middlemen, no inflated agency pricing, just your logo on the exact ritual gear your members already associate with the experience.

I can put together a free digital mockup of a SANA branded wool felt sauna hat within 48 hours, no cost and no obligation either way.

Would it be okay if I sent that over?

Faiaz

Merch Maverick

themerchmaverick.com"
Spakallarn,info@spakallarn.se,sauna,Stockholm,SE,https://spakallarn.se/?utm_source=google,4.3,63,found_on_site,free something for Spakallarn,"Hi there,

I came across Spakallarn while researching top rated sauna studios in Stockholm and noticed you're holding a 4.3 rating across 63 reviews. Members who show up that consistently tend to want gear that says they are serious about the ritual, not just visiting once.

We're Merch Maverick, a factory direct supplier for branded sauna gear including hats, towels, and robes for studios like yours. No middlemen, no inflated agency pricing, just your logo on the exact ritual gear your members already associate with the experience.

I can mail over a free fabric swatch pack for the branded plunge robe line so you can feel the quality before deciding anything.

Would that be useful to you?

Faiaz

Merch Maverick

themerchmaverick.com"
Sky Club Fitness Plus Spa,info@sky-club.ca,run_club,Toronto,CA,https://sky-club.ca/,4.3,42,found_on_site,quick thought after finding Sky Club Fitness Plus Spa,"Hi there,

I came across Sky Club Fitness Plus Spa while researching top rated run clubs in Toronto and noticed you're holding a 4.3 rating across 42 reviews. Numbers like that usually mean your club already feels like a third place for people, not just a Tuesday run.

We're Merch Maverick, a factory direct supplier of branded team tees, caps, and run club apparel. No agency markups, just gear your crew will actually wear outside of race day.

I can mail over a free fabric swatch pack for the run club cap line so you can feel the quality before deciding anything.

Want me to go ahead and put that together?

Faiaz

Merch Maverick

themerchmaverick.com"
Reformer Room München,info@reformer-room.de,pilates,Munich,DE,http://www.reformer-room.de/,4.3,37,found_on_site,a small idea for Reformer Room München's team,"Hi there,

I came across Reformer Room München while researching top rated reformer pilates studios in Munich and noticed you're holding a 4.3 rating across 37 reviews. That's the kind of loyalty that usually means members are proud to be part of the studio, not just attending classes.

We're Merch Maverick, a factory direct supplier of branded totes, mat bags, and studio apparel for pilates studios. We work without agency markups, so the pricing usually beats what local printers quote for the same quality.

I can hop on a quick free call about which fabric and colorway would actually hold up best for a branded headband in your space, no strings attached.

Should I send that your way?

Faiaz

Merch Maverick

themerchmaverick.com"
Powerhouse Pilates at JET Boston (South End),info@janeyelitetraining.com,pilates,Boston,US,https://www.jetboston.com/powerhousepilates,4.3,12,found_on_site,quick question about Powerhouse Pilates at JET Boston (South End)'s retail shelf,"Hi there,

I came across Powerhouse Pilates at JET Boston (South End) while researching top rated reformer pilates studios in Boston and noticed you're holding a 4.3 rating across 12 reviews. That kind of rating usually means your members already see the studio as part of their identity, which is exactly when branded gear starts to sell itself.

We're Merch Maverick, a factory direct supplier of branded totes, mat bags, and studio apparel for pilates studios. We work without agency markups, so the pricing usually beats what local printers quote for the same quality.

I can get your first grip socks sample out at cost, no minimum order, no commitment beyond that.

Would it be okay if I sent that over?

Faiaz

Merch Maverick

themerchmaverick.com"
Sauna,info@bostoncryospa.com,sauna,Boston,US,http://book.dedhamspa.com/,4.3,6,found_on_site,quick idea for Sauna's members,"Hi there,

I came across Sauna while researching top rated sauna studios in Boston and noticed you're holding a 4.3 rating across 6 reviews. That kind of consistency usually means people leave your space wanting to take a piece of the experience home with them.

We're Merch Maverick, a factory direct supplier for branded sauna gear including hats, towels, and robes for studios like yours. No middlemen, no inflated agency pricing, just your logo on the exact ritual gear your members already associate with the experience.

I can hop on a quick free call about which fabric and colorway would actually hold up best for a quick dry ritual towel in your space, no strings attached.

Would that be useful to you?

Faiaz

Merch Maverick

themerchmaverick.com"
Red Star Athletics Club,enquiries@redstarac.org.uk,run_club,Glasgow,GB,https://redstarac.org.uk/,4.3,6,found_on_site,quick note for Red Star Athletics Club,"Hi there,

I came across Red Star Athletics Club while researching top rated run clubs in Glasgow and noticed you're holding a 4.3 rating across 6 reviews. That kind of following usually means your crew is already repping your name everywhere they go.

We're Merch Maverick, a factory direct supplier of branded team tees, caps, and run club apparel. No agency markups, just gear your crew will actually wear outside of race day.

I can hop on a quick free call about which fabric and colorway would actually hold up best for a neck buff in your space, no strings attached.

Want me to go ahead and put that together?

Faiaz

Merch Maverick

themerchmaverick.com"
Wi Spa,info@wispausa.com,sauna,Los Angeles,US,http://www.wispausa.com/,4.2,4400,found_on_site,thought of Wi Spa for something,"Hi there,

I came across Wi Spa while researching top rated sauna studios in Los Angeles and noticed you're holding a 4.2 rating across 4400 reviews. Members who show up that consistently tend to want gear that says they are serious about the ritual, not just visiting once.

We're Merch Maverick, a factory direct supplier for branded sauna gear including hats, towels, and robes for studios like yours. No middlemen, no inflated agency pricing, just your logo on the exact ritual gear your members already associate with the experience.

I can get your first recovery beanie sample out at cost, no minimum order, no commitment beyond that.

Should I send that your way?

Faiaz

Merch Maverick

themerchmaverick.com"
Rubin Wellness & Conference Hotel,rubin@hotelrubin.hu,cold_plunge,Budapest,HU,http://www.hotelrubin.com/,4.2,2277,found_on_site,"quick idea, Rubin Wellness & Conference Hotel","Hi there,

I came across Rubin Wellness & Conference Hotel while researching top rated cold plunge and sauna spaces in Budapest and noticed you're holding a 4.2 rating across 2277 reviews. That kind of following usually means people already treat this as part of their routine, which is exactly when branded gear starts to matter.

We're Merch Maverick, a factory direct supplier of branded robes, towels, and recovery hoodies for studios like yours, no agency markups, just your logo on gear members already want.

I can mail over a free fabric swatch pack for the recovery hoodie line so you can feel the quality before deciding anything.

Would it be okay if I sent that over?

Faiaz

Merch Maverick

themerchmaverick.com"
Sparkhill Pool & Fitness Centre,enquiries@pfpleisure.org,sauna,Birmingham,GB,https://www.placesleisure.org/centres/sparkhill-pool-and-fitness-centre/?utm_source=gmb&utm_medium=button&y_source=1_Njc0OTcwODAtNzE1LWxvY2F0aW9uLndlYnNpdGU%3D,4.2,1361,found_on_site,small idea for Sparkhill Pool & Fitness Centre,"Hi there,

I came across Sparkhill Pool & Fitness Centre while researching top rated sauna studios in Birmingham and noticed you're holding a 4.2 rating across 1361 reviews. That kind of consistency usually means people leave your space wanting to take a piece of the experience home with them.

We're Merch Maverick, a factory direct supplier for branded sauna gear including hats, towels, and robes for studios like yours. No middlemen, no inflated agency pricing, just your logo on the exact ritual gear your members already associate with the experience.

I can put together a free digital mockup of a Sparkhill Pool & Fitness Centre branded wool felt sauna hat within 48 hours, no cost and no obligation either way.

Would that be useful to you?

Faiaz

Merch Maverick

themerchmaverick.com"
Spa World Houston - Korean Spa & Sauna,info@spaworldhouston.com,sauna,Houston,US,https://spaworldhouston.com/?utm_source=googlebusinessprofile&utm_medium=organic&utm_campaign=google_business_profile,4.2,1330,found_on_site,curious if this is useful for Spa World Houston - Korean Spa & Sauna,"Hi there,

I came across Spa World Houston - Korean Spa & Sauna while researching top rated sauna studios in Houston and noticed you're holding a 4.2 rating across 1330 reviews. Members who show up that consistently tend to want gear that says they are serious about the ritual, not just visiting once.

We're Merch Maverick, a factory direct supplier for branded sauna gear including hats, towels, and robes for studios like yours. No middlemen, no inflated agency pricing, just your logo on the exact ritual gear your members already associate with the experience.

I can mail over a free fabric swatch pack for the branded plunge robe line so you can feel the quality before deciding anything.

Want me to go ahead and put that together?

Faiaz

Merch Maverick

themerchmaverick.com"
AquaBody,info@aquabody.es,sauna,Madrid,ES,https://aquabody.es/,4.2,1054,found_on_site,free something for AquaBody,"Hi there,

I came across AquaBody while researching top rated sauna studios in Madrid and noticed you're holding a 4.2 rating across 1054 reviews. That kind of consistency usually means people leave your space wanting to take a piece of the experience home with them.

We're Merch Maverick, a factory direct supplier for branded sauna gear including hats, towels, and robes for studios like yours. No middlemen, no inflated agency pricing, just your logo on the exact ritual gear your members already associate with the experience.

I can hop on a quick free call about which fabric and colorway would actually hold up best for a quick dry ritual towel in your space, no strings attached.

Should I send that your way?

Faiaz

Merch Maverick

themerchmaverick.com"
Imperial Spa,text@imperialdayspa.com,sauna,San Francisco,US,http://imperialdayspa.com/,4.2,549,found_on_site,quick thought after finding Imperial Spa,"Hi there,

I came across Imperial Spa while researching top rated sauna studios in San Francisco and noticed you're holding a 4.2 rating across 549 reviews. Members who show up that consistently tend to want gear that says they are serious about the ritual, not just visiting once.

We're Merch Maverick, a factory direct supplier for branded sauna gear including hats, towels, and robes for studios like yours. No middlemen, no inflated agency pricing, just your logo on the exact ritual gear your members already associate with the experience.

I can get your first recovery beanie sample out at cost, no minimum order, no commitment beyond that.

Would it be okay if I sent that over?

Faiaz

Merch Maverick

themerchmaverick.com"
Nechells Wellbeing Centre,nechells_csc@birmingham.gov.uk,cold_plunge,Birmingham,GB,http://www.birmingham.gov.uk/nechellscsc,4.2,332,found_on_site,a small idea for Nechells Wellbeing Centre's team,"Hi there,

I came across Nechells Wellbeing Centre while researching top rated cold plunge and sauna spaces in Birmingham and noticed you're holding a 4.2 rating across 332 reviews. Numbers like that usually mean people leave talking about the experience, which is exactly the kind of thing branded gear tends to amplify.

We're Merch Maverick, a factory direct supplier of branded robes, towels, and recovery hoodies for studios like yours, no agency markups, just your logo on gear members already want.

I can hop on a quick free call about which fabric and colorway would actually hold up best for a quick dry towel in your space, no strings attached.

Would that be useful to you?

Faiaz

Merch Maverick

themerchmaverick.com"
Salzheilgrotte Frankfurt,info@salzheilgrotte.de,cold_plunge,Frankfurt,DE,http://www.salzheilgrotte-frankfurt.de/salzspielzimmer/,4.2,248,found_on_site,quick question about Salzheilgrotte Frankfurt's retail shelf,"Hi there,

I came across Salzheilgrotte Frankfurt while researching top rated cold plunge and sauna spaces in Frankfurt and noticed you're holding a 4.2 rating across 248 reviews. That kind of following usually means people already treat this as part of their routine, which is exactly when branded gear starts to matter.

We're Merch Maverick, a factory direct supplier of branded robes, towels, and recovery hoodies for studios like yours, no agency markups, just your logo on gear members already want.

I can get your first recovery beanie sample out at cost, no minimum order, no commitment beyond that.

Want me to go ahead and put that together?

Faiaz

Merch Maverick

themerchmaverick.com"
Sauna Deutsche Eiche,info@deutsche-eiche.de,sauna,Munich,DE,https://www.deutsche-eiche.de/en/sauna/,4.2,225,found_on_site,quick idea for Sauna Deutsche Eiche's members,"Hi there,

I came across Sauna Deutsche Eiche while researching top rated sauna studios in Munich and noticed you're holding a 4.2 rating across 225 reviews. That kind of consistency usually means people leave your space wanting to take a piece of the experience home with them.

We're Merch Maverick, a factory direct supplier for branded sauna gear including hats, towels, and robes for studios like yours. No middlemen, no inflated agency pricing, just your logo on the exact ritual gear your members already associate with the experience.

I can put together a free digital mockup of a Sauna Deutsche Eiche branded wool felt sauna hat within 48 hours, no cost and no obligation either way.

Should I send that your way?

Faiaz

Merch Maverick

themerchmaverick.com"
MyLife Rotterdam aan de Maas,berkel@mylife.nl,sauna,Rotterdam,NL,https://www.mylife.nl/mylife-rotterdam-aan-de-maas/?utm_source=GMB&utm_medium=klikken&utm_campaign=Maas,4.2,158,found_on_site,quick note for MyLife Rotterdam aan de Maas,"Hi there,

I came across MyLife Rotterdam aan de Maas while researching top rated sauna studios in Rotterdam and noticed you're holding a 4.2 rating across 158 reviews. Members who show up that consistently tend to want gear that says they are serious about the ritual, not just visiting once.

We're Merch Maverick, a factory direct supplier for branded sauna gear including hats, towels, and robes for studios like yours. No middlemen, no inflated agency pricing, just your logo on the exact ritual gear your members already associate with the experience.

I can mail over a free fabric swatch pack for the branded plunge robe line so you can feel the quality before deciding anything.

Would it be okay if I sent that over?

Faiaz

Merch Maverick

themerchmaverick.com"
Miami Pilates,info@miamipilates.co,pilates,Miami,US,https://www.miamipilates.co/,4.2,87,found_on_site,thought of Miami Pilates for something,"Hi there,

I came across Miami Pilates while researching top rated reformer pilates studios in Miami and noticed you're holding a 4.2 rating across 87 reviews. That's the kind of loyalty that usually means members are proud to be part of the studio, not just attending classes.

We're Merch Maverick, a factory direct supplier of branded totes, mat bags, and studio apparel for pilates studios. We work without agency markups, so the pricing usually beats what local printers quote for the same quality.

I can put together a free digital mockup of a Miami Pilates branded studio tote within 48 hours, no cost and no obligation either way.

Would that be useful to you?

Faiaz

Merch Maverick

themerchmaverick.com"
Sofitel SPA,h5413@sofitel.com,sauna,Munich,DE,https://www.sofitel-munich.com/sofotel-spa/,4.2,78,found_on_site,"quick idea, Sofitel SPA","Hi there,

I came across Sofitel SPA while researching top rated sauna studios in Munich and noticed you're holding a 4.2 rating across 78 reviews. That kind of consistency usually means people leave your space wanting to take a piece of the experience home with them.

We're Merch Maverick, a factory direct supplier for branded sauna gear including hats, towels, and robes for studios like yours. No middlemen, no inflated agency pricing, just your logo on the exact ritual gear your members already associate with the experience.

I can hop on a quick free call about which fabric and colorway would actually hold up best for a quick dry ritual towel in your space, no strings attached.

Want me to go ahead and put that together?

Faiaz

Merch Maverick

themerchmaverick.com"
Clubsauna Amsterdam,info@gaysauna-amsterdam.com,sauna,Frankfurt,DE,http://www.gaysauna-amsterdam.com/,4.2,75,found_on_site,small idea for Clubsauna Amsterdam,"Hi there,

I came across Clubsauna Amsterdam while researching top rated sauna studios in Frankfurt and noticed you're holding a 4.2 rating across 75 reviews. Members who show up that consistently tend to want gear that says they are serious about the ritual, not just visiting once.

We're Merch Maverick, a factory direct supplier for branded sauna gear including hats, towels, and robes for studios like yours. No middlemen, no inflated agency pricing, just your logo on the exact ritual gear your members already associate with the experience.

I can get your first recovery beanie sample out at cost, no minimum order, no commitment beyond that.

Should I send that your way?

Faiaz

Merch Maverick

themerchmaverick.com"
K/C Move Studio - Rozengracht,hello@kcmove.nl,pilates,Amsterdam,NL,https://www.kcmove.nl/,4.2,75,found_on_site,curious if this is useful for K/C Move Studio - Rozengracht,"Hi there,

I came across K/C Move Studio - Rozengracht while researching top rated reformer pilates studios in Amsterdam and noticed you're holding a 4.2 rating across 75 reviews. That kind of rating usually means your members already see the studio as part of their identity, which is exactly when branded gear starts to sell itself.

We're Merch Maverick, a factory direct supplier of branded totes, mat bags, and studio apparel for pilates studios. We work without agency markups, so the pricing usually beats what local printers quote for the same quality.

I can mail over a free fabric swatch pack for the mat bag line so you can feel the quality before deciding anything.

Would it be okay if I sent that over?

Faiaz

Merch Maverick

themerchmaverick.com"
THE SPA im Steigenberger Frankfurter Hof,service@hrewards.com,sauna,Frankfurt,DE,https://hrewards.com/de/the-spa?wt_mc=seo_listing.shr.yext.frankfurt_frankfurter_hof.hotel_link.text_cta,4.2,72,found_on_site,free something for THE SPA im Steigenberger Frankfurter Hof,"Hi there,

I came across THE SPA im Steigenberger Frankfurter Hof while researching top rated sauna studios in Frankfurt and noticed you're holding a 4.2 rating across 72 reviews. That kind of consistency usually means people leave your space wanting to take a piece of the experience home with them.

We're Merch Maverick, a factory direct supplier for branded sauna gear including hats, towels, and robes for studios like yours. No middlemen, no inflated agency pricing, just your logo on the exact ritual gear your members already associate with the experience.

I can put together a free digital mockup of a THE SPA im Steigenberger Frankfurter Hof branded wool felt sauna hat within 48 hours, no cost and no obligation either way.

Would that be useful to you?

Faiaz

Merch Maverick

themerchmaverick.com"
Adult club Karin's Home,service@karins-home.nl,sauna,Rotterdam,NL,http://www.karins-home.nl/,4.2,46,found_on_site,quick thought after finding Adult club Karin's Home,"Hi there,

I came across Adult club Karin's Home while researching top rated sauna studios in Rotterdam and noticed you're holding a 4.2 rating across 46 reviews. Members who show up that consistently tend to want gear that says they are serious about the ritual, not just visiting once.

We're Merch Maverick, a factory direct supplier for branded sauna gear including hats, towels, and robes for studios like yours. No middlemen, no inflated agency pricing, just your logo on the exact ritual gear your members already associate with the experience.

I can mail over a free fabric swatch pack for the branded plunge robe line so you can feel the quality before deciding anything.

Want me to go ahead and put that together?

Faiaz

Merch Maverick

themerchmaverick.com"
Le SPA München,muenchen@lespa-wellness.com,sauna,Munich,DE,https://lespa-wellness.com/muenchen/,4.2,20,found_on_site,a small idea for Le SPA München's team,"Hi there,

I came across Le SPA München while researching top rated sauna studios in Munich and noticed you're holding a 4.2 rating across 20 reviews. That kind of consistency usually means people leave your space wanting to take a piece of the experience home with them.

We're Merch Maverick, a factory direct supplier for branded sauna gear including hats, towels, and robes for studios like yours. No middlemen, no inflated agency pricing, just your logo on the exact ritual gear your members already associate with the experience.

I can hop on a quick free call about which fabric and colorway would actually hold up best for a quick dry ritual towel in your space, no strings attached.

Should I send that your way?

Faiaz

Merch Maverick

themerchmaverick.com"
Centralbadet,info@centralbadet.se,sauna,Stockholm,SE,https://centralbadet.se/,4.1,1729,found_on_site,quick question about Centralbadet's retail shelf,"Hi there,

I came across Centralbadet while researching top rated sauna studios in Stockholm and noticed you're holding a 4.1 rating across 1729 reviews. Members who show up that consistently tend to want gear that says they are serious about the ritual, not just visiting once.

We're Merch Maverick, a factory direct supplier for branded sauna gear including hats, towels, and robes for studios like yours. No middlemen, no inflated agency pricing, just your logo on the exact ritual gear your members already associate with the experience.

I can get your first recovery beanie sample out at cost, no minimum order, no commitment beyond that.

Would it be okay if I sent that over?

Faiaz

Merch Maverick

themerchmaverick.com"
body + soul Center Munich North,brunnthal@bodyandsoul.de,sauna,Munich,DE,https://www.bodyandsoul.de/standorte/muenchen-nord/das-center-im-ueberblick/,4.1,1538,found_on_site,quick idea for body + soul Center Munich North's members,"Hi there,

I came across body + soul Center Munich North while researching top rated sauna studios in Munich and noticed you're holding a 4.1 rating across 1538 reviews. That kind of consistency usually means people leave your space wanting to take a piece of the experience home with them.

We're Merch Maverick, a factory direct supplier for branded sauna gear including hats, towels, and robes for studios like yours. No middlemen, no inflated agency pricing, just your logo on the exact ritual gear your members already associate with the experience.

I can put together a free digital mockup of a body + soul Center Munich North branded wool felt sauna hat within 48 hours, no cost and no obligation either way.

Would that be useful to you?

Faiaz

Merch Maverick

themerchmaverick.com"
Qua Spa at Caesars Palace,clvspaconcierge@caesars.com,sauna,Las Vegas,US,https://www.caesars.com/caesars-palace/things-to-do/qua?utm_campaign=gmb&utm_source=google&utm_medium=local&utm_term=CLV19&utm_content=spa&y_source=1_NDM2Njg3NS03MTUtbG9jYXRpb24ud2Vic2l0ZQ%3D%3D,4.1,567,found_on_site,quick note for Qua Spa at Caesars Palace,"Hi there,

I came across Qua Spa at Caesars Palace while researching top rated sauna studios in Las Vegas and noticed you're holding a 4.1 rating across 567 reviews. Members who show up that consistently tend to want gear that says they are serious about the ritual, not just visiting once.

We're Merch Maverick, a factory direct supplier for branded sauna gear including hats, towels, and robes for studios like yours. No middlemen, no inflated agency pricing, just your logo on the exact ritual gear your members already associate with the experience.

I can mail over a free fabric swatch pack for the branded plunge robe line so you can feel the quality before deciding anything.

Want me to go ahead and put that together?

Faiaz

Merch Maverick

themerchmaverick.com"
Archimedes Banya,info@banyasf.com,sauna,San Francisco,US,http://banyasf.com/,4.1,480,found_on_site,thought of Archimedes Banya for something,"Hi there,

I came across Archimedes Banya while researching top rated sauna studios in San Francisco and noticed you're holding a 4.1 rating across 480 reviews. That kind of consistency usually means people leave your space wanting to take a piece of the experience home with them.

We're Merch Maverick, a factory direct supplier for branded sauna gear including hats, towels, and robes for studios like yours. No middlemen, no inflated agency pricing, just your logo on the exact ritual gear your members already associate with the experience.

I can hop on a quick free call about which fabric and colorway would actually hold up best for a quick dry ritual towel in your space, no strings attached.

Should I send that your way?

Faiaz

Merch Maverick

themerchmaverick.com"
Bliss & Body Fitness és Wellness,recepcio.blissandbody@gmail.com,sauna,Budapest,HU,http://blissandbody.hu/,4.1,383,found_on_site,"quick idea, Bliss & Body Fitness és Wellness","Hi there,

I came across Bliss & Body Fitness és Wellness while researching top rated sauna studios in Budapest and noticed you're holding a 4.1 rating across 383 reviews. Members who show up that consistently tend to want gear that says they are serious about the ritual, not just visiting once.

We're Merch Maverick, a factory direct supplier for branded sauna gear including hats, towels, and robes for studios like yours. No middlemen, no inflated agency pricing, just your logo on the exact ritual gear your members already associate with the experience.

I can get your first recovery beanie sample out at cost, no minimum order, no commitment beyond that.

Would it be okay if I sent that over?

Faiaz

Merch Maverick

themerchmaverick.com"
The Pipeworks - Glasgow,info@thepipeworks.com,sauna,Glasgow,GB,http://www.thepipeworks.com/,4.1,344,found_on_site,small idea for The Pipeworks - Glasgow,"Hi there,

I came across The Pipeworks - Glasgow while researching top rated sauna studios in Glasgow and noticed you're holding a 4.1 rating across 344 reviews. That kind of consistency usually means people leave your space wanting to take a piece of the experience home with them.

We're Merch Maverick, a factory direct supplier for branded sauna gear including hats, towels, and robes for studios like yours. No middlemen, no inflated agency pricing, just your logo on the exact ritual gear your members already associate with the experience.

I can put together a free digital mockup of a The Pipeworks - Glasgow branded wool felt sauna hat within 48 hours, no cost and no obligation either way.

Would that be useful to you?

Faiaz

Merch Maverick

themerchmaverick.com"
Glasgow Club Crownpoint,glasgow.club@glasgowlife.org.uk,run_club,Glasgow,GB,https://glasgowclub.org/venues/crownpoint/,4.1,198,found_on_site,curious if this is useful for Glasgow Club Crownpoint,"Hi there,

I came across Glasgow Club Crownpoint while researching top rated run clubs in Glasgow and noticed you're holding a 4.1 rating across 198 reviews. Numbers like that usually mean your club already feels like a third place for people, not just a Tuesday run.

We're Merch Maverick, a factory direct supplier of branded team tees, caps, and run club apparel. No agency markups, just gear your crew will actually wear outside of race day.

I can get your first finisher hoodie sample out at cost, no minimum order, no commitment beyond that.

Want me to go ahead and put that together?

Faiaz

Merch Maverick

themerchmaverick.com"
medius SPA & Fitness im Four Points by Sheraton Munich Arabellapark,info@spamunich.com,sauna,Munich,DE,https://mediusspafitnessarabellaparkmunich.firstvoucher.com/,4.1,111,found_on_site,free something for medius SPA & Fitness im Four Points by Sheraton Munich Arabellapark,"Hi there,

I came across medius SPA & Fitness im Four Points by Sheraton Munich Arabellapark while researching top rated sauna studios in Munich and noticed you're holding a 4.1 rating across 111 reviews. Members who show up that consistently tend to want gear that says they are serious about the ritual, not just visiting once.

We're Merch Maverick, a factory direct supplier for branded sauna gear including hats, towels, and robes for studios like yours. No middlemen, no inflated agency pricing, just your logo on the exact ritual gear your members already associate with the experience.

I can mail over a free fabric swatch pack for the branded plunge robe line so you can feel the quality before deciding anything.

Should I send that your way?

Faiaz

Merch Maverick

themerchmaverick.com"
The Spa at The Highland,spa@thehighlanddallas.com,cold_plunge,Dallas,US,https://thespaatthehighland.com/,4.1,110,found_on_site,quick thought after finding The Spa at The Highland,"Hi there,

I came across The Spa at The Highland while researching top rated cold plunge and sauna spaces in Dallas and noticed you're holding a 4.1 rating across 110 reviews. Numbers like that usually mean people leave talking about the experience, which is exactly the kind of thing branded gear tends to amplify.

We're Merch Maverick, a factory direct supplier of branded robes, towels, and recovery hoodies for studios like yours, no agency markups, just your logo on gear members already want.

I can put together a free digital mockup of a The Spa at The Highland branded branded robe within 48 hours, no cost and no obligation either way.

Would it be okay if I sent that over?

Faiaz

Merch Maverick

themerchmaverick.com"
The Charles Spa,charles.spa@roccofortehotels.com,cold_plunge,Munich,DE,https://www.roccofortehotels.com/de/hotels-and-resorts/the-charles-hotel/wellness/,4.1,59,found_on_site,a small idea for The Charles Spa's team,"Hi there,

I came across The Charles Spa while researching top rated cold plunge and sauna spaces in Munich and noticed you're holding a 4.1 rating across 59 reviews. That kind of following usually means people already treat this as part of their routine, which is exactly when branded gear starts to matter.

We're Merch Maverick, a factory direct supplier of branded robes, towels, and recovery hoodies for studios like yours, no agency markups, just your logo on gear members already want.

I can mail over a free fabric swatch pack for the recovery hoodie line so you can feel the quality before deciding anything.

Would that be useful to you?

Faiaz

Merch Maverick

themerchmaverick.com"
Just for You,info@jfysauna.uk,sauna,Birmingham,GB,http://jfysauna.uk/,4.1,47,found_on_site,quick question about Just for You's retail shelf,"Hi there,

I came across Just for You while researching top rated sauna studios in Birmingham and noticed you're holding a 4.1 rating across 47 reviews. That kind of consistency usually means people leave your space wanting to take a piece of the experience home with them.

We're Merch Maverick, a factory direct supplier for branded sauna gear including hats, towels, and robes for studios like yours. No middlemen, no inflated agency pricing, just your logo on the exact ritual gear your members already associate with the experience.

I can hop on a quick free call about which fabric and colorway would actually hold up best for a quick dry ritual towel in your space, no strings attached.

Want me to go ahead and put that together?

Faiaz

Merch Maverick

themerchmaverick.com"
Eriksdalsbadet,skolbokning.eriksdalsbadet@stockholm.se,cold_plunge,Stockholm,SE,https://motionera.stockholm/trana-gymma-simma/eriksdalsbadet/,4,3601,found_on_site,quick idea for Eriksdalsbadet's members,"Hi there,

I came across Eriksdalsbadet while researching top rated cold plunge and sauna spaces in Stockholm and noticed you're holding a 4 rating across 3601 reviews. Numbers like that usually mean people leave talking about the experience, which is exactly the kind of thing branded gear tends to amplify.

We're Merch Maverick, a factory direct supplier of branded robes, towels, and recovery hoodies for studios like yours, no agency markups, just your logo on gear members already want.

I can hop on a quick free call about which fabric and colorway would actually hold up best for a quick dry towel in your space, no strings attached.

Should I send that your way?

Faiaz

Merch Maverick

themerchmaverick.com"
Rena Spa at the Midland,spa@leonardohotels.com,sauna,Manchester,GB,https://www.themidlandhotel.co.uk/spa,4,333,found_on_site,quick note for Rena Spa at the Midland,"Hi there,

I came across Rena Spa at the Midland while researching top rated sauna studios in Manchester and noticed you're holding a 4 rating across 333 reviews. Members who show up that consistently tend to want gear that says they are serious about the ritual, not just visiting once.

We're Merch Maverick, a factory direct supplier for branded sauna gear including hats, towels, and robes for studios like yours. No middlemen, no inflated agency pricing, just your logo on the exact ritual gear your members already associate with the experience.

I can get your first recovery beanie sample out at cost, no minimum order, no commitment beyond that.

Would it be okay if I sent that over?

Faiaz

Merch Maverick

themerchmaverick.com"
Atlantide Sauna Paris,infos@atlantide-sauna.com,sauna,Paris,FR,https://atlantide-sauna.com/,4,266,found_on_site,thought of Atlantide Sauna Paris for something,"Hi there,

I came across Atlantide Sauna Paris while researching top rated sauna studios in Paris and noticed you're holding a 4 rating across 266 reviews. That kind of consistency usually means people leave your space wanting to take a piece of the experience home with them.

We're Merch Maverick, a factory direct supplier for branded sauna gear including hats, towels, and robes for studios like yours. No middlemen, no inflated agency pricing, just your logo on the exact ritual gear your members already associate with the experience.

I can put together a free digital mockup of a Atlantide Sauna Paris branded wool felt sauna hat within 48 hours, no cost and no obligation either way.

Would that be useful to you?

Faiaz

Merch Maverick

themerchmaverick.com"
exhale Spa Battery Wharf,info@exhalespa.com,cold_plunge,Boston,US,https://exhalespa.com/bo/battery-wharf/,4,262,found_on_site,"quick idea, exhale Spa Battery Wharf","Hi there,

I came across exhale Spa Battery Wharf while researching top rated cold plunge and sauna spaces in Boston and noticed you're holding a 4 rating across 262 reviews. That kind of following usually means people already treat this as part of their routine, which is exactly when branded gear starts to matter.

We're Merch Maverick, a factory direct supplier of branded robes, towels, and recovery hoodies for studios like yours, no agency markups, just your logo on gear members already want.

I can get your first recovery beanie sample out at cost, no minimum order, no commitment beyond that.

Want me to go ahead and put that together?

Faiaz

Merch Maverick

themerchmaverick.com"
Aronia Spa & Wellness,stay.budapest@verdihotels.com,cold_plunge,Budapest,HU,https://verdihotels.com/budapest/,4,128,found_on_site,small idea for Aronia Spa & Wellness,"Hi there,

I came across Aronia Spa & Wellness while researching top rated cold plunge and sauna spaces in Budapest and noticed you're holding a 4 rating across 128 reviews. Numbers like that usually mean people leave talking about the experience, which is exactly the kind of thing branded gear tends to amplify.

We're Merch Maverick, a factory direct supplier of branded robes, towels, and recovery hoodies for studios like yours, no agency markups, just your logo on gear members already want.

I can put together a free digital mockup of a Aronia Spa & Wellness branded branded robe within 48 hours, no cost and no obligation either way.

Should I send that your way?

Faiaz

Merch Maverick

themerchmaverick.com"
ISARspa,info@isarspa.com,sauna,Munich,DE,http://www.isarspa.com/,4,105,found_on_site,curious if this is useful for ISARspa,"Hi there,

I came across ISARspa while researching top rated sauna studios in Munich and noticed you're holding a 4 rating across 105 reviews. Members who show up that consistently tend to want gear that says they are serious about the ritual, not just visiting once.

We're Merch Maverick, a factory direct supplier for branded sauna gear including hats, towels, and robes for studios like yours. No middlemen, no inflated agency pricing, just your logo on the exact ritual gear your members already associate with the experience.

I can mail over a free fabric swatch pack for the branded plunge robe line so you can feel the quality before deciding anything.

Would it be okay if I sent that over?

Faiaz

Merch Maverick

themerchmaverick.com"
BIOGENA PLAZA Wien Operngasse,info@biogena.com,cold_plunge,Vienna,AT,https://biogenaplaza.com/de/plaza-wien-operngasse/?utm_source=google&utm_medium=organic&utm_campaign=gmb,4,94,found_on_site,free something for BIOGENA PLAZA Wien Operngasse,"Hi there,

I came across BIOGENA PLAZA Wien Operngasse while researching top rated cold plunge and sauna spaces in Vienna and noticed you're holding a 4 rating across 94 reviews. That kind of following usually means people already treat this as part of their routine, which is exactly when branded gear starts to matter.

We're Merch Maverick, a factory direct supplier of branded robes, towels, and recovery hoodies for studios like yours, no agency markups, just your logo on gear members already want.

I can mail over a free fabric swatch pack for the recovery hoodie line so you can feel the quality before deciding anything.

Would that be useful to you?

Faiaz

Merch Maverick

themerchmaverick.com"
Akasha Spa,momay-reservations@mohg.com,sauna,Amsterdam,NL,https://www.mandarinoriental.com/en/amsterdam/conservatorium/wellness/the-spa?src=loc.local_listing.moams.ggl,4,59,found_on_site,quick thought after finding Akasha Spa,"Hi there,

I came across Akasha Spa while researching top rated sauna studios in Amsterdam and noticed you're holding a 4 rating across 59 reviews. That kind of consistency usually means people leave your space wanting to take a piece of the experience home with them.

We're Merch Maverick, a factory direct supplier for branded sauna gear including hats, towels, and robes for studios like yours. No middlemen, no inflated agency pricing, just your logo on the exact ritual gear your members already associate with the experience.

I can hop on a quick free call about which fabric and colorway would actually hold up best for a quick dry ritual towel in your space, no strings attached.

Want me to go ahead and put that together?

Faiaz

Merch Maverick

themerchmaverick.com"
Balance Soul Studio Frankfurt Westend,jobs@balanceyoga.de,pilates,Frankfurt,DE,https://balance-group.de/studio-westend-2/,4,10,found_on_site,a small idea for Balance Soul Studio Frankfurt Westend's team,"Hi there,

I came across Balance Soul Studio Frankfurt Westend while researching top rated reformer pilates studios in Frankfurt and noticed you're holding a 4 rating across 10 reviews. That's the kind of loyalty that usually means members are proud to be part of the studio, not just attending classes.

We're Merch Maverick, a factory direct supplier of branded totes, mat bags, and studio apparel for pilates studios. We work without agency markups, so the pricing usually beats what local printers quote for the same quality.

I can hop on a quick free call about which fabric and colorway would actually hold up best for a branded headband in your space, no strings attached.

Should I send that your way?

Faiaz

Merch Maverick

themerchmaverick.com"
Taunus Therme,info@taunus-therme.de,sauna,Frankfurt,DE,http://www.taunus-therme.de/,3.9,7830,found_on_site,quick question about Taunus Therme's retail shelf,"Hi there,

I came across Taunus Therme while researching top rated sauna studios in Frankfurt and noticed you're holding a 3.9 rating across 7830 reviews. Members who show up that consistently tend to want gear that says they are serious about the ritual, not just visiting once.

We're Merch Maverick, a factory direct supplier for branded sauna gear including hats, towels, and robes for studios like yours. No middlemen, no inflated agency pricing, just your logo on the exact ritual gear your members already associate with the experience.

I can get your first recovery beanie sample out at cost, no minimum order, no commitment beyond that.

Would it be okay if I sent that over?

Faiaz

Merch Maverick

themerchmaverick.com"
Spa Palace,info@spapalacela.com,sauna,Los Angeles,US,https://www.spapalacela.com/,3.9,1450,found_on_site,quick idea for Spa Palace's members,"Hi there,

I came across Spa Palace while researching top rated sauna studios in Los Angeles and noticed you're holding a 3.9 rating across 1450 reviews. That kind of consistency usually means people leave your space wanting to take a piece of the experience home with them.

We're Merch Maverick, a factory direct supplier for branded sauna gear including hats, towels, and robes for studios like yours. No middlemen, no inflated agency pricing, just your logo on the exact ritual gear your members already associate with the experience.

I can put together a free digital mockup of a Spa Palace branded wool felt sauna hat within 48 hours, no cost and no obligation either way.

Would that be useful to you?

Faiaz

Merch Maverick

themerchmaverick.com"
Dunya Hammam,info@dunyahammam.nl,sauna,Rotterdam,NL,http://www.dunyahammam.nl/,3.9,773,found_on_site,quick note for Dunya Hammam,"Hi there,

I came across Dunya Hammam while researching top rated sauna studios in Rotterdam and noticed you're holding a 3.9 rating across 773 reviews. Members who show up that consistently tend to want gear that says they are serious about the ritual, not just visiting once.

We're Merch Maverick, a factory direct supplier for branded sauna gear including hats, towels, and robes for studios like yours. No middlemen, no inflated agency pricing, just your logo on the exact ritual gear your members already associate with the experience.

I can mail over a free fabric swatch pack for the branded plunge robe line so you can feel the quality before deciding anything.

Want me to go ahead and put that together?

Faiaz

Merch Maverick

themerchmaverick.com"
IDM Sauna,contact@idm-sauna.com,sauna,Paris,FR,https://idm-sauna.com/,3.9,642,found_on_site,thought of IDM Sauna for something,"Hi there,

I came across IDM Sauna while researching top rated sauna studios in Paris and noticed you're holding a 3.9 rating across 642 reviews. That kind of consistency usually means people leave your space wanting to take a piece of the experience home with them.

We're Merch Maverick, a factory direct supplier for branded sauna gear including hats, towels, and robes for studios like yours. No middlemen, no inflated agency pricing, just your logo on the exact ritual gear your members already associate with the experience.

I can hop on a quick free call about which fabric and colorway would actually hold up best for a quick dry ritual towel in your space, no strings attached.

Should I send that your way?

Faiaz

Merch Maverick

themerchmaverick.com"
Pace Health Club & Nu Spa Manchester,pace.manchester@radisson.com,sauna,Manchester,GB,http://www.pacehealthandnuspa.co.uk/,3.9,314,found_on_site,"quick idea, Pace Health Club & Nu Spa Manchester","Hi there,

I came across Pace Health Club & Nu Spa Manchester while researching top rated sauna studios in Manchester and noticed you're holding a 3.9 rating across 314 reviews. Members who show up that consistently tend to want gear that says they are serious about the ritual, not just visiting once.

We're Merch Maverick, a factory direct supplier for branded sauna gear including hats, towels, and robes for studios like yours. No middlemen, no inflated agency pricing, just your logo on the exact ritual gear your members already associate with the experience.

I can get your first recovery beanie sample out at cost, no minimum order, no commitment beyond that.

Would it be okay if I sent that over?

Faiaz

Merch Maverick

themerchmaverick.com"
Römersauna,office@roemersauna.at,sauna,Vienna,AT,https://roemersauna.at/,3.9,247,found_on_site,small idea for Römersauna,"Hi there,

I came across Römersauna while researching top rated sauna studios in Vienna and noticed you're holding a 3.9 rating across 247 reviews. That kind of consistency usually means people leave your space wanting to take a piece of the experience home with them.

We're Merch Maverick, a factory direct supplier for branded sauna gear including hats, towels, and robes for studios like yours. No middlemen, no inflated agency pricing, just your logo on the exact ritual gear your members already associate with the experience.

I can put together a free digital mockup of a Römersauna branded wool felt sauna hat within 48 hours, no cost and no obligation either way.

Would that be useful to you?

Faiaz

Merch Maverick

themerchmaverick.com"
FLEX Spas Phoenix,info@flexspas.com,sauna,Phoenix,US,http://www.flexspas.com/,3.9,229,found_on_site,curious if this is useful for FLEX Spas Phoenix,"Hi there,

I came across FLEX Spas Phoenix while researching top rated sauna studios in Phoenix and noticed you're holding a 3.9 rating across 229 reviews. Members who show up that consistently tend to want gear that says they are serious about the ritual, not just visiting once.

We're Merch Maverick, a factory direct supplier for branded sauna gear including hats, towels, and robes for studios like yours. No middlemen, no inflated agency pricing, just your logo on the exact ritual gear your members already associate with the experience.

I can mail over a free fabric swatch pack for the branded plunge robe line so you can feel the quality before deciding anything.

Want me to go ahead and put that together?

Faiaz

Merch Maverick

themerchmaverick.com"
Les Bains d'Odessa,email@lesbainsdodessa.com,sauna,Paris,FR,https://lesbainsdodessa.com/,3.9,205,found_on_site,free something for Les Bains d'Odessa,"Hi there,

I came across Les Bains d'Odessa while researching top rated sauna studios in Paris and noticed you're holding a 3.9 rating across 205 reviews. That kind of consistency usually means people leave your space wanting to take a piece of the experience home with them.

We're Merch Maverick, a factory direct supplier for branded sauna gear including hats, towels, and robes for studios like yours. No middlemen, no inflated agency pricing, just your logo on the exact ritual gear your members already associate with the experience.

I can hop on a quick free call about which fabric and colorway would actually hold up best for a quick dry ritual towel in your space, no strings attached.

Should I send that your way?

Faiaz

Merch Maverick

themerchmaverick.com"
Goldentime Saunaclub (Wien),info@goldentime.at,sauna,Vienna,AT,https://www.goldentime.at/club-wien,3.9,125,found_on_site,quick thought after finding Goldentime Saunaclub (Wien),"Hi there,

I came across Goldentime Saunaclub (Wien) while researching top rated sauna studios in Vienna and noticed you're holding a 3.9 rating across 125 reviews. Members who show up that consistently tend to want gear that says they are serious about the ritual, not just visiting once.

We're Merch Maverick, a factory direct supplier for branded sauna gear including hats, towels, and robes for studios like yours. No middlemen, no inflated agency pricing, just your logo on the exact ritual gear your members already associate with the experience.

I can get your first recovery beanie sample out at cost, no minimum order, no commitment beyond that.

Would it be okay if I sent that over?

Faiaz

Merch Maverick

themerchmaverick.com"
Life Time,prudentialcenter@ltfinc.onmicrosoft.com,sauna,Boston,US,https://www.lifetime.life/locations/ma/prudential-center.html?utm_source=google&utm_medium=local&utm_campaign=google-local-club,3.9,36,found_on_site,a small idea for Life Time's team,"Hi there,

I came across Life Time while researching top rated sauna studios in Boston and noticed you're holding a 3.9 rating across 36 reviews. That kind of consistency usually means people leave your space wanting to take a piece of the experience home with them.

We're Merch Maverick, a factory direct supplier for branded sauna gear including hats, towels, and robes for studios like yours. No middlemen, no inflated agency pricing, just your logo on the exact ritual gear your members already associate with the experience.

I can put together a free digital mockup of a Life Time branded wool felt sauna hat within 48 hours, no cost and no obligation either way.

Would that be useful to you?

Faiaz

Merch Maverick

themerchmaverick.com"
CLUB SPACE,info@clubspace.com,run_club,Miami,US,http://clubspace.com/,3.8,2415,found_on_site,quick question about CLUB SPACE's retail shelf,"Hi there,

I came across CLUB SPACE while researching top rated run clubs in Miami and noticed you're holding a 3.8 rating across 2415 reviews. That kind of following usually means your crew is already repping your name everywhere they go.

We're Merch Maverick, a factory direct supplier of branded team tees, caps, and run club apparel. No agency markups, just gear your crew will actually wear outside of race day.

I can put together a free digital mockup of a CLUB SPACE branded team tee within 48 hours, no cost and no obligation either way.

Want me to go ahead and put that together?

Faiaz

Merch Maverick

themerchmaverick.com"
Therme Wien Med,info@thermewienmed.at,cold_plunge,Vienna,AT,https://www.thermewienmed.at/,3.8,113,found_on_site,quick idea for Therme Wien Med's members,"Hi there,

I came across Therme Wien Med while researching top rated cold plunge and sauna spaces in Vienna and noticed you're holding a 3.8 rating across 113 reviews. Numbers like that usually mean people leave talking about the experience, which is exactly the kind of thing branded gear tends to amplify.

We're Merch Maverick, a factory direct supplier of branded robes, towels, and recovery hoodies for studios like yours, no agency markups, just your logo on gear members already want.

I can hop on a quick free call about which fabric and colorway would actually hold up best for a quick dry towel in your space, no strings attached.

Should I send that your way?

Faiaz

Merch Maverick

themerchmaverick.com"
Hotel & Wellness Zuiver,info@zuiveramsterdam.nl,sauna,Amsterdam,NL,https://zuiveramsterdam.nl/,3.7,1994,found_on_site,quick note for Hotel & Wellness Zuiver,"Hi there,

I came across Hotel & Wellness Zuiver while researching top rated sauna studios in Amsterdam and noticed you're holding a 3.7 rating across 1994 reviews. Members who show up that consistently tend to want gear that says they are serious about the ritual, not just visiting once.

We're Merch Maverick, a factory direct supplier for branded sauna gear including hats, towels, and robes for studios like yours. No middlemen, no inflated agency pricing, just your logo on the exact ritual gear your members already associate with the experience.

I can mail over a free fabric swatch pack for the branded plunge robe line so you can feel the quality before deciding anything.

Would it be okay if I sent that over?

Faiaz

Merch Maverick

themerchmaverick.com"
SAUNA,s-a-u-n-a@web.de,sauna,Munich,DE,http://www.s-a-u-n-a.de/,3.7,919,found_on_site,thought of SAUNA for something,"Hi there,

I came across SAUNA while researching top rated sauna studios in Munich and noticed you're holding a 3.7 rating across 919 reviews. That kind of consistency usually means people leave your space wanting to take a piece of the experience home with them.

We're Merch Maverick, a factory direct supplier for branded sauna gear including hats, towels, and robes for studios like yours. No middlemen, no inflated agency pricing, just your logo on the exact ritual gear your members already associate with the experience.

I can hop on a quick free call about which fabric and colorway would actually hold up best for a quick dry ritual towel in your space, no strings attached.

Would that be useful to you?

Faiaz

Merch Maverick

themerchmaverick.com"
Bannatyne Health Club And Spa Edinburgh - City Centre,sales.edinburgh@bannatyne.co.uk,cold_plunge,Edinburgh,GB,http://www.bannatyne.co.uk/healthandfitness/edinburgh-city-centre/,3.7,494,found_on_site,"quick idea, Bannatyne Health Club And Spa Edinburgh - City Centre","Hi there,

I came across Bannatyne Health Club And Spa Edinburgh - City Centre while researching top rated cold plunge and sauna spaces in Edinburgh and noticed you're holding a 3.7 rating across 494 reviews. That kind of following usually means people already treat this as part of their routine, which is exactly when branded gear starts to matter.

We're Merch Maverick, a factory direct supplier of branded robes, towels, and recovery hoodies for studios like yours, no agency markups, just your logo on gear members already want.

I can get your first recovery beanie sample out at cost, no minimum order, no commitment beyond that.

Want me to go ahead and put that together?

Faiaz

Merch Maverick

themerchmaverick.com"
Elements Spa,reservation.elementsspa@choice.se,sauna,Stockholm,SE,https://elementsspa.co/stockholm/,3.7,334,found_on_site,small idea for Elements Spa,"Hi there,

I came across Elements Spa while researching top rated sauna studios in Stockholm and noticed you're holding a 3.7 rating across 334 reviews. Members who show up that consistently tend to want gear that says they are serious about the ritual, not just visiting once.

We're Merch Maverick, a factory direct supplier for branded sauna gear including hats, towels, and robes for studios like yours. No middlemen, no inflated agency pricing, just your logo on the exact ritual gear your members already associate with the experience.

I can get your first recovery beanie sample out at cost, no minimum order, no commitment beyond that.

Should I send that your way?

Faiaz

Merch Maverick

themerchmaverick.com"
Club NYX,info@clubnyx.nl,run_club,Amsterdam,NL,https://clubnyx.nl/,3.6,1685,found_on_site,curious if this is useful for Club NYX,"Hi there,

I came across Club NYX while researching top rated run clubs in Amsterdam and noticed you're holding a 3.6 rating across 1685 reviews. Numbers like that usually mean your club already feels like a third place for people, not just a Tuesday run.

We're Merch Maverick, a factory direct supplier of branded team tees, caps, and run club apparel. No agency markups, just gear your crew will actually wear outside of race day.

I can mail over a free fabric swatch pack for the run club cap line so you can feel the quality before deciding anything.

Would it be okay if I sent that over?

Faiaz

Merch Maverick

themerchmaverick.com"
Sauna Paraíso,info@saunaparaiso.com,sauna,Madrid,ES,http://saunaparaiso.com/,3.6,793,found_on_site,free something for Sauna Paraíso,"Hi there,

I came across Sauna Paraíso while researching top rated sauna studios in Madrid and noticed you're holding a 3.6 rating across 793 reviews. That kind of consistency usually means people leave your space wanting to take a piece of the experience home with them.

We're Merch Maverick, a factory direct supplier for branded sauna gear including hats, towels, and robes for studios like yours. No middlemen, no inflated agency pricing, just your logo on the exact ritual gear your members already associate with the experience.

I can put together a free digital mockup of a Sauna Paraíso branded wool felt sauna hat within 48 hours, no cost and no obligation either way.

Would that be useful to you?

Faiaz

Merch Maverick

themerchmaverick.com"
Bannatyne Health Club And Spa Birmingham - Brindley Place,sales.brindley@bannatyne.co.uk,sauna,Birmingham,GB,https://www.bannatyne.co.uk/health-club/birmingham-brindleyplace,3.6,726,found_on_site,quick thought after finding Bannatyne Health Club And Spa Birmingham - Brindley Place,"Hi there,

I came across Bannatyne Health Club And Spa Birmingham - Brindley Place while researching top rated sauna studios in Birmingham and noticed you're holding a 3.6 rating across 726 reviews. Members who show up that consistently tend to want gear that says they are serious about the ritual, not just visiting once.

We're Merch Maverick, a factory direct supplier for branded sauna gear including hats, towels, and robes for studios like yours. No middlemen, no inflated agency pricing, just your logo on the exact ritual gear your members already associate with the experience.

I can mail over a free fabric swatch pack for the branded plunge robe line so you can feel the quality before deciding anything.

Want me to go ahead and put that together?

Faiaz

Merch Maverick

themerchmaverick.com"
Octopus,info@saunaoctopus.com,sauna,Madrid,ES,http://www.saunaoctopus.com/,3.6,315,found_on_site,a small idea for Octopus's team,"Hi there,

I came across Octopus while researching top rated sauna studios in Madrid and noticed you're holding a 3.6 rating across 315 reviews. That kind of consistency usually means people leave your space wanting to take a piece of the experience home with them.

We're Merch Maverick, a factory direct supplier for branded sauna gear including hats, towels, and robes for studios like yours. No middlemen, no inflated agency pricing, just your logo on the exact ritual gear your members already associate with the experience.

I can hop on a quick free call about which fabric and colorway would actually hold up best for a quick dry ritual towel in your space, no strings attached.

Should I send that your way?

Faiaz

Merch Maverick

themerchmaverick.com"
Equinox Sports Club Boston,thomas.hannafin@equinox.com,run_club,Boston,US,https://www.equinox.com/clubs/boston/sportsclubboston?cid=gmb,3.6,155,found_on_site,quick question about Equinox Sports Club Boston's retail shelf,"Hi there,

I came across Equinox Sports Club Boston while researching top rated run clubs in Boston and noticed you're holding a 3.6 rating across 155 reviews. That kind of following usually means your crew is already repping your name everywhere they go.

We're Merch Maverick, a factory direct supplier of branded team tees, caps, and run club apparel. No agency markups, just gear your crew will actually wear outside of race day.

I can hop on a quick free call about which fabric and colorway would actually hold up best for a neck buff in your space, no strings attached.

Would it be okay if I sent that over?

Faiaz

Merch Maverick

themerchmaverick.com"
Cryo Beauty Hub,info@cryobeautyhub.com,cold_plunge,Amsterdam,NL,https://widget.treatwell.nl/en/place/374729/menu/,3.6,149,found_on_site,quick idea for Cryo Beauty Hub's members,"Hi there,

I came across Cryo Beauty Hub while researching top rated cold plunge and sauna spaces in Amsterdam and noticed you're holding a 3.6 rating across 149 reviews. Numbers like that usually mean people leave talking about the experience, which is exactly the kind of thing branded gear tends to amplify.

We're Merch Maverick, a factory direct supplier of branded robes, towels, and recovery hoodies for studios like yours, no agency markups, just your logo on gear members already want.

I can put together a free digital mockup of a Cryo Beauty Hub branded branded robe within 48 hours, no cost and no obligation either way.

Would that be useful to you?

Faiaz

Merch Maverick

themerchmaverick.com"
Apollo City Sauna,renigade@mediaone.net,sauna,Vienna,AT,http://www.apollosauna.at/,3.6,72,found_on_site,quick note for Apollo City Sauna,"Hi there,

I came across Apollo City Sauna while researching top rated sauna studios in Vienna and noticed you're holding a 3.6 rating across 72 reviews. Members who show up that consistently tend to want gear that says they are serious about the ritual, not just visiting once.

We're Merch Maverick, a factory direct supplier for branded sauna gear including hats, towels, and robes for studios like yours. No middlemen, no inflated agency pricing, just your logo on the exact ritual gear your members already associate with the experience.

I can get your first recovery beanie sample out at cost, no minimum order, no commitment beyond that.

Want me to go ahead and put that together?

Faiaz

Merch Maverick

themerchmaverick.com"
Selma City Spa,selmaspa.sign@strawberry.se,cold_plunge,Stockholm,SE,https://www.selmacityspa.se/,3.5,284,found_on_site,thought of Selma City Spa for something,"Hi there,

I came across Selma City Spa while researching top rated cold plunge and sauna spaces in Stockholm and noticed you're holding a 3.5 rating across 284 reviews. That kind of following usually means people already treat this as part of their routine, which is exactly when branded gear starts to matter.

We're Merch Maverick, a factory direct supplier of branded robes, towels, and recovery hoodies for studios like yours, no agency markups, just your logo on gear members already want.

I can mail over a free fabric swatch pack for the recovery hoodie line so you can feel the quality before deciding anything.

Should I send that your way?

Faiaz

Merch Maverick

themerchmaverick.com"
Massage Salon 93,massagesalon93@gmail.com,sauna,Rotterdam,NL,https://massagesalon93.nl/,3.5,44,found_on_site,"quick idea, Massage Salon 93","Hi there,

I came across Massage Salon 93 while researching top rated sauna studios in Rotterdam and noticed you're holding a 3.5 rating across 44 reviews. That kind of consistency usually means people leave your space wanting to take a piece of the experience home with them.

We're Merch Maverick, a factory direct supplier for branded sauna gear including hats, towels, and robes for studios like yours. No middlemen, no inflated agency pricing, just your logo on the exact ritual gear your members already associate with the experience.

I can put together a free digital mockup of a Massage Salon 93 branded wool felt sauna hat within 48 hours, no cost and no obligation either way.

Would it be okay if I sent that over?

Faiaz

Merch Maverick

themerchmaverick.com"
Papillon Sauna,swing@papillon.at,sauna,Vienna,AT,https://www.papillon-blog.at/,3.4,45,found_on_site,small idea for Papillon Sauna,"Hi there,

I came across Papillon Sauna while researching top rated sauna studios in Vienna and noticed you're holding a 3.4 rating across 45 reviews. Members who show up that consistently tend to want gear that says they are serious about the ritual, not just visiting once.

We're Merch Maverick, a factory direct supplier for branded sauna gear including hats, towels, and robes for studios like yours. No middlemen, no inflated agency pricing, just your logo on the exact ritual gear your members already associate with the experience.

I can mail over a free fabric swatch pack for the branded plunge robe line so you can feel the quality before deciding anything.

Would that be useful to you?

Faiaz

Merch Maverick

themerchmaverick.com"
Boston Bulldogs Running Club,info@bostonbulldogsrunning.org,run_club,Boston,US,https://www.bostonbulldogsrunning.org/,3.3,3,found_on_site,curious if this is useful for Boston Bulldogs Running Club,"Hi there,

I came across Boston Bulldogs Running Club while researching top rated run clubs in Boston and noticed you're holding a 3.3 rating across 3 reviews. Numbers like that usually mean your club already feels like a third place for people, not just a Tuesday run.

We're Merch Maverick, a factory direct supplier of branded team tees, caps, and run club apparel. No agency markups, just gear your crew will actually wear outside of race day.

I can get your first finisher hoodie sample out at cost, no minimum order, no commitment beyond that.

Want me to go ahead and put that together?

Faiaz

Merch Maverick

themerchmaverick.com"
Spa Ibiza Posidonia wellness center,mail@ibizaposidonia.com,cold_plunge,Barcelona,ES,https://www.ibizaposidonia.com/es/?fbclid=PAAaYWuEa20g7qZNPPds0jNQ1WGLxDo0BgIQPanjG1o4T63nEJWHu_1-p6fqE,3.1,299,found_on_site,free something for Spa Ibiza Posidonia wellness center,"Hi there,

I came across Spa Ibiza Posidonia wellness center while researching top rated cold plunge and sauna spaces in Barcelona and noticed you're holding a 3.1 rating across 299 reviews. Numbers like that usually mean people leave talking about the experience, which is exactly the kind of thing branded gear tends to amplify.

We're Merch Maverick, a factory direct supplier of branded robes, towels, and recovery hoodies for studios like yours, no agency markups, just your logo on gear members already want.

I can hop on a quick free call about which fabric and colorway would actually hold up best for a quick dry towel in your space, no strings attached.

Should I send that your way?

Faiaz

Merch Maverick

themerchmaverick.com"
Crioterapia Corporal,info@crioterapias.com,cold_plunge,Barcelona,ES,https://www.crioterapias.com/,3,1,found_on_site,quick thought after finding Crioterapia Corporal,"Hi there,

I came across Crioterapia Corporal while researching top rated cold plunge and sauna spaces in Barcelona and noticed you're holding a 3 rating across 1 reviews. That kind of following usually means people already treat this as part of their routine, which is exactly when branded gear starts to matter.

We're Merch Maverick, a factory direct supplier of branded robes, towels, and recovery hoodies for studios like yours, no agency markups, just your logo on gear members already want.

I can get your first recovery beanie sample out at cost, no minimum order, no commitment beyond that.

Would it be okay if I sent that over?

Faiaz

Merch Maverick

themerchmaverick.com"
Chicago Social Club B.V..,info@chicagosocialclub.nl,run_club,Amsterdam,NL,http://www.chicagosocialclub.nl/,2.7,614,found_on_site,a small idea for Chicago Social Club B.V..'s team,"Hi there,

I came across Chicago Social Club B.V.. while researching top rated run clubs in Amsterdam and noticed you're holding a 2.7 rating across 614 reviews. That kind of following usually means your crew is already repping your name everywhere they go.

We're Merch Maverick, a factory direct supplier of branded team tees, caps, and run club apparel. No agency markups, just gear your crew will actually wear outside of race day.

I can put together a free digital mockup of a Chicago Social Club B.V.. branded team tee within 48 hours, no cost and no obligation either way.

Would that be useful to you?

Faiaz

Merch Maverick

themerchmaverick.com"
Sauna & Steam Room Installation Edinburgh,robski.1@hotmail.co.uk,sauna,Edinburgh,GB,https://edinburgh-sauna-installation.com/,,,found_on_site,quick question about Sauna & Steam Room Installation Edinburgh's retail shelf,"Hi there,

I came across Sauna & Steam Room Installation Edinburgh while researching sauna studios in Edinburgh and wanted to reach out directly.

We're Merch Maverick, a factory direct supplier for branded sauna gear including hats, towels, and robes for studios like yours. No middlemen, no inflated agency pricing, just your logo on the exact ritual gear your members already associate with the experience.

I can hop on a quick free call about which fabric and colorway would actually hold up best for a quick dry ritual towel in your space, no strings attached.

Want me to go ahead and put that together?

Faiaz

Merch Maverick

themerchmaverick.com"
Studio Krowan Pilates,johanna.krook@gmail.com,pilates,Stockholm,SE,https://studio-krowan-pilates.my.canva.site/hemsida,,,found_on_site,quick idea for Studio Krowan Pilates's members,"Hi there,

I came across Studio Krowan Pilates while researching reformer pilates studios in Stockholm and wanted to reach out directly.

We're Merch Maverick, a factory direct supplier of branded totes, mat bags, and studio apparel for pilates studios. We work without agency markups, so the pricing usually beats what local printers quote for the same quality.

I can get your first grip socks sample out at cost, no minimum order, no commitment beyond that.

Should I send that your way?

Faiaz

Merch Maverick

themerchmaverick.com"
Midcity Runners running club,midcityrunners@gmail.com,run_club,Washington,US,http://midcityrunners.org/,,,found_on_site,quick note for Midcity Runners running club,"Hi there,

I came across Midcity Runners running club while researching run clubs in Washington and wanted to reach out directly.

We're Merch Maverick, a factory direct supplier of branded team tees, caps, and run club apparel. No agency markups, just gear your crew will actually wear outside of race day.

I can mail over a free fabric swatch pack for the run club cap line so you can feel the quality before deciding anything.

Would it be okay if I sent that over?

Faiaz

Merch Maverick

themerchmaverick.com"
261 Fearless Club Toronto,info@261fearless.org,run_club,Toronto,CA,https://www.261fearless.org/261clubtoronto/,,,found_on_site,thought of 261 Fearless Club Toronto for something,"Hi there,

I came across 261 Fearless Club Toronto while researching run clubs in Toronto and wanted to reach out directly.

We're Merch Maverick, a factory direct supplier of branded team tees, caps, and run club apparel. No agency markups, just gear your crew will actually wear outside of race day.

I can hop on a quick free call about which fabric and colorway would actually hold up best for a neck buff in your space, no strings attached.

Would that be useful to you?

Faiaz

Merch Maverick

themerchmaverick.com"
Marathon Kids - Austin Runners Club,info@austinrunners.org,run_club,Austin,US,http://www.austinrunners.org/,,,found_on_site,"quick idea, Marathon Kids - Austin Runners Club","Hi there,

I came across Marathon Kids - Austin Runners Club while researching run clubs in Austin and wanted to reach out directly.

We're Merch Maverick, a factory direct supplier of branded team tees, caps, and run club apparel. No agency markups, just gear your crew will actually wear outside of race day.

I can get your first finisher hoodie sample out at cost, no minimum order, no commitment beyond that.

Want me to go ahead and put that together?

Faiaz

Merch Maverick

themerchmaverick.com"
Circle C Run Club,turkeytrot@circlec.run,run_club,Austin,US,https://circlec.run/,,,found_on_site,small idea for Circle C Run Club,"Hi there,

I came across Circle C Run Club while researching run clubs in Austin and wanted to reach out directly.

We're Merch Maverick, a factory direct supplier of branded team tees, caps, and run club apparel. No agency markups, just gear your crew will actually wear outside of race day.

I can put together a free digital mockup of a Circle C Run Club branded team tee within 48 hours, no cost and no obligation either way.

Should I send that your way?

Faiaz

Merch Maverick

themerchmaverick.com"
4 The Runners,rshdkabir@gmail.com,run_club,Paris,FR,https://4therunners.fr/index.html,,,found_on_site,curious if this is useful for 4 The Runners,"Hi there,

I came across 4 The Runners while researching run clubs in Paris and wanted to reach out directly.

We're Merch Maverick, a factory direct supplier of branded team tees, caps, and run club apparel. No agency markups, just gear your crew will actually wear outside of race day.

I can mail over a free fabric swatch pack for the run club cap line so you can feel the quality before deciding anything.

Would it be okay if I sent that over?

Faiaz

Merch Maverick

themerchmaverick.com"
West Edinburgh Running Club,info@werunclub.co.uk,run_club,Edinburgh,GB,https://www.werunclub.co.uk/,,,found_on_site,free something for West Edinburgh Running Club,"Hi there,

I came across West Edinburgh Running Club while researching run clubs in Edinburgh and wanted to reach out directly.

We're Merch Maverick, a factory direct supplier of branded team tees, caps, and run club apparel. No agency markups, just gear your crew will actually wear outside of race day.

I can hop on a quick free call about which fabric and colorway would actually hold up best for a neck buff in your space, no strings attached.

Would that be useful to you?

Faiaz

Merch Maverick

themerchmaverick.com"
Bath Trail Runners,contact@bathtrailrunners.org,run_club,Bristol,GB,https://www.bathtrailrunners.org/,,,found_on_site,quick thought after finding Bath Trail Runners,"Hi there,

I came across Bath Trail Runners while researching run clubs in Bristol and wanted to reach out directly.

We're Merch Maverick, a factory direct supplier of branded team tees, caps, and run club apparel. No agency markups, just gear your crew will actually wear outside of race day.

I can get your first finisher hoodie sample out at cost, no minimum order, no commitment beyond that.

Want me to go ahead and put that together?

Faiaz

Merch Maverick

themerchmaverick.com"
Nailsea Running Club,info@nailsearunningclub.org.uk,run_club,Bristol,GB,http://www.nailsearunningclub.org.uk/,,,found_on_site,a small idea for Nailsea Running Club's team,"Hi there,

I came across Nailsea Running Club while researching run clubs in Bristol and wanted to reach out directly.

We're Merch Maverick, a factory direct supplier of branded team tees, caps, and run club apparel. No agency markups, just gear your crew will actually wear outside of race day.

I can put together a free digital mockup of a Nailsea Running Club branded team tee within 48 hours, no cost and no obligation either way.

Should I send that your way?

Faiaz

Merch Maverick

themerchmaverick.com"
Haven Ice Bath,info@kymaicebath.com,cold_plunge,Barcelona,ES,https://www.havenicebath.com/,,,found_on_site,quick question about Haven Ice Bath's retail shelf,"Hi there,

I came across Haven Ice Bath while researching cold plunge and sauna spaces in Barcelona and wanted to reach out directly.

We're Merch Maverick, a factory direct supplier of branded robes, towels, and recovery hoodies for studios like yours, no agency markups, just your logo on gear members already want.

I can put together a free digital mockup of a Haven Ice Bath branded branded robe within 48 hours, no cost and no obligation either way.

Would it be okay if I sent that over?

Faiaz

Merch Maverick

themerchmaverick.com"
BODYFORCE CRYO Zentrum – Eissauna – Kältekammer – Kältetherapie,studio@bodyforce.at,cold_plunge,Vienna,AT,https://www.bodyforce.at/bereiche/cryo/,,,found_on_site,quick idea for BODYFORCE CRYO Zentrum – Eissauna – Kältekammer – Kältetherapie's members,"Hi there,

I came across BODYFORCE CRYO Zentrum – Eissauna – Kältekammer – Kältetherapie while researching cold plunge and sauna spaces in Vienna and wanted to reach out directly.

We're Merch Maverick, a factory direct supplier of branded robes, towels, and recovery hoodies for studios like yours, no agency markups, just your logo on gear members already want.

I can mail over a free fabric swatch pack for the recovery hoodie line so you can feel the quality before deciding anything.

Would that be useful to you?

Faiaz

Merch Maverick

themerchmaverick.com"
Reign Athletics Houston Club,info@reignathleticsgym.com,run_club,Houston,US,http://www.reignathleticsgym.com/,5,1602,pattern_guessed_mx_verified,quick note for Reign Athletics Houston Club,"Hi there,

I came across Reign Athletics Houston Club while researching top rated run clubs in Houston and noticed you're holding a 5 rating across 1602 reviews. Numbers like that usually mean your club already feels like a third place for people, not just a Tuesday run.

We're Merch Maverick, a factory direct supplier of branded team tees, caps, and run club apparel. No agency markups, just gear your crew will actually wear outside of race day.

I can mail over a free fabric swatch pack for the run club cap line so you can feel the quality before deciding anything.

Want me to go ahead and put that together?

Faiaz

Merch Maverick

themerchmaverick.com"
Mission Yoga,info@newmissionyoga.com,pilates,San Francisco,US,https://newmissionyoga.com/,5,1354,pattern_guessed_mx_verified,thought of Mission Yoga for something,"Hi there,

I came across Mission Yoga while researching top rated reformer pilates studios in San Francisco and noticed you're holding a 5 rating across 1354 reviews. That's the kind of loyalty that usually means members are proud to be part of the studio, not just attending classes.

We're Merch Maverick, a factory direct supplier of branded totes, mat bags, and studio apparel for pilates studios. We work without agency markups, so the pricing usually beats what local printers quote for the same quality.

I can put together a free digital mockup of a Mission Yoga branded studio tote within 48 hours, no cost and no obligation either way.

Should I send that your way?

Faiaz

Merch Maverick

themerchmaverick.com"
Miami Strong Gym,info@miamistronggym.com,sauna,Miami,US,https://www.miamistronggym.com/,5,960,pattern_guessed_mx_verified,"quick idea, Miami Strong Gym","Hi there,

I came across Miami Strong Gym while researching top rated sauna studios in Miami and noticed you're holding a 5 rating across 960 reviews. Members who show up that consistently tend to want gear that says they are serious about the ritual, not just visiting once.

We're Merch Maverick, a factory direct supplier for branded sauna gear including hats, towels, and robes for studios like yours. No middlemen, no inflated agency pricing, just your logo on the exact ritual gear your members already associate with the experience.

I can get your first recovery beanie sample out at cost, no minimum order, no commitment beyond that.

Would it be okay if I sent that over?

Faiaz

Merch Maverick

themerchmaverick.com"
Icemind - Méthode Wim Hof & Ice Expériences,info@icemind.com,cold_plunge,Paris,FR,https://icemind.com/,5,772,pattern_guessed_mx_verified,small idea for Icemind - Méthode Wim Hof & Ice Expériences,"Hi there,

I came across Icemind - Méthode Wim Hof & Ice Expériences while researching top rated cold plunge and sauna spaces in Paris and noticed you're holding a 5 rating across 772 reviews. Numbers like that usually mean people leave talking about the experience, which is exactly the kind of thing branded gear tends to amplify.

We're Merch Maverick, a factory direct supplier of branded robes, towels, and recovery hoodies for studios like yours, no agency markups, just your logo on gear members already want.

I can hop on a quick free call about which fabric and colorway would actually hold up best for a quick dry towel in your space, no strings attached.

Would that be useful to you?

Faiaz

Merch Maverick

themerchmaverick.com"
European Rejuvenation Center,info@europeanrejuvenationcenter.com,cold_plunge,Washington,US,https://www.europeanrejuvenationcenter.com/,5,592,pattern_guessed_mx_verified,curious if this is useful for European Rejuvenation Center,"Hi there,

I came across European Rejuvenation Center while researching top rated cold plunge and sauna spaces in Washington and noticed you're holding a 5 rating across 592 reviews. That kind of following usually means people already treat this as part of their routine, which is exactly when branded gear starts to matter.

We're Merch Maverick, a factory direct supplier of branded robes, towels, and recovery hoodies for studios like yours, no agency markups, just your logo on gear members already want.

I can get your first recovery beanie sample out at cost, no minimum order, no commitment beyond that.

Want me to go ahead and put that together?

Faiaz

Merch Maverick

themerchmaverick.com"
River Oaks Drip Spa: IV Therapy & Hydration Center,info@riveroaksdripspa.com,cold_plunge,Houston,US,http://www.riveroaksdripspa.com/,5,538,pattern_guessed_mx_verified,free something for River Oaks Drip Spa: IV Therapy & Hydration Center,"Hi there,

I came across River Oaks Drip Spa: IV Therapy & Hydration Center while researching top rated cold plunge and sauna spaces in Houston and noticed you're holding a 5 rating across 538 reviews. Numbers like that usually mean people leave talking about the experience, which is exactly the kind of thing branded gear tends to amplify.

We're Merch Maverick, a factory direct supplier of branded robes, towels, and recovery hoodies for studios like yours, no agency markups, just your logo on gear members already want.

I can put together a free digital mockup of a River Oaks Drip Spa: IV Therapy & Hydration Center branded branded robe within 48 hours, no cost and no obligation either way.

Should I send that your way?

Faiaz

Merch Maverick

themerchmaverick.com"
BAYSE | Reformer Pilates Altrincham,info@baysereformerpilates.com,pilates,Manchester,GB,https://baysereformerpilates.com/altrincham/,5,513,pattern_guessed_mx_verified,quick thought after finding BAYSE | Reformer Pilates Altrincham,"Hi there,

I came across BAYSE | Reformer Pilates Altrincham while researching top rated reformer pilates studios in Manchester and noticed you're holding a 5 rating across 513 reviews. That kind of rating usually means your members already see the studio as part of their identity, which is exactly when branded gear starts to sell itself.

We're Merch Maverick, a factory direct supplier of branded totes, mat bags, and studio apparel for pilates studios. We work without agency markups, so the pricing usually beats what local printers quote for the same quality.

I can mail over a free fabric swatch pack for the mat bag line so you can feel the quality before deciding anything.

Would it be okay if I sent that over?

Faiaz

Merch Maverick

themerchmaverick.com"
Alpha Cryo,info@alphacryo.com,cold_plunge,Washington,US,http://www.alphacryo.com/,5,502,pattern_guessed_mx_verified,a small idea for Alpha Cryo's team,"Hi there,

I came across Alpha Cryo while researching top rated cold plunge and sauna spaces in Washington and noticed you're holding a 5 rating across 502 reviews. That kind of following usually means people already treat this as part of their routine, which is exactly when branded gear starts to matter.

We're Merch Maverick, a factory direct supplier of branded robes, towels, and recovery hoodies for studios like yours, no agency markups, just your logo on gear members already want.

I can mail over a free fabric swatch pack for the recovery hoodie line so you can feel the quality before deciding anything.

Would that be useful to you?

Faiaz

Merch Maverick

themerchmaverick.com"
Embrace Wellness Studio,info@embracestudio.co.uk,pilates,Manchester,GB,https://www.embracestudio.co.uk/,5,438,pattern_guessed_mx_verified,quick question about Embrace Wellness Studio's retail shelf,"Hi there,

I came across Embrace Wellness Studio while researching top rated reformer pilates studios in Manchester and noticed you're holding a 5 rating across 438 reviews. That's the kind of loyalty that usually means members are proud to be part of the studio, not just attending classes.

We're Merch Maverick, a factory direct supplier of branded totes, mat bags, and studio apparel for pilates studios. We work without agency markups, so the pricing usually beats what local printers quote for the same quality.

I can hop on a quick free call about which fabric and colorway would actually hold up best for a branded headband in your space, no strings attached.

Want me to go ahead and put that together?

Faiaz

Merch Maverick

themerchmaverick.com"
Cryo Nation,info@cryonationwellness.com,cold_plunge,Dallas,US,https://cryonationwellness.com/,5,408,pattern_guessed_mx_verified,quick idea for Cryo Nation's members,"Hi there,

I came across Cryo Nation while researching top rated cold plunge and sauna spaces in Dallas and noticed you're holding a 5 rating across 408 reviews. Numbers like that usually mean people leave talking about the experience, which is exactly the kind of thing branded gear tends to amplify.

We're Merch Maverick, a factory direct supplier of branded robes, towels, and recovery hoodies for studios like yours, no agency markups, just your logo on gear members already want.

I can hop on a quick free call about which fabric and colorway would actually hold up best for a quick dry towel in your space, no strings attached.

Should I send that your way?

Faiaz

Merch Maverick

themerchmaverick.com"
Harmony & Head Spa Buda,info@harmonyheadspa.hu,cold_plunge,Budapest,HU,https://harmonyheadspa.hu/,5,373,pattern_guessed_mx_verified,quick note for Harmony & Head Spa Buda,"Hi there,

I came across Harmony & Head Spa Buda while researching top rated cold plunge and sauna spaces in Budapest and noticed you're holding a 5 rating across 373 reviews. That kind of following usually means people already treat this as part of their routine, which is exactly when branded gear starts to matter.

We're Merch Maverick, a factory direct supplier of branded robes, towels, and recovery hoodies for studios like yours, no agency markups, just your logo on gear members already want.

I can get your first recovery beanie sample out at cost, no minimum order, no commitment beyond that.

Would it be okay if I sent that over?

Faiaz

Merch Maverick

themerchmaverick.com"
Studio 45,info@studio45.com,pilates,Seattle,US,https://www.studio45.com/,5,368,pattern_guessed_mx_verified,thought of Studio 45 for something,"Hi there,

I came across Studio 45 while researching top rated reformer pilates studios in Seattle and noticed you're holding a 5 rating across 368 reviews. That kind of rating usually means your members already see the studio as part of their identity, which is exactly when branded gear starts to sell itself.

We're Merch Maverick, a factory direct supplier of branded totes, mat bags, and studio apparel for pilates studios. We work without agency markups, so the pricing usually beats what local printers quote for the same quality.

I can get your first grip socks sample out at cost, no minimum order, no commitment beyond that.

Would that be useful to you?

Faiaz

Merch Maverick

themerchmaverick.com"
Miami Pilates Company,info@miamipilatescompany.com,pilates,Miami,US,http://www.miamipilatescompany.com/,5,354,pattern_guessed_mx_verified,"quick idea, Miami Pilates Company","Hi there,

I came across Miami Pilates Company while researching top rated reformer pilates studios in Miami and noticed you're holding a 5 rating across 354 reviews. That's the kind of loyalty that usually means members are proud to be part of the studio, not just attending classes.

We're Merch Maverick, a factory direct supplier of branded totes, mat bags, and studio apparel for pilates studios. We work without agency markups, so the pricing usually beats what local printers quote for the same quality.

I can put together a free digital mockup of a Miami Pilates Company branded studio tote within 48 hours, no cost and no obligation either way.

Want me to go ahead and put that together?

Faiaz

Merch Maverick

themerchmaverick.com"
"Sculpt Club, Fitness Reformer",info@sculptclub.fr,pilates,Paris,FR,http://sculptclub.fr/,5,289,pattern_guessed_mx_verified,"small idea for Sculpt Club, Fitness Reformer","Hi there,

I came across Sculpt Club, Fitness Reformer while researching top rated reformer pilates studios in Paris and noticed you're holding a 5 rating across 289 reviews. That kind of rating usually means your members already see the studio as part of their identity, which is exactly when branded gear starts to sell itself.

We're Merch Maverick, a factory direct supplier of branded totes, mat bags, and studio apparel for pilates studios. We work without agency markups, so the pricing usually beats what local printers quote for the same quality.

I can mail over a free fabric swatch pack for the mat bag line so you can feel the quality before deciding anything.

Should I send that your way?

Faiaz

Merch Maverick

themerchmaverick.com"
Lagree Luxe Golden Triangle,info@lagreeluxe.com,pilates,Denver,US,https://lagreeluxe.com/,5,281,pattern_guessed_mx_verified,curious if this is useful for Lagree Luxe Golden Triangle,"Hi there,

I came across Lagree Luxe Golden Triangle while researching top rated reformer pilates studios in Denver and noticed you're holding a 5 rating across 281 reviews. That's the kind of loyalty that usually means members are proud to be part of the studio, not just attending classes.

We're Merch Maverick, a factory direct supplier of branded totes, mat bags, and studio apparel for pilates studios. We work without agency markups, so the pricing usually beats what local printers quote for the same quality.

I can hop on a quick free call about which fabric and colorway would actually hold up best for a branded headband in your space, no strings attached.

Would it be okay if I sent that over?

Faiaz

Merch Maverick

themerchmaverick.com"
Be Well Studio,info@bewellstudio.life,sauna,Las Vegas,US,https://bewellstudio.life/?utm_source=google&utm_medium=local&utm_campaign=1&utm_content=primary,5,266,pattern_guessed_mx_verified,free something for Be Well Studio,"Hi there,

I came across Be Well Studio while researching top rated sauna studios in Las Vegas and noticed you're holding a 5 rating across 266 reviews. That kind of consistency usually means people leave your space wanting to take a piece of the experience home with them.

We're Merch Maverick, a factory direct supplier for branded sauna gear including hats, towels, and robes for studios like yours. No middlemen, no inflated agency pricing, just your logo on the exact ritual gear your members already associate with the experience.

I can put together a free digital mockup of a Be Well Studio branded wool felt sauna hat within 48 hours, no cost and no obligation either way.

Would that be useful to you?

Faiaz

Merch Maverick

themerchmaverick.com"
Soul Pilates - Bristol BS7,info@soulpilates.co.uk,pilates,Bristol,GB,https://www.soulpilates.co.uk/,5,227,pattern_guessed_mx_verified,quick thought after finding Soul Pilates - Bristol BS7,"Hi there,

I came across Soul Pilates - Bristol BS7 while researching top rated reformer pilates studios in Bristol and noticed you're holding a 5 rating across 227 reviews. That kind of rating usually means your members already see the studio as part of their identity, which is exactly when branded gear starts to sell itself.

We're Merch Maverick, a factory direct supplier of branded totes, mat bags, and studio apparel for pilates studios. We work without agency markups, so the pricing usually beats what local printers quote for the same quality.

I can get your first grip socks sample out at cost, no minimum order, no commitment beyond that.

Want me to go ahead and put that together?

Faiaz

Merch Maverick

themerchmaverick.com"
Puur Baby Spa,info@puurbabyspa.nl,sauna,Rotterdam,NL,http://www.puurbabyspa.nl/,5,223,pattern_guessed_mx_verified,a small idea for Puur Baby Spa's team,"Hi there,

I came across Puur Baby Spa while researching top rated sauna studios in Rotterdam and noticed you're holding a 5 rating across 223 reviews. Members who show up that consistently tend to want gear that says they are serious about the ritual, not just visiting once.

We're Merch Maverick, a factory direct supplier for branded sauna gear including hats, towels, and robes for studios like yours. No middlemen, no inflated agency pricing, just your logo on the exact ritual gear your members already associate with the experience.

I can mail over a free fabric swatch pack for the branded plunge robe line so you can feel the quality before deciding anything.

Should I send that your way?

Faiaz

Merch Maverick

themerchmaverick.com"
Black Swan Sauna,info@blackswansauna.co.uk,sauna,Bristol,GB,http://www.blackswansauna.co.uk/,5,216,pattern_guessed_mx_verified,quick question about Black Swan Sauna's retail shelf,"Hi there,

I came across Black Swan Sauna while researching top rated sauna studios in Bristol and noticed you're holding a 5 rating across 216 reviews. That kind of consistency usually means people leave your space wanting to take a piece of the experience home with them.

We're Merch Maverick, a factory direct supplier for branded sauna gear including hats, towels, and robes for studios like yours. No middlemen, no inflated agency pricing, just your logo on the exact ritual gear your members already associate with the experience.

I can hop on a quick free call about which fabric and colorway would actually hold up best for a quick dry ritual towel in your space, no strings attached.

Would it be okay if I sent that over?

Faiaz

Merch Maverick

themerchmaverick.com"
Kove Studio East Village,info@kove.studio,sauna,New York,US,https://kove.studio/,5,214,pattern_guessed_mx_verified,quick idea for Kove Studio East Village's members,"Hi there,

I came across Kove Studio East Village while researching top rated sauna studios in New York and noticed you're holding a 5 rating across 214 reviews. Members who show up that consistently tend to want gear that says they are serious about the ritual, not just visiting once.

We're Merch Maverick, a factory direct supplier for branded sauna gear including hats, towels, and robes for studios like yours. No middlemen, no inflated agency pricing, just your logo on the exact ritual gear your members already associate with the experience.

I can get your first recovery beanie sample out at cost, no minimum order, no commitment beyond that.

Would that be useful to you?

Faiaz

Merch Maverick

themerchmaverick.com"
Berlin Braves e.V Sports Club,info@berlinbraves.com,run_club,Berlin,DE,http://www.berlinbraves.com/,5,206,pattern_guessed_mx_verified,quick note for Berlin Braves e.V Sports Club,"Hi there,

I came across Berlin Braves e.V Sports Club while researching top rated run clubs in Berlin and noticed you're holding a 5 rating across 206 reviews. That kind of following usually means your crew is already repping your name everywhere they go.

We're Merch Maverick, a factory direct supplier of branded team tees, caps, and run club apparel. No agency markups, just gear your crew will actually wear outside of race day.

I can hop on a quick free call about which fabric and colorway would actually hold up best for a neck buff in your space, no strings attached.

Want me to go ahead and put that together?

Faiaz

Merch Maverick

themerchmaverick.com"
E3 Cryo & Wellness Center,info@e3cryo.com,cold_plunge,Phoenix,US,http://www.e3cryo.com/,5,206,pattern_guessed_mx_verified,thought of E3 Cryo & Wellness Center for something,"Hi there,

I came across E3 Cryo & Wellness Center while researching top rated cold plunge and sauna spaces in Phoenix and noticed you're holding a 5 rating across 206 reviews. Numbers like that usually mean people leave talking about the experience, which is exactly the kind of thing branded gear tends to amplify.

We're Merch Maverick, a factory direct supplier of branded robes, towels, and recovery hoodies for studios like yours, no agency markups, just your logo on gear members already want.

I can put together a free digital mockup of a E3 Cryo & Wellness Center branded branded robe within 48 hours, no cost and no obligation either way.

Should I send that your way?

Faiaz

Merch Maverick

themerchmaverick.com"
YTTP - Reformer - Bergmannkiez,info@yttp.de,pilates,Berlin,DE,https://www.yttp.de/,5,203,pattern_guessed_mx_verified,"quick idea, YTTP - Reformer - Bergmannkiez","Hi there,

I came across YTTP - Reformer - Bergmannkiez while researching top rated reformer pilates studios in Berlin and noticed you're holding a 5 rating across 203 reviews. That's the kind of loyalty that usually means members are proud to be part of the studio, not just attending classes.

We're Merch Maverick, a factory direct supplier of branded totes, mat bags, and studio apparel for pilates studios. We work without agency markups, so the pricing usually beats what local printers quote for the same quality.

I can put together a free digital mockup of a YTTP - Reformer - Bergmannkiez branded studio tote within 48 hours, no cost and no obligation either way.

Would it be okay if I sent that over?

Faiaz

Merch Maverick

themerchmaverick.com"
"Recovery Lab Corona: Cryo, Red Light, Hyperbaric, Stretch",info@recoverylab.co,cold_plunge,Anaheim,US,http://www.recoverylab.co/,5,178,pattern_guessed_mx_verified,"small idea for Recovery Lab Corona: Cryo, Red Light, Hyperbaric, Stretch","Hi there,

I came across Recovery Lab Corona: Cryo, Red Light, Hyperbaric, Stretch while researching top rated cold plunge and sauna spaces in Anaheim and noticed you're holding a 5 rating across 178 reviews. That kind of following usually means people already treat this as part of their routine, which is exactly when branded gear starts to matter.

We're Merch Maverick, a factory direct supplier of branded robes, towels, and recovery hoodies for studios like yours, no agency markups, just your logo on gear members already want.

I can mail over a free fabric swatch pack for the recovery hoodie line so you can feel the quality before deciding anything.

Would that be useful to you?

Faiaz

Merch Maverick

themerchmaverick.com"
Sentiré Pilates Belgravia,info@sentirepilates.co.uk,pilates,London,GB,https://www.sentirepilates.co.uk/,5,164,pattern_guessed_mx_verified,curious if this is useful for Sentiré Pilates Belgravia,"Hi there,

I came across Sentiré Pilates Belgravia while researching top rated reformer pilates studios in London and noticed you're holding a 5 rating across 164 reviews. That kind of rating usually means your members already see the studio as part of their identity, which is exactly when branded gear starts to sell itself.

We're Merch Maverick, a factory direct supplier of branded totes, mat bags, and studio apparel for pilates studios. We work without agency markups, so the pricing usually beats what local printers quote for the same quality.

I can mail over a free fabric swatch pack for the mat bag line so you can feel the quality before deciding anything.

Want me to go ahead and put that together?

Faiaz

Merch Maverick

themerchmaverick.com"
Kama Calm | Holistic Therapies | Massage | Edinburgh,info@kamacalm.co.uk,sauna,Edinburgh,GB,https://kamacalm.co.uk/,5,152,pattern_guessed_mx_verified,free something for Kama Calm | Holistic Therapies | Massage | Edinburgh,"Hi there,

I came across Kama Calm | Holistic Therapies | Massage | Edinburgh while researching top rated sauna studios in Edinburgh and noticed you're holding a 5 rating across 152 reviews. That kind of consistency usually means people leave your space wanting to take a piece of the experience home with them.

We're Merch Maverick, a factory direct supplier for branded sauna gear including hats, towels, and robes for studios like yours. No middlemen, no inflated agency pricing, just your logo on the exact ritual gear your members already associate with the experience.

I can put together a free digital mockup of a Kama Calm | Holistic Therapies | Massage | Edinburgh branded wool felt sauna hat within 48 hours, no cost and no obligation either way.

Should I send that your way?

Faiaz

Merch Maverick

themerchmaverick.com"
IcePass Sauna & Cold Plunge Club,info@icepassla.com,sauna,Los Angeles,US,http://www.icepassla.com/,5,145,pattern_guessed_mx_verified,quick thought after finding IcePass Sauna & Cold Plunge Club,"Hi there,

I came across IcePass Sauna & Cold Plunge Club while researching top rated sauna studios in Los Angeles and noticed you're holding a 5 rating across 145 reviews. Members who show up that consistently tend to want gear that says they are serious about the ritual, not just visiting once.

We're Merch Maverick, a factory direct supplier for branded sauna gear including hats, towels, and robes for studios like yours. No middlemen, no inflated agency pricing, just your logo on the exact ritual gear your members already associate with the experience.

I can mail over a free fabric swatch pack for the branded plunge robe line so you can feel the quality before deciding anything.

Would it be okay if I sent that over?

Faiaz

Merch Maverick

themerchmaverick.com"
Luxe Amore Studio,info@luxeamore.com,sauna,Bristol,GB,http://www.luxeamore.com/,5,140,pattern_guessed_mx_verified,a small idea for Luxe Amore Studio's team,"Hi there,

I came across Luxe Amore Studio while researching top rated sauna studios in Bristol and noticed you're holding a 5 rating across 140 reviews. That kind of consistency usually means people leave your space wanting to take a piece of the experience home with them.

We're Merch Maverick, a factory direct supplier for branded sauna gear including hats, towels, and robes for studios like yours. No middlemen, no inflated agency pricing, just your logo on the exact ritual gear your members already associate with the experience.

I can hop on a quick free call about which fabric and colorway would actually hold up best for a quick dry ritual towel in your space, no strings attached.

Would that be useful to you?

Faiaz

Merch Maverick

themerchmaverick.com"
Reform MCR,info@reformmcr.co.uk,pilates,Manchester,GB,https://www.reformmcr.co.uk/,5,136,pattern_guessed_mx_verified,quick question about Reform MCR's retail shelf,"Hi there,

I came across Reform MCR while researching top rated reformer pilates studios in Manchester and noticed you're holding a 5 rating across 136 reviews. That's the kind of loyalty that usually means members are proud to be part of the studio, not just attending classes.

We're Merch Maverick, a factory direct supplier of branded totes, mat bags, and studio apparel for pilates studios. We work without agency markups, so the pricing usually beats what local printers quote for the same quality.

I can hop on a quick free call about which fabric and colorway would actually hold up best for a branded headband in your space, no strings attached.

Want me to go ahead and put that together?

Faiaz

Merch Maverick

themerchmaverick.com"
ReformYou,info@reformyou.com,pilates,Las Vegas,US,https://www.reformyou.com/,5,129,pattern_guessed_mx_verified,quick idea for ReformYou's members,"Hi there,

I came across ReformYou while researching top rated reformer pilates studios in Las Vegas and noticed you're holding a 5 rating across 129 reviews. That kind of rating usually means your members already see the studio as part of their identity, which is exactly when branded gear starts to sell itself.

We're Merch Maverick, a factory direct supplier of branded totes, mat bags, and studio apparel for pilates studios. We work without agency markups, so the pricing usually beats what local printers quote for the same quality.

I can get your first grip socks sample out at cost, no minimum order, no commitment beyond that.

Should I send that your way?

Faiaz

Merch Maverick

themerchmaverick.com"
Pura Donna Studio,info@puradonnastudio.de,cold_plunge,Frankfurt,DE,https://www.puradonnastudio.de/,5,129,pattern_guessed_mx_verified,quick note for Pura Donna Studio,"Hi there,

I came across Pura Donna Studio while researching top rated cold plunge and sauna spaces in Frankfurt and noticed you're holding a 5 rating across 129 reviews. Numbers like that usually mean people leave talking about the experience, which is exactly the kind of thing branded gear tends to amplify.

We're Merch Maverick, a factory direct supplier of branded robes, towels, and recovery hoodies for studios like yours, no agency markups, just your logo on gear members already want.

I can hop on a quick free call about which fabric and colorway would actually hold up best for a quick dry towel in your space, no strings attached.

Would it be okay if I sent that over?

Faiaz

Merch Maverick

themerchmaverick.com"
Longevity Loft,info@longevityloft.com,sauna,Washington,US,https://www.longevityloft.com/,5,114,pattern_guessed_mx_verified,thought of Longevity Loft for something,"Hi there,

I came across Longevity Loft while researching top rated sauna studios in Washington and noticed you're holding a 5 rating across 114 reviews. Members who show up that consistently tend to want gear that says they are serious about the ritual, not just visiting once.

We're Merch Maverick, a factory direct supplier for branded sauna gear including hats, towels, and robes for studios like yours. No middlemen, no inflated agency pricing, just your logo on the exact ritual gear your members already associate with the experience.

I can get your first recovery beanie sample out at cost, no minimum order, no commitment beyond that.

Would that be useful to you?

Faiaz

Merch Maverick

themerchmaverick.com"
Humahu - Ateliers créatifs et DIY / Sauna,info@humahu.co,sauna,Paris,FR,https://www.humahu.co/,5,114,pattern_guessed_mx_verified,"quick idea, Humahu - Ateliers créatifs et DIY / Sauna","Hi there,

I came across Humahu - Ateliers créatifs et DIY / Sauna while researching top rated sauna studios in Paris and noticed you're holding a 5 rating across 114 reviews. That kind of consistency usually means people leave your space wanting to take a piece of the experience home with them.

We're Merch Maverick, a factory direct supplier for branded sauna gear including hats, towels, and robes for studios like yours. No middlemen, no inflated agency pricing, just your logo on the exact ritual gear your members already associate with the experience.

I can put together a free digital mockup of a Humahu - Ateliers créatifs et DIY / Sauna branded wool felt sauna hat within 48 hours, no cost and no obligation either way.

Want me to go ahead and put that together?

Faiaz

Merch Maverick

themerchmaverick.com"
Optimize U | Belle Meade,info@optimizeucenters.com,cold_plunge,Nashville,US,https://optimizeucenters.com/locations/belle-meade-tennessee/,5,110,pattern_guessed_mx_verified,small idea for Optimize U | Belle Meade,"Hi there,

I came across Optimize U | Belle Meade while researching top rated cold plunge and sauna spaces in Nashville and noticed you're holding a 5 rating across 110 reviews. That kind of following usually means people already treat this as part of their routine, which is exactly when branded gear starts to matter.

We're Merch Maverick, a factory direct supplier of branded robes, towels, and recovery hoodies for studios like yours, no agency markups, just your logo on gear members already want.

I can get your first recovery beanie sample out at cost, no minimum order, no commitment beyond that.

Should I send that your way?

Faiaz

Merch Maverick

themerchmaverick.com"
Evolve Collective,info@evolvecollective.co,pilates,Phoenix,US,https://www.evolvecollective.co/,5,105,pattern_guessed_mx_verified,curious if this is useful for Evolve Collective,"Hi there,

I came across Evolve Collective while researching top rated reformer pilates studios in Phoenix and noticed you're holding a 5 rating across 105 reviews. That's the kind of loyalty that usually means members are proud to be part of the studio, not just attending classes.

We're Merch Maverick, a factory direct supplier of branded totes, mat bags, and studio apparel for pilates studios. We work without agency markups, so the pricing usually beats what local printers quote for the same quality.

I can put together a free digital mockup of a Evolve Collective branded studio tote within 48 hours, no cost and no obligation either way.

Would it be okay if I sent that over?

Faiaz

Merch Maverick

themerchmaverick.com"
Cryo iX,info@cryo-ix.de,cold_plunge,Munich,DE,https://www.cryo-ix.de/,5,95,pattern_guessed_mx_verified,free something for Cryo iX,"Hi there,

I came across Cryo iX while researching top rated cold plunge and sauna spaces in Munich and noticed you're holding a 5 rating across 95 reviews. Numbers like that usually mean people leave talking about the experience, which is exactly the kind of thing branded gear tends to amplify.

We're Merch Maverick, a factory direct supplier of branded robes, towels, and recovery hoodies for studios like yours, no agency markups, just your logo on gear members already want.

I can put together a free digital mockup of a Cryo iX branded branded robe within 48 hours, no cost and no obligation either way.

Would that be useful to you?

Faiaz

Merch Maverick

themerchmaverick.com"
Warm Hearts Sauna,info@warmheartssauna.com,sauna,Amsterdam,NL,https://www.warmheartssauna.com/,5,89,pattern_guessed_mx_verified,quick thought after finding Warm Hearts Sauna,"Hi there,

I came across Warm Hearts Sauna while researching top rated sauna studios in Amsterdam and noticed you're holding a 5 rating across 89 reviews. Members who show up that consistently tend to want gear that says they are serious about the ritual, not just visiting once.

We're Merch Maverick, a factory direct supplier for branded sauna gear including hats, towels, and robes for studios like yours. No middlemen, no inflated agency pricing, just your logo on the exact ritual gear your members already associate with the experience.

I can mail over a free fabric swatch pack for the branded plunge robe line so you can feel the quality before deciding anything.

Want me to go ahead and put that together?

Faiaz

Merch Maverick

themerchmaverick.com"
Perola Bruta • Reformer Pilates,info@perolabruta.com,pilates,London,GB,https://perolabruta.com/,5,88,pattern_guessed_mx_verified,a small idea for Perola Bruta • Reformer Pilates's team,"Hi there,

I came across Perola Bruta • Reformer Pilates while researching top rated reformer pilates studios in London and noticed you're holding a 5 rating across 88 reviews. That kind of rating usually means your members already see the studio as part of their identity, which is exactly when branded gear starts to sell itself.

We're Merch Maverick, a factory direct supplier of branded totes, mat bags, and studio apparel for pilates studios. We work without agency markups, so the pricing usually beats what local printers quote for the same quality.

I can mail over a free fabric swatch pack for the mat bag line so you can feel the quality before deciding anything.

Should I send that your way?

Faiaz

Merch Maverick

themerchmaverick.com"
EVOLVE Pilates,info@evolvestronger.com,pilates,San Francisco,US,https://evolvestronger.com/,5,87,pattern_guessed_mx_verified,quick question about EVOLVE Pilates's retail shelf,"Hi there,

I came across EVOLVE Pilates while researching top rated reformer pilates studios in San Francisco and noticed you're holding a 5 rating across 87 reviews. That's the kind of loyalty that usually means members are proud to be part of the studio, not just attending classes.

We're Merch Maverick, a factory direct supplier of branded totes, mat bags, and studio apparel for pilates studios. We work without agency markups, so the pricing usually beats what local printers quote for the same quality.

I can hop on a quick free call about which fabric and colorway would actually hold up best for a branded headband in your space, no strings attached.

Would it be okay if I sent that over?

Faiaz

Merch Maverick

themerchmaverick.com"
"Studio Anatomy, London Fields",info@studioanatomy.co.uk,pilates,London,GB,https://studioanatomy.co.uk/locations/london-fields,5,86,pattern_guessed_mx_verified,"quick idea for Studio Anatomy, London Fields's members","Hi there,

I came across Studio Anatomy, London Fields while researching top rated reformer pilates studios in London and noticed you're holding a 5 rating across 86 reviews. That kind of rating usually means your members already see the studio as part of their identity, which is exactly when branded gear starts to sell itself.

We're Merch Maverick, a factory direct supplier of branded totes, mat bags, and studio apparel for pilates studios. We work without agency markups, so the pricing usually beats what local printers quote for the same quality.

I can get your first grip socks sample out at cost, no minimum order, no commitment beyond that.

Would that be useful to you?

Faiaz

Merch Maverick

themerchmaverick.com"
Plunge Boston,info@plungeboston.com,sauna,Boston,US,https://www.plungeboston.com/,5,84,pattern_guessed_mx_verified,quick note for Plunge Boston,"Hi there,

I came across Plunge Boston while researching top rated sauna studios in Boston and noticed you're holding a 5 rating across 84 reviews. That kind of consistency usually means people leave your space wanting to take a piece of the experience home with them.

We're Merch Maverick, a factory direct supplier for branded sauna gear including hats, towels, and robes for studios like yours. No middlemen, no inflated agency pricing, just your logo on the exact ritual gear your members already associate with the experience.

I can hop on a quick free call about which fabric and colorway would actually hold up best for a quick dry ritual towel in your space, no strings attached.

Want me to go ahead and put that together?

Faiaz

Merch Maverick

themerchmaverick.com"
Your Reformer,info@yourreformer.com,pilates,Anaheim,US,https://yourreformer.com/,5,84,pattern_guessed_mx_verified,thought of Your Reformer for something,"Hi there,

I came across Your Reformer while researching top rated reformer pilates studios in Anaheim and noticed you're holding a 5 rating across 84 reviews. That's the kind of loyalty that usually means members are proud to be part of the studio, not just attending classes.

We're Merch Maverick, a factory direct supplier of branded totes, mat bags, and studio apparel for pilates studios. We work without agency markups, so the pricing usually beats what local printers quote for the same quality.

I can put together a free digital mockup of a Your Reformer branded studio tote within 48 hours, no cost and no obligation either way.

Should I send that your way?

Faiaz

Merch Maverick

themerchmaverick.com"
Pilates on Purpose,info@pilatesonpurpose.com,pilates,Anaheim,US,http://www.pilatesonpurpose.com/,5,76,pattern_guessed_mx_verified,"quick idea, Pilates on Purpose","Hi there,

I came across Pilates on Purpose while researching top rated reformer pilates studios in Anaheim and noticed you're holding a 5 rating across 76 reviews. That kind of rating usually means your members already see the studio as part of their identity, which is exactly when branded gear starts to sell itself.

We're Merch Maverick, a factory direct supplier of branded totes, mat bags, and studio apparel for pilates studios. We work without agency markups, so the pricing usually beats what local printers quote for the same quality.

I can mail over a free fabric swatch pack for the mat bag line so you can feel the quality before deciding anything.

Would it be okay if I sent that over?

Faiaz

Merch Maverick

themerchmaverick.com"
The Recovery Lab and Cryo,info@therecoverylabandcryo.com,cold_plunge,Austin,US,http://therecoverylabandcryo.com/,5,76,pattern_guessed_mx_verified,small idea for The Recovery Lab and Cryo,"Hi there,

I came across The Recovery Lab and Cryo while researching top rated cold plunge and sauna spaces in Austin and noticed you're holding a 5 rating across 76 reviews. That kind of following usually means people already treat this as part of their routine, which is exactly when branded gear starts to matter.

We're Merch Maverick, a factory direct supplier of branded robes, towels, and recovery hoodies for studios like yours, no agency markups, just your logo on gear members already want.

I can mail over a free fabric swatch pack for the recovery hoodie line so you can feel the quality before deciding anything.

Would that be useful to you?

Faiaz

Merch Maverick

themerchmaverick.com"
"The Loft Pilates, Fitness & Therapies",info@theloftpilatesandfitnessstudio.co.uk,pilates,Birmingham,GB,http://www.theloftpilatesandfitnessstudio.co.uk/,5,75,pattern_guessed_mx_verified,"curious if this is useful for The Loft Pilates, Fitness & Therapies","Hi there,

I came across The Loft Pilates, Fitness & Therapies while researching top rated reformer pilates studios in Birmingham and noticed you're holding a 5 rating across 75 reviews. That's the kind of loyalty that usually means members are proud to be part of the studio, not just attending classes.

We're Merch Maverick, a factory direct supplier of branded totes, mat bags, and studio apparel for pilates studios. We work without agency markups, so the pricing usually beats what local printers quote for the same quality.

I can hop on a quick free call about which fabric and colorway would actually hold up best for a branded headband in your space, no strings attached.

Want me to go ahead and put that together?

Faiaz

Merch Maverick

themerchmaverick.com"
Free-up Club,info@free-up.fr,run_club,Paris,FR,https://www.free-up.fr/,5,75,pattern_guessed_mx_verified,free something for Free-up Club,"Hi there,

I came across Free-up Club while researching top rated run clubs in Paris and noticed you're holding a 5 rating across 75 reviews. Numbers like that usually mean your club already feels like a third place for people, not just a Tuesday run.

We're Merch Maverick, a factory direct supplier of branded team tees, caps, and run club apparel. No agency markups, just gear your crew will actually wear outside of race day.

I can get your first finisher hoodie sample out at cost, no minimum order, no commitment beyond that.

Should I send that your way?

Faiaz

Merch Maverick

themerchmaverick.com"
Pilates i Más Studio,info@pilatesimas.com,pilates,Madrid,ES,http://www.pilatesimas.com/,5,68,pattern_guessed_mx_verified,quick thought after finding Pilates i Más Studio,"Hi there,

I came across Pilates i Más Studio while researching top rated reformer pilates studios in Madrid and noticed you're holding a 5 rating across 68 reviews. That kind of rating usually means your members already see the studio as part of their identity, which is exactly when branded gear starts to sell itself.

We're Merch Maverick, a factory direct supplier of branded totes, mat bags, and studio apparel for pilates studios. We work without agency markups, so the pricing usually beats what local printers quote for the same quality.

I can get your first grip socks sample out at cost, no minimum order, no commitment beyond that.

Would it be okay if I sent that over?

Faiaz

Merch Maverick

themerchmaverick.com"
212 Med Spa,info@212medspa.com,cold_plunge,Washington,US,https://212medspa.com/,5,68,pattern_guessed_mx_verified,a small idea for 212 Med Spa's team,"Hi there,

I came across 212 Med Spa while researching top rated cold plunge and sauna spaces in Washington and noticed you're holding a 5 rating across 68 reviews. Numbers like that usually mean people leave talking about the experience, which is exactly the kind of thing branded gear tends to amplify.

We're Merch Maverick, a factory direct supplier of branded robes, towels, and recovery hoodies for studios like yours, no agency markups, just your logo on gear members already want.

I can hop on a quick free call about which fabric and colorway would actually hold up best for a quick dry towel in your space, no strings attached.

Would that be useful to you?

Faiaz

Merch Maverick

themerchmaverick.com"
Dynamic Body Pilates NYC,info@dynamicbodypilates.com,pilates,New York,US,https://dynamicbodypilates.com/,5,66,pattern_guessed_mx_verified,quick question about Dynamic Body Pilates NYC's retail shelf,"Hi there,

I came across Dynamic Body Pilates NYC while researching top rated reformer pilates studios in New York and noticed you're holding a 5 rating across 66 reviews. That's the kind of loyalty that usually means members are proud to be part of the studio, not just attending classes.

We're Merch Maverick, a factory direct supplier of branded totes, mat bags, and studio apparel for pilates studios. We work without agency markups, so the pricing usually beats what local printers quote for the same quality.

I can put together a free digital mockup of a Dynamic Body Pilates NYC branded studio tote within 48 hours, no cost and no obligation either way.

Want me to go ahead and put that together?

Faiaz

Merch Maverick

themerchmaverick.com"
Ora Pilates Studio Köln,info@ora-pilatesstudio.com,pilates,Cologne,DE,https://www.ora-pilatesstudio.com/,5,64,pattern_guessed_mx_verified,quick idea for Ora Pilates Studio Köln's members,"Hi there,

I came across Ora Pilates Studio Köln while researching top rated reformer pilates studios in Cologne and noticed you're holding a 5 rating across 64 reviews. That kind of rating usually means your members already see the studio as part of their identity, which is exactly when branded gear starts to sell itself.

We're Merch Maverick, a factory direct supplier of branded totes, mat bags, and studio apparel for pilates studios. We work without agency markups, so the pricing usually beats what local printers quote for the same quality.

I can mail over a free fabric swatch pack for the mat bag line so you can feel the quality before deciding anything.

Should I send that your way?

Faiaz

Merch Maverick

themerchmaverick.com"
Sano Studio,info@sanostudio.co.uk,pilates,Edinburgh,GB,http://www.sanostudio.co.uk/,5,64,pattern_guessed_mx_verified,quick note for Sano Studio,"Hi there,

I came across Sano Studio while researching top rated reformer pilates studios in Edinburgh and noticed you're holding a 5 rating across 64 reviews. That's the kind of loyalty that usually means members are proud to be part of the studio, not just attending classes.

We're Merch Maverick, a factory direct supplier of branded totes, mat bags, and studio apparel for pilates studios. We work without agency markups, so the pricing usually beats what local printers quote for the same quality.

I can hop on a quick free call about which fabric and colorway would actually hold up best for a branded headband in your space, no strings attached.

Would it be okay if I sent that over?

Faiaz

Merch Maverick

themerchmaverick.com"
Dillon's Health Spa,info@calendly.com,sauna,Boston,US,https://calendly.com/dillonshealthspa?utm_source=ig&utm_medium=social&utm_content=link_in_bio,5,62,pattern_guessed_mx_verified,thought of Dillon's Health Spa for something,"Hi there,

I came across Dillon's Health Spa while researching top rated sauna studios in Boston and noticed you're holding a 5 rating across 62 reviews. Members who show up that consistently tend to want gear that says they are serious about the ritual, not just visiting once.

We're Merch Maverick, a factory direct supplier for branded sauna gear including hats, towels, and robes for studios like yours. No middlemen, no inflated agency pricing, just your logo on the exact ritual gear your members already associate with the experience.

I can get your first recovery beanie sample out at cost, no minimum order, no commitment beyond that.

Would that be useful to you?

Faiaz

Merch Maverick

themerchmaverick.com"
The Pilates Hub,info@thepilateshub.co.uk,pilates,Edinburgh,GB,http://www.thepilateshub.co.uk/,5,61,pattern_guessed_mx_verified,"quick idea, The Pilates Hub","Hi there,

I came across The Pilates Hub while researching top rated reformer pilates studios in Edinburgh and noticed you're holding a 5 rating across 61 reviews. That kind of rating usually means your members already see the studio as part of their identity, which is exactly when branded gear starts to sell itself.

We're Merch Maverick, a factory direct supplier of branded totes, mat bags, and studio apparel for pilates studios. We work without agency markups, so the pricing usually beats what local printers quote for the same quality.

I can get your first grip socks sample out at cost, no minimum order, no commitment beyond that.

Want me to go ahead and put that together?

Faiaz

Merch Maverick

themerchmaverick.com"
Conquer Me 365,info@conquerme365.co.uk,sauna,Manchester,GB,http://www.conquerme365.co.uk/,5,59,pattern_guessed_mx_verified,small idea for Conquer Me 365,"Hi there,

I came across Conquer Me 365 while researching top rated sauna studios in Manchester and noticed you're holding a 5 rating across 59 reviews. That kind of consistency usually means people leave your space wanting to take a piece of the experience home with them.

We're Merch Maverick, a factory direct supplier for branded sauna gear including hats, towels, and robes for studios like yours. No middlemen, no inflated agency pricing, just your logo on the exact ritual gear your members already associate with the experience.

I can put together a free digital mockup of a Conquer Me 365 branded wool felt sauna hat within 48 hours, no cost and no obligation either way.

Should I send that your way?

Faiaz

Merch Maverick

themerchmaverick.com"
"Good Vibes Cologne | Studio für Regeneration & Prävention in Köln | Köln, belgisches Viertel",info@goodvibes-cologne.de,cold_plunge,Cologne,DE,https://www.goodvibes-cologne.de/,5,59,pattern_guessed_mx_verified,"curious if this is useful for Good Vibes Cologne | Studio für Regeneration & Prävention in Köln | Köln, belgisches Viertel","Hi there,

I came across Good Vibes Cologne | Studio für Regeneration & Prävention in Köln | Köln, belgisches Viertel while researching top rated cold plunge and sauna spaces in Cologne and noticed you're holding a 5 rating across 59 reviews. That kind of following usually means people already treat this as part of their routine, which is exactly when branded gear starts to matter.

We're Merch Maverick, a factory direct supplier of branded robes, towels, and recovery hoodies for studios like yours, no agency markups, just your logo on gear members already want.

I can get your first recovery beanie sample out at cost, no minimum order, no commitment beyond that.

Would it be okay if I sent that over?

Faiaz

Merch Maverick

themerchmaverick.com"
Activate Ozone Sauna Spa,info@activateozone.com,sauna,Houston,US,https://activateozone.com/,5,58,pattern_guessed_mx_verified,free something for Activate Ozone Sauna Spa,"Hi there,

I came across Activate Ozone Sauna Spa while researching top rated sauna studios in Houston and noticed you're holding a 5 rating across 58 reviews. Members who show up that consistently tend to want gear that says they are serious about the ritual, not just visiting once.

We're Merch Maverick, a factory direct supplier for branded sauna gear including hats, towels, and robes for studios like yours. No middlemen, no inflated agency pricing, just your logo on the exact ritual gear your members already associate with the experience.

I can mail over a free fabric swatch pack for the branded plunge robe line so you can feel the quality before deciding anything.

Would that be useful to you?

Faiaz

Merch Maverick

themerchmaverick.com"
Ultra Pilates Toronto,info@ultrapilates.ca,pilates,Toronto,CA,https://ultrapilates.ca/,5,57,pattern_guessed_mx_verified,quick thought after finding Ultra Pilates Toronto,"Hi there,

I came across Ultra Pilates Toronto while researching top rated reformer pilates studios in Toronto and noticed you're holding a 5 rating across 57 reviews. That's the kind of loyalty that usually means members are proud to be part of the studio, not just attending classes.

We're Merch Maverick, a factory direct supplier of branded totes, mat bags, and studio apparel for pilates studios. We work without agency markups, so the pricing usually beats what local printers quote for the same quality.

I can put together a free digital mockup of a Ultra Pilates Toronto branded studio tote within 48 hours, no cost and no obligation either way.

Want me to go ahead and put that together?

Faiaz

Merch Maverick

themerchmaverick.com"
Fire & Ice Wellness - Countryside Sauna & Ice baths on the Old Down Estate near Bristol,info@fireicewellness.co.uk,sauna,Bristol,GB,https://www.fireicewellness.co.uk/,5,56,pattern_guessed_mx_verified,a small idea for Fire & Ice Wellness - Countryside Sauna & Ice baths on the Old Down Estate near Bristol's team,"Hi there,

I came across Fire & Ice Wellness - Countryside Sauna & Ice baths on the Old Down Estate near Bristol while researching top rated sauna studios in Bristol and noticed you're holding a 5 rating across 56 reviews. That kind of consistency usually means people leave your space wanting to take a piece of the experience home with them.

We're Merch Maverick, a factory direct supplier for branded sauna gear including hats, towels, and robes for studios like yours. No middlemen, no inflated agency pricing, just your logo on the exact ritual gear your members already associate with the experience.

I can hop on a quick free call about which fabric and colorway would actually hold up best for a quick dry ritual towel in your space, no strings attached.

Should I send that your way?

Faiaz

Merch Maverick

themerchmaverick.com"
Studio Pilates International Sylvan Park,info@studiopilates.com,pilates,Nashville,US,https://www.studiopilates.com/studios/sylvan-park/,5,55,pattern_guessed_mx_verified,quick question about Studio Pilates International Sylvan Park's retail shelf,"Hi there,

I came across Studio Pilates International Sylvan Park while researching top rated reformer pilates studios in Nashville and noticed you're holding a 5 rating across 55 reviews. That kind of rating usually means your members already see the studio as part of their identity, which is exactly when branded gear starts to sell itself.

We're Merch Maverick, a factory direct supplier of branded totes, mat bags, and studio apparel for pilates studios. We work without agency markups, so the pricing usually beats what local printers quote for the same quality.

I can mail over a free fabric swatch pack for the mat bag line so you can feel the quality before deciding anything.

Would it be okay if I sent that over?

Faiaz

Merch Maverick

themerchmaverick.com"
Longevita Pilates & Yoga Studio,info@longevitapilates.com,pilates,Washington,US,https://longevitapilates.com/,5,54,pattern_guessed_mx_verified,quick idea for Longevita Pilates & Yoga Studio's members,"Hi there,

I came across Longevita Pilates & Yoga Studio while researching top rated reformer pilates studios in Washington and noticed you're holding a 5 rating across 54 reviews. That's the kind of loyalty that usually means members are proud to be part of the studio, not just attending classes.

We're Merch Maverick, a factory direct supplier of branded totes, mat bags, and studio apparel for pilates studios. We work without agency markups, so the pricing usually beats what local printers quote for the same quality.

I can hop on a quick free call about which fabric and colorway would actually hold up best for a branded headband in your space, no strings attached.

Would that be useful to you?

Faiaz

Merch Maverick

themerchmaverick.com"
Cryotherapy Centre,info@cryotherapycentre.co.uk,sauna,Birmingham,GB,https://cryotherapycentre.co.uk/,5,51,pattern_guessed_mx_verified,quick note for Cryotherapy Centre,"Hi there,

I came across Cryotherapy Centre while researching top rated sauna studios in Birmingham and noticed you're holding a 5 rating across 51 reviews. Members who show up that consistently tend to want gear that says they are serious about the ritual, not just visiting once.

We're Merch Maverick, a factory direct supplier for branded sauna gear including hats, towels, and robes for studios like yours. No middlemen, no inflated agency pricing, just your logo on the exact ritual gear your members already associate with the experience.

I can get your first recovery beanie sample out at cost, no minimum order, no commitment beyond that.

Want me to go ahead and put that together?

Faiaz

Merch Maverick

themerchmaverick.com"
PLX Reformer Haidhausen,info@plx-studios.com,pilates,Munich,DE,https://www.plx-studios.com/,5,50,pattern_guessed_mx_verified,thought of PLX Reformer Haidhausen for something,"Hi there,

I came across PLX Reformer Haidhausen while researching top rated reformer pilates studios in Munich and noticed you're holding a 5 rating across 50 reviews. That kind of rating usually means your members already see the studio as part of their identity, which is exactly when branded gear starts to sell itself.

We're Merch Maverick, a factory direct supplier of branded totes, mat bags, and studio apparel for pilates studios. We work without agency markups, so the pricing usually beats what local printers quote for the same quality.

I can get your first grip socks sample out at cost, no minimum order, no commitment beyond that.

Should I send that your way?

Faiaz

Merch Maverick

themerchmaverick.com"
Club Pilates Paris Rue de la Pompe,info@clubpilates.fr,pilates,Paris,FR,https://www.clubpilates.fr/location/rue-de-la-pompe,5,50,pattern_guessed_mx_verified,"quick idea, Club Pilates Paris Rue de la Pompe","Hi there,

I came across Club Pilates Paris Rue de la Pompe while researching top rated reformer pilates studios in Paris and noticed you're holding a 5 rating across 50 reviews. That's the kind of loyalty that usually means members are proud to be part of the studio, not just attending classes.

We're Merch Maverick, a factory direct supplier of branded totes, mat bags, and studio apparel for pilates studios. We work without agency markups, so the pricing usually beats what local printers quote for the same quality.

I can put together a free digital mockup of a Club Pilates Paris Rue de la Pompe branded studio tote within 48 hours, no cost and no obligation either way.

Would it be okay if I sent that over?

Faiaz

Merch Maverick

themerchmaverick.com"
Loop Studios,info@looppilates.com,pilates,Birmingham,GB,https://www.looppilates.com/,5,49,pattern_guessed_mx_verified,small idea for Loop Studios,"Hi there,

I came across Loop Studios while researching top rated reformer pilates studios in Birmingham and noticed you're holding a 5 rating across 49 reviews. That kind of rating usually means your members already see the studio as part of their identity, which is exactly when branded gear starts to sell itself.

We're Merch Maverick, a factory direct supplier of branded totes, mat bags, and studio apparel for pilates studios. We work without agency markups, so the pricing usually beats what local printers quote for the same quality.

I can mail over a free fabric swatch pack for the mat bag line so you can feel the quality before deciding anything.

Would that be useful to you?

Faiaz

Merch Maverick

themerchmaverick.com"
R13 Recovery Club,info@r13recovery.co.uk,cold_plunge,Manchester,GB,https://www.r13recovery.co.uk/,5,49,pattern_guessed_mx_verified,curious if this is useful for R13 Recovery Club,"Hi there,

I came across R13 Recovery Club while researching top rated cold plunge and sauna spaces in Manchester and noticed you're holding a 5 rating across 49 reviews. Numbers like that usually mean people leave talking about the experience, which is exactly the kind of thing branded gear tends to amplify.

We're Merch Maverick, a factory direct supplier of branded robes, towels, and recovery hoodies for studios like yours, no agency markups, just your logo on gear members already want.

I can put together a free digital mockup of a R13 Recovery Club branded branded robe within 48 hours, no cost and no obligation either way.

Want me to go ahead and put that together?

Faiaz

Merch Maverick

themerchmaverick.com"
Cøntrast,info@contrastatx.com,sauna,Austin,US,http://contrastatx.com/,5,48,pattern_guessed_mx_verified,free something for Cøntrast,"Hi there,

I came across Cøntrast while researching top rated sauna studios in Austin and noticed you're holding a 5 rating across 48 reviews. That kind of consistency usually means people leave your space wanting to take a piece of the experience home with them.

We're Merch Maverick, a factory direct supplier for branded sauna gear including hats, towels, and robes for studios like yours. No middlemen, no inflated agency pricing, just your logo on the exact ritual gear your members already associate with the experience.

I can put together a free digital mockup of a Cøntrast branded wool felt sauna hat within 48 hours, no cost and no obligation either way.

Should I send that your way?

Faiaz

Merch Maverick

themerchmaverick.com"
De Pilates Box,info@depilatesbox.nl,pilates,Amsterdam,NL,https://www.depilatesbox.nl/,5,46,pattern_guessed_mx_verified,quick thought after finding De Pilates Box,"Hi there,

I came across De Pilates Box while researching top rated reformer pilates studios in Amsterdam and noticed you're holding a 5 rating across 46 reviews. That's the kind of loyalty that usually means members are proud to be part of the studio, not just attending classes.

We're Merch Maverick, a factory direct supplier of branded totes, mat bags, and studio apparel for pilates studios. We work without agency markups, so the pricing usually beats what local printers quote for the same quality.

I can hop on a quick free call about which fabric and colorway would actually hold up best for a branded headband in your space, no strings attached.

Would it be okay if I sent that over?

Faiaz

Merch Maverick

themerchmaverick.com"
The Retreat,info@retreatgermany.com,cold_plunge,Berlin,DE,https://retreatgermany.com/de/,5,45,pattern_guessed_mx_verified,a small idea for The Retreat's team,"Hi there,

I came across The Retreat while researching top rated cold plunge and sauna spaces in Berlin and noticed you're holding a 5 rating across 45 reviews. That kind of following usually means people already treat this as part of their routine, which is exactly when branded gear starts to matter.

We're Merch Maverick, a factory direct supplier of branded robes, towels, and recovery hoodies for studios like yours, no agency markups, just your logo on gear members already want.

I can mail over a free fabric swatch pack for the recovery hoodie line so you can feel the quality before deciding anything.

Would that be useful to you?

Faiaz

Merch Maverick

themerchmaverick.com"
ULU Recovery & Wellness,info@uluwellness.com,sauna,Austin,US,https://uluwellness.com/,5,44,pattern_guessed_mx_verified,quick question about ULU Recovery & Wellness's retail shelf,"Hi there,

I came across ULU Recovery & Wellness while researching top rated sauna studios in Austin and noticed you're holding a 5 rating across 44 reviews. Members who show up that consistently tend to want gear that says they are serious about the ritual, not just visiting once.

We're Merch Maverick, a factory direct supplier for branded sauna gear including hats, towels, and robes for studios like yours. No middlemen, no inflated agency pricing, just your logo on the exact ritual gear your members already associate with the experience.

I can mail over a free fabric swatch pack for the branded plunge robe line so you can feel the quality before deciding anything.

Want me to go ahead and put that together?

Faiaz

Merch Maverick

themerchmaverick.com"
FLY Pilates Miami,info@flypilatesmiami.com,pilates,Miami,US,http://www.flypilatesmiami.com/,5,44,pattern_guessed_mx_verified,quick idea for FLY Pilates Miami's members,"Hi there,

I came across FLY Pilates Miami while researching top rated reformer pilates studios in Miami and noticed you're holding a 5 rating across 44 reviews. That kind of rating usually means your members already see the studio as part of their identity, which is exactly when branded gear starts to sell itself.

We're Merch Maverick, a factory direct supplier of branded totes, mat bags, and studio apparel for pilates studios. We work without agency markups, so the pricing usually beats what local printers quote for the same quality.

I can get your first grip socks sample out at cost, no minimum order, no commitment beyond that.

Should I send that your way?

Faiaz

Merch Maverick

themerchmaverick.com"
Vibe Reformer Pilates Studio,info@vibepilates.hu,pilates,Budapest,HU,https://www.vibepilates.hu/,5,43,pattern_guessed_mx_verified,quick note for Vibe Reformer Pilates Studio,"Hi there,

I came across Vibe Reformer Pilates Studio while researching top rated reformer pilates studios in Budapest and noticed you're holding a 5 rating across 43 reviews. That's the kind of loyalty that usually means members are proud to be part of the studio, not just attending classes.

We're Merch Maverick, a factory direct supplier of branded totes, mat bags, and studio apparel for pilates studios. We work without agency markups, so the pricing usually beats what local printers quote for the same quality.

I can put together a free digital mockup of a Vibe Reformer Pilates Studio branded studio tote within 48 hours, no cost and no obligation either way.

Would it be okay if I sent that over?

Faiaz

Merch Maverick

themerchmaverick.com"
Modern Body Next Level Wellness,info@mobowellness.com,sauna,Phoenix,US,https://mobowellness.com/,5,42,pattern_guessed_mx_verified,thought of Modern Body Next Level Wellness for something,"Hi there,

I came across Modern Body Next Level Wellness while researching top rated sauna studios in Phoenix and noticed you're holding a 5 rating across 42 reviews. That kind of consistency usually means people leave your space wanting to take a piece of the experience home with them.

We're Merch Maverick, a factory direct supplier for branded sauna gear including hats, towels, and robes for studios like yours. No middlemen, no inflated agency pricing, just your logo on the exact ritual gear your members already associate with the experience.

I can hop on a quick free call about which fabric and colorway would actually hold up best for a quick dry ritual towel in your space, no strings attached.

Would that be useful to you?

Faiaz

Merch Maverick

themerchmaverick.com"
The Pro2col,info@thepro2col.com,cold_plunge,Nashville,US,https://www.thepro2col.com/,5,41,pattern_guessed_mx_verified,"quick idea, The Pro2col","Hi there,

I came across The Pro2col while researching top rated cold plunge and sauna spaces in Nashville and noticed you're holding a 5 rating across 41 reviews. Numbers like that usually mean people leave talking about the experience, which is exactly the kind of thing branded gear tends to amplify.

We're Merch Maverick, a factory direct supplier of branded robes, towels, and recovery hoodies for studios like yours, no agency markups, just your logo on gear members already want.

I can hop on a quick free call about which fabric and colorway would actually hold up best for a quick dry towel in your space, no strings attached.

Want me to go ahead and put that together?

Faiaz

Merch Maverick

themerchmaverick.com"
Vitality Oasis Wellness Center,info@vitalityoasiswc.com,cold_plunge,Houston,US,https://vitalityoasiswc.com/,5,38,pattern_guessed_mx_verified,small idea for Vitality Oasis Wellness Center,"Hi there,

I came across Vitality Oasis Wellness Center while researching top rated cold plunge and sauna spaces in Houston and noticed you're holding a 5 rating across 38 reviews. That kind of following usually means people already treat this as part of their routine, which is exactly when branded gear starts to matter.

We're Merch Maverick, a factory direct supplier of branded robes, towels, and recovery hoodies for studios like yours, no agency markups, just your logo on gear members already want.

I can get your first recovery beanie sample out at cost, no minimum order, no commitment beyond that.

Should I send that your way?

Faiaz

Merch Maverick

themerchmaverick.com"
Hüsi Ice Bath Budapest,info@thermalbeerspa.com,sauna,Budapest,HU,http://thermalbeerspa.com/,5,37,pattern_guessed_mx_verified,curious if this is useful for Hüsi Ice Bath Budapest,"Hi there,

I came across Hüsi Ice Bath Budapest while researching top rated sauna studios in Budapest and noticed you're holding a 5 rating across 37 reviews. Members who show up that consistently tend to want gear that says they are serious about the ritual, not just visiting once.

We're Merch Maverick, a factory direct supplier for branded sauna gear including hats, towels, and robes for studios like yours. No middlemen, no inflated agency pricing, just your logo on the exact ritual gear your members already associate with the experience.

I can get your first recovery beanie sample out at cost, no minimum order, no commitment beyond that.

Would it be okay if I sent that over?

Faiaz

Merch Maverick

themerchmaverick.com"
Pilates Studio Of Dallas,info@pilatesstudioofdallas.com,pilates,Dallas,US,https://pilatesstudioofdallas.com/,5,37,pattern_guessed_mx_verified,free something for Pilates Studio Of Dallas,"Hi there,

I came across Pilates Studio Of Dallas while researching top rated reformer pilates studios in Dallas and noticed you're holding a 5 rating across 37 reviews. That kind of rating usually means your members already see the studio as part of their identity, which is exactly when branded gear starts to sell itself.

We're Merch Maverick, a factory direct supplier of branded totes, mat bags, and studio apparel for pilates studios. We work without agency markups, so the pricing usually beats what local printers quote for the same quality.

I can mail over a free fabric swatch pack for the mat bag line so you can feel the quality before deciding anything.

Would that be useful to you?

Faiaz

Merch Maverick

themerchmaverick.com"
The Conscious Breath,info@theconsciousbreath.co.uk,sauna,Bristol,GB,https://www.theconsciousbreath.co.uk/?utm_source=google&utm_medium=wix_google_business_profile&utm_campaign=15873185244022719904,5,36,pattern_guessed_mx_verified,quick thought after finding The Conscious Breath,"Hi there,

I came across The Conscious Breath while researching top rated sauna studios in Bristol and noticed you're holding a 5 rating across 36 reviews. That kind of consistency usually means people leave your space wanting to take a piece of the experience home with them.

We're Merch Maverick, a factory direct supplier for branded sauna gear including hats, towels, and robes for studios like yours. No middlemen, no inflated agency pricing, just your logo on the exact ritual gear your members already associate with the experience.

I can put together a free digital mockup of a The Conscious Breath branded wool felt sauna hat within 48 hours, no cost and no obligation either way.

Want me to go ahead and put that together?

Faiaz

Merch Maverick

themerchmaverick.com"
Synergy Studio Pilates & Massage,info@mysynergystudio.com,pilates,Washington,US,https://mysynergystudio.com/,5,36,pattern_guessed_mx_verified,a small idea for Synergy Studio Pilates & Massage's team,"Hi there,

I came across Synergy Studio Pilates & Massage while researching top rated reformer pilates studios in Washington and noticed you're holding a 5 rating across 36 reviews. That's the kind of loyalty that usually means members are proud to be part of the studio, not just attending classes.

We're Merch Maverick, a factory direct supplier of branded totes, mat bags, and studio apparel for pilates studios. We work without agency markups, so the pricing usually beats what local printers quote for the same quality.

I can hop on a quick free call about which fabric and colorway would actually hold up best for a branded headband in your space, no strings attached.

Should I send that your way?

Faiaz

Merch Maverick

themerchmaverick.com"
Lift Lake - a boutique strength studio,info@liftlake.com,cold_plunge,Amsterdam,NL,https://www.liftlake.com/,5,33,pattern_guessed_mx_verified,quick question about Lift Lake - a boutique strength studio's retail shelf,"Hi there,

I came across Lift Lake - a boutique strength studio while researching top rated cold plunge and sauna spaces in Amsterdam and noticed you're holding a 5 rating across 33 reviews. Numbers like that usually mean people leave talking about the experience, which is exactly the kind of thing branded gear tends to amplify.

We're Merch Maverick, a factory direct supplier of branded robes, towels, and recovery hoodies for studios like yours, no agency markups, just your logo on gear members already want.

I can put together a free digital mockup of a Lift Lake - a boutique strength studio branded branded robe within 48 hours, no cost and no obligation either way.

Would it be okay if I sent that over?

Faiaz

Merch Maverick

themerchmaverick.com"
Art In Movement Pilates Studio,info@artinmovement.club,pilates,Miami,US,http://artinmovement.club/,5,31,pattern_guessed_mx_verified,quick idea for Art In Movement Pilates Studio's members,"Hi there,

I came across Art In Movement Pilates Studio while researching top rated reformer pilates studios in Miami and noticed you're holding a 5 rating across 31 reviews. That kind of rating usually means your members already see the studio as part of their identity, which is exactly when branded gear starts to sell itself.

We're Merch Maverick, a factory direct supplier of branded totes, mat bags, and studio apparel for pilates studios. We work without agency markups, so the pricing usually beats what local printers quote for the same quality.

I can get your first grip socks sample out at cost, no minimum order, no commitment beyond that.

Would that be useful to you?

Faiaz

Merch Maverick

themerchmaverick.com"
Bodylicious Cryo Spa,info@bodylicious.life,cold_plunge,Austin,US,https://www.bodylicious.life/,5,31,pattern_guessed_mx_verified,quick note for Bodylicious Cryo Spa,"Hi there,

I came across Bodylicious Cryo Spa while researching top rated cold plunge and sauna spaces in Austin and noticed you're holding a 5 rating across 31 reviews. That kind of following usually means people already treat this as part of their routine, which is exactly when branded gear starts to matter.

We're Merch Maverick, a factory direct supplier of branded robes, towels, and recovery hoodies for studios like yours, no agency markups, just your logo on gear members already want.

I can mail over a free fabric swatch pack for the recovery hoodie line so you can feel the quality before deciding anything.

Want me to go ahead and put that together?

Faiaz

Merch Maverick

themerchmaverick.com"
Empower Wellness Studio,info@empowermyfitness.co.uk,pilates,Birmingham,GB,https://www.empowermyfitness.co.uk/,5,30,pattern_guessed_mx_verified,thought of Empower Wellness Studio for something,"Hi there,

I came across Empower Wellness Studio while researching top rated reformer pilates studios in Birmingham and noticed you're holding a 5 rating across 30 reviews. That's the kind of loyalty that usually means members are proud to be part of the studio, not just attending classes.

We're Merch Maverick, a factory direct supplier of branded totes, mat bags, and studio apparel for pilates studios. We work without agency markups, so the pricing usually beats what local printers quote for the same quality.

I can put together a free digital mockup of a Empower Wellness Studio branded studio tote within 48 hours, no cost and no obligation either way.

Should I send that your way?

Faiaz

Merch Maverick

themerchmaverick.com"
Helemaal Zen Kriebelmassages,info@helemaalzen.nu,cold_plunge,Rotterdam,NL,http://www.helemaalzen.nu/,5,30,pattern_guessed_mx_verified,"quick idea, Helemaal Zen Kriebelmassages","Hi there,

I came across Helemaal Zen Kriebelmassages while researching top rated cold plunge and sauna spaces in Rotterdam and noticed you're holding a 5 rating across 30 reviews. Numbers like that usually mean people leave talking about the experience, which is exactly the kind of thing branded gear tends to amplify.

We're Merch Maverick, a factory direct supplier of branded robes, towels, and recovery hoodies for studios like yours, no agency markups, just your logo on gear members already want.

I can hop on a quick free call about which fabric and colorway would actually hold up best for a quick dry towel in your space, no strings attached.

Would it be okay if I sent that over?

Faiaz

Merch Maverick

themerchmaverick.com"
BodyRX Wellness Studio,info@bodyrxwellness.com,cold_plunge,Birmingham,GB,https://www.bodyrxwellness.com/,5,29,pattern_guessed_mx_verified,small idea for BodyRX Wellness Studio,"Hi there,

I came across BodyRX Wellness Studio while researching top rated cold plunge and sauna spaces in Birmingham and noticed you're holding a 5 rating across 29 reviews. That kind of following usually means people already treat this as part of their routine, which is exactly when branded gear starts to matter.

We're Merch Maverick, a factory direct supplier of branded robes, towels, and recovery hoodies for studios like yours, no agency markups, just your logo on gear members already want.

I can get your first recovery beanie sample out at cost, no minimum order, no commitment beyond that.

Would that be useful to you?

Faiaz

Merch Maverick

themerchmaverick.com"
The Pilates Cave,info@thepilatescave.com,pilates,Los Angeles,US,https://www.thepilatescave.com/,5,28,pattern_guessed_mx_verified,curious if this is useful for The Pilates Cave,"Hi there,

I came across The Pilates Cave while researching top rated reformer pilates studios in Los Angeles and noticed you're holding a 5 rating across 28 reviews. That kind of rating usually means your members already see the studio as part of their identity, which is exactly when branded gear starts to sell itself.

We're Merch Maverick, a factory direct supplier of branded totes, mat bags, and studio apparel for pilates studios. We work without agency markups, so the pricing usually beats what local printers quote for the same quality.

I can mail over a free fabric swatch pack for the mat bag line so you can feel the quality before deciding anything.

Want me to go ahead and put that together?

Faiaz

Merch Maverick

themerchmaverick.com"
MOVE Pilates - Gran Via,info@movepilates.es,pilates,Barcelona,ES,https://movepilates.es/,5,28,pattern_guessed_mx_verified,free something for MOVE Pilates - Gran Via,"Hi there,

I came across MOVE Pilates - Gran Via while researching top rated reformer pilates studios in Barcelona and noticed you're holding a 5 rating across 28 reviews. That's the kind of loyalty that usually means members are proud to be part of the studio, not just attending classes.

We're Merch Maverick, a factory direct supplier of branded totes, mat bags, and studio apparel for pilates studios. We work without agency markups, so the pricing usually beats what local printers quote for the same quality.

I can hop on a quick free call about which fabric and colorway would actually hold up best for a branded headband in your space, no strings attached.

Should I send that your way?

Faiaz

Merch Maverick

themerchmaverick.com"
Maou Pilates Studio - Tabán,info@maoustudio.hu,pilates,Budapest,HU,https://www.maoustudio.hu/,5,28,pattern_guessed_mx_verified,quick thought after finding Maou Pilates Studio - Tabán,"Hi there,

I came across Maou Pilates Studio - Tabán while researching top rated reformer pilates studios in Budapest and noticed you're holding a 5 rating across 28 reviews. That kind of rating usually means your members already see the studio as part of their identity, which is exactly when branded gear starts to sell itself.

We're Merch Maverick, a factory direct supplier of branded totes, mat bags, and studio apparel for pilates studios. We work without agency markups, so the pricing usually beats what local printers quote for the same quality.

I can get your first grip socks sample out at cost, no minimum order, no commitment beyond that.

Would it be okay if I sent that over?

Faiaz

Merch Maverick

themerchmaverick.com"
Miami Ice Club - Brickell,info@miamiiceclub.com,cold_plunge,Miami,US,http://www.miamiiceclub.com/,5,28,pattern_guessed_mx_verified,a small idea for Miami Ice Club - Brickell's team,"Hi there,

I came across Miami Ice Club - Brickell while researching top rated cold plunge and sauna spaces in Miami and noticed you're holding a 5 rating across 28 reviews. Numbers like that usually mean people leave talking about the experience, which is exactly the kind of thing branded gear tends to amplify.

We're Merch Maverick, a factory direct supplier of branded robes, towels, and recovery hoodies for studios like yours, no agency markups, just your logo on gear members already want.

I can put together a free digital mockup of a Miami Ice Club - Brickell branded branded robe within 48 hours, no cost and no obligation either way.

Would that be useful to you?

Faiaz

Merch Maverick

themerchmaverick.com"
PRIVATE PILATES,info@privatepilates.de,pilates,Frankfurt,DE,https://www.privatepilates.de/,5,26,pattern_guessed_mx_verified,quick question about PRIVATE PILATES's retail shelf,"Hi there,

I came across PRIVATE PILATES while researching top rated reformer pilates studios in Frankfurt and noticed you're holding a 5 rating across 26 reviews. That's the kind of loyalty that usually means members are proud to be part of the studio, not just attending classes.

We're Merch Maverick, a factory direct supplier of branded totes, mat bags, and studio apparel for pilates studios. We work without agency markups, so the pricing usually beats what local printers quote for the same quality.

I can put together a free digital mockup of a PRIVATE PILATES branded studio tote within 48 hours, no cost and no obligation either way.

Want me to go ahead and put that together?

Faiaz

Merch Maverick

themerchmaverick.com"
Cryotherapy Miami,info@cryotherapymiami.com,cold_plunge,Miami,US,http://www.cryotherapymiami.com/,5,26,pattern_guessed_mx_verified,quick idea for Cryotherapy Miami's members,"Hi there,

I came across Cryotherapy Miami while researching top rated cold plunge and sauna spaces in Miami and noticed you're holding a 5 rating across 26 reviews. That kind of following usually means people already treat this as part of their routine, which is exactly when branded gear starts to matter.

We're Merch Maverick, a factory direct supplier of branded robes, towels, and recovery hoodies for studios like yours, no agency markups, just your logo on gear members already want.

I can mail over a free fabric swatch pack for the recovery hoodie line so you can feel the quality before deciding anything.

Should I send that your way?

Faiaz

Merch Maverick

themerchmaverick.com"
Vitality Pilates,info@vitalitypilates.com,pilates,Washington,US,http://www.vitalitypilates.com/,5,25,pattern_guessed_mx_verified,quick note for Vitality Pilates,"Hi there,

I came across Vitality Pilates while researching top rated reformer pilates studios in Washington and noticed you're holding a 5 rating across 25 reviews. That kind of rating usually means your members already see the studio as part of their identity, which is exactly when branded gear starts to sell itself.

We're Merch Maverick, a factory direct supplier of branded totes, mat bags, and studio apparel for pilates studios. We work without agency markups, so the pricing usually beats what local printers quote for the same quality.

I can mail over a free fabric swatch pack for the mat bag line so you can feel the quality before deciding anything.

Would it be okay if I sent that over?

Faiaz

Merch Maverick

themerchmaverick.com"
Talise Spa at Jumeirah Frankfurt,info@jumeirah.com,sauna,Frankfurt,DE,https://www.jumeirah.com/en/rejuvenate/frankfurt/jumeirah-frankfurt/talise-spa?utm_source=google&utm_medium=google%20places&utm_campaign=spa,5,24,pattern_guessed_mx_verified,thought of Talise Spa at Jumeirah Frankfurt for something,"Hi there,

I came across Talise Spa at Jumeirah Frankfurt while researching top rated sauna studios in Frankfurt and noticed you're holding a 5 rating across 24 reviews. Members who show up that consistently tend to want gear that says they are serious about the ritual, not just visiting once.

We're Merch Maverick, a factory direct supplier for branded sauna gear including hats, towels, and robes for studios like yours. No middlemen, no inflated agency pricing, just your logo on the exact ritual gear your members already associate with the experience.

I can mail over a free fabric swatch pack for the branded plunge robe line so you can feel the quality before deciding anything.

Would that be useful to you?

Faiaz

Merch Maverick

themerchmaverick.com"
Pilates With Han,info@gymcatch.com,pilates,Bristol,GB,https://gymcatch.com/app/provider/9798,5,24,pattern_guessed_mx_verified,"quick idea, Pilates With Han","Hi there,

I came across Pilates With Han while researching top rated reformer pilates studios in Bristol and noticed you're holding a 5 rating across 24 reviews. That's the kind of loyalty that usually means members are proud to be part of the studio, not just attending classes.

We're Merch Maverick, a factory direct supplier of branded totes, mat bags, and studio apparel for pilates studios. We work without agency markups, so the pricing usually beats what local printers quote for the same quality.

I can hop on a quick free call about which fabric and colorway would actually hold up best for a branded headband in your space, no strings attached.

Want me to go ahead and put that together?

Faiaz

Merch Maverick

themerchmaverick.com"
Ulisgold Pilates,info@ulisgold.com,pilates,Phoenix,US,http://www.ulisgold.com/,5,23,pattern_guessed_mx_verified,small idea for Ulisgold Pilates,"Hi there,

I came across Ulisgold Pilates while researching top rated reformer pilates studios in Phoenix and noticed you're holding a 5 rating across 23 reviews. That kind of rating usually means your members already see the studio as part of their identity, which is exactly when branded gear starts to sell itself.

We're Merch Maverick, a factory direct supplier of branded totes, mat bags, and studio apparel for pilates studios. We work without agency markups, so the pricing usually beats what local printers quote for the same quality.

I can get your first grip socks sample out at cost, no minimum order, no commitment beyond that.

Should I send that your way?

Faiaz

Merch Maverick

themerchmaverick.com"
"The Pilates Kitchen, Reformer Pilates Studio and Health Cafe",info@momence.com,pilates,Manchester,GB,https://momence.com/u/the-pilates-kitchen-mFJmJu,5,23,pattern_guessed_mx_verified,"curious if this is useful for The Pilates Kitchen, Reformer Pilates Studio and Health Cafe","Hi there,

I came across The Pilates Kitchen, Reformer Pilates Studio and Health Cafe while researching top rated reformer pilates studios in Manchester and noticed you're holding a 5 rating across 23 reviews. That's the kind of loyalty that usually means members are proud to be part of the studio, not just attending classes.

We're Merch Maverick, a factory direct supplier of branded totes, mat bags, and studio apparel for pilates studios. We work without agency markups, so the pricing usually beats what local printers quote for the same quality.

I can put together a free digital mockup of a The Pilates Kitchen, Reformer Pilates Studio and Health Cafe branded studio tote within 48 hours, no cost and no obligation either way.

Would it be okay if I sent that over?

Faiaz

Merch Maverick

themerchmaverick.com"
Degree Wellness,info@degreewellness.com,sauna,Las Vegas,US,https://degreewellness.com/locations/centennial-hills-nv/?utm_source=google&utm_medium=gbp&utm_campaign=centennial-hills-nv_gbp,5,22,pattern_guessed_mx_verified,free something for Degree Wellness,"Hi there,

I came across Degree Wellness while researching top rated sauna studios in Las Vegas and noticed you're holding a 5 rating across 22 reviews. That kind of consistency usually means people leave your space wanting to take a piece of the experience home with them.

We're Merch Maverick, a factory direct supplier for branded sauna gear including hats, towels, and robes for studios like yours. No middlemen, no inflated agency pricing, just your logo on the exact ritual gear your members already associate with the experience.

I can hop on a quick free call about which fabric and colorway would actually hold up best for a quick dry ritual towel in your space, no strings attached.

Would that be useful to you?

Faiaz

Merch Maverick

themerchmaverick.com"
Ember - Hot Pilates Studio,info@ember-studio.fr,pilates,Paris,FR,https://www.ember-studio.fr/,5,22,pattern_guessed_mx_verified,quick thought after finding Ember - Hot Pilates Studio,"Hi there,

I came across Ember - Hot Pilates Studio while researching top rated reformer pilates studios in Paris and noticed you're holding a 5 rating across 22 reviews. That kind of rating usually means your members already see the studio as part of their identity, which is exactly when branded gear starts to sell itself.

We're Merch Maverick, a factory direct supplier of branded totes, mat bags, and studio apparel for pilates studios. We work without agency markups, so the pricing usually beats what local printers quote for the same quality.

I can mail over a free fabric swatch pack for the mat bag line so you can feel the quality before deciding anything.

Want me to go ahead and put that together?

Faiaz

Merch Maverick

themerchmaverick.com"
Moonfire Sauna House,info@moonfiresaunahouse.com,sauna,Washington,US,https://moonfiresaunahouse.com/,5,21,pattern_guessed_mx_verified,a small idea for Moonfire Sauna House's team,"Hi there,

I came across Moonfire Sauna House while researching top rated sauna studios in Washington and noticed you're holding a 5 rating across 21 reviews. Members who show up that consistently tend to want gear that says they are serious about the ritual, not just visiting once.

We're Merch Maverick, a factory direct supplier for branded sauna gear including hats, towels, and robes for studios like yours. No middlemen, no inflated agency pricing, just your logo on the exact ritual gear your members already associate with the experience.

I can get your first recovery beanie sample out at cost, no minimum order, no commitment beyond that.

Should I send that your way?

Faiaz

Merch Maverick

themerchmaverick.com"
"Ocean Club Spa & Fitness / Matild Palace, a Luxury Collection Hotel, Budapest",info@oceanspafitness.com,sauna,Budapest,HU,https://www.oceanspafitness.com/,5,21,pattern_guessed_mx_verified,"quick question about Ocean Club Spa & Fitness / Matild Palace, a Luxury Collection Hotel, Budapest's retail shelf","Hi there,

I came across Ocean Club Spa & Fitness / Matild Palace, a Luxury Collection Hotel, Budapest while researching top rated sauna studios in Budapest and noticed you're holding a 5 rating across 21 reviews. That kind of consistency usually means people leave your space wanting to take a piece of the experience home with them.

We're Merch Maverick, a factory direct supplier for branded sauna gear including hats, towels, and robes for studios like yours. No middlemen, no inflated agency pricing, just your logo on the exact ritual gear your members already associate with the experience.

I can put together a free digital mockup of a Ocean Club Spa & Fitness / Matild Palace, a Luxury Collection Hotel, Budapest branded wool felt sauna hat within 48 hours, no cost and no obligation either way.

Would it be okay if I sent that over?

Faiaz

Merch Maverick

themerchmaverick.com"
Beyond Pilates LA/Vienna,info@beyond-pilates.at,pilates,Vienna,AT,https://www.beyond-pilates.at/,5,21,pattern_guessed_mx_verified,quick idea for Beyond Pilates LA/Vienna's members,"Hi there,

I came across Beyond Pilates LA/Vienna while researching top rated reformer pilates studios in Vienna and noticed you're holding a 5 rating across 21 reviews. That's the kind of loyalty that usually means members are proud to be part of the studio, not just attending classes.

We're Merch Maverick, a factory direct supplier of branded totes, mat bags, and studio apparel for pilates studios. We work without agency markups, so the pricing usually beats what local printers quote for the same quality.

I can hop on a quick free call about which fabric and colorway would actually hold up best for a branded headband in your space, no strings attached.

Would that be useful to you?

Faiaz

Merch Maverick

themerchmaverick.com"
The Fuel Stop Miami,info@thefuelstop.com,cold_plunge,Miami,US,http://www.thefuelstop.com/,5,21,pattern_guessed_mx_verified,quick note for The Fuel Stop Miami,"Hi there,

I came across The Fuel Stop Miami while researching top rated cold plunge and sauna spaces in Miami and noticed you're holding a 5 rating across 21 reviews. Numbers like that usually mean people leave talking about the experience, which is exactly the kind of thing branded gear tends to amplify.

We're Merch Maverick, a factory direct supplier of branded robes, towels, and recovery hoodies for studios like yours, no agency markups, just your logo on gear members already want.

I can hop on a quick free call about which fabric and colorway would actually hold up best for a quick dry towel in your space, no strings attached.

Want me to go ahead and put that together?

Faiaz

Merch Maverick

themerchmaverick.com"
Pilates Addiction West Hollywood,info@pilatesaddiction.com,pilates,Los Angeles,US,https://pilatesaddiction.com/studio/west-hollywood,5,20,pattern_guessed_mx_verified,thought of Pilates Addiction West Hollywood for something,"Hi there,

I came across Pilates Addiction West Hollywood while researching top rated reformer pilates studios in Los Angeles and noticed you're holding a 5 rating across 20 reviews. That kind of rating usually means your members already see the studio as part of their identity, which is exactly when branded gear starts to sell itself.

We're Merch Maverick, a factory direct supplier of branded totes, mat bags, and studio apparel for pilates studios. We work without agency markups, so the pricing usually beats what local printers quote for the same quality.

I can get your first grip socks sample out at cost, no minimum order, no commitment beyond that.

Should I send that your way?

Faiaz

Merch Maverick

themerchmaverick.com"
Happy Body Pilates,info@happybody-pilates.com,pilates,Denver,US,https://happybody-pilates.com/,5,20,pattern_guessed_mx_verified,"quick idea, Happy Body Pilates","Hi there,

I came across Happy Body Pilates while researching top rated reformer pilates studios in Denver and noticed you're holding a 5 rating across 20 reviews. That's the kind of loyalty that usually means members are proud to be part of the studio, not just attending classes.

We're Merch Maverick, a factory direct supplier of branded totes, mat bags, and studio apparel for pilates studios. We work without agency markups, so the pricing usually beats what local printers quote for the same quality.

I can put together a free digital mockup of a Happy Body Pilates branded studio tote within 48 hours, no cost and no obligation either way.

Would it be okay if I sent that over?

Faiaz

Merch Maverick

themerchmaverick.com"
Splits Run Crew,info@splitsrun.com,run_club,New York,US,https://www.splitsrun.com/,5,20,pattern_guessed_mx_verified,small idea for Splits Run Crew,"Hi there,

I came across Splits Run Crew while researching top rated run clubs in New York and noticed you're holding a 5 rating across 20 reviews. That kind of following usually means your crew is already repping your name everywhere they go.

We're Merch Maverick, a factory direct supplier of branded team tees, caps, and run club apparel. No agency markups, just gear your crew will actually wear outside of race day.

I can put together a free digital mockup of a Splits Run Crew branded team tee within 48 hours, no cost and no obligation either way.

Would that be useful to you?

Faiaz

Merch Maverick

themerchmaverick.com"
Temple - Pilates Studio Barcelona,info@mytemple.es,pilates,Barcelona,ES,https://mytemple.es/,5,19,pattern_guessed_mx_verified,curious if this is useful for Temple - Pilates Studio Barcelona,"Hi there,

I came across Temple - Pilates Studio Barcelona while researching top rated reformer pilates studios in Barcelona and noticed you're holding a 5 rating across 19 reviews. That kind of rating usually means your members already see the studio as part of their identity, which is exactly when branded gear starts to sell itself.

We're Merch Maverick, a factory direct supplier of branded totes, mat bags, and studio apparel for pilates studios. We work without agency markups, so the pricing usually beats what local printers quote for the same quality.

I can mail over a free fabric swatch pack for the mat bag line so you can feel the quality before deciding anything.

Want me to go ahead and put that together?

Faiaz

Merch Maverick

themerchmaverick.com"
Health Club At The Manchester Deansgate Hotel,info@ihg.com,sauna,Manchester,GB,https://www.ihg.com/spnd/hotels/gb/en/manchester/mandg/hoteldetail/amenities/health-club,5,17,pattern_guessed_mx_verified,free something for Health Club At The Manchester Deansgate Hotel,"Hi there,

I came across Health Club At The Manchester Deansgate Hotel while researching top rated sauna studios in Manchester and noticed you're holding a 5 rating across 17 reviews. Members who show up that consistently tend to want gear that says they are serious about the ritual, not just visiting once.

We're Merch Maverick, a factory direct supplier for branded sauna gear including hats, towels, and robes for studios like yours. No middlemen, no inflated agency pricing, just your logo on the exact ritual gear your members already associate with the experience.

I can mail over a free fabric swatch pack for the branded plunge robe line so you can feel the quality before deciding anything.

Should I send that your way?

Faiaz

Merch Maverick

themerchmaverick.com"
Bodyvera Pilates,info@bodyverapilates.com,pilates,Washington,US,https://bodyverapilates.com/,5,17,pattern_guessed_mx_verified,quick thought after finding Bodyvera Pilates,"Hi there,

I came across Bodyvera Pilates while researching top rated reformer pilates studios in Washington and noticed you're holding a 5 rating across 17 reviews. That's the kind of loyalty that usually means members are proud to be part of the studio, not just attending classes.

We're Merch Maverick, a factory direct supplier of branded totes, mat bags, and studio apparel for pilates studios. We work without agency markups, so the pricing usually beats what local printers quote for the same quality.

I can hop on a quick free call about which fabric and colorway would actually hold up best for a branded headband in your space, no strings attached.

Would it be okay if I sent that over?

Faiaz

Merch Maverick

themerchmaverick.com"
In Movement Pilates,info@inmovementpilates.com,pilates,Los Angeles,US,https://inmovementpilates.com/,5,17,pattern_guessed_mx_verified,a small idea for In Movement Pilates's team,"Hi there,

I came across In Movement Pilates while researching top rated reformer pilates studios in Los Angeles and noticed you're holding a 5 rating across 17 reviews. That kind of rating usually means your members already see the studio as part of their identity, which is exactly when branded gear starts to sell itself.

We're Merch Maverick, a factory direct supplier of branded totes, mat bags, and studio apparel for pilates studios. We work without agency markups, so the pricing usually beats what local printers quote for the same quality.

I can get your first grip socks sample out at cost, no minimum order, no commitment beyond that.

Would that be useful to you?

Faiaz

Merch Maverick

themerchmaverick.com"
Denver Pilates Girl Pilates Studio - Denver CO,info@denverpilatesgirl.com,pilates,Denver,US,https://denverpilatesgirl.com/,5,17,pattern_guessed_mx_verified,quick question about Denver Pilates Girl Pilates Studio - Denver CO's retail shelf,"Hi there,

I came across Denver Pilates Girl Pilates Studio - Denver CO while researching top rated reformer pilates studios in Denver and noticed you're holding a 5 rating across 17 reviews. That's the kind of loyalty that usually means members are proud to be part of the studio, not just attending classes.

We're Merch Maverick, a factory direct supplier of branded totes, mat bags, and studio apparel for pilates studios. We work without agency markups, so the pricing usually beats what local printers quote for the same quality.

I can put together a free digital mockup of a Denver Pilates Girl Pilates Studio - Denver CO branded studio tote within 48 hours, no cost and no obligation either way.

Want me to go ahead and put that together?

Faiaz

Merch Maverick

themerchmaverick.com"
Upper West Side Run Club,info@linktr.ee,run_club,New York,US,https://linktr.ee/upperwestsiderunclub,5,17,pattern_guessed_mx_verified,quick idea for Upper West Side Run Club's members,"Hi there,

I came across Upper West Side Run Club while researching top rated run clubs in New York and noticed you're holding a 5 rating across 17 reviews. Numbers like that usually mean your club already feels like a third place for people, not just a Tuesday run.

We're Merch Maverick, a factory direct supplier of branded team tees, caps, and run club apparel. No agency markups, just gear your crew will actually wear outside of race day.

I can mail over a free fabric swatch pack for the run club cap line so you can feel the quality before deciding anything.

Should I send that your way?

Faiaz

Merch Maverick

themerchmaverick.com"
"Sui Spa: Therapeutic Massage, Sauna & Cold Plunge",info@suiyoga.com,cold_plunge,New York,US,http://www.suiyoga.com/,5,17,pattern_guessed_mx_verified,"quick note for Sui Spa: Therapeutic Massage, Sauna & Cold Plunge","Hi there,

I came across Sui Spa: Therapeutic Massage, Sauna & Cold Plunge while researching top rated cold plunge and sauna spaces in New York and noticed you're holding a 5 rating across 17 reviews. That kind of following usually means people already treat this as part of their routine, which is exactly when branded gear starts to matter.

We're Merch Maverick, a factory direct supplier of branded robes, towels, and recovery hoodies for studios like yours, no agency markups, just your logo on gear members already want.

I can get your first recovery beanie sample out at cost, no minimum order, no commitment beyond that.

Would it be okay if I sent that over?

Faiaz

Merch Maverick

themerchmaverick.com"
F2 Reformer Pilates Stúdió,info@f2pilates.hu,pilates,Budapest,HU,http://www.f2pilates.hu/,5,16,pattern_guessed_mx_verified,thought of F2 Reformer Pilates Stúdió for something,"Hi there,

I came across F2 Reformer Pilates Stúdió while researching top rated reformer pilates studios in Budapest and noticed you're holding a 5 rating across 16 reviews. That kind of rating usually means your members already see the studio as part of their identity, which is exactly when branded gear starts to sell itself.

We're Merch Maverick, a factory direct supplier of branded totes, mat bags, and studio apparel for pilates studios. We work without agency markups, so the pricing usually beats what local printers quote for the same quality.

I can mail over a free fabric swatch pack for the mat bag line so you can feel the quality before deciding anything.

Would that be useful to you?

Faiaz

Merch Maverick

themerchmaverick.com"
Pilatesbar Vienna,info@pilatesbar.at,pilates,Vienna,AT,https://pilatesbar.at/,5,16,pattern_guessed_mx_verified,"quick idea, Pilatesbar Vienna","Hi there,

I came across Pilatesbar Vienna while researching top rated reformer pilates studios in Vienna and noticed you're holding a 5 rating across 16 reviews. That's the kind of loyalty that usually means members are proud to be part of the studio, not just attending classes.

We're Merch Maverick, a factory direct supplier of branded totes, mat bags, and studio apparel for pilates studios. We work without agency markups, so the pricing usually beats what local printers quote for the same quality.

I can hop on a quick free call about which fabric and colorway would actually hold up best for a branded headband in your space, no strings attached.

Want me to go ahead and put that together?

Faiaz

Merch Maverick

themerchmaverick.com"
BreathTribe Miami,info@breathtribemiami.com,cold_plunge,Miami,US,https://breathtribemiami.com/,5,16,pattern_guessed_mx_verified,small idea for BreathTribe Miami,"Hi there,

I came across BreathTribe Miami while researching top rated cold plunge and sauna spaces in Miami and noticed you're holding a 5 rating across 16 reviews. Numbers like that usually mean people leave talking about the experience, which is exactly the kind of thing branded gear tends to amplify.

We're Merch Maverick, a factory direct supplier of branded robes, towels, and recovery hoodies for studios like yours, no agency markups, just your logo on gear members already want.

I can put together a free digital mockup of a BreathTribe Miami branded branded robe within 48 hours, no cost and no obligation either way.

Should I send that your way?

Faiaz

Merch Maverick

themerchmaverick.com"
MOOV Health & Wellness,info@moov.health,cold_plunge,Dallas,US,https://moov.health/locations/dallas-farmers-branch/,5,15,pattern_guessed_mx_verified,curious if this is useful for MOOV Health & Wellness,"Hi there,

I came across MOOV Health & Wellness while researching top rated cold plunge and sauna spaces in Dallas and noticed you're holding a 5 rating across 15 reviews. That kind of following usually means people already treat this as part of their routine, which is exactly when branded gear starts to matter.

We're Merch Maverick, a factory direct supplier of branded robes, towels, and recovery hoodies for studios like yours, no agency markups, just your logo on gear members already want.

I can mail over a free fabric swatch pack for the recovery hoodie line so you can feel the quality before deciding anything.

Would it be okay if I sent that over?

Faiaz

Merch Maverick

themerchmaverick.com"
CrossFunction Sports Recovery + Cryotherapy + Wellness + Red Light Therapy,info@crossfunctionrecovery.com,cold_plunge,Seattle,US,http://www.crossfunctionrecovery.com/,5,15,pattern_guessed_mx_verified,free something for CrossFunction Sports Recovery + Cryotherapy + Wellness + Red Light Therapy,"Hi there,

I came across CrossFunction Sports Recovery + Cryotherapy + Wellness + Red Light Therapy while researching top rated cold plunge and sauna spaces in Seattle and noticed you're holding a 5 rating across 15 reviews. Numbers like that usually mean people leave talking about the experience, which is exactly the kind of thing branded gear tends to amplify.

We're Merch Maverick, a factory direct supplier of branded robes, towels, and recovery hoodies for studios like yours, no agency markups, just your logo on gear members already want.

I can hop on a quick free call about which fabric and colorway would actually hold up best for a quick dry towel in your space, no strings attached.

Would that be useful to you?

Faiaz

Merch Maverick

themerchmaverick.com"
TheSaunaRoom&Spa,info@thesaunaroomspa.com,cold_plunge,Denver,US,https://thesaunaroomspa.com/,5,12,pattern_guessed_mx_verified,quick thought after finding TheSaunaRoom&Spa,"Hi there,

I came across TheSaunaRoom&Spa while researching top rated cold plunge and sauna spaces in Denver and noticed you're holding a 5 rating across 12 reviews. That kind of following usually means people already treat this as part of their routine, which is exactly when branded gear starts to matter.

We're Merch Maverick, a factory direct supplier of branded robes, towels, and recovery hoodies for studios like yours, no agency markups, just your logo on gear members already want.

I can get your first recovery beanie sample out at cost, no minimum order, no commitment beyond that.

Want me to go ahead and put that together?

Faiaz

Merch Maverick

themerchmaverick.com"
CRYONiQ Ltd.,info@cryoniq.com,cold_plunge,Manchester,GB,http://www.cryoniq.com/,5,12,pattern_guessed_mx_verified,a small idea for CRYONiQ Ltd.'s team,"Hi there,

I came across CRYONiQ Ltd. while researching top rated cold plunge and sauna spaces in Manchester and noticed you're holding a 5 rating across 12 reviews. Numbers like that usually mean people leave talking about the experience, which is exactly the kind of thing branded gear tends to amplify.

We're Merch Maverick, a factory direct supplier of branded robes, towels, and recovery hoodies for studios like yours, no agency markups, just your logo on gear members already want.

I can put together a free digital mockup of a CRYONiQ Ltd. branded branded robe within 48 hours, no cost and no obligation either way.

Should I send that your way?

Faiaz

Merch Maverick

themerchmaverick.com"
andNow pilates - Amsterdam,info@andnowpilates.com,pilates,Amsterdam,NL,https://andnowpilates.com/amsterdam,5,11,pattern_guessed_mx_verified,quick question about andNow pilates - Amsterdam's retail shelf,"Hi there,

I came across andNow pilates - Amsterdam while researching top rated reformer pilates studios in Amsterdam and noticed you're holding a 5 rating across 11 reviews. That kind of rating usually means your members already see the studio as part of their identity, which is exactly when branded gear starts to sell itself.

We're Merch Maverick, a factory direct supplier of branded totes, mat bags, and studio apparel for pilates studios. We work without agency markups, so the pricing usually beats what local printers quote for the same quality.

I can get your first grip socks sample out at cost, no minimum order, no commitment beyond that.

Would it be okay if I sent that over?

Faiaz

Merch Maverick

themerchmaverick.com"
Pilates Studio Vienna,info@pilates-studio-vienna.at,pilates,Vienna,AT,http://www.pilates-studio-vienna.at/,5,11,pattern_guessed_mx_verified,quick idea for Pilates Studio Vienna's members,"Hi there,

I came across Pilates Studio Vienna while researching top rated reformer pilates studios in Vienna and noticed you're holding a 5 rating across 11 reviews. That's the kind of loyalty that usually means members are proud to be part of the studio, not just attending classes.

We're Merch Maverick, a factory direct supplier of branded totes, mat bags, and studio apparel for pilates studios. We work without agency markups, so the pricing usually beats what local printers quote for the same quality.

I can put together a free digital mockup of a Pilates Studio Vienna branded studio tote within 48 hours, no cost and no obligation either way.

Would that be useful to you?

Faiaz

Merch Maverick

themerchmaverick.com"
The House of Cryo,info@thehouseofcryo.com,cold_plunge,New York,US,http://www.thehouseofcryo.com/,5,11,pattern_guessed_mx_verified,quick note for The House of Cryo,"Hi there,

I came across The House of Cryo while researching top rated cold plunge and sauna spaces in New York and noticed you're holding a 5 rating across 11 reviews. That kind of following usually means people already treat this as part of their routine, which is exactly when branded gear starts to matter.

We're Merch Maverick, a factory direct supplier of branded robes, towels, and recovery hoodies for studios like yours, no agency markups, just your logo on gear members already want.

I can mail over a free fabric swatch pack for the recovery hoodie line so you can feel the quality before deciding anything.

Want me to go ahead and put that together?

Faiaz

Merch Maverick

themerchmaverick.com"
Cryokai,info@cryokai.com,cold_plunge,Berlin,DE,http://www.cryokai.com/,5,11,pattern_guessed_mx_verified,thought of Cryokai for something,"Hi there,

I came across Cryokai while researching top rated cold plunge and sauna spaces in Berlin and noticed you're holding a 5 rating across 11 reviews. Numbers like that usually mean people leave talking about the experience, which is exactly the kind of thing branded gear tends to amplify.

We're Merch Maverick, a factory direct supplier of branded robes, towels, and recovery hoodies for studios like yours, no agency markups, just your logo on gear members already want.

I can hop on a quick free call about which fabric and colorway would actually hold up best for a quick dry towel in your space, no strings attached.

Should I send that your way?

Faiaz

Merch Maverick

themerchmaverick.com"
Sauna To-Go Denver,info@saunatogodenver.com,sauna,Denver,US,https://www.saunatogodenver.com/,5,10,pattern_guessed_mx_verified,"quick idea, Sauna To-Go Denver","Hi there,

I came across Sauna To-Go Denver while researching top rated sauna studios in Denver and noticed you're holding a 5 rating across 10 reviews. That kind of consistency usually means people leave your space wanting to take a piece of the experience home with them.

We're Merch Maverick, a factory direct supplier for branded sauna gear including hats, towels, and robes for studios like yours. No middlemen, no inflated agency pricing, just your logo on the exact ritual gear your members already associate with the experience.

I can hop on a quick free call about which fabric and colorway would actually hold up best for a quick dry ritual towel in your space, no strings attached.

Would it be okay if I sent that over?

Faiaz

Merch Maverick

themerchmaverick.com"
Flow Reformer Pilates Rodgau,info@reformer-pilates-rodgau.de,pilates,Frankfurt,DE,https://www.reformer-pilates-rodgau.de/,5,10,pattern_guessed_mx_verified,small idea for Flow Reformer Pilates Rodgau,"Hi there,

I came across Flow Reformer Pilates Rodgau while researching top rated reformer pilates studios in Frankfurt and noticed you're holding a 5 rating across 10 reviews. That kind of rating usually means your members already see the studio as part of their identity, which is exactly when branded gear starts to sell itself.

We're Merch Maverick, a factory direct supplier of branded totes, mat bags, and studio apparel for pilates studios. We work without agency markups, so the pricing usually beats what local printers quote for the same quality.

I can mail over a free fabric swatch pack for the mat bag line so you can feel the quality before deciding anything.

Would that be useful to you?

Faiaz

Merch Maverick

themerchmaverick.com"
Otago Street Pilates,info@otagostreetpilates.com,pilates,Glasgow,GB,http://www.otagostreetpilates.com/,5,10,pattern_guessed_mx_verified,curious if this is useful for Otago Street Pilates,"Hi there,

I came across Otago Street Pilates while researching top rated reformer pilates studios in Glasgow and noticed you're holding a 5 rating across 10 reviews. That's the kind of loyalty that usually means members are proud to be part of the studio, not just attending classes.

We're Merch Maverick, a factory direct supplier of branded totes, mat bags, and studio apparel for pilates studios. We work without agency markups, so the pricing usually beats what local printers quote for the same quality.

I can hop on a quick free call about which fabric and colorway would actually hold up best for a branded headband in your space, no strings attached.

Want me to go ahead and put that together?

Faiaz

Merch Maverick

themerchmaverick.com"
FUSIONPilates,info@fusionpilates.de,pilates,Cologne,DE,https://www.fusionpilates.de/,5,9,pattern_guessed_mx_verified,free something for FUSIONPilates,"Hi there,

I came across FUSIONPilates while researching top rated reformer pilates studios in Cologne and noticed you're holding a 5 rating across 9 reviews. That kind of rating usually means your members already see the studio as part of their identity, which is exactly when branded gear starts to sell itself.

We're Merch Maverick, a factory direct supplier of branded totes, mat bags, and studio apparel for pilates studios. We work without agency markups, so the pricing usually beats what local printers quote for the same quality.

I can get your first grip socks sample out at cost, no minimum order, no commitment beyond that.

Should I send that your way?

Faiaz

Merch Maverick

themerchmaverick.com"
Enso Sauna Studio Manhattan,info@ensosauna.com,sauna,New York,US,https://www.ensosauna.com/,5,8,pattern_guessed_mx_verified,quick thought after finding Enso Sauna Studio Manhattan,"Hi there,

I came across Enso Sauna Studio Manhattan while researching top rated sauna studios in New York and noticed you're holding a 5 rating across 8 reviews. Members who show up that consistently tend to want gear that says they are serious about the ritual, not just visiting once.

We're Merch Maverick, a factory direct supplier for branded sauna gear including hats, towels, and robes for studios like yours. No middlemen, no inflated agency pricing, just your logo on the exact ritual gear your members already associate with the experience.

I can get your first recovery beanie sample out at cost, no minimum order, no commitment beyond that.

Would it be okay if I sent that over?

Faiaz

Merch Maverick

themerchmaverick.com"
The Body Lab,info@thebodylabus.com,pilates,Phoenix,US,http://thebodylabus.com/,5,8,pattern_guessed_mx_verified,a small idea for The Body Lab's team,"Hi there,

I came across The Body Lab while researching top rated reformer pilates studios in Phoenix and noticed you're holding a 5 rating across 8 reviews. That's the kind of loyalty that usually means members are proud to be part of the studio, not just attending classes.

We're Merch Maverick, a factory direct supplier of branded totes, mat bags, and studio apparel for pilates studios. We work without agency markups, so the pricing usually beats what local printers quote for the same quality.

I can put together a free digital mockup of a The Body Lab branded studio tote within 48 hours, no cost and no obligation either way.

Would that be useful to you?

Faiaz

Merch Maverick

themerchmaverick.com"
Miami Custom Saunas,info@miamicustomsaunas.com,sauna,Miami,US,http://miamicustomsaunas.com/,5,7,pattern_guessed_mx_verified,quick question about Miami Custom Saunas's retail shelf,"Hi there,

I came across Miami Custom Saunas while researching top rated sauna studios in Miami and noticed you're holding a 5 rating across 7 reviews. That kind of consistency usually means people leave your space wanting to take a piece of the experience home with them.

We're Merch Maverick, a factory direct supplier for branded sauna gear including hats, towels, and robes for studios like yours. No middlemen, no inflated agency pricing, just your logo on the exact ritual gear your members already associate with the experience.

I can put together a free digital mockup of a Miami Custom Saunas branded wool felt sauna hat within 48 hours, no cost and no obligation either way.

Want me to go ahead and put that together?

Faiaz

Merch Maverick

themerchmaverick.com"
Spa Sauna Wellness Amsterdam,info@spadag.nl,sauna,Amsterdam,NL,https://spadag.nl/?utm_source=gm,5,7,pattern_guessed_mx_verified,quick idea for Spa Sauna Wellness Amsterdam's members,"Hi there,

I came across Spa Sauna Wellness Amsterdam while researching top rated sauna studios in Amsterdam and noticed you're holding a 5 rating across 7 reviews. Members who show up that consistently tend to want gear that says they are serious about the ritual, not just visiting once.

We're Merch Maverick, a factory direct supplier for branded sauna gear including hats, towels, and robes for studios like yours. No middlemen, no inflated agency pricing, just your logo on the exact ritual gear your members already associate with the experience.

I can mail over a free fabric swatch pack for the branded plunge robe line so you can feel the quality before deciding anything.

Should I send that your way?

Faiaz

Merch Maverick

themerchmaverick.com"
Cold Plunge at Prestige Miami Fitness Club,info@prestigemiamifitnessclub.com,sauna,Miami,US,https://prestigemiamifitnessclub.com/,5,6,pattern_guessed_mx_verified,quick note for Cold Plunge at Prestige Miami Fitness Club,"Hi there,

I came across Cold Plunge at Prestige Miami Fitness Club while researching top rated sauna studios in Miami and noticed you're holding a 5 rating across 6 reviews. That kind of consistency usually means people leave your space wanting to take a piece of the experience home with them.

We're Merch Maverick, a factory direct supplier for branded sauna gear including hats, towels, and robes for studios like yours. No middlemen, no inflated agency pricing, just your logo on the exact ritual gear your members already associate with the experience.

I can hop on a quick free call about which fabric and colorway would actually hold up best for a quick dry ritual towel in your space, no strings attached.

Would it be okay if I sent that over?

Faiaz

Merch Maverick

themerchmaverick.com"
Sweat Club,info@sweat-clubs.com,sauna,Munich,DE,https://sweat-clubs.com/,5,6,pattern_guessed_mx_verified,thought of Sweat Club for something,"Hi there,

I came across Sweat Club while researching top rated sauna studios in Munich and noticed you're holding a 5 rating across 6 reviews. Members who show up that consistently tend to want gear that says they are serious about the ritual, not just visiting once.

We're Merch Maverick, a factory direct supplier for branded sauna gear including hats, towels, and robes for studios like yours. No middlemen, no inflated agency pricing, just your logo on the exact ritual gear your members already associate with the experience.

I can get your first recovery beanie sample out at cost, no minimum order, no commitment beyond that.

Would that be useful to you?

Faiaz

Merch Maverick

themerchmaverick.com"
The Pilates Suite,info@thepilatessuite.com,pilates,Las Vegas,US,https://www.thepilatessuite.com/,5,6,pattern_guessed_mx_verified,"quick idea, The Pilates Suite","Hi there,

I came across The Pilates Suite while researching top rated reformer pilates studios in Las Vegas and noticed you're holding a 5 rating across 6 reviews. That kind of rating usually means your members already see the studio as part of their identity, which is exactly when branded gear starts to sell itself.

We're Merch Maverick, a factory direct supplier of branded totes, mat bags, and studio apparel for pilates studios. We work without agency markups, so the pricing usually beats what local printers quote for the same quality.

I can mail over a free fabric swatch pack for the mat bag line so you can feel the quality before deciding anything.

Want me to go ahead and put that together?

Faiaz

Merch Maverick

themerchmaverick.com"
Pilates By Greater Than,info@greaterthanperformanceandrehab.com,pilates,Dallas,US,https://greaterthanperformanceandrehab.com/program/pilates/,5,6,pattern_guessed_mx_verified,small idea for Pilates By Greater Than,"Hi there,

I came across Pilates By Greater Than while researching top rated reformer pilates studios in Dallas and noticed you're holding a 5 rating across 6 reviews. That's the kind of loyalty that usually means members are proud to be part of the studio, not just attending classes.

We're Merch Maverick, a factory direct supplier of branded totes, mat bags, and studio apparel for pilates studios. We work without agency markups, so the pricing usually beats what local printers quote for the same quality.

I can hop on a quick free call about which fabric and colorway would actually hold up best for a branded headband in your space, no strings attached.

Should I send that your way?

Faiaz

Merch Maverick

themerchmaverick.com"
CRYO BOX Therapie Berlin,info@cryotherapiebox-berlin.de,cold_plunge,Berlin,DE,https://www.cryotherapiebox-berlin.de/,5,6,pattern_guessed_mx_verified,curious if this is useful for CRYO BOX Therapie Berlin,"Hi there,

I came across CRYO BOX Therapie Berlin while researching top rated cold plunge and sauna spaces in Berlin and noticed you're holding a 5 rating across 6 reviews. That kind of following usually means people already treat this as part of their routine, which is exactly when branded gear starts to matter.

We're Merch Maverick, a factory direct supplier of branded robes, towels, and recovery hoodies for studios like yours, no agency markups, just your logo on gear members already want.

I can get your first recovery beanie sample out at cost, no minimum order, no commitment beyond that.

Would it be okay if I sent that over?

Faiaz

Merch Maverick

themerchmaverick.com"
Pilates-Studio,info@pilates-studio.at,pilates,Vienna,AT,http://www.pilates-studio.at/,5,5,pattern_guessed_mx_verified,free something for Pilates-Studio,"Hi there,

I came across Pilates-Studio while researching top rated reformer pilates studios in Vienna and noticed you're holding a 5 rating across 5 reviews. That kind of rating usually means your members already see the studio as part of their identity, which is exactly when branded gear starts to sell itself.

We're Merch Maverick, a factory direct supplier of branded totes, mat bags, and studio apparel for pilates studios. We work without agency markups, so the pricing usually beats what local printers quote for the same quality.

I can get your first grip socks sample out at cost, no minimum order, no commitment beyond that.

Would that be useful to you?

Faiaz

Merch Maverick

themerchmaverick.com"
Pilatesraum by Malu,info@pilatesraum.net,pilates,Cologne,DE,https://pilatesraum.net/,5,5,pattern_guessed_mx_verified,quick thought after finding Pilatesraum by Malu,"Hi there,

I came across Pilatesraum by Malu while researching top rated reformer pilates studios in Cologne and noticed you're holding a 5 rating across 5 reviews. That's the kind of loyalty that usually means members are proud to be part of the studio, not just attending classes.

We're Merch Maverick, a factory direct supplier of branded totes, mat bags, and studio apparel for pilates studios. We work without agency markups, so the pricing usually beats what local printers quote for the same quality.

I can put together a free digital mockup of a Pilatesraum by Malu branded studio tote within 48 hours, no cost and no obligation either way.

Want me to go ahead and put that together?

Faiaz

Merch Maverick

themerchmaverick.com"
Levenshulme Runners,info@levenshulme-runners.co.uk,run_club,Manchester,GB,http://levenshulme-runners.co.uk/,5,5,pattern_guessed_mx_verified,a small idea for Levenshulme Runners's team,"Hi there,

I came across Levenshulme Runners while researching top rated run clubs in Manchester and noticed you're holding a 5 rating across 5 reviews. That kind of following usually means your crew is already repping your name everywhere they go.

We're Merch Maverick, a factory direct supplier of branded team tees, caps, and run club apparel. No agency markups, just gear your crew will actually wear outside of race day.

I can hop on a quick free call about which fabric and colorway would actually hold up best for a neck buff in your space, no strings attached.

Should I send that your way?

Faiaz

Merch Maverick

themerchmaverick.com"
Miami Chill,info@miamichill.net,cold_plunge,Miami,US,https://miamichill.net/,5,5,pattern_guessed_mx_verified,quick question about Miami Chill's retail shelf,"Hi there,

I came across Miami Chill while researching top rated cold plunge and sauna spaces in Miami and noticed you're holding a 5 rating across 5 reviews. Numbers like that usually mean people leave talking about the experience, which is exactly the kind of thing branded gear tends to amplify.

We're Merch Maverick, a factory direct supplier of branded robes, towels, and recovery hoodies for studios like yours, no agency markups, just your logo on gear members already want.

I can put together a free digital mockup of a Miami Chill branded branded robe within 48 hours, no cost and no obligation either way.

Would it be okay if I sent that over?

Faiaz

Merch Maverick

themerchmaverick.com"
Signature Pilates,info@luma.com,pilates,Amsterdam,NL,https://luma.com/Signaturepilatesclub,5,4,pattern_guessed_mx_verified,quick idea for Signature Pilates's members,"Hi there,

I came across Signature Pilates while researching top rated reformer pilates studios in Amsterdam and noticed you're holding a 5 rating across 4 reviews. That kind of rating usually means your members already see the studio as part of their identity, which is exactly when branded gear starts to sell itself.

We're Merch Maverick, a factory direct supplier of branded totes, mat bags, and studio apparel for pilates studios. We work without agency markups, so the pricing usually beats what local printers quote for the same quality.

I can mail over a free fabric swatch pack for the mat bag line so you can feel the quality before deciding anything.

Would that be useful to you?

Faiaz

Merch Maverick

themerchmaverick.com"
Kier Byrnes Freedom Runners,info@kbfreedomrunners.com,run_club,Boston,US,https://www.kbfreedomrunners.com/,5,4,pattern_guessed_mx_verified,quick note for Kier Byrnes Freedom Runners,"Hi there,

I came across Kier Byrnes Freedom Runners while researching top rated run clubs in Boston and noticed you're holding a 5 rating across 4 reviews. Numbers like that usually mean your club already feels like a third place for people, not just a Tuesday run.

We're Merch Maverick, a factory direct supplier of branded team tees, caps, and run club apparel. No agency markups, just gear your crew will actually wear outside of race day.

I can get your first finisher hoodie sample out at cost, no minimum order, no commitment beyond that.

Want me to go ahead and put that together?

Faiaz

Merch Maverick

themerchmaverick.com"
TNT Running Club,info@meetup.com,run_club,Los Angeles,US,http://www.meetup.com/hiking-196/,5,4,pattern_guessed_mx_verified,thought of TNT Running Club for something,"Hi there,

I came across TNT Running Club while researching top rated run clubs in Los Angeles and noticed you're holding a 5 rating across 4 reviews. That kind of following usually means your crew is already repping your name everywhere they go.

We're Merch Maverick, a factory direct supplier of branded team tees, caps, and run club apparel. No agency markups, just gear your crew will actually wear outside of race day.

I can put together a free digital mockup of a TNT Running Club branded team tee within 48 hours, no cost and no obligation either way.

Should I send that your way?

Faiaz

Merch Maverick

themerchmaverick.com"
Hyde Village Striders Running Club,info@hydevillagestriders.org.uk,run_club,Manchester,GB,http://hydevillagestriders.org.uk/,5,4,pattern_guessed_mx_verified,"quick idea, Hyde Village Striders Running Club","Hi there,

I came across Hyde Village Striders Running Club while researching top rated run clubs in Manchester and noticed you're holding a 5 rating across 4 reviews. Numbers like that usually mean your club already feels like a third place for people, not just a Tuesday run.

We're Merch Maverick, a factory direct supplier of branded team tees, caps, and run club apparel. No agency markups, just gear your crew will actually wear outside of race day.

I can mail over a free fabric swatch pack for the run club cap line so you can feel the quality before deciding anything.

Would it be okay if I sent that over?

Faiaz

Merch Maverick

themerchmaverick.com"
Centurion Running Club,info@centurionrc.org.uk,run_club,Birmingham,GB,http://centurionrc.org.uk/,5,4,pattern_guessed_mx_verified,small idea for Centurion Running Club,"Hi there,

I came across Centurion Running Club while researching top rated run clubs in Birmingham and noticed you're holding a 5 rating across 4 reviews. That kind of following usually means your crew is already repping your name everywhere they go.

We're Merch Maverick, a factory direct supplier of branded team tees, caps, and run club apparel. No agency markups, just gear your crew will actually wear outside of race day.

I can hop on a quick free call about which fabric and colorway would actually hold up best for a neck buff in your space, no strings attached.

Would that be useful to you?

Faiaz

Merch Maverick

themerchmaverick.com"
Pilates Söder AB,info@pilatessoder.se,pilates,Stockholm,SE,http://pilatessoder.se/,5,3,pattern_guessed_mx_verified,curious if this is useful for Pilates Söder AB,"Hi there,

I came across Pilates Söder AB while researching top rated reformer pilates studios in Stockholm and noticed you're holding a 5 rating across 3 reviews. That's the kind of loyalty that usually means members are proud to be part of the studio, not just attending classes.

We're Merch Maverick, a factory direct supplier of branded totes, mat bags, and studio apparel for pilates studios. We work without agency markups, so the pricing usually beats what local printers quote for the same quality.

I can hop on a quick free call about which fabric and colorway would actually hold up best for a branded headband in your space, no strings attached.

Want me to go ahead and put that together?

Faiaz

Merch Maverick

themerchmaverick.com"
Caldicot Running Club,info@caldicotrunningclub.com,run_club,Bristol,GB,http://caldicotrunningclub.com/,5,3,pattern_guessed_mx_verified,free something for Caldicot Running Club,"Hi there,

I came across Caldicot Running Club while researching top rated run clubs in Bristol and noticed you're holding a 5 rating across 3 reviews. Numbers like that usually mean your club already feels like a third place for people, not just a Tuesday run.

We're Merch Maverick, a factory direct supplier of branded team tees, caps, and run club apparel. No agency markups, just gear your crew will actually wear outside of race day.

I can get your first finisher hoodie sample out at cost, no minimum order, no commitment beyond that.

Should I send that your way?

Faiaz

Merch Maverick

themerchmaverick.com"
Deep Blue Cryotherapy,info@deepbluecryotherapy.com,cold_plunge,Las Vegas,US,https://www.deepbluecryotherapy.com/,5,3,pattern_guessed_mx_verified,quick thought after finding Deep Blue Cryotherapy,"Hi there,

I came across Deep Blue Cryotherapy while researching top rated cold plunge and sauna spaces in Las Vegas and noticed you're holding a 5 rating across 3 reviews. That kind of following usually means people already treat this as part of their routine, which is exactly when branded gear starts to matter.

We're Merch Maverick, a factory direct supplier of branded robes, towels, and recovery hoodies for studios like yours, no agency markups, just your logo on gear members already want.

I can mail over a free fabric swatch pack for the recovery hoodie line so you can feel the quality before deciding anything.

Would it be okay if I sent that over?

Faiaz

Merch Maverick

themerchmaverick.com"
The Lotus Zone,info@thelotuszone.com,cold_plunge,Anaheim,US,https://thelotuszone.com/,5,3,pattern_guessed_mx_verified,a small idea for The Lotus Zone's team,"Hi there,

I came across The Lotus Zone while researching top rated cold plunge and sauna spaces in Anaheim and noticed you're holding a 5 rating across 3 reviews. Numbers like that usually mean people leave talking about the experience, which is exactly the kind of thing branded gear tends to amplify.

We're Merch Maverick, a factory direct supplier of branded robes, towels, and recovery hoodies for studios like yours, no agency markups, just your logo on gear members already want.

I can hop on a quick free call about which fabric and colorway would actually hold up best for a quick dry towel in your space, no strings attached.

Would that be useful to you?

Faiaz

Merch Maverick

themerchmaverick.com"
Phoenix Custom Saunas,info@phoenixcustomsaunas.com,sauna,Phoenix,US,https://phoenixcustomsaunas.com/,5,2,pattern_guessed_mx_verified,quick question about Phoenix Custom Saunas's retail shelf,"Hi there,

I came across Phoenix Custom Saunas while researching top rated sauna studios in Phoenix and noticed you're holding a 5 rating across 2 reviews. That kind of consistency usually means people leave your space wanting to take a piece of the experience home with them.

We're Merch Maverick, a factory direct supplier for branded sauna gear including hats, towels, and robes for studios like yours. No middlemen, no inflated agency pricing, just your logo on the exact ritual gear your members already associate with the experience.

I can put together a free digital mockup of a Phoenix Custom Saunas branded wool felt sauna hat within 48 hours, no cost and no obligation either way.

Want me to go ahead and put that together?

Faiaz

Merch Maverick

themerchmaverick.com"
Manchester Road Runners,info@manchesterroadrunners.com,run_club,Manchester,GB,http://manchesterroadrunners.com/,5,2,pattern_guessed_mx_verified,quick idea for Manchester Road Runners's members,"Hi there,

I came across Manchester Road Runners while researching top rated run clubs in Manchester and noticed you're holding a 5 rating across 2 reviews. That kind of following usually means your crew is already repping your name everywhere they go.

We're Merch Maverick, a factory direct supplier of branded team tees, caps, and run club apparel. No agency markups, just gear your crew will actually wear outside of race day.

I can put together a free digital mockup of a Manchester Road Runners branded team tee within 48 hours, no cost and no obligation either way.

Should I send that your way?

Faiaz

Merch Maverick

themerchmaverick.com"
"Birmingham Running, Athletics & Triathlon Club",info@bratclub.co.uk,run_club,Birmingham,GB,https://bratclub.co.uk/,5,2,pattern_guessed_mx_verified,"quick note for Birmingham Running, Athletics & Triathlon Club","Hi there,

I came across Birmingham Running, Athletics & Triathlon Club while researching top rated run clubs in Birmingham and noticed you're holding a 5 rating across 2 reviews. Numbers like that usually mean your club already feels like a third place for people, not just a Tuesday run.

We're Merch Maverick, a factory direct supplier of branded team tees, caps, and run club apparel. No agency markups, just gear your crew will actually wear outside of race day.

I can mail over a free fabric swatch pack for the run club cap line so you can feel the quality before deciding anything.

Would it be okay if I sent that over?

Faiaz

Merch Maverick

themerchmaverick.com"
VITALRAUM° Trudering,info@vitalraum-trudering.de,cold_plunge,Munich,DE,https://www.vitalraum-trudering.de/,5,2,pattern_guessed_mx_verified,thought of VITALRAUM° Trudering for something,"Hi there,

I came across VITALRAUM° Trudering while researching top rated cold plunge and sauna spaces in Munich and noticed you're holding a 5 rating across 2 reviews. That kind of following usually means people already treat this as part of their routine, which is exactly when branded gear starts to matter.

We're Merch Maverick, a factory direct supplier of branded robes, towels, and recovery hoodies for studios like yours, no agency markups, just your logo on gear members already want.

I can get your first recovery beanie sample out at cost, no minimum order, no commitment beyond that.

Would that be useful to you?

Faiaz

Merch Maverick

themerchmaverick.com"
Chilled recovery,info@chilledrecovery.co.uk,cold_plunge,Bristol,GB,https://chilledrecovery.co.uk/,5,2,pattern_guessed_mx_verified,"quick idea, Chilled recovery","Hi there,

I came across Chilled recovery while researching top rated cold plunge and sauna spaces in Bristol and noticed you're holding a 5 rating across 2 reviews. Numbers like that usually mean people leave talking about the experience, which is exactly the kind of thing branded gear tends to amplify.

We're Merch Maverick, a factory direct supplier of branded robes, towels, and recovery hoodies for studios like yours, no agency markups, just your logo on gear members already want.

I can put together a free digital mockup of a Chilled recovery branded branded robe within 48 hours, no cost and no obligation either way.

Want me to go ahead and put that together?

Faiaz

Merch Maverick

themerchmaverick.com"
MIA SPA HAUS,info@airbnb.com,sauna,Miami,US,http://airbnb.com/h/miaspahaus,5,1,pattern_guessed_mx_verified,small idea for MIA SPA HAUS,"Hi there,

I came across MIA SPA HAUS while researching top rated sauna studios in Miami and noticed you're holding a 5 rating across 1 reviews. Members who show up that consistently tend to want gear that says they are serious about the ritual, not just visiting once.

We're Merch Maverick, a factory direct supplier for branded sauna gear including hats, towels, and robes for studios like yours. No middlemen, no inflated agency pricing, just your logo on the exact ritual gear your members already associate with the experience.

I can mail over a free fabric swatch pack for the branded plunge robe line so you can feel the quality before deciding anything.

Should I send that your way?

Faiaz

Merch Maverick

themerchmaverick.com"
de Pilates Boutique,info@depilatesboutique.nl,pilates,Rotterdam,NL,https://www.depilatesboutique.nl/,5,1,pattern_guessed_mx_verified,curious if this is useful for de Pilates Boutique,"Hi there,

I came across de Pilates Boutique while researching top rated reformer pilates studios in Rotterdam and noticed you're holding a 5 rating across 1 reviews. That kind of rating usually means your members already see the studio as part of their identity, which is exactly when branded gear starts to sell itself.

We're Merch Maverick, a factory direct supplier of branded totes, mat bags, and studio apparel for pilates studios. We work without agency markups, so the pricing usually beats what local printers quote for the same quality.

I can get your first grip socks sample out at cost, no minimum order, no commitment beyond that.

Would it be okay if I sent that over?

Faiaz

Merch Maverick

themerchmaverick.com"
Boardwalk Running Club,info@boardwalkrc.com,run_club,Toronto,CA,https://www.boardwalkrc.com/,5,1,pattern_guessed_mx_verified,free something for Boardwalk Running Club,"Hi there,

I came across Boardwalk Running Club while researching top rated run clubs in Toronto and noticed you're holding a 5 rating across 1 reviews. That kind of following usually means your crew is already repping your name everywhere they go.

We're Merch Maverick, a factory direct supplier of branded team tees, caps, and run club apparel. No agency markups, just gear your crew will actually wear outside of race day.

I can hop on a quick free call about which fabric and colorway would actually hold up best for a neck buff in your space, no strings attached.

Would that be useful to you?

Faiaz

Merch Maverick

themerchmaverick.com"
Club Ed Running,info@clubedrunning.com,run_club,Los Angeles,US,http://clubedrunning.com/,5,1,pattern_guessed_mx_verified,quick thought after finding Club Ed Running,"Hi there,

I came across Club Ed Running while researching top rated run clubs in Los Angeles and noticed you're holding a 5 rating across 1 reviews. Numbers like that usually mean your club already feels like a third place for people, not just a Tuesday run.

We're Merch Maverick, a factory direct supplier of branded team tees, caps, and run club apparel. No agency markups, just gear your crew will actually wear outside of race day.

I can get your first finisher hoodie sample out at cost, no minimum order, no commitment beyond that.

Want me to go ahead and put that together?

Faiaz

Merch Maverick

themerchmaverick.com"
Sweat Reset,info@sweat-reset.com,cold_plunge,Houston,US,https://www.sweat-reset.com/,5,1,pattern_guessed_mx_verified,a small idea for Sweat Reset's team,"Hi there,

I came across Sweat Reset while researching top rated cold plunge and sauna spaces in Houston and noticed you're holding a 5 rating across 1 reviews. That kind of following usually means people already treat this as part of their routine, which is exactly when branded gear starts to matter.

We're Merch Maverick, a factory direct supplier of branded robes, towels, and recovery hoodies for studios like yours, no agency markups, just your logo on gear members already want.

I can mail over a free fabric swatch pack for the recovery hoodie line so you can feel the quality before deciding anything.

Should I send that your way?

Faiaz

Merch Maverick

themerchmaverick.com"
Kältekammer Berlin von Behr,info@remedi-cool.com,cold_plunge,Berlin,DE,https://remedi-cool.com/kaeltekammer-berlin,5,1,pattern_guessed_mx_verified,quick question about Kältekammer Berlin von Behr's retail shelf,"Hi there,

I came across Kältekammer Berlin von Behr while researching top rated cold plunge and sauna spaces in Berlin and noticed you're holding a 5 rating across 1 reviews. Numbers like that usually mean people leave talking about the experience, which is exactly the kind of thing branded gear tends to amplify.

We're Merch Maverick, a factory direct supplier of branded robes, towels, and recovery hoodies for studios like yours, no agency markups, just your logo on gear members already want.

I can hop on a quick free call about which fabric and colorway would actually hold up best for a quick dry towel in your space, no strings attached.

Would it be okay if I sent that over?

Faiaz

Merch Maverick

themerchmaverick.com"
Bastuflotten Stockholm,info@addwater.se,cold_plunge,Stockholm,SE,https://www.addwater.se/bastuflotte,5,1,pattern_guessed_mx_verified,quick idea for Bastuflotten Stockholm's members,"Hi there,

I came across Bastuflotten Stockholm while researching top rated cold plunge and sauna spaces in Stockholm and noticed you're holding a 5 rating across 1 reviews. That kind of following usually means people already treat this as part of their routine, which is exactly when branded gear starts to matter.

We're Merch Maverick, a factory direct supplier of branded robes, towels, and recovery hoodies for studios like yours, no agency markups, just your logo on gear members already want.

I can get your first recovery beanie sample out at cost, no minimum order, no commitment beyond that.

Would that be useful to you?

Faiaz

Merch Maverick

themerchmaverick.com"
Aux Bains Montorgueil Spa,info@auxbainsmontorgueil.fr,sauna,Paris,FR,http://auxbainsmontorgueil.fr/,4.9,1701,pattern_guessed_mx_verified,quick note for Aux Bains Montorgueil Spa,"Hi there,

I came across Aux Bains Montorgueil Spa while researching top rated sauna studios in Paris and noticed you're holding a 4.9 rating across 1701 reviews. That kind of consistency usually means people leave your space wanting to take a piece of the experience home with them.

We're Merch Maverick, a factory direct supplier for branded sauna gear including hats, towels, and robes for studios like yours. No middlemen, no inflated agency pricing, just your logo on the exact ritual gear your members already associate with the experience.

I can hop on a quick free call about which fabric and colorway would actually hold up best for a quick dry ritual towel in your space, no strings attached.

Want me to go ahead and put that together?

Faiaz

Merch Maverick

themerchmaverick.com"
The Heritage Club - Boston Recreational Weed Dispensary,info@heritageclubthc.com,run_club,Boston,US,https://heritageclubthc.com/?utm_source=gmb&utm_medium=organic,4.9,1293,pattern_guessed_mx_verified,thought of The Heritage Club - Boston Recreational Weed Dispensary for something,"Hi there,

I came across The Heritage Club - Boston Recreational Weed Dispensary while researching top rated run clubs in Boston and noticed you're holding a 4.9 rating across 1293 reviews. That kind of following usually means your crew is already repping your name everywhere they go.

We're Merch Maverick, a factory direct supplier of branded team tees, caps, and run club apparel. No agency markups, just gear your crew will actually wear outside of race day.

I can put together a free digital mockup of a The Heritage Club - Boston Recreational Weed Dispensary branded team tee within 48 hours, no cost and no obligation either way.

Should I send that your way?

Faiaz

Merch Maverick

themerchmaverick.com"
Body Float Pereire,info@bodyfloat.fr,cold_plunge,Paris,FR,https://bodyfloat.fr/centre-de-flottaison-paris-17-prony/,4.9,928,pattern_guessed_mx_verified,"quick idea, Body Float Pereire","Hi there,

I came across Body Float Pereire while researching top rated cold plunge and sauna spaces in Paris and noticed you're holding a 4.9 rating across 928 reviews. Numbers like that usually mean people leave talking about the experience, which is exactly the kind of thing branded gear tends to amplify.

We're Merch Maverick, a factory direct supplier of branded robes, towels, and recovery hoodies for studios like yours, no agency markups, just your logo on gear members already want.

I can put together a free digital mockup of a Body Float Pereire branded branded robe within 48 hours, no cost and no obligation either way.

Would it be okay if I sent that over?

Faiaz

Merch Maverick

themerchmaverick.com"
Sensi Social Club | Cannabis and Weed club Barcelona,info@sensisocial.club,run_club,Barcelona,ES,https://sensisocial.club/,4.9,915,pattern_guessed_mx_verified,small idea for Sensi Social Club | Cannabis and Weed club Barcelona,"Hi there,

I came across Sensi Social Club | Cannabis and Weed club Barcelona while researching top rated run clubs in Barcelona and noticed you're holding a 4.9 rating across 915 reviews. Numbers like that usually mean your club already feels like a third place for people, not just a Tuesday run.

We're Merch Maverick, a factory direct supplier of branded team tees, caps, and run club apparel. No agency markups, just gear your crew will actually wear outside of race day.

I can mail over a free fabric swatch pack for the run club cap line so you can feel the quality before deciding anything.

Would that be useful to you?

Faiaz

Merch Maverick

themerchmaverick.com"
The Runners Shop,info@therunnersshop.com,run_club,Toronto,CA,http://www.therunnersshop.com/,4.9,677,pattern_guessed_mx_verified,curious if this is useful for The Runners Shop,"Hi there,

I came across The Runners Shop while researching top rated run clubs in Toronto and noticed you're holding a 4.9 rating across 677 reviews. That kind of following usually means your crew is already repping your name everywhere they go.

We're Merch Maverick, a factory direct supplier of branded team tees, caps, and run club apparel. No agency markups, just gear your crew will actually wear outside of race day.

I can hop on a quick free call about which fabric and colorway would actually hold up best for a neck buff in your space, no strings attached.

Want me to go ahead and put that together?

Faiaz

Merch Maverick

themerchmaverick.com"
Chill Spa,info@chillspa.com,cold_plunge,Manchester,GB,http://www.chillspa.com/,4.9,555,pattern_guessed_mx_verified,free something for Chill Spa,"Hi there,

I came across Chill Spa while researching top rated cold plunge and sauna spaces in Manchester and noticed you're holding a 4.9 rating across 555 reviews. That kind of following usually means people already treat this as part of their routine, which is exactly when branded gear starts to matter.

We're Merch Maverick, a factory direct supplier of branded robes, towels, and recovery hoodies for studios like yours, no agency markups, just your logo on gear members already want.

I can mail over a free fabric swatch pack for the recovery hoodie line so you can feel the quality before deciding anything.

Should I send that your way?

Faiaz

Merch Maverick

themerchmaverick.com"
Instituto Europeo de Hidroterapia de Colon,info@hidroterapiadecolon.es,cold_plunge,Madrid,ES,http://www.hidroterapiadecolon.es/,4.9,513,pattern_guessed_mx_verified,quick thought after finding Instituto Europeo de Hidroterapia de Colon,"Hi there,

I came across Instituto Europeo de Hidroterapia de Colon while researching top rated cold plunge and sauna spaces in Madrid and noticed you're holding a 4.9 rating across 513 reviews. Numbers like that usually mean people leave talking about the experience, which is exactly the kind of thing branded gear tends to amplify.

We're Merch Maverick, a factory direct supplier of branded robes, towels, and recovery hoodies for studios like yours, no agency markups, just your logo on gear members already want.

I can hop on a quick free call about which fabric and colorway would actually hold up best for a quick dry towel in your space, no strings attached.

Would it be okay if I sent that over?

Faiaz

Merch Maverick

themerchmaverick.com"
Float Seattle (Greenwood),info@floatseattle.com,sauna,Seattle,US,http://www.floatseattle.com/,4.9,397,pattern_guessed_mx_verified,a small idea for Float Seattle (Greenwood)'s team,"Hi there,

I came across Float Seattle (Greenwood) while researching top rated sauna studios in Seattle and noticed you're holding a 4.9 rating across 397 reviews. Members who show up that consistently tend to want gear that says they are serious about the ritual, not just visiting once.

We're Merch Maverick, a factory direct supplier for branded sauna gear including hats, towels, and robes for studios like yours. No middlemen, no inflated agency pricing, just your logo on the exact ritual gear your members already associate with the experience.

I can get your first recovery beanie sample out at cost, no minimum order, no commitment beyond that.

Would that be useful to you?

Faiaz

Merch Maverick

themerchmaverick.com"
"Elevated Sauna, Salt, Red Light & Cryotherapy Studio",info@elevatedlasvegas.com,sauna,Las Vegas,US,https://elevatedlasvegas.com/,4.9,387,pattern_guessed_mx_verified,"quick question about Elevated Sauna, Salt, Red Light & Cryotherapy Studio's retail shelf","Hi there,

I came across Elevated Sauna, Salt, Red Light & Cryotherapy Studio while researching top rated sauna studios in Las Vegas and noticed you're holding a 4.9 rating across 387 reviews. That kind of consistency usually means people leave your space wanting to take a piece of the experience home with them.

We're Merch Maverick, a factory direct supplier for branded sauna gear including hats, towels, and robes for studios like yours. No middlemen, no inflated agency pricing, just your logo on the exact ritual gear your members already associate with the experience.

I can put together a free digital mockup of a Elevated Sauna, Salt, Red Light & Cryotherapy Studio branded wool felt sauna hat within 48 hours, no cost and no obligation either way.

Want me to go ahead and put that together?

Faiaz

Merch Maverick

themerchmaverick.com"
Hydrology Wellness,info@hydrologywellness.com,sauna,Miami,US,http://www.hydrologywellness.com/?utm_source=gmb&utm_medium=organic,4.9,379,pattern_guessed_mx_verified,quick idea for Hydrology Wellness's members,"Hi there,

I came across Hydrology Wellness while researching top rated sauna studios in Miami and noticed you're holding a 4.9 rating across 379 reviews. Members who show up that consistently tend to want gear that says they are serious about the ritual, not just visiting once.

We're Merch Maverick, a factory direct supplier for branded sauna gear including hats, towels, and robes for studios like yours. No middlemen, no inflated agency pricing, just your logo on the exact ritual gear your members already associate with the experience.

I can mail over a free fabric swatch pack for the branded plunge robe line so you can feel the quality before deciding anything.

Should I send that your way?

Faiaz

Merch Maverick

themerchmaverick.com"
O'Kari Marais,info@o-kari-marais.com,sauna,Paris,FR,https://www.o-kari-marais.com/,4.9,367,pattern_guessed_mx_verified,quick note for O'Kari Marais,"Hi there,

I came across O'Kari Marais while researching top rated sauna studios in Paris and noticed you're holding a 4.9 rating across 367 reviews. That kind of consistency usually means people leave your space wanting to take a piece of the experience home with them.

We're Merch Maverick, a factory direct supplier for branded sauna gear including hats, towels, and robes for studios like yours. No middlemen, no inflated agency pricing, just your logo on the exact ritual gear your members already associate with the experience.

I can hop on a quick free call about which fabric and colorway would actually hold up best for a quick dry ritual towel in your space, no strings attached.

Would it be okay if I sent that over?

Faiaz

Merch Maverick

themerchmaverick.com"
"Studio Pilates, Reformer & Fitness - Les Ailes Du Canal",info@lesailesducanal.com,pilates,Paris,FR,https://lesailesducanal.com/,4.9,361,pattern_guessed_mx_verified,"thought of Studio Pilates, Reformer & Fitness - Les Ailes Du Canal for something","Hi there,

I came across Studio Pilates, Reformer & Fitness - Les Ailes Du Canal while researching top rated reformer pilates studios in Paris and noticed you're holding a 4.9 rating across 361 reviews. That's the kind of loyalty that usually means members are proud to be part of the studio, not just attending classes.

We're Merch Maverick, a factory direct supplier of branded totes, mat bags, and studio apparel for pilates studios. We work without agency markups, so the pricing usually beats what local printers quote for the same quality.

I can put together a free digital mockup of a Studio Pilates, Reformer & Fitness - Les Ailes Du Canal branded studio tote within 48 hours, no cost and no obligation either way.

Would that be useful to you?

Faiaz

Merch Maverick

themerchmaverick.com"
doctorfrost Frankfurt,info@doctorfrost.de,cold_plunge,Frankfurt,DE,https://doctorfrost.de/,4.9,358,pattern_guessed_mx_verified,"quick idea, doctorfrost Frankfurt","Hi there,

I came across doctorfrost Frankfurt while researching top rated cold plunge and sauna spaces in Frankfurt and noticed you're holding a 4.9 rating across 358 reviews. That kind of following usually means people already treat this as part of their routine, which is exactly when branded gear starts to matter.

We're Merch Maverick, a factory direct supplier of branded robes, towels, and recovery hoodies for studios like yours, no agency markups, just your logo on gear members already want.

I can get your first recovery beanie sample out at cost, no minimum order, no commitment beyond that.

Want me to go ahead and put that together?

Faiaz

Merch Maverick

themerchmaverick.com"
SESSION Pilates - Uptown,info@sessionpilates.com,pilates,Dallas,US,https://www.sessionpilates.com/,4.9,356,pattern_guessed_mx_verified,small idea for SESSION Pilates - Uptown,"Hi there,

I came across SESSION Pilates - Uptown while researching top rated reformer pilates studios in Dallas and noticed you're holding a 4.9 rating across 356 reviews. That kind of rating usually means your members already see the studio as part of their identity, which is exactly when branded gear starts to sell itself.

We're Merch Maverick, a factory direct supplier of branded totes, mat bags, and studio apparel for pilates studios. We work without agency markups, so the pricing usually beats what local printers quote for the same quality.

I can mail over a free fabric swatch pack for the mat bag line so you can feel the quality before deciding anything.

Should I send that your way?

Faiaz

Merch Maverick

themerchmaverick.com"
Ritualyté | Centro masajes Madrid,info@ritualyte.com,cold_plunge,Madrid,ES,https://ritualyte.com/?utm_source=GMB&utm_medium=organic&utm_id=SEO_masajes,4.9,240,pattern_guessed_mx_verified,curious if this is useful for Ritualyté | Centro masajes Madrid,"Hi there,

I came across Ritualyté | Centro masajes Madrid while researching top rated cold plunge and sauna spaces in Madrid and noticed you're holding a 4.9 rating across 240 reviews. Numbers like that usually mean people leave talking about the experience, which is exactly the kind of thing branded gear tends to amplify.

We're Merch Maverick, a factory direct supplier of branded robes, towels, and recovery hoodies for studios like yours, no agency markups, just your logo on gear members already want.

I can put together a free digital mockup of a Ritualyté | Centro masajes Madrid branded branded robe within 48 hours, no cost and no obligation either way.

Would it be okay if I sent that over?

Faiaz

Merch Maverick

themerchmaverick.com"
The Fix Room,info@thefixroom.com,cold_plunge,Madrid,ES,http://www.thefixroom.com/,4.9,236,pattern_guessed_mx_verified,free something for The Fix Room,"Hi there,

I came across The Fix Room while researching top rated cold plunge and sauna spaces in Madrid and noticed you're holding a 4.9 rating across 236 reviews. That kind of following usually means people already treat this as part of their routine, which is exactly when branded gear starts to matter.

We're Merch Maverick, a factory direct supplier of branded robes, towels, and recovery hoodies for studios like yours, no agency markups, just your logo on gear members already want.

I can mail over a free fabric swatch pack for the recovery hoodie line so you can feel the quality before deciding anything.

Would that be useful to you?

Faiaz

Merch Maverick

themerchmaverick.com"
Serenity Wellness Spa,info@serenitysf.com,sauna,San Francisco,US,https://serenitysf.com/?y_source=1_MTAwODczODE0OS03MTUtbG9jYXRpb24ud2Vic2l0ZQ%3D%3D,4.9,226,pattern_guessed_mx_verified,quick thought after finding Serenity Wellness Spa,"Hi there,

I came across Serenity Wellness Spa while researching top rated sauna studios in San Francisco and noticed you're holding a 4.9 rating across 226 reviews. Members who show up that consistently tend to want gear that says they are serious about the ritual, not just visiting once.

We're Merch Maverick, a factory direct supplier for branded sauna gear including hats, towels, and robes for studios like yours. No middlemen, no inflated agency pricing, just your logo on the exact ritual gear your members already associate with the experience.

I can get your first recovery beanie sample out at cost, no minimum order, no commitment beyond that.

Want me to go ahead and put that together?

Faiaz

Merch Maverick

themerchmaverick.com"
"Define Pilates Scottsdale, Reformer Pilates Studio",info@definepilatesaz.com,pilates,Phoenix,US,https://www.definepilatesaz.com/,4.9,214,pattern_guessed_mx_verified,"a small idea for Define Pilates Scottsdale, Reformer Pilates Studio's team","Hi there,

I came across Define Pilates Scottsdale, Reformer Pilates Studio while researching top rated reformer pilates studios in Phoenix and noticed you're holding a 4.9 rating across 214 reviews. That's the kind of loyalty that usually means members are proud to be part of the studio, not just attending classes.

We're Merch Maverick, a factory direct supplier of branded totes, mat bags, and studio apparel for pilates studios. We work without agency markups, so the pricing usually beats what local printers quote for the same quality.

I can hop on a quick free call about which fabric and colorway would actually hold up best for a branded headband in your space, no strings attached.

Should I send that your way?

Faiaz

Merch Maverick

themerchmaverick.com"
The Indoor Oasis,info@theindooroasis.com,sauna,Boston,US,http://theindooroasis.com/,4.9,203,pattern_guessed_mx_verified,quick question about The Indoor Oasis's retail shelf,"Hi there,

I came across The Indoor Oasis while researching top rated sauna studios in Boston and noticed you're holding a 4.9 rating across 203 reviews. That kind of consistency usually means people leave your space wanting to take a piece of the experience home with them.

We're Merch Maverick, a factory direct supplier for branded sauna gear including hats, towels, and robes for studios like yours. No middlemen, no inflated agency pricing, just your logo on the exact ritual gear your members already associate with the experience.

I can put together a free digital mockup of a The Indoor Oasis branded wool felt sauna hat within 48 hours, no cost and no obligation either way.

Would it be okay if I sent that over?

Faiaz

Merch Maverick

themerchmaverick.com"
New York Pilates SoHo,info@newyorkpilates.com,pilates,New York,US,https://www.newyorkpilates.com/soho-pilates-studio/,4.9,203,pattern_guessed_mx_verified,quick idea for New York Pilates SoHo's members,"Hi there,

I came across New York Pilates SoHo while researching top rated reformer pilates studios in New York and noticed you're holding a 4.9 rating across 203 reviews. That kind of rating usually means your members already see the studio as part of their identity, which is exactly when branded gear starts to sell itself.

We're Merch Maverick, a factory direct supplier of branded totes, mat bags, and studio apparel for pilates studios. We work without agency markups, so the pricing usually beats what local printers quote for the same quality.

I can get your first grip socks sample out at cost, no minimum order, no commitment beyond that.

Would that be useful to you?

Faiaz

Merch Maverick

themerchmaverick.com"
Zero Gravity Float & Massage,info@zerogravityfloatspa.com,cold_plunge,Manchester,GB,http://www.zerogravityfloatspa.com/,4.9,181,pattern_guessed_mx_verified,quick note for Zero Gravity Float & Massage,"Hi there,

I came across Zero Gravity Float & Massage while researching top rated cold plunge and sauna spaces in Manchester and noticed you're holding a 4.9 rating across 181 reviews. Numbers like that usually mean people leave talking about the experience, which is exactly the kind of thing branded gear tends to amplify.

We're Merch Maverick, a factory direct supplier of branded robes, towels, and recovery hoodies for studios like yours, no agency markups, just your logo on gear members already want.

I can hop on a quick free call about which fabric and colorway would actually hold up best for a quick dry towel in your space, no strings attached.

Want me to go ahead and put that together?

Faiaz

Merch Maverick

themerchmaverick.com"
WORTHY Self-Care Studio,info@worthyselfcare.com,sauna,San Francisco,US,https://worthyselfcare.com/?utm_source=MapForce&utm_medium=maps&utm_campaign=Maps&utm_id=maps,4.9,174,pattern_guessed_mx_verified,thought of WORTHY Self-Care Studio for something,"Hi there,

I came across WORTHY Self-Care Studio while researching top rated sauna studios in San Francisco and noticed you're holding a 4.9 rating across 174 reviews. Members who show up that consistently tend to want gear that says they are serious about the ritual, not just visiting once.

We're Merch Maverick, a factory direct supplier for branded sauna gear including hats, towels, and robes for studios like yours. No middlemen, no inflated agency pricing, just your logo on the exact ritual gear your members already associate with the experience.

I can mail over a free fabric swatch pack for the branded plunge robe line so you can feel the quality before deciding anything.

Should I send that your way?

Faiaz

Merch Maverick

themerchmaverick.com"
Polestar Pilates UK,info@polestarpilates.co.uk,pilates,London,GB,https://polestarpilates.co.uk/,4.9,174,pattern_guessed_mx_verified,"quick idea, Polestar Pilates UK","Hi there,

I came across Polestar Pilates UK while researching top rated reformer pilates studios in London and noticed you're holding a 4.9 rating across 174 reviews. That's the kind of loyalty that usually means members are proud to be part of the studio, not just attending classes.

We're Merch Maverick, a factory direct supplier of branded totes, mat bags, and studio apparel for pilates studios. We work without agency markups, so the pricing usually beats what local printers quote for the same quality.

I can put together a free digital mockup of a Polestar Pilates UK branded studio tote within 48 hours, no cost and no obligation either way.

Would it be okay if I sent that over?

Faiaz

Merch Maverick

themerchmaverick.com"
PAR Banya Comunal,info@parbanya.com,sauna,Barcelona,ES,https://parbanya.com/?utm_source=google&utm_medium=organic&utm_campaign=gbp_website,4.9,165,pattern_guessed_mx_verified,small idea for PAR Banya Comunal,"Hi there,

I came across PAR Banya Comunal while researching top rated sauna studios in Barcelona and noticed you're holding a 4.9 rating across 165 reviews. That kind of consistency usually means people leave your space wanting to take a piece of the experience home with them.

We're Merch Maverick, a factory direct supplier for branded sauna gear including hats, towels, and robes for studios like yours. No middlemen, no inflated agency pricing, just your logo on the exact ritual gear your members already associate with the experience.

I can hop on a quick free call about which fabric and colorway would actually hold up best for a quick dry ritual towel in your space, no strings attached.

Would that be useful to you?

Faiaz

Merch Maverick

themerchmaverick.com"
SUKU Saunas,info@sukusaunas.co.uk,sauna,Birmingham,GB,https://www.sukusaunas.co.uk/,4.9,163,pattern_guessed_mx_verified,curious if this is useful for SUKU Saunas,"Hi there,

I came across SUKU Saunas while researching top rated sauna studios in Birmingham and noticed you're holding a 4.9 rating across 163 reviews. Members who show up that consistently tend to want gear that says they are serious about the ritual, not just visiting once.

We're Merch Maverick, a factory direct supplier for branded sauna gear including hats, towels, and robes for studios like yours. No middlemen, no inflated agency pricing, just your logo on the exact ritual gear your members already associate with the experience.

I can get your first recovery beanie sample out at cost, no minimum order, no commitment beyond that.

Want me to go ahead and put that together?

Faiaz

Merch Maverick

themerchmaverick.com"
111CRYO - Cryotherapy London,info@111cryoheat.com,cold_plunge,London,GB,https://111cryoheat.com/,4.9,163,pattern_guessed_mx_verified,free something for 111CRYO - Cryotherapy London,"Hi there,

I came across 111CRYO - Cryotherapy London while researching top rated cold plunge and sauna spaces in London and noticed you're holding a 4.9 rating across 163 reviews. That kind of following usually means people already treat this as part of their routine, which is exactly when branded gear starts to matter.

We're Merch Maverick, a factory direct supplier of branded robes, towels, and recovery hoodies for studios like yours, no agency markups, just your logo on gear members already want.

I can get your first recovery beanie sample out at cost, no minimum order, no commitment beyond that.

Should I send that your way?

Faiaz

Merch Maverick

themerchmaverick.com"
"Blood, Sweat & Bodywork",info@bloodsweatbodywork.com,sauna,Phoenix,US,http://bloodsweatbodywork.com/,4.9,162,pattern_guessed_mx_verified,"quick thought after finding Blood, Sweat & Bodywork","Hi there,

I came across Blood, Sweat & Bodywork while researching top rated sauna studios in Phoenix and noticed you're holding a 4.9 rating across 162 reviews. That kind of consistency usually means people leave your space wanting to take a piece of the experience home with them.

We're Merch Maverick, a factory direct supplier for branded sauna gear including hats, towels, and robes for studios like yours. No middlemen, no inflated agency pricing, just your logo on the exact ritual gear your members already associate with the experience.

I can put together a free digital mockup of a Blood, Sweat & Bodywork branded wool felt sauna hat within 48 hours, no cost and no obligation either way.

Would it be okay if I sent that over?

Faiaz

Merch Maverick

themerchmaverick.com"
Strong Pilates Little Italy Toronto,info@strongpilates.ca,pilates,Toronto,CA,https://strongpilates.ca/little-italy-toronto/,4.9,159,pattern_guessed_mx_verified,a small idea for Strong Pilates Little Italy Toronto's team,"Hi there,

I came across Strong Pilates Little Italy Toronto while researching top rated reformer pilates studios in Toronto and noticed you're holding a 4.9 rating across 159 reviews. That kind of rating usually means your members already see the studio as part of their identity, which is exactly when branded gear starts to sell itself.

We're Merch Maverick, a factory direct supplier of branded totes, mat bags, and studio apparel for pilates studios. We work without agency markups, so the pricing usually beats what local printers quote for the same quality.

I can mail over a free fabric swatch pack for the mat bag line so you can feel the quality before deciding anything.

Would that be useful to you?

Faiaz

Merch Maverick

themerchmaverick.com"
cityWell brooklyn,info@citywellbrooklyn.com,cold_plunge,New York,US,http://citywellbrooklyn.com/,4.9,159,pattern_guessed_mx_verified,quick question about cityWell brooklyn's retail shelf,"Hi there,

I came across cityWell brooklyn while researching top rated cold plunge and sauna spaces in New York and noticed you're holding a 4.9 rating across 159 reviews. Numbers like that usually mean people leave talking about the experience, which is exactly the kind of thing branded gear tends to amplify.

We're Merch Maverick, a factory direct supplier of branded robes, towels, and recovery hoodies for studios like yours, no agency markups, just your logo on gear members already want.

I can put together a free digital mockup of a cityWell brooklyn branded branded robe within 48 hours, no cost and no obligation either way.

Want me to go ahead and put that together?

Faiaz

Merch Maverick

themerchmaverick.com"
Tigers Running Club,info@tigersrunningclub.com,run_club,Madrid,ES,http://www.tigersrunningclub.com/,4.9,153,pattern_guessed_mx_verified,quick idea for Tigers Running Club's members,"Hi there,

I came across Tigers Running Club while researching top rated run clubs in Madrid and noticed you're holding a 4.9 rating across 153 reviews. Numbers like that usually mean your club already feels like a third place for people, not just a Tuesday run.

We're Merch Maverick, a factory direct supplier of branded team tees, caps, and run club apparel. No agency markups, just gear your crew will actually wear outside of race day.

I can get your first finisher hoodie sample out at cost, no minimum order, no commitment beyond that.

Should I send that your way?

Faiaz

Merch Maverick

themerchmaverick.com"
Glow Pilates Reformer,info@glowpilatesreformer.com,pilates,Miami,US,https://glowpilatesreformer.com/,4.9,141,pattern_guessed_mx_verified,quick note for Glow Pilates Reformer,"Hi there,

I came across Glow Pilates Reformer while researching top rated reformer pilates studios in Miami and noticed you're holding a 4.9 rating across 141 reviews. That's the kind of loyalty that usually means members are proud to be part of the studio, not just attending classes.

We're Merch Maverick, a factory direct supplier of branded totes, mat bags, and studio apparel for pilates studios. We work without agency markups, so the pricing usually beats what local printers quote for the same quality.

I can hop on a quick free call about which fabric and colorway would actually hold up best for a branded headband in your space, no strings attached.

Would it be okay if I sent that over?

Faiaz

Merch Maverick

themerchmaverick.com"
BE Fit Modern Pilates,info@befitmp.com,pilates,Austin,US,https://befitmp.com/tx/austin-the-grove/,4.9,133,pattern_guessed_mx_verified,thought of BE Fit Modern Pilates for something,"Hi there,

I came across BE Fit Modern Pilates while researching top rated reformer pilates studios in Austin and noticed you're holding a 4.9 rating across 133 reviews. That kind of rating usually means your members already see the studio as part of their identity, which is exactly when branded gear starts to sell itself.

We're Merch Maverick, a factory direct supplier of branded totes, mat bags, and studio apparel for pilates studios. We work without agency markups, so the pricing usually beats what local printers quote for the same quality.

I can get your first grip socks sample out at cost, no minimum order, no commitment beyond that.

Would that be useful to you?

Faiaz

Merch Maverick

themerchmaverick.com"
Arctic Healing Cryo,info@ahcryo.com,cold_plunge,Houston,US,http://ahcryo.com/,4.9,132,pattern_guessed_mx_verified,"quick idea, Arctic Healing Cryo","Hi there,

I came across Arctic Healing Cryo while researching top rated cold plunge and sauna spaces in Houston and noticed you're holding a 4.9 rating across 132 reviews. That kind of following usually means people already treat this as part of their routine, which is exactly when branded gear starts to matter.

We're Merch Maverick, a factory direct supplier of branded robes, towels, and recovery hoodies for studios like yours, no agency markups, just your logo on gear members already want.

I can mail over a free fabric swatch pack for the recovery hoodie line so you can feel the quality before deciding anything.

Want me to go ahead and put that together?

Faiaz

Merch Maverick

themerchmaverick.com"
Spa Nima prive sauna Rotterdam,info@spanima.nl,sauna,Rotterdam,NL,http://www.spanima.nl/,4.9,131,pattern_guessed_mx_verified,small idea for Spa Nima prive sauna Rotterdam,"Hi there,

I came across Spa Nima prive sauna Rotterdam while researching top rated sauna studios in Rotterdam and noticed you're holding a 4.9 rating across 131 reviews. Members who show up that consistently tend to want gear that says they are serious about the ritual, not just visiting once.

We're Merch Maverick, a factory direct supplier for branded sauna gear including hats, towels, and robes for studios like yours. No middlemen, no inflated agency pricing, just your logo on the exact ritual gear your members already associate with the experience.

I can mail over a free fabric swatch pack for the branded plunge robe line so you can feel the quality before deciding anything.

Should I send that your way?

Faiaz

Merch Maverick

themerchmaverick.com"
Wild Haus Floating Saunas,info@thewildhaus.com,sauna,Washington,US,https://thewildhaus.com/,4.9,124,pattern_guessed_mx_verified,curious if this is useful for Wild Haus Floating Saunas,"Hi there,

I came across Wild Haus Floating Saunas while researching top rated sauna studios in Washington and noticed you're holding a 4.9 rating across 124 reviews. That kind of consistency usually means people leave your space wanting to take a piece of the experience home with them.

We're Merch Maverick, a factory direct supplier for branded sauna gear including hats, towels, and robes for studios like yours. No middlemen, no inflated agency pricing, just your logo on the exact ritual gear your members already associate with the experience.

I can hop on a quick free call about which fabric and colorway would actually hold up best for a quick dry ritual towel in your space, no strings attached.

Would it be okay if I sent that over?

Faiaz

Merch Maverick

themerchmaverick.com"
RuthPilates,info@ruthpilates.es,pilates,Madrid,ES,http://www.ruthpilates.es/,4.9,124,pattern_guessed_mx_verified,free something for RuthPilates,"Hi there,

I came across RuthPilates while researching top rated reformer pilates studios in Madrid and noticed you're holding a 4.9 rating across 124 reviews. That's the kind of loyalty that usually means members are proud to be part of the studio, not just attending classes.

We're Merch Maverick, a factory direct supplier of branded totes, mat bags, and studio apparel for pilates studios. We work without agency markups, so the pricing usually beats what local printers quote for the same quality.

I can put together a free digital mockup of a RuthPilates branded studio tote within 48 hours, no cost and no obligation either way.

Would that be useful to you?

Faiaz

Merch Maverick

themerchmaverick.com"
SweatHouz Pike and Rose Contrast Therapy Studio,info@sweathouz.com,sauna,Washington,US,https://sweathouz.com/pike-rose-book-now/,4.9,121,pattern_guessed_mx_verified,quick thought after finding SweatHouz Pike and Rose Contrast Therapy Studio,"Hi there,

I came across SweatHouz Pike and Rose Contrast Therapy Studio while researching top rated sauna studios in Washington and noticed you're holding a 4.9 rating across 121 reviews. Members who show up that consistently tend to want gear that says they are serious about the ritual, not just visiting once.

We're Merch Maverick, a factory direct supplier for branded sauna gear including hats, towels, and robes for studios like yours. No middlemen, no inflated agency pricing, just your logo on the exact ritual gear your members already associate with the experience.

I can get your first recovery beanie sample out at cost, no minimum order, no commitment beyond that.

Want me to go ahead and put that together?

Faiaz

Merch Maverick

themerchmaverick.com"
1of1spa,info@1of1spa.co.uk,sauna,Manchester,GB,http://www.1of1spa.co.uk/,4.9,113,pattern_guessed_mx_verified,a small idea for 1of1spa's team,"Hi there,

I came across 1of1spa while researching top rated sauna studios in Manchester and noticed you're holding a 4.9 rating across 113 reviews. That kind of consistency usually means people leave your space wanting to take a piece of the experience home with them.

We're Merch Maverick, a factory direct supplier for branded sauna gear including hats, towels, and robes for studios like yours. No middlemen, no inflated agency pricing, just your logo on the exact ritual gear your members already associate with the experience.

I can put together a free digital mockup of a 1of1spa branded wool felt sauna hat within 48 hours, no cost and no obligation either way.

Should I send that your way?

Faiaz

Merch Maverick

themerchmaverick.com"
The Wee Wild Sauna,info@weewildsauna.co.uk,sauna,Glasgow,GB,https://www.weewildsauna.co.uk/,4.9,110,pattern_guessed_mx_verified,quick question about The Wee Wild Sauna's retail shelf,"Hi there,

I came across The Wee Wild Sauna while researching top rated sauna studios in Glasgow and noticed you're holding a 4.9 rating across 110 reviews. Members who show up that consistently tend to want gear that says they are serious about the ritual, not just visiting once.

We're Merch Maverick, a factory direct supplier for branded sauna gear including hats, towels, and robes for studios like yours. No middlemen, no inflated agency pricing, just your logo on the exact ritual gear your members already associate with the experience.

I can mail over a free fabric swatch pack for the branded plunge robe line so you can feel the quality before deciding anything.

Would it be okay if I sent that over?

Faiaz

Merch Maverick

themerchmaverick.com"
Saunabearlang Kft.,info@saunabearlang.com,sauna,Budapest,HU,http://saunabearlang.com/,4.9,109,pattern_guessed_mx_verified,quick idea for Saunabearlang Kft.'s members,"Hi there,

I came across Saunabearlang Kft. while researching top rated sauna studios in Budapest and noticed you're holding a 4.9 rating across 109 reviews. That kind of consistency usually means people leave your space wanting to take a piece of the experience home with them.

We're Merch Maverick, a factory direct supplier for branded sauna gear including hats, towels, and robes for studios like yours. No middlemen, no inflated agency pricing, just your logo on the exact ritual gear your members already associate with the experience.

I can hop on a quick free call about which fabric and colorway would actually hold up best for a quick dry ritual towel in your space, no strings attached.

Would that be useful to you?

Faiaz

Merch Maverick

themerchmaverick.com"
La Petite Maison Du Bien-Être Paris,info@lapetitemaisondubienetre.com,sauna,Paris,FR,http://lapetitemaisondubienetre.com/,4.9,109,pattern_guessed_mx_verified,quick note for La Petite Maison Du Bien-Être Paris,"Hi there,

I came across La Petite Maison Du Bien-Être Paris while researching top rated sauna studios in Paris and noticed you're holding a 4.9 rating across 109 reviews. Members who show up that consistently tend to want gear that says they are serious about the ritual, not just visiting once.

We're Merch Maverick, a factory direct supplier for branded sauna gear including hats, towels, and robes for studios like yours. No middlemen, no inflated agency pricing, just your logo on the exact ritual gear your members already associate with the experience.

I can get your first recovery beanie sample out at cost, no minimum order, no commitment beyond that.

Want me to go ahead and put that together?

Faiaz

Merch Maverick

themerchmaverick.com"
Reformer Club Haidhausen,info@reformer-club.com,pilates,Munich,DE,http://www.reformer-club.com/munich-haidhausen,4.9,104,pattern_guessed_mx_verified,thought of Reformer Club Haidhausen for something,"Hi there,

I came across Reformer Club Haidhausen while researching top rated reformer pilates studios in Munich and noticed you're holding a 4.9 rating across 104 reviews. That kind of rating usually means your members already see the studio as part of their identity, which is exactly when branded gear starts to sell itself.

We're Merch Maverick, a factory direct supplier of branded totes, mat bags, and studio apparel for pilates studios. We work without agency markups, so the pricing usually beats what local printers quote for the same quality.

I can mail over a free fabric swatch pack for the mat bag line so you can feel the quality before deciding anything.

Should I send that your way?

Faiaz

Merch Maverick

themerchmaverick.com"
Salzgrotte Köln,info@salzgrotte-koeln.de,sauna,Cologne,DE,http://www.salzgrotte-koeln.de/,4.9,102,pattern_guessed_mx_verified,"quick idea, Salzgrotte Köln","Hi there,

I came across Salzgrotte Köln while researching top rated sauna studios in Cologne and noticed you're holding a 4.9 rating across 102 reviews. That kind of consistency usually means people leave your space wanting to take a piece of the experience home with them.

We're Merch Maverick, a factory direct supplier for branded sauna gear including hats, towels, and robes for studios like yours. No middlemen, no inflated agency pricing, just your logo on the exact ritual gear your members already associate with the experience.

I can put together a free digital mockup of a Salzgrotte Köln branded wool felt sauna hat within 48 hours, no cost and no obligation either way.

Would it be okay if I sent that over?

Faiaz

Merch Maverick

themerchmaverick.com"
PILATES COLOGNE Annette Dressler & Katharina Meier,info@pilatescologne.de,pilates,Cologne,DE,http://www.pilatescologne.de/,4.9,95,pattern_guessed_mx_verified,small idea for PILATES COLOGNE Annette Dressler & Katharina Meier,"Hi there,

I came across PILATES COLOGNE Annette Dressler & Katharina Meier while researching top rated reformer pilates studios in Cologne and noticed you're holding a 4.9 rating across 95 reviews. That's the kind of loyalty that usually means members are proud to be part of the studio, not just attending classes.

We're Merch Maverick, a factory direct supplier of branded totes, mat bags, and studio apparel for pilates studios. We work without agency markups, so the pricing usually beats what local printers quote for the same quality.

I can hop on a quick free call about which fabric and colorway would actually hold up best for a branded headband in your space, no strings attached.

Would that be useful to you?

Faiaz

Merch Maverick

themerchmaverick.com"
Sola Reformer Pilates & Barre,info@solareformer.com,pilates,London,GB,https://www.solareformer.com/,4.9,91,pattern_guessed_mx_verified,curious if this is useful for Sola Reformer Pilates & Barre,"Hi there,

I came across Sola Reformer Pilates & Barre while researching top rated reformer pilates studios in London and noticed you're holding a 4.9 rating across 91 reviews. That kind of rating usually means your members already see the studio as part of their identity, which is exactly when branded gear starts to sell itself.

We're Merch Maverick, a factory direct supplier of branded totes, mat bags, and studio apparel for pilates studios. We work without agency markups, so the pricing usually beats what local printers quote for the same quality.

I can get your first grip socks sample out at cost, no minimum order, no commitment beyond that.

Want me to go ahead and put that together?

Faiaz

Merch Maverick

themerchmaverick.com"
Chicago CryoSpa,info@chicagocryospa.com,cold_plunge,Chicago,US,https://www.chicagocryospa.com/,4.9,86,pattern_guessed_mx_verified,free something for Chicago CryoSpa,"Hi there,

I came across Chicago CryoSpa while researching top rated cold plunge and sauna spaces in Chicago and noticed you're holding a 4.9 rating across 86 reviews. Numbers like that usually mean people leave talking about the experience, which is exactly the kind of thing branded gear tends to amplify.

We're Merch Maverick, a factory direct supplier of branded robes, towels, and recovery hoodies for studios like yours, no agency markups, just your logo on gear members already want.

I can hop on a quick free call about which fabric and colorway would actually hold up best for a quick dry towel in your space, no strings attached.

Should I send that your way?

Faiaz

Merch Maverick

themerchmaverick.com"
REFINED Reformer,info@refinedreformer.com,pilates,Toronto,CA,https://refinedreformer.com/,4.9,84,pattern_guessed_mx_verified,quick thought after finding REFINED Reformer,"Hi there,

I came across REFINED Reformer while researching top rated reformer pilates studios in Toronto and noticed you're holding a 4.9 rating across 84 reviews. That's the kind of loyalty that usually means members are proud to be part of the studio, not just attending classes.

We're Merch Maverick, a factory direct supplier of branded totes, mat bags, and studio apparel for pilates studios. We work without agency markups, so the pricing usually beats what local printers quote for the same quality.

I can put together a free digital mockup of a REFINED Reformer branded studio tote within 48 hours, no cost and no obligation either way.

Would it be okay if I sent that over?

Faiaz

Merch Maverick

themerchmaverick.com"
Reset Sauna,info@resetsauna.com,sauna,London,GB,https://resetsauna.com/,4.9,83,pattern_guessed_mx_verified,a small idea for Reset Sauna's team,"Hi there,

I came across Reset Sauna while researching top rated sauna studios in London and noticed you're holding a 4.9 rating across 83 reviews. Members who show up that consistently tend to want gear that says they are serious about the ritual, not just visiting once.

We're Merch Maverick, a factory direct supplier for branded sauna gear including hats, towels, and robes for studios like yours. No middlemen, no inflated agency pricing, just your logo on the exact ritual gear your members already associate with the experience.

I can mail over a free fabric swatch pack for the branded plunge robe line so you can feel the quality before deciding anything.

Would that be useful to you?

Faiaz

Merch Maverick

themerchmaverick.com"
FKK Club Atlantis Munich,info@atlantis-munich.de,sauna,Munich,DE,https://atlantis-munich.de/,4.9,83,pattern_guessed_mx_verified,quick question about FKK Club Atlantis Munich's retail shelf,"Hi there,

I came across FKK Club Atlantis Munich while researching top rated sauna studios in Munich and noticed you're holding a 4.9 rating across 83 reviews. That kind of consistency usually means people leave your space wanting to take a piece of the experience home with them.

We're Merch Maverick, a factory direct supplier for branded sauna gear including hats, towels, and robes for studios like yours. No middlemen, no inflated agency pricing, just your logo on the exact ritual gear your members already associate with the experience.

I can hop on a quick free call about which fabric and colorway would actually hold up best for a quick dry ritual towel in your space, no strings attached.

Want me to go ahead and put that together?

Faiaz

Merch Maverick

themerchmaverick.com"
BioSpa,info@biospa.es,sauna,Madrid,ES,http://biospa.es/,4.9,81,pattern_guessed_mx_verified,quick idea for BioSpa's members,"Hi there,

I came across BioSpa while researching top rated sauna studios in Madrid and noticed you're holding a 4.9 rating across 81 reviews. Members who show up that consistently tend to want gear that says they are serious about the ritual, not just visiting once.

We're Merch Maverick, a factory direct supplier for branded sauna gear including hats, towels, and robes for studios like yours. No middlemen, no inflated agency pricing, just your logo on the exact ritual gear your members already associate with the experience.

I can get your first recovery beanie sample out at cost, no minimum order, no commitment beyond that.

Should I send that your way?

Faiaz

Merch Maverick

themerchmaverick.com"
Reformed Pilates,info@reformedpilates.com,pilates,Phoenix,US,https://reformedpilates.com/,4.9,80,pattern_guessed_mx_verified,quick note for Reformed Pilates,"Hi there,

I came across Reformed Pilates while researching top rated reformer pilates studios in Phoenix and noticed you're holding a 4.9 rating across 80 reviews. That kind of rating usually means your members already see the studio as part of their identity, which is exactly when branded gear starts to sell itself.

We're Merch Maverick, a factory direct supplier of branded totes, mat bags, and studio apparel for pilates studios. We work without agency markups, so the pricing usually beats what local printers quote for the same quality.

I can mail over a free fabric swatch pack for the mat bag line so you can feel the quality before deciding anything.

Would it be okay if I sent that over?

Faiaz

Merch Maverick

themerchmaverick.com"
Destino Estudio Pilates,info@destinoestudiopilates.com,pilates,Madrid,ES,https://destinoestudiopilates.com/,4.9,79,pattern_guessed_mx_verified,thought of Destino Estudio Pilates for something,"Hi there,

I came across Destino Estudio Pilates while researching top rated reformer pilates studios in Madrid and noticed you're holding a 4.9 rating across 79 reviews. That's the kind of loyalty that usually means members are proud to be part of the studio, not just attending classes.

We're Merch Maverick, a factory direct supplier of branded totes, mat bags, and studio apparel for pilates studios. We work without agency markups, so the pricing usually beats what local printers quote for the same quality.

I can hop on a quick free call about which fabric and colorway would actually hold up best for a branded headband in your space, no strings attached.

Would that be useful to you?

Faiaz

Merch Maverick

themerchmaverick.com"
corelab Frankfurt,info@corelabstudios.com,pilates,Frankfurt,DE,http://www.corelabstudios.com/,4.9,74,pattern_guessed_mx_verified,"quick idea, corelab Frankfurt","Hi there,

I came across corelab Frankfurt while researching top rated reformer pilates studios in Frankfurt and noticed you're holding a 4.9 rating across 74 reviews. That kind of rating usually means your members already see the studio as part of their identity, which is exactly when branded gear starts to sell itself.

We're Merch Maverick, a factory direct supplier of branded totes, mat bags, and studio apparel for pilates studios. We work without agency markups, so the pricing usually beats what local printers quote for the same quality.

I can get your first grip socks sample out at cost, no minimum order, no commitment beyond that.

Want me to go ahead and put that together?

Faiaz

Merch Maverick

themerchmaverick.com"
ALIGN Pilates Studios West,info@alignpilatesstudios.com,pilates,Austin,US,https://www.alignpilatesstudios.com/,4.9,70,pattern_guessed_mx_verified,small idea for ALIGN Pilates Studios West,"Hi there,

I came across ALIGN Pilates Studios West while researching top rated reformer pilates studios in Austin and noticed you're holding a 4.9 rating across 70 reviews. That's the kind of loyalty that usually means members are proud to be part of the studio, not just attending classes.

We're Merch Maverick, a factory direct supplier of branded totes, mat bags, and studio apparel for pilates studios. We work without agency markups, so the pricing usually beats what local printers quote for the same quality.

I can put together a free digital mockup of a ALIGN Pilates Studios West branded studio tote within 48 hours, no cost and no obligation either way.

Should I send that your way?

Faiaz

Merch Maverick

themerchmaverick.com"
Club PROAM,info@proamtraining.com,run_club,Barcelona,ES,https://www.proamtraining.com/,4.9,68,pattern_guessed_mx_verified,curious if this is useful for Club PROAM,"Hi there,

I came across Club PROAM while researching top rated run clubs in Barcelona and noticed you're holding a 4.9 rating across 68 reviews. That kind of following usually means your crew is already repping your name everywhere they go.

We're Merch Maverick, a factory direct supplier of branded team tees, caps, and run club apparel. No agency markups, just gear your crew will actually wear outside of race day.

I can put together a free digital mockup of a Club PROAM branded team tee within 48 hours, no cost and no obligation either way.

Would it be okay if I sent that over?

Faiaz

Merch Maverick

themerchmaverick.com"
KälteLounge Berlin,info@kaeltelounge-kryotherapie.de,cold_plunge,Berlin,DE,https://kaeltelounge-kryotherapie.de/,4.9,66,pattern_guessed_mx_verified,free something for KälteLounge Berlin,"Hi there,

I came across KälteLounge Berlin while researching top rated cold plunge and sauna spaces in Berlin and noticed you're holding a 4.9 rating across 66 reviews. That kind of following usually means people already treat this as part of their routine, which is exactly when branded gear starts to matter.

We're Merch Maverick, a factory direct supplier of branded robes, towels, and recovery hoodies for studios like yours, no agency markups, just your logo on gear members already want.

I can get your first recovery beanie sample out at cost, no minimum order, no commitment beyond that.

Would that be useful to you?

Faiaz

Merch Maverick

themerchmaverick.com"
SALA 3 - Pilates Reformer Health Club,info@salatres.com,pilates,Barcelona,ES,https://www.salatres.com/,4.9,65,pattern_guessed_mx_verified,quick thought after finding SALA 3 - Pilates Reformer Health Club,"Hi there,

I came across SALA 3 - Pilates Reformer Health Club while researching top rated reformer pilates studios in Barcelona and noticed you're holding a 4.9 rating across 65 reviews. That kind of rating usually means your members already see the studio as part of their identity, which is exactly when branded gear starts to sell itself.

We're Merch Maverick, a factory direct supplier of branded totes, mat bags, and studio apparel for pilates studios. We work without agency markups, so the pricing usually beats what local printers quote for the same quality.

I can mail over a free fabric swatch pack for the mat bag line so you can feel the quality before deciding anything.

Want me to go ahead and put that together?

Faiaz

Merch Maverick

themerchmaverick.com"
CORE Recovery Lounge,info@connectandrecover.com,sauna,Houston,US,https://www.connectandrecover.com/,4.9,63,pattern_guessed_mx_verified,a small idea for CORE Recovery Lounge's team,"Hi there,

I came across CORE Recovery Lounge while researching top rated sauna studios in Houston and noticed you're holding a 4.9 rating across 63 reviews. That kind of consistency usually means people leave your space wanting to take a piece of the experience home with them.

We're Merch Maverick, a factory direct supplier for branded sauna gear including hats, towels, and robes for studios like yours. No middlemen, no inflated agency pricing, just your logo on the exact ritual gear your members already associate with the experience.

I can put together a free digital mockup of a CORE Recovery Lounge branded wool felt sauna hat within 48 hours, no cost and no obligation either way.

Should I send that your way?

Faiaz

Merch Maverick

themerchmaverick.com"
Real Authentic Wellness (R.A.W.) | Chicago,info@realauthenticwellness.com,sauna,Chicago,US,https://www.realauthenticwellness.com/,4.9,62,pattern_guessed_mx_verified,quick question about Real Authentic Wellness (R.A.W.) | Chicago's retail shelf,"Hi there,

I came across Real Authentic Wellness (R.A.W.) | Chicago while researching top rated sauna studios in Chicago and noticed you're holding a 4.9 rating across 62 reviews. Members who show up that consistently tend to want gear that says they are serious about the ritual, not just visiting once.

We're Merch Maverick, a factory direct supplier for branded sauna gear including hats, towels, and robes for studios like yours. No middlemen, no inflated agency pricing, just your logo on the exact ritual gear your members already associate with the experience.

I can mail over a free fabric swatch pack for the branded plunge robe line so you can feel the quality before deciding anything.

Would it be okay if I sent that over?

Faiaz

Merch Maverick

themerchmaverick.com"
Wild Scottish Sauna Eden Springs,info@wildscottishsauna.com,sauna,Edinburgh,GB,https://www.wildscottishsauna.com/,4.9,61,pattern_guessed_mx_verified,quick idea for Wild Scottish Sauna Eden Springs's members,"Hi there,

I came across Wild Scottish Sauna Eden Springs while researching top rated sauna studios in Edinburgh and noticed you're holding a 4.9 rating across 61 reviews. That kind of consistency usually means people leave your space wanting to take a piece of the experience home with them.

We're Merch Maverick, a factory direct supplier for branded sauna gear including hats, towels, and robes for studios like yours. No middlemen, no inflated agency pricing, just your logo on the exact ritual gear your members already associate with the experience.

I can hop on a quick free call about which fabric and colorway would actually hold up best for a quick dry ritual towel in your space, no strings attached.

Would that be useful to you?

Faiaz

Merch Maverick

themerchmaverick.com"
Avalon Pilates Clapham - Boutique Reformer Pilates Studio,info@avalonpilates.com,pilates,London,GB,https://www.avalonpilates.com/,4.9,60,pattern_guessed_mx_verified,quick note for Avalon Pilates Clapham - Boutique Reformer Pilates Studio,"Hi there,

I came across Avalon Pilates Clapham - Boutique Reformer Pilates Studio while researching top rated reformer pilates studios in London and noticed you're holding a 4.9 rating across 60 reviews. That's the kind of loyalty that usually means members are proud to be part of the studio, not just attending classes.

We're Merch Maverick, a factory direct supplier of branded totes, mat bags, and studio apparel for pilates studios. We work without agency markups, so the pricing usually beats what local printers quote for the same quality.

I can hop on a quick free call about which fabric and colorway would actually hold up best for a branded headband in your space, no strings attached.

Want me to go ahead and put that together?

Faiaz

Merch Maverick

themerchmaverick.com"
Sculpt in Haus,info@sculptinhaus.com,pilates,Manchester,GB,https://sculptinhaus.com/,4.9,58,pattern_guessed_mx_verified,thought of Sculpt in Haus for something,"Hi there,

I came across Sculpt in Haus while researching top rated reformer pilates studios in Manchester and noticed you're holding a 4.9 rating across 58 reviews. That kind of rating usually means your members already see the studio as part of their identity, which is exactly when branded gear starts to sell itself.

We're Merch Maverick, a factory direct supplier of branded totes, mat bags, and studio apparel for pilates studios. We work without agency markups, so the pricing usually beats what local printers quote for the same quality.

I can get your first grip socks sample out at cost, no minimum order, no commitment beyond that.

Should I send that your way?

Faiaz

Merch Maverick

themerchmaverick.com"
Sacred Sauna Mood,info@thesacredsauna.se,sauna,Stockholm,SE,https://www.thesacredsauna.se/,4.9,54,pattern_guessed_mx_verified,"quick idea, Sacred Sauna Mood","Hi there,

I came across Sacred Sauna Mood while researching top rated sauna studios in Stockholm and noticed you're holding a 4.9 rating across 54 reviews. Members who show up that consistently tend to want gear that says they are serious about the ritual, not just visiting once.

We're Merch Maverick, a factory direct supplier for branded sauna gear including hats, towels, and robes for studios like yours. No middlemen, no inflated agency pricing, just your logo on the exact ritual gear your members already associate with the experience.

I can get your first recovery beanie sample out at cost, no minimum order, no commitment beyond that.

Would it be okay if I sent that over?

Faiaz

Merch Maverick

themerchmaverick.com"
"Articulate Bodies - A Pilates, Movement and Manual Therapy Studio in Midtown Toronto",info@torontopilatesstudio.com,pilates,Toronto,CA,http://www.torontopilatesstudio.com/,4.9,50,pattern_guessed_mx_verified,"small idea for Articulate Bodies - A Pilates, Movement and Manual Therapy Studio in Midtown Toronto","Hi there,

I came across Articulate Bodies - A Pilates, Movement and Manual Therapy Studio in Midtown Toronto while researching top rated reformer pilates studios in Toronto and noticed you're holding a 4.9 rating across 50 reviews. That's the kind of loyalty that usually means members are proud to be part of the studio, not just attending classes.

We're Merch Maverick, a factory direct supplier of branded totes, mat bags, and studio apparel for pilates studios. We work without agency markups, so the pricing usually beats what local printers quote for the same quality.

I can put together a free digital mockup of a Articulate Bodies - A Pilates, Movement and Manual Therapy Studio in Midtown Toronto branded studio tote within 48 hours, no cost and no obligation either way.

Would that be useful to you?

Faiaz

Merch Maverick

themerchmaverick.com"
Alter | Leslieville,info@alterwellness.ca,sauna,Toronto,CA,https://www.alterwellness.ca/,4.9,49,pattern_guessed_mx_verified,curious if this is useful for Alter | Leslieville,"Hi there,

I came across Alter | Leslieville while researching top rated sauna studios in Toronto and noticed you're holding a 4.9 rating across 49 reviews. That kind of consistency usually means people leave your space wanting to take a piece of the experience home with them.

We're Merch Maverick, a factory direct supplier for branded sauna gear including hats, towels, and robes for studios like yours. No middlemen, no inflated agency pricing, just your logo on the exact ritual gear your members already associate with the experience.

I can put together a free digital mockup of a Alter | Leslieville branded wool felt sauna hat within 48 hours, no cost and no obligation either way.

Want me to go ahead and put that together?

Faiaz

Merch Maverick

themerchmaverick.com"
Balanzs Rotterdam,info@balanzs.nl,pilates,Rotterdam,NL,http://www.balanzs.nl/,4.9,45,pattern_guessed_mx_verified,free something for Balanzs Rotterdam,"Hi there,

I came across Balanzs Rotterdam while researching top rated reformer pilates studios in Rotterdam and noticed you're holding a 4.9 rating across 45 reviews. That kind of rating usually means your members already see the studio as part of their identity, which is exactly when branded gear starts to sell itself.

We're Merch Maverick, a factory direct supplier of branded totes, mat bags, and studio apparel for pilates studios. We work without agency markups, so the pricing usually beats what local printers quote for the same quality.

I can mail over a free fabric swatch pack for the mat bag line so you can feel the quality before deciding anything.

Should I send that your way?

Faiaz

Merch Maverick

themerchmaverick.com"
Pilates Köln-Junkersdorf,info@pilates-koeln-junkersdorf.de,pilates,Cologne,DE,http://www.pilates-koeln-junkersdorf.de/,4.9,43,pattern_guessed_mx_verified,quick thought after finding Pilates Köln-Junkersdorf,"Hi there,

I came across Pilates Köln-Junkersdorf while researching top rated reformer pilates studios in Cologne and noticed you're holding a 4.9 rating across 43 reviews. That's the kind of loyalty that usually means members are proud to be part of the studio, not just attending classes.

We're Merch Maverick, a factory direct supplier of branded totes, mat bags, and studio apparel for pilates studios. We work without agency markups, so the pricing usually beats what local printers quote for the same quality.

I can hop on a quick free call about which fabric and colorway would actually hold up best for a branded headband in your space, no strings attached.

Would it be okay if I sent that over?

Faiaz

Merch Maverick

themerchmaverick.com"
Longevity Lab,info@longevitylabaz.com,sauna,Phoenix,US,https://www.longevitylabaz.com/,4.9,38,pattern_guessed_mx_verified,a small idea for Longevity Lab's team,"Hi there,

I came across Longevity Lab while researching top rated sauna studios in Phoenix and noticed you're holding a 4.9 rating across 38 reviews. Members who show up that consistently tend to want gear that says they are serious about the ritual, not just visiting once.

We're Merch Maverick, a factory direct supplier for branded sauna gear including hats, towels, and robes for studios like yours. No middlemen, no inflated agency pricing, just your logo on the exact ritual gear your members already associate with the experience.

I can mail over a free fabric swatch pack for the branded plunge robe line so you can feel the quality before deciding anything.

Would that be useful to you?

Faiaz

Merch Maverick

themerchmaverick.com"
Nearing Total Health,info@nearingtotalhealth.com,cold_plunge,Washington,US,https://www.nearingtotalhealth.com/,4.9,38,pattern_guessed_mx_verified,quick question about Nearing Total Health's retail shelf,"Hi there,

I came across Nearing Total Health while researching top rated cold plunge and sauna spaces in Washington and noticed you're holding a 4.9 rating across 38 reviews. Numbers like that usually mean people leave talking about the experience, which is exactly the kind of thing branded gear tends to amplify.

We're Merch Maverick, a factory direct supplier of branded robes, towels, and recovery hoodies for studios like yours, no agency markups, just your logo on gear members already want.

I can put together a free digital mockup of a Nearing Total Health branded branded robe within 48 hours, no cost and no obligation either way.

Want me to go ahead and put that together?

Faiaz

Merch Maverick

themerchmaverick.com"
Boston Body Pilates - North End/Waterfront,info@bostonbody.com,pilates,Boston,US,http://www.bostonbody.com/,4.9,36,pattern_guessed_mx_verified,quick idea for Boston Body Pilates - North End/Waterfront's members,"Hi there,

I came across Boston Body Pilates - North End/Waterfront while researching top rated reformer pilates studios in Boston and noticed you're holding a 4.9 rating across 36 reviews. That kind of rating usually means your members already see the studio as part of their identity, which is exactly when branded gear starts to sell itself.

We're Merch Maverick, a factory direct supplier of branded totes, mat bags, and studio apparel for pilates studios. We work without agency markups, so the pricing usually beats what local printers quote for the same quality.

I can get your first grip socks sample out at cost, no minimum order, no commitment beyond that.

Should I send that your way?

Faiaz

Merch Maverick

themerchmaverick.com"
Sport Cryo North Phoenix,info@sportcryo.com,cold_plunge,Phoenix,US,http://www.sportcryo.com/,4.9,35,pattern_guessed_mx_verified,quick note for Sport Cryo North Phoenix,"Hi there,

I came across Sport Cryo North Phoenix while researching top rated cold plunge and sauna spaces in Phoenix and noticed you're holding a 4.9 rating across 35 reviews. That kind of following usually means people already treat this as part of their routine, which is exactly when branded gear starts to matter.

We're Merch Maverick, a factory direct supplier of branded robes, towels, and recovery hoodies for studios like yours, no agency markups, just your logo on gear members already want.

I can mail over a free fabric swatch pack for the recovery hoodie line so you can feel the quality before deciding anything.

Would it be okay if I sent that over?

Faiaz

Merch Maverick

themerchmaverick.com"
Concrete Pilates,info@concretepilates.com,pilates,Phoenix,US,https://concretepilates.com/,4.9,28,pattern_guessed_mx_verified,thought of Concrete Pilates for something,"Hi there,

I came across Concrete Pilates while researching top rated reformer pilates studios in Phoenix and noticed you're holding a 4.9 rating across 28 reviews. That's the kind of loyalty that usually means members are proud to be part of the studio, not just attending classes.

We're Merch Maverick, a factory direct supplier of branded totes, mat bags, and studio apparel for pilates studios. We work without agency markups, so the pricing usually beats what local printers quote for the same quality.

I can put together a free digital mockup of a Concrete Pilates branded studio tote within 48 hours, no cost and no obligation either way.

Would that be useful to you?

Faiaz

Merch Maverick

themerchmaverick.com"
Pilates with Steph,info@pilateswithsteph.co.uk,pilates,Bristol,GB,https://www.pilateswithsteph.co.uk/,4.9,18,pattern_guessed_mx_verified,"quick idea, Pilates with Steph","Hi there,

I came across Pilates with Steph while researching top rated reformer pilates studios in Bristol and noticed you're holding a 4.9 rating across 18 reviews. That kind of rating usually means your members already see the studio as part of their identity, which is exactly when branded gear starts to sell itself.

We're Merch Maverick, a factory direct supplier of branded totes, mat bags, and studio apparel for pilates studios. We work without agency markups, so the pricing usually beats what local printers quote for the same quality.

I can mail over a free fabric swatch pack for the mat bag line so you can feel the quality before deciding anything.

Want me to go ahead and put that together?

Faiaz

Merch Maverick

themerchmaverick.com"
JOY Reformer Pilates,info@joystudio.uk,pilates,Manchester,GB,https://joystudio.uk/,4.9,17,pattern_guessed_mx_verified,small idea for JOY Reformer Pilates,"Hi there,

I came across JOY Reformer Pilates while researching top rated reformer pilates studios in Manchester and noticed you're holding a 4.9 rating across 17 reviews. That's the kind of loyalty that usually means members are proud to be part of the studio, not just attending classes.

We're Merch Maverick, a factory direct supplier of branded totes, mat bags, and studio apparel for pilates studios. We work without agency markups, so the pricing usually beats what local printers quote for the same quality.

I can hop on a quick free call about which fabric and colorway would actually hold up best for a branded headband in your space, no strings attached.

Should I send that your way?

Faiaz

Merch Maverick

themerchmaverick.com"
Saunos,info@legitfit.com,sauna,London,GB,https://www.legitfit.com/p/timetable/saunoslimited,4.9,15,pattern_guessed_mx_verified,curious if this is useful for Saunos,"Hi there,

I came across Saunos while researching top rated sauna studios in London and noticed you're holding a 4.9 rating across 15 reviews. That kind of consistency usually means people leave your space wanting to take a piece of the experience home with them.

We're Merch Maverick, a factory direct supplier for branded sauna gear including hats, towels, and robes for studios like yours. No middlemen, no inflated agency pricing, just your logo on the exact ritual gear your members already associate with the experience.

I can hop on a quick free call about which fabric and colorway would actually hold up best for a quick dry ritual towel in your space, no strings attached.

Would it be okay if I sent that over?

Faiaz

Merch Maverick

themerchmaverick.com"
safe space paris,info@facebook.com,sauna,Paris,FR,https://www.facebook.com/SafeSpaceMassageParis,4.9,12,pattern_guessed_mx_verified,free something for safe space paris,"Hi there,

I came across safe space paris while researching top rated sauna studios in Paris and noticed you're holding a 4.9 rating across 12 reviews. Members who show up that consistently tend to want gear that says they are serious about the ritual, not just visiting once.

We're Merch Maverick, a factory direct supplier for branded sauna gear including hats, towels, and robes for studios like yours. No middlemen, no inflated agency pricing, just your logo on the exact ritual gear your members already associate with the experience.

I can get your first recovery beanie sample out at cost, no minimum order, no commitment beyond that.

Would that be useful to you?

Faiaz

Merch Maverick

themerchmaverick.com"
BodyBase Studios Hillegersberg White Label,info@bodybase.com,pilates,Rotterdam,NL,http://www.bodybase.com/,4.9,12,pattern_guessed_mx_verified,quick thought after finding BodyBase Studios Hillegersberg White Label,"Hi there,

I came across BodyBase Studios Hillegersberg White Label while researching top rated reformer pilates studios in Rotterdam and noticed you're holding a 4.9 rating across 12 reviews. That kind of rating usually means your members already see the studio as part of their identity, which is exactly when branded gear starts to sell itself.

We're Merch Maverick, a factory direct supplier of branded totes, mat bags, and studio apparel for pilates studios. We work without agency markups, so the pricing usually beats what local printers quote for the same quality.

I can get your first grip socks sample out at cost, no minimum order, no commitment beyond that.

Want me to go ahead and put that together?

Faiaz

Merch Maverick

themerchmaverick.com"
Lush Spa Birmingham,info@lush.com,cold_plunge,Birmingham,GB,https://www.lush.com/uk/en?y_source=1_MjI1MzY4ODAtNzE1LWxvY2F0aW9uLndlYnNpdGU%3D,4.8,3263,pattern_guessed_mx_verified,a small idea for Lush Spa Birmingham's team,"Hi there,

I came across Lush Spa Birmingham while researching top rated cold plunge and sauna spaces in Birmingham and noticed you're holding a 4.8 rating across 3263 reviews. Numbers like that usually mean people leave talking about the experience, which is exactly the kind of thing branded gear tends to amplify.

We're Merch Maverick, a factory direct supplier of branded robes, towels, and recovery hoodies for studios like yours, no agency markups, just your logo on gear members already want.

I can hop on a quick free call about which fabric and colorway would actually hold up best for a quick dry towel in your space, no strings attached.

Should I send that your way?

Faiaz

Merch Maverick

themerchmaverick.com"
Fitness First Frankfurt - Opernplatz,info@fitnessfirst.de,sauna,Frankfurt,DE,https://www.fitnessfirst.de/clubs/frankfurt-opernplatz?em_cmp=google/yext/gmb-listing&utm_medium=organic&utm_source=gmb-listing&utm_campaign=yext,4.8,2963,pattern_guessed_mx_verified,quick question about Fitness First Frankfurt - Opernplatz's retail shelf,"Hi there,

I came across Fitness First Frankfurt - Opernplatz while researching top rated sauna studios in Frankfurt and noticed you're holding a 4.8 rating across 2963 reviews. That kind of consistency usually means people leave your space wanting to take a piece of the experience home with them.

We're Merch Maverick, a factory direct supplier for branded sauna gear including hats, towels, and robes for studios like yours. No middlemen, no inflated agency pricing, just your logo on the exact ritual gear your members already associate with the experience.

I can put together a free digital mockup of a Fitness First Frankfurt - Opernplatz branded wool felt sauna hat within 48 hours, no cost and no obligation either way.

Would it be okay if I sent that over?

Faiaz

Merch Maverick

themerchmaverick.com"
MyWellness Berlin Wilmersdorf,info@mywellness.de,sauna,Berlin,DE,https://mywellness.de/standorte/berlin-wilmersdorf/?utm_source=GMB&utm_medium=Yext,4.8,2212,pattern_guessed_mx_verified,quick idea for MyWellness Berlin Wilmersdorf's members,"Hi there,

I came across MyWellness Berlin Wilmersdorf while researching top rated sauna studios in Berlin and noticed you're holding a 4.8 rating across 2212 reviews. Members who show up that consistently tend to want gear that says they are serious about the ritual, not just visiting once.

We're Merch Maverick, a factory direct supplier for branded sauna gear including hats, towels, and robes for studios like yours. No middlemen, no inflated agency pricing, just your logo on the exact ritual gear your members already associate with the experience.

I can mail over a free fabric swatch pack for the branded plunge robe line so you can feel the quality before deciding anything.

Would that be useful to you?

Faiaz

Merch Maverick

themerchmaverick.com"
Naturellement Luxe - Spa Privatif Paris,info@naturellementluxe.com,sauna,Paris,FR,https://naturellementluxe.com/fr/spa-privatif-prive/,4.8,980,pattern_guessed_mx_verified,quick note for Naturellement Luxe - Spa Privatif Paris,"Hi there,

I came across Naturellement Luxe - Spa Privatif Paris while researching top rated sauna studios in Paris and noticed you're holding a 4.8 rating across 980 reviews. That kind of consistency usually means people leave your space wanting to take a piece of the experience home with them.

We're Merch Maverick, a factory direct supplier for branded sauna gear including hats, towels, and robes for studios like yours. No middlemen, no inflated agency pricing, just your logo on the exact ritual gear your members already associate with the experience.

I can hop on a quick free call about which fabric and colorway would actually hold up best for a quick dry ritual towel in your space, no strings attached.

Want me to go ahead and put that together?

Faiaz

Merch Maverick

themerchmaverick.com"
Aqua by,info@aqua-by.com,sauna,Paris,FR,https://aqua-by.com/?utm_source=google&utm_medium=organic&utm_campaign=gmb+bastille,4.8,913,pattern_guessed_mx_verified,thought of Aqua by for something,"Hi there,

I came across Aqua by while researching top rated sauna studios in Paris and noticed you're holding a 4.8 rating across 913 reviews. Members who show up that consistently tend to want gear that says they are serious about the ritual, not just visiting once.

We're Merch Maverick, a factory direct supplier for branded sauna gear including hats, towels, and robes for studios like yours. No middlemen, no inflated agency pricing, just your logo on the exact ritual gear your members already associate with the experience.

I can get your first recovery beanie sample out at cost, no minimum order, no commitment beyond that.

Should I send that your way?

Faiaz

Merch Maverick

themerchmaverick.com"
Hamam Anatolia,info@hamamanatolia.de,sauna,Munich,DE,http://www.hamamanatolia.de/,4.8,585,pattern_guessed_mx_verified,"quick idea, Hamam Anatolia","Hi there,

I came across Hamam Anatolia while researching top rated sauna studios in Munich and noticed you're holding a 4.8 rating across 585 reviews. That kind of consistency usually means people leave your space wanting to take a piece of the experience home with them.

We're Merch Maverick, a factory direct supplier for branded sauna gear including hats, towels, and robes for studios like yours. No middlemen, no inflated agency pricing, just your logo on the exact ritual gear your members already associate with the experience.

I can put together a free digital mockup of a Hamam Anatolia branded wool felt sauna hat within 48 hours, no cost and no obligation either way.

Would it be okay if I sent that over?

Faiaz

Merch Maverick

themerchmaverick.com"
Modo Yoga Paris,info@modoyogaparis.fr,cold_plunge,Paris,FR,http://www.modoyogaparis.fr/,4.8,565,pattern_guessed_mx_verified,small idea for Modo Yoga Paris,"Hi there,

I came across Modo Yoga Paris while researching top rated cold plunge and sauna spaces in Paris and noticed you're holding a 4.8 rating across 565 reviews. That kind of following usually means people already treat this as part of their routine, which is exactly when branded gear starts to matter.

We're Merch Maverick, a factory direct supplier of branded robes, towels, and recovery hoodies for studios like yours, no agency markups, just your logo on gear members already want.

I can get your first recovery beanie sample out at cost, no minimum order, no commitment beyond that.

Would that be useful to you?

Faiaz

Merch Maverick

themerchmaverick.com"
Dunes del rif Hammam,info@dunasdelrif.com,cold_plunge,Barcelona,ES,http://www.dunasdelrif.com/,4.8,562,pattern_guessed_mx_verified,curious if this is useful for Dunes del rif Hammam,"Hi there,

I came across Dunes del rif Hammam while researching top rated cold plunge and sauna spaces in Barcelona and noticed you're holding a 4.8 rating across 562 reviews. Numbers like that usually mean people leave talking about the experience, which is exactly the kind of thing branded gear tends to amplify.

We're Merch Maverick, a factory direct supplier of branded robes, towels, and recovery hoodies for studios like yours, no agency markups, just your logo on gear members already want.

I can put together a free digital mockup of a Dunes del rif Hammam branded branded robe within 48 hours, no cost and no obligation either way.

Want me to go ahead and put that together?

Faiaz

Merch Maverick

themerchmaverick.com"
tranxx - Floating Bath & Massage World,info@tranxx.de,sauna,Berlin,DE,http://www.tranxx.de/,4.8,514,pattern_guessed_mx_verified,free something for tranxx - Floating Bath & Massage World,"Hi there,

I came across tranxx - Floating Bath & Massage World while researching top rated sauna studios in Berlin and noticed you're holding a 4.8 rating across 514 reviews. Members who show up that consistently tend to want gear that says they are serious about the ritual, not just visiting once.

We're Merch Maverick, a factory direct supplier for branded sauna gear including hats, towels, and robes for studios like yours. No middlemen, no inflated agency pricing, just your logo on the exact ritual gear your members already associate with the experience.

I can mail over a free fabric swatch pack for the branded plunge robe line so you can feel the quality before deciding anything.

Should I send that your way?

Faiaz

Merch Maverick

themerchmaverick.com"
Float Toronto,info@float-toronto.com,cold_plunge,Toronto,CA,https://float-toronto.com/,4.8,463,pattern_guessed_mx_verified,quick thought after finding Float Toronto,"Hi there,

I came across Float Toronto while researching top rated cold plunge and sauna spaces in Toronto and noticed you're holding a 4.8 rating across 463 reviews. That kind of following usually means people already treat this as part of their routine, which is exactly when branded gear starts to matter.

We're Merch Maverick, a factory direct supplier of branded robes, towels, and recovery hoodies for studios like yours, no agency markups, just your logo on gear members already want.

I can mail over a free fabric swatch pack for the recovery hoodie line so you can feel the quality before deciding anything.

Would it be okay if I sent that over?

Faiaz

Merch Maverick

themerchmaverick.com"
Royal Thai Spa,info@sfroyalthaispa.com,cold_plunge,San Francisco,US,https://sfroyalthaispa.com/,4.8,425,pattern_guessed_mx_verified,a small idea for Royal Thai Spa's team,"Hi there,

I came across Royal Thai Spa while researching top rated cold plunge and sauna spaces in San Francisco and noticed you're holding a 4.8 rating across 425 reviews. Numbers like that usually mean people leave talking about the experience, which is exactly the kind of thing branded gear tends to amplify.

We're Merch Maverick, a factory direct supplier of branded robes, towels, and recovery hoodies for studios like yours, no agency markups, just your logo on gear members already want.

I can hop on a quick free call about which fabric and colorway would actually hold up best for a quick dry towel in your space, no strings attached.

Would that be useful to you?

Faiaz

Merch Maverick

themerchmaverick.com"
Hamam Emira,info@hamamemira.de,sauna,Cologne,DE,http://www.hamamemira.de/,4.8,404,pattern_guessed_mx_verified,quick question about Hamam Emira's retail shelf,"Hi there,

I came across Hamam Emira while researching top rated sauna studios in Cologne and noticed you're holding a 4.8 rating across 404 reviews. That kind of consistency usually means people leave your space wanting to take a piece of the experience home with them.

We're Merch Maverick, a factory direct supplier for branded sauna gear including hats, towels, and robes for studios like yours. No middlemen, no inflated agency pricing, just your logo on the exact ritual gear your members already associate with the experience.

I can hop on a quick free call about which fabric and colorway would actually hold up best for a quick dry ritual towel in your space, no strings attached.

Want me to go ahead and put that together?

Faiaz

Merch Maverick

themerchmaverick.com"
"Le Spa, j'Adore !",info@lespajadore.fr,sauna,Paris,FR,http://www.lespajadore.fr/,4.8,342,pattern_guessed_mx_verified,"quick idea for Le Spa, j'Adore !'s members","Hi there,

I came across Le Spa, j'Adore ! while researching top rated sauna studios in Paris and noticed you're holding a 4.8 rating across 342 reviews. Members who show up that consistently tend to want gear that says they are serious about the ritual, not just visiting once.

We're Merch Maverick, a factory direct supplier for branded sauna gear including hats, towels, and robes for studios like yours. No middlemen, no inflated agency pricing, just your logo on the exact ritual gear your members already associate with the experience.

I can get your first recovery beanie sample out at cost, no minimum order, no commitment beyond that.

Should I send that your way?

Faiaz

Merch Maverick

themerchmaverick.com"
iCRYO West U CRYOTHERAPY + iV THERAPY + BODY SCULPTING + RED LIGHT THERAPY,info@icryo.com,cold_plunge,Houston,US,https://icryo.com/location/houston-west-u-tx/,4.8,255,pattern_guessed_mx_verified,quick note for iCRYO West U CRYOTHERAPY + iV THERAPY + BODY SCULPTING + RED LIGHT THERAPY,"Hi there,

I came across iCRYO West U CRYOTHERAPY + iV THERAPY + BODY SCULPTING + RED LIGHT THERAPY while researching top rated cold plunge and sauna spaces in Houston and noticed you're holding a 4.8 rating across 255 reviews. That kind of following usually means people already treat this as part of their routine, which is exactly when branded gear starts to matter.

We're Merch Maverick, a factory direct supplier of branded robes, towels, and recovery hoodies for studios like yours, no agency markups, just your logo on gear members already want.

I can get your first recovery beanie sample out at cost, no minimum order, no commitment beyond that.

Would it be okay if I sent that over?

Faiaz

Merch Maverick

themerchmaverick.com"
The Spa at Encore Boston Harbor,info@encorebostonharbor.com,sauna,Boston,US,https://www.encorebostonharbor.com/amenities/the-spa,4.8,248,pattern_guessed_mx_verified,thought of The Spa at Encore Boston Harbor for something,"Hi there,

I came across The Spa at Encore Boston Harbor while researching top rated sauna studios in Boston and noticed you're holding a 4.8 rating across 248 reviews. That kind of consistency usually means people leave your space wanting to take a piece of the experience home with them.

We're Merch Maverick, a factory direct supplier for branded sauna gear including hats, towels, and robes for studios like yours. No middlemen, no inflated agency pricing, just your logo on the exact ritual gear your members already associate with the experience.

I can put together a free digital mockup of a The Spa at Encore Boston Harbor branded wool felt sauna hat within 48 hours, no cost and no obligation either way.

Would that be useful to you?

Faiaz

Merch Maverick

themerchmaverick.com"
Shofah Spa,info@shofah.at,sauna,Vienna,AT,http://www.shofah.at/,4.8,243,pattern_guessed_mx_verified,"quick idea, Shofah Spa","Hi there,

I came across Shofah Spa while researching top rated sauna studios in Vienna and noticed you're holding a 4.8 rating across 243 reviews. Members who show up that consistently tend to want gear that says they are serious about the ritual, not just visiting once.

We're Merch Maverick, a factory direct supplier for branded sauna gear including hats, towels, and robes for studios like yours. No middlemen, no inflated agency pricing, just your logo on the exact ritual gear your members already associate with the experience.

I can mail over a free fabric swatch pack for the branded plunge robe line so you can feel the quality before deciding anything.

Want me to go ahead and put that together?

Faiaz

Merch Maverick

themerchmaverick.com"
Perspire Sauna Studio,info@perspiresaunastudio.com,sauna,Houston,US,https://www.perspiresaunastudio.com/the-heights/,4.8,235,pattern_guessed_mx_verified,small idea for Perspire Sauna Studio,"Hi there,

I came across Perspire Sauna Studio while researching top rated sauna studios in Houston and noticed you're holding a 4.8 rating across 235 reviews. That kind of consistency usually means people leave your space wanting to take a piece of the experience home with them.

We're Merch Maverick, a factory direct supplier for branded sauna gear including hats, towels, and robes for studios like yours. No middlemen, no inflated agency pricing, just your logo on the exact ritual gear your members already associate with the experience.

I can hop on a quick free call about which fabric and colorway would actually hold up best for a quick dry ritual towel in your space, no strings attached.

Should I send that your way?

Faiaz

Merch Maverick

themerchmaverick.com"
Deevari Spa in Haidhausen: Asiatische Wellness,info@deevarispa.de,sauna,Munich,DE,https://www.deevarispa.de/,4.8,233,pattern_guessed_mx_verified,curious if this is useful for Deevari Spa in Haidhausen: Asiatische Wellness,"Hi there,

I came across Deevari Spa in Haidhausen: Asiatische Wellness while researching top rated sauna studios in Munich and noticed you're holding a 4.8 rating across 233 reviews. Members who show up that consistently tend to want gear that says they are serious about the ritual, not just visiting once.

We're Merch Maverick, a factory direct supplier for branded sauna gear including hats, towels, and robes for studios like yours. No middlemen, no inflated agency pricing, just your logo on the exact ritual gear your members already associate with the experience.

I can get your first recovery beanie sample out at cost, no minimum order, no commitment beyond that.

Would it be okay if I sent that over?

Faiaz

Merch Maverick

themerchmaverick.com"
Cryopoint Berlin Ku'damm - Kältekammer / Kältesauna / Kryosauna / Eissauna /,info@cryopoint.com,sauna,Berlin,DE,http://www.cryopoint.com/,4.8,225,pattern_guessed_mx_verified,free something for Cryopoint Berlin Ku'damm - Kältekammer / Kältesauna / Kryosauna / Eissauna /,"Hi there,

I came across Cryopoint Berlin Ku'damm - Kältekammer / Kältesauna / Kryosauna / Eissauna / while researching top rated sauna studios in Berlin and noticed you're holding a 4.8 rating across 225 reviews. That kind of consistency usually means people leave your space wanting to take a piece of the experience home with them.

We're Merch Maverick, a factory direct supplier for branded sauna gear including hats, towels, and robes for studios like yours. No middlemen, no inflated agency pricing, just your logo on the exact ritual gear your members already associate with the experience.

I can put together a free digital mockup of a Cryopoint Berlin Ku'damm - Kältekammer / Kältesauna / Kryosauna / Eissauna / branded wool felt sauna hat within 48 hours, no cost and no obligation either way.

Would that be useful to you?

Faiaz

Merch Maverick

themerchmaverick.com"
The Shape SPA,info@theshapespa.com,sauna,Miami,US,http://theshapespa.com/,4.8,222,pattern_guessed_mx_verified,quick thought after finding The Shape SPA,"Hi there,

I came across The Shape SPA while researching top rated sauna studios in Miami and noticed you're holding a 4.8 rating across 222 reviews. Members who show up that consistently tend to want gear that says they are serious about the ritual, not just visiting once.

We're Merch Maverick, a factory direct supplier for branded sauna gear including hats, towels, and robes for studios like yours. No middlemen, no inflated agency pricing, just your logo on the exact ritual gear your members already associate with the experience.

I can mail over a free fabric swatch pack for the branded plunge robe line so you can feel the quality before deciding anything.

Want me to go ahead and put that together?

Faiaz

Merch Maverick

themerchmaverick.com"
Slowe Wellness House | Bonne Nouvelle,info@slowe-studio.com,sauna,Paris,FR,http://www.slowe-studio.com/,4.8,215,pattern_guessed_mx_verified,a small idea for Slowe Wellness House | Bonne Nouvelle's team,"Hi there,

I came across Slowe Wellness House | Bonne Nouvelle while researching top rated sauna studios in Paris and noticed you're holding a 4.8 rating across 215 reviews. That kind of consistency usually means people leave your space wanting to take a piece of the experience home with them.

We're Merch Maverick, a factory direct supplier for branded sauna gear including hats, towels, and robes for studios like yours. No middlemen, no inflated agency pricing, just your logo on the exact ritual gear your members already associate with the experience.

I can hop on a quick free call about which fabric and colorway would actually hold up best for a quick dry ritual towel in your space, no strings attached.

Should I send that your way?

Faiaz

Merch Maverick

themerchmaverick.com"
